tree
version=v4
num_class=1
num_tree_per_iteration=1
label_index=0
max_feature_idx=11
objective=binary sigmoid:1
feature_names=齢 kinryo days_since_last last_ninki avg5_ninki last_margin avg5_margin avg5_last3f n_past_races same_track_as_last 競馬場 性
feature_infos=[2:17] [50:59] [4:539] [1:16] [1:14.4] [0:10] [0:10] [34.780000000000001:50.700000000000003] [0:45] [0:1] -1:2:1:3:0:10:9:8:4:6:7:5 -1:2:1:0
tree_sizes=1729 1751 1755 1779 1753 1763 1790 1754 1781 1778 1768 1772 1780 1774 1778 1780 1772 1762 1772 1768 1766 1766 1758 1741 1757 1766 1774 1747 1779 1756 1745 1792 1772 1783 1766 1756 1749 1744 1776 1779 1778 1775 1762 1777 1745 1788 1792 1783 1783 1761 1790 1774 1797 1745 1768 1786 1756 1760 1744 1766 1765 1784 1772 1774 1776 1774 1801 1770 1780 1774 1773 1750 1766 1767 1777 1767 1785 1743 1745 1766 1782 1768 1751 1782 1774 1756 1773 1763 1778 1771 1777 1781 1745 1753 1763 1761 1748 1761 1762 1753 1743 1736 1752 1756 1759 1750 1770 1747 1745 1777 1769 1742 1766 1740 1727 1775 1757 1728 1742 1751 1728 1753 1744 1764 1750 1757 1730 1759 1739 1749 1767 1759 1753 1752 1736 1765 1765 1749 1742 1752 1751 1750 1761 1745 1756 1751 1744 1740 1747 1751 1738 1754 1749 1720 1749 1735 1754 1765 1748 1741 1767 1765 1754 1749 1727 1731 1715 1752 1742 1715 1762 1718 1760 1743 1758 1756 1743 1742 1734 1693 1768 1742 1761 1734 1749 1739 1767 1709 1748 1726 1718 1741 1735 1728 1779 1724 1740 1726 1735 1740 1761 1758 1741 1723 1712 1749 1704 1753 1763 1731 1742 1746 1722 1728 1752 1753 1708 1727 1760 1717 1765 1767 1725 1750 1771 1749 1736 1755 1767 1743 1743 1719 1743 1752 1736 1738 1762 1759 1758 1712 1749 1753 1749 1742 1736 1755 1748 1756 1739 1740 1724 1743 1733 1749 1755 1741 1748 1720 1774 1745 1755 1747 1757 1761 1747 1724 1753 1757 1717 1718 1718 1749 1724 1761 1752 1758 1742 1717 1727 1757 1749 1755 1759 1736

Tree=0
num_leaves=15
num_cat=0
split_feature=3 4 4 3 3 4 4 4 3 8 3 4 8 7
split_gain=3948.67 625.904 516.537 170.464 131.984 121.719 87.4711 81.9403 38.4139 35.9778 33.7997 32.1847 31.4224 29.5928
threshold=4.5000000000000009 2.3666666666666671 6.5500000000000007 2.5000000000000004 8.5000000000000018 4.4500000000000011 1.4500000000000002 4.7750000000000012 7.5000000000000009 20.500000000000004 2.5000000000000004 9.1000000000000014 23.500000000000004 39.663333333333341
decision_type=10 8 10 10 10 10 10 10 10 2 10 10 2 8
left_child=1 6 5 12 -4 -2 -1 9 -7 -5 -8 -6 13 -3
right_child=2 3 4 7 11 8 10 -9 -10 -11 -12 -13 -14 -15
leaf_value=-0.80234729093156554 -0.88075308082936377 -0.83935113125120342 -0.91580243380498161 -0.86297949885530845 -0.92902698587988475 -0.89923347114169927 -0.82513889021082121 -0.88744625014090328 -0.91471478014063112 -0.89711246714927606 -0.85048318458025385 -0.94160501875035818 -0.88983248959881356 -0.85478681205773865
leaf_weight=411.91486939787865 781.0896997153759 440.61470240354538 1632.3804298043251 1005.5265232920647 1095.1360738277435 1206.218880712986 546.74214243888855 708.41098591685295 600.01233607530594 83.621815592050552 173.23136612772942 949.57217261195183 51.824878305196762 1051.5701402723789
leaf_count=1995 3783 2134 7906 4870 5304 5842 2648 3431 2906 405 839 4599 251 5093
internal_value=-0.888738 -0.852858 -0.914361 -0.863743 -0.926404 -0.897245 -0.820723 -0.87421 -0.904376 -0.8656 -0.831237 -0.934868 -0.851558 -0.850229
internal_weight=10737.9 4473.46 6264.41 3341.57 3677.09 2587.32 1131.89 1797.56 1806.23 1089.15 719.974 2044.71 1544.01 1492.18
internal_count=52006 21666 30340 16184 17809 12531 5482 8706 8748 5275 3487 9903 7478 7227
is_linear=0
shrinkage=1


Tree=1
num_leaves=15
num_cat=0
split_feature=3 4 3 3 4 4 4 4 8 4 8 7 2 7
split_gain=3548.64 535.227 483.776 148.93 125.663 107.95 72.7279 72.3675 56.0002 42.6727 31.9205 31.9102 34.3763 29.1878
threshold=4.5000000000000009 2.3666666666666671 7.5000000000000009 2.5000000000000004 4.9000000000000012 8.2250000000000014 4.7750000000000012 1.4500000000000002 15.500000000000002 4.9000000000000012 20.500000000000004 40.290000000000013 36.500000000000007 40.663333333333348
decision_type=10 8 10 10 10 10 10 10 2 10 2 10 10 10
left_child=1 7 4 -3 13 9 10 -1 -6 -4 -5 12 -9 -2
right_child=2 3 5 6 8 -7 -8 11 -10 -11 -12 -13 -14 -15
leaf_value=0.07921547537259567 0.011572678547369437 0.03477282621326077 -0.0062549009897840671 0.024205943922005018 -0.0088835326931466074 -0.04719126925807321 0.0012269475931158168 0.066314006195123343 -0.025591705300962345 -0.031786675228120266 -0.0079839722823620892 0.035326391423043474 0.037023278470537137 -0.0092091623917162409
leaf_weight=426.36892028152943 645.87566636502743 1567.6804000139236 182.98474441468716 1016.2526784837246 1092.8083612769842 1570.2163612246513 708.79279401898384 421.06558462977409 926.83596293628216 1549.1872430294752 83.328932449221611 184.43321119248867 131.43925565481186 228.81149680912495
leaf_count=1995 3123 7478 888 4870 5333 7755 3431 1992 4527 7607 405 873 622 1107
internal_value=-1.42422e-05 0.033572 -0.0246176 0.0234938 -0.0096948 -0.0376965 0.013716 0.0628202 -0.0165511 -0.0290895 0.0217665 0.0533345 0.0593458 0.00613631
internal_weight=10736.1 4539.36 6196.72 3376.05 2894.33 3302.39 1808.37 1163.31 2019.64 1732.17 1099.58 736.938 552.505 874.687
internal_count=52006 21666 30340 16184 14090 16250 8706 5482 9860 8495 5275 3487 2614 4230
is_linear=0
shrinkage=0.05


Tree=2
num_leaves=15
num_cat=0
split_feature=3 4 4 4 3 4 3 5 7 1 8 3 6 9
split_gain=3192.98 462.308 454.268 142.496 119.328 100.786 50.203 48.6462 40.1477 34.9603 33.6066 32.4009 30.1254 29.5948
threshold=4.5000000000000009 2.1000000000000005 6.5500000000000007 4.1000000000000005 8.5000000000000018 4.4500000000000011 2.5000000000000004 1.0000000180025095e-35 39.663333333333341 53.500000000000007 10.500000000000002 7.5000000000000009 2.5050000000000003 1.0000000180025095e-35
decision_type=10 8 10 10 10 10 10 10 8 8 2 10 10 10
left_child=1 7 5 8 -4 -2 -5 13 -3 -10 -11 -7 -6 -1
right_child=2 3 4 6 12 11 -8 -9 9 10 -12 -13 -14 -15
leaf_value=0.021409136563568902 0.007313210920852355 0.040076633459123052 -0.025043123443194443 0.025225581224883969 -0.039345745569312134 -0.0094664848141207195 0.0039289160436884263 0.052530497573005312 -0.0048108021525109061 0.03240489145189248 0.01450038619564974 -0.023819471726570843 -0.052787235849751847 0.078526501475362498
leaf_weight=24.192213371396065 785.18133023381233 755.60830247402191 1596.3845090568066 389.48134066164494 1368.1892899721861 1194.8078972101212 955.84473380446434 645.92255957424641 87.224399894475937 1025.8189150989056 352.02067086100578 586.0692372918129 599.49787338078022 362.50805073976517
leaf_count=111 3783 3561 7906 1833 6884 5842 4606 2975 412 4839 1668 2906 3019 1661
internal_value=-2.61935e-05 0.0314668 -0.0236512 0.0229358 -0.0352004 -0.00761023 0.0100945 0.0609274 0.0307153 0.0258872 0.0278305 -0.0141899 -0.043441 0.0749532
internal_weight=10728.8 4598.62 6130.13 3566 3564.07 2566.06 1345.33 1032.62 2220.67 1465.06 1377.84 1780.88 1967.69 386.7
internal_count=52006 21666 30340 16919 17809 12531 6439 4747 10480 6919 6507 8748 9903 1772
is_linear=0
shrinkage=0.05


Tree=3
num_leaves=15
num_cat=1
split_feature=3 3 4 3 4 4 4 4 8 4 7 9 10 8
split_gain=2875.72 425.237 402.632 119.811 104.694 100.466 57.693 56.9831 51.5781 38.5352 35.1383 28.9662 56.5116 27.2198
threshold=4.5000000000000009 7.5000000000000009 2.3666666666666671 2.5000000000000004 4.9000000000000012 8.5500000000000025 1.3666666666666669 4.7750000000000012 15.500000000000002 4.9000000000000012 40.322500000000012 1.0000000180025095e-35 0 25.500000000000004
decision_type=10 10 8 10 10 10 10 10 2 10 10 10 1 2
left_child=2 4 6 13 -2 9 -1 -5 -6 -3 -8 12 -7 -4
right_child=1 5 3 7 8 11 10 -9 -10 -11 -12 -13 -14 -15
leaf_value=0.071057477780022957 0.0056374350392138176 -0.0057623929667137341 0.031704789106517854 0.019070838129603307 -0.0077064969499311374 0.027916586859016192 0.052739207176281305 0.00096680337793209482 -0.023865272756418573 -0.030000303174231965 0.028630637405255056 -0.048583442959338002 -0.038533291511833274 -0.013769653624590242
leaf_weight=360.38948905467987 878.09115764498711 182.15863829851151 1573.5129182487726 1119.950068384409 1080.9228394627571 33.604435086250305 658.18835125863552 710.31343118846416 909.25453399121761 1643.7864349037409 196.19050595164299 1160.7973515242338 176.16719026863575 33.610072121024132
leaf_count=1604 4230 888 7319 5275 5333 173 2980 3431 4527 8313 898 5970 906 159
internal_value=-3.61315e-05 -0.0227205 0.0295364 0.020792 -0.0087438 -0.0352621 0.0542801 0.0120448 -0.015089 -0.0275823 0.0472032 -0.0454934 -0.0283944 0.0307538
internal_weight=10716.9 6064.78 4652.15 3437.39 2868.27 3196.51 1214.77 1830.26 1990.18 1825.95 854.379 1370.57 209.772 1607.12
internal_count=52006 30340 21666 16184 14090 16250 5482 8706 9860 9201 3878 7049 1079 7478
cat_boundaries=0 1
cat_threshold=1344
is_linear=0
shrinkage=0.05


Tree=4
num_leaves=15
num_cat=0
split_feature=3 4 4 3 3 4 4 7 2 1 8 3 4 7
split_gain=2592.43 399.658 351.622 115.209 108.209 86.5658 54.6529 40.3519 35.0296 33.535 31.6099 30.7358 29.8488 29.1137
threshold=4.5000000000000009 6.5500000000000007 2.1000000000000005 2.5000000000000004 8.5000000000000018 3.9000000000000004 4.1000000000000005 40.345000000000006 35.500000000000007 55.500000000000007 12.500000000000002 7.5000000000000009 9.1000000000000014 40.610000000000014
decision_type=10 10 8 10 10 10 10 10 10 10 2 10 10 10
left_child=2 5 7 9 -3 -2 -5 8 -1 -4 -11 13 -6 -7
right_child=1 4 3 6 12 11 -8 -9 -10 10 -12 -13 -14 -15
leaf_value=0.063836702455284541 0.012914223580903984 -0.023162906854805033 0.023147227797643458 0.020388756781887604 -0.03514233197080599 -0.0021036108644648219 0.0034356829319868499 0.033247990912689811 0.041196787020986149 0.043657670595188047 0.022133143926837753 -0.020220586155429831 -0.04774044174262608 -0.017192566283740229
leaf_weight=628.64205387234688 457.1261198669672 1562.2597935646772 918.67815572023392 942.20648542046547 1021.2842324972153 971.11128859221935 959.54036524891853 210.06150572001934 234.61939252912998 561.49658866226673 244.98831856250763 641.1873677521944 871.28754860162735 476.56429836153984
leaf_count=2769 2191 7906 4224 4386 5304 4760 4606 940 1038 2574 1129 3237 4599 2343
internal_value=-4.50734e-05 -0.0218254 0.027762 0.0203225 -0.0329025 -0.0067942 0.011835 0.0529012 0.0576836 0.0296788 0.0371191 -0.0111072 -0.0409422 -0.00707079
internal_weight=10701.1 6000.82 4700.23 3626.91 3454.83 2545.99 1901.75 1073.32 863.261 1725.16 806.485 2088.86 1892.57 1447.68
internal_count=52006 30340 21666 16919 17809 12531 8992 4747 3807 7927 3703 10340 9903 7103
is_linear=0
shrinkage=0.05


Tree=5
num_leaves=15
num_cat=0
split_feature=3 3 4 4 4 4 7 9 3 5 3 8 2 1
split_gain=2341.07 453.244 255.713 152.52 113.255 70.9635 41.4971 37.3775 36.0699 29.436 28.6724 29.0193 26.8955 24.5546
threshold=5.5000000000000009 2.5000000000000004 7.4500000000000011 2.3666666666666671 3.7083333333333335 4.9000000000000012 40.022500000000015 1.0000000180025095e-35 8.5000000000000018 1.0000000180025095e-35 7.5000000000000009 15.500000000000002 38.500000000000007 54.250000000000007
decision_type=10 10 10 8 10 10 10 10 10 10 10 2 10 8
left_child=1 3 5 7 -3 -2 -6 -1 -4 -9 11 -7 -10 -11
right_child=2 4 8 -5 6 10 -8 9 12 13 -12 -13 -14 -15
leaf_value=0.019225854425910002 -1.4800829966053119e-05 0.021683771352280522 -0.028448288717584203 0.027111415367784317 0.0085219276048996116 -0.0057283441441126192 -0.0060372142610845107 0.064604809448047751 -0.043772588847032751 0.026818258871293906 -0.025197665720238894 -0.022915900654223716 -0.022074233713415495 0.052239118389812093
leaf_weight=82.975802794098854 645.38001769781113 1050.4650966972113 792.98403641581535 1642.4180963635445 991.23137435317039 568.09460839629173 966.77210278809071 399.90451200306416 1395.6694241464138 119.94128379225731 977.7582340836525 432.58797247707844 159.09172692894936 456.69275705516338
leaf_count=364 3121 4852 4071 7478 4785 2824 4690 1728 7479 525 5059 2185 848 1997
internal_value=-5.19846e-05 0.0217886 -0.0251384 0.0366527 0.00843906 -0.0144119 0.00133329 0.0514433 -0.0371262 0.0541808 -0.0191083 -0.0131584 -0.0415523 0.0469515
internal_weight=10682 5710.4 4971.57 2701.93 3008.47 2623.82 1958 1059.51 2347.75 976.539 1978.44 1000.68 1554.76 576.634
internal_count=52006 26419 25587 12092 14327 13189 9475 4614 12398 4250 10068 5009 8327 2522
is_linear=0
shrinkage=0.05


Tree=6
num_leaves=15
num_cat=1
split_feature=3 3 4 4 4 4 7 4 9 4 10 9 3 8
split_gain=2120.63 400.795 240.283 133.984 101.026 65.1027 37.3912 35.0599 32.6129 28.3891 27.6243 31.2456 26.6459 26.7193
threshold=5.5000000000000009 2.5000000000000004 7.4500000000000011 2.3666666666666671 3.7083333333333335 4.9000000000000012 40.022500000000015 9.1000000000000014 1.0000000180025095e-35 1.2916666666666667 0 1.0000000180025095e-35 7.5000000000000009 15.500000000000002
decision_type=10 10 10 8 10 10 10 10 10 10 1 10 10 2
left_child=1 3 5 8 -3 -2 -6 -4 -1 -10 11 -9 13 -7
right_child=2 4 7 -5 6 12 -8 10 9 -11 -12 -13 -14 -15
leaf_value=0.018159787728403841 -1.4060632889741798e-05 0.020435304492889481 -0.030467656212467588 0.025511632006787677 0.0080668006658542006 -0.0054561164243665085 -0.0057502483021080438 0.037264605054402981 0.062868496848454289 0.044817809590821517 -0.044987127716796298 -0.032586077125846102 -0.024237373223079867 -0.022007108557214428
leaf_weight=83.442135035991669 645.37606281042099 1058.6908743530512 1287.0236552506685 1657.7318206727505 994.70658034086227 566.6550769507885 964.33235709369183 24.447312846779823 323.33491541445255 667.50459539890289 946.58242143690586 46.388027548789978 965.97818414866924 428.04733008146286
leaf_count=364 3121 4852 6831 7478 4785 2824 4690 129 1368 2882 5185 253 5059 2185
internal_value=-5.78517e-05 0.0205512 -0.0241891 0.0344253 0.00799065 -0.0137885 0.00126539 -0.035951 0.0481801 0.0507082 -0.0428875 -0.00742973 -0.0183225 -0.0125785
internal_weight=10660.2 5749.74 4910.5 2732.01 3017.73 2606.06 1959.04 2304.44 1074.28 990.84 1017.42 70.8353 1960.68 994.702
internal_count=52006 26419 25587 12092 14327 13189 9475 12398 4614 4250 5567 382 10068 5009
cat_boundaries=0 1
cat_threshold=320
is_linear=0
shrinkage=0.05


Tree=7
num_leaves=15
num_cat=0
split_feature=3 4 4 4 4 3 3 8 3 7 2 8 2 7
split_gain=1922.06 359.175 225.86 142.621 59.7022 53.4717 47.5419 42.0345 34.8788 32.8105 29.7757 27.7346 25.6264 25.5391
threshold=5.5000000000000009 3.9000000000000004 7.4500000000000011 1.7083333333333337 4.9000000000000012 3.5000000000000004 2.5000000000000004 12.500000000000002 8.5000000000000018 40.010000000000012 56.500000000000007 17.500000000000004 38.500000000000007 39.845000000000013
decision_type=10 10 10 8 10 10 8 2 10 10 10 2 10 10
left_child=1 3 4 13 -2 10 7 -5 -4 -7 11 -3 -10 -1
right_child=2 5 8 6 -6 9 -8 -9 12 -11 -12 -13 -14 -15
leaf_value=0.05642002918597782 -1.335713022044007e-05 0.022554589862930297 -0.026170194945284938 0.038417891803350479 -0.017565220920648075 0.0056787893243364492 0.019387440202859006 0.015232415018720111 -0.04150265826163671 -0.0096398780608924189 -0.013081517194490751 0.0024630093557454404 -0.020018427236966285 0.035520218331378951
leaf_weight=475.14424183964729 645.37229242920876 577.87406216561794 769.69348169863224 810.31261251866817 1943.4925631284714 696.62439516186714 1716.0228422880173 257.63954639434814 1337.861378133297 701.59930554032326 94.294221788644791 244.41317857801914 154.8665037304163 211.11833477020264
leaf_count=2000 3121 2664 4071 3547 10068 3362 7784 1145 7479 3445 435 1140 848 897
internal_value=-6.47575e-05 0.0193993 -0.0232752 0.0295746 -0.0131898 0.00414499 0.024542 0.0328245 -0.0348158 -0.0020078 0.0135309 0.0165827 -0.0392737 0.0499905
internal_weight=10636.3 5785.04 4851.29 3470.24 2588.86 2314.81 2783.98 1067.95 2262.42 1398.22 916.581 822.287 1492.73 686.263
internal_count=52006 26419 25587 15373 13189 11046 12476 4692 12398 6807 4239 3804 8327 2897
is_linear=0
shrinkage=0.05


Tree=8
num_leaves=15
num_cat=1
split_feature=3 3 4 4 4 4 10 9 8 3 1 9 7 3
split_gain=1742.15 319.876 212.469 104.785 83.1558 59.3744 36.6813 42.0678 32.3188 29.5044 28.0091 27.2676 26.883 26.7794
threshold=5.5000000000000009 2.5000000000000004 7.6333333333333337 2.1000000000000005 4.7750000000000012 4.9000000000000012 0 1.0000000180025095e-35 21.500000000000004 8.5000000000000018 55.500000000000007 1.0000000180025095e-35 40.263333333333343 7.5000000000000009
decision_type=10 10 10 8 10 10 1 10 2 10 8 10 10 10
left_child=1 3 5 11 8 -2 7 -4 12 -8 -5 -1 -3 -7
right_child=2 4 6 10 -6 13 9 -9 -10 -11 -12 -13 -14 -15
leaf_value=0.0149386913334327 -1.2689978947037176e-05 0.020748863328733564 0.032232094516074353 0.017373680172324529 -0.002466501939938691 -0.011654759699396784 -0.027770958806565261 -0.024147346936336397 -0.013681882347316208 -0.041350705656590582 0.029902969343248945 0.045990943235099661 0.0074226622556924611 -0.022962447891521482
leaf_weight=76.606081038713455 645.3687180429697 1045.3767535835505 40.873060300946236 936.63099670410156 1299.2446424216032 1038.0618896186352 587.89785778522491 173.67213618755341 97.671744257211685 1251.3822197765112 851.61985942721367 916.50637154281139 593.19470402598381 1056.4705554693937
leaf_count=328 3121 4764 217 4164 6360 5311 3156 960 461 7157 3763 3837 2742 5665
internal_value=-6.85548e-05 0.0183238 -0.0223863 0.0305728 0.00710019 -0.0132726 -0.0345445 -0.0128094 0.014259 -0.03681 0.0233405 0.0435957 0.0159245 -0.0173583
internal_weight=10610.6 5816.85 4793.73 2781.36 3035.49 2739.9 2053.83 214.545 1736.24 1839.28 1788.25 993.112 1638.57 2094.53
internal_count=52006 26419 25587 12092 14327 14097 11490 1177 7967 10313 7927 4165 7506 10976
cat_boundaries=0 1
cat_threshold=320
is_linear=0
shrinkage=0.05


Tree=9
num_leaves=15
num_cat=1
split_feature=3 4 4 4 4 3 8 1 10 9 7 7 3 2
split_gain=1579.59 290.177 199.691 114.777 54.4308 44.0228 40.9143 51.3762 34.7496 38.0875 29.9122 29.0223 28.4601 26.6897
threshold=5.5000000000000009 3.9000000000000004 7.6333333333333337 1.7083333333333337 4.9000000000000012 3.5000000000000004 12.500000000000002 56.750000000000007 0 1.0000000180025095e-35 39.963333333333345 40.010000000000012 8.5000000000000018 56.500000000000007
decision_type=10 10 10 8 10 10 2 10 1 10 8 10 10 10
left_child=1 3 4 -1 -2 13 7 10 9 -4 -5 -7 -10 -3
right_child=2 5 8 6 -6 11 -8 -9 12 -11 -12 -13 -14 -15
leaf_value=0.044502854515392286 -1.2056710097968727e-05 0.014922854065948996 0.030128186702083989 0.0284483486784614 -0.016636759976407855 0.0052025408411674832 0.010283999307553363 0.038191519802314638 -0.02676840148170306 -0.023242613081534903 0.014899294469199811 -0.0092068456379644347 -0.040219340497398053 -0.013147550501503803
leaf_weight=699.09423315525055 645.36531862616539 830.67576570808887 41.523514866828918 705.15537954866886 2076.624999627471 699.09812225401402 599.740208953619 554.13414005935192 579.63467408716679 171.46802692115307 964.55089692771435 698.68769899010658 1222.9838958233595 94.293509095907211
leaf_count=2897 3121 3804 217 3085 10976 3362 2685 2429 3156 960 4277 3445 7157 435
internal_value=-7.1714e-05 0.0173187 -0.0215286 0.0263647 -0.0126952 0.00359948 0.0218739 0.0249995 -0.0334578 -0.0122621 0.0206214 -0.00200004 -0.0356961 0.0120613
internal_weight=10583 5845.43 4737.6 3522.67 2721.99 2322.76 2823.58 2223.84 2015.61 212.992 1669.71 1397.79 1802.62 924.969
internal_count=52006 26419 25587 15373 14097 11046 12476 9791 11490 1177 7362 6807 10313 4239
cat_boundaries=0 1
cat_threshold=320
is_linear=0
shrinkage=0.05


Tree=10
num_leaves=15
num_cat=2
split_feature=3 3 4 4 8 4 4 7 7 10 9 10 6 7
split_gain=1433.13 270.289 171.866 76.0621 58.8935 54.5272 39.7919 32.9853 31.007 28.9449 28.5851 58.0692 26.701 24.8095
threshold=4.5000000000000009 7.5000000000000009 2.3666666666666671 8.5500000000000025 21.500000000000004 4.1000000000000005 3.6333333333333337 40.345000000000006 39.663333333333341 0 1.0000000180025095e-35 1 2.5275000000000003 41.810000000000009
decision_type=10 10 8 10 2 10 10 10 8 1 10 1 10 10
left_child=2 4 7 12 6 8 -2 9 -4 -1 11 -5 -3 -7
right_child=1 3 5 10 -6 13 -8 -9 -10 -11 -12 -13 -14 -15
leaf_value=0.048823821490445847 0.013481468348486193 -0.01756417262780335 0.027356298310705008 0.030689056409693768 -0.022012115705599078 0.0079475430785287179 -0.0054652368015637573 0.019486785609554358 0.014753923528710878 0.029206429039605342 -0.041047201388274002 -0.033036976335722792 -0.032211576429283011 -0.020366886748833229
leaf_weight=493.17497047781944 322.05087402462959 1267.098864749074 730.46639488637447 39.27378822863102 483.5547821521759 1298.3031190186739 1986.303371027112 266.87725314497948 1470.9363238662481 555.65514396131039 999.9767484664917 146.43472941219807 412.39506131410599 82.266940638422966
leaf_count=2044 1502 6929 3219 208 2516 6053 10072 1130 6526 2308 5970 871 2272 386
internal_value=-7.42417e-05 -0.0172173 0.0197269 -0.0280058 -0.0061456 0.0140503 -0.00282188 0.0351813 0.0189356 0.0391748 -0.0377016 -0.0196866 -0.0211608 0.00626031
internal_weight=10554.8 5657.09 4897.68 2865.18 2791.91 3581.97 2308.35 1315.71 2201.4 1048.83 1185.69 185.709 1679.49 1380.57
internal_count=52006 30340 21666 16250 14090 16184 11574 5482 9745 4352 7049 1079 9201 6439
cat_boundaries=0 1 2
cat_threshold=1317 1345
is_linear=0
shrinkage=0.05


Tree=11
num_leaves=15
num_cat=1
split_feature=3 3 4 4 4 4 4 8 10 7 2 8 2 5
split_gain=1304.78 243.189 180.228 74.8933 59.7572 41.4443 36.7856 30.0427 45.1875 33.0095 27.7319 26.7009 24.6734 23.9361
threshold=5.5000000000000009 2.5000000000000004 7.1000000000000005 1.7083333333333337 4.7750000000000012 9.1000000000000014 4.4500000000000011 12.500000000000002 0 39.722500000000011 160.50000000000003 21.500000000000004 13.500000000000002 4.5000000000000009
decision_type=10 10 10 8 10 10 10 2 1 8 10 2 8 10
left_child=1 3 6 -1 11 -4 -2 8 12 10 -10 -3 -5 -8
right_child=2 4 5 7 -6 -7 13 -9 9 -11 -12 -13 -14 -15
leaf_value=0.040646566916676896 0.0030431417201709655 0.013248576545132208 -0.024251654490608059 0.062811161491965084 -0.0023795075837527891 -0.037747397498891132 -0.010975437301601535 0.010890523702425978 0.033882549847571476 0.010223907534788107 -0.015133504197738894 -0.013659666833631602 0.031935254957273368 -0.030478556928388075
leaf_weight=673.65183101594448 454.71614025533199 1664.7452756911516 1497.51422265172 72.192279741168022 1297.8127277195454 917.34338726103306 1588.6561525762081 506.02150827646255 320.75465016067028 605.06441810727119 31.709096446633339 97.597431346774101 623.75913308560848 174.61207257211208
leaf_count=2752 2186 7506 8505 308 6360 5567 8399 2217 1361 2633 136 461 2685 930
internal_value=-7.25409e-05 0.0155355 -0.0199271 0.0260915 0.00576252 -0.0293783 -0.00963684 0.021551 0.0248135 0.0171305 0.0294729 0.0117584 0.0346403 -0.0129068
internal_weight=10526.2 5893.31 4632.84 2833.15 3060.16 2414.86 2217.98 2159.5 1653.48 957.528 352.464 1762.34 695.951 1763.27
internal_count=52006 26419 25587 12092 14327 14072 11515 9340 7123 4130 1497 7967 2993 9329
cat_boundaries=0 1
cat_threshold=1317
is_linear=0
shrinkage=0.05


Tree=12
num_leaves=15
num_cat=1
split_feature=3 3 4 4 4 4 4 8 10 9 8 2 7 3
split_gain=1183.43 217.384 168.784 67.2549 53.6522 40.5605 31.4844 27.2373 33.6358 28.6807 24.0107 23.7966 25.0017 22.2585
threshold=5.5000000000000009 2.5000000000000004 7.4500000000000011 1.7083333333333337 4.7750000000000012 4.9000000000000012 10.100000000000001 15.500000000000002 0 1.0000000180025095e-35 21.500000000000004 34.500000000000007 39.210000000000015 8.5000000000000018
decision_type=10 10 10 8 10 10 10 2 1 10 2 10 10 10
left_child=1 3 5 11 10 -2 -4 8 -5 -10 -3 12 -1 -7
right_child=2 4 6 7 -6 13 -8 -9 9 -11 -12 -13 -14 -15
leaf_value=0.057136981326995087 0.00040281836760821632 0.012530070229019065 -0.026612562219339355 0.030580587929900371 -0.0022628933377867558 -0.010649121415815645 -0.041977496280212433 0.0068010937175545343 0.0069254135643250399 0.02356200182040873 -0.013048101593101264 0.023944787119794815 0.034124659471341905 -0.022651462854346809
leaf_weight=214.60529161989689 642.96822734177113 1672.0034690648317 1654.6495698839426 797.60163579881191 1296.4935643225908 1321.338066726923 417.5389378964901 316.48207938671112 454.15926095843315 603.05142375826836 97.076844647526741 200.32937654852867 262.27669858932495 545.85835914313793
leaf_count=868 3121 7506 9786 3408 6360 7018 2612 1387 1978 2567 461 817 1067 3050
internal_value=-7.39219e-05 0.0147043 -0.019147 0.0246489 0.00546385 -0.0104282 -0.0297085 0.0203582 0.0226714 0.0162614 0.0111265 0.0384058 0.0444806 -0.0141579
internal_weight=10496.4 5914.08 4582.35 2848.51 3065.57 2510.16 2072.19 2171.29 1854.81 1057.21 1769.08 677.211 476.882 1867.2
internal_count=52006 26419 25587 12092 14327 13189 12398 9340 7953 4545 7967 2752 1935 10068
cat_boundaries=0 1
cat_threshold=1317
is_linear=0
shrinkage=0.05


Tree=13
num_leaves=15
num_cat=2
split_feature=3 3 4 7 4 4 9 10 8 10 9 4 8 3
split_gain=1073.68 194.694 158.63 62.4285 48.2969 40.3946 37.1159 34.8397 34.4895 34.1371 33.312 31.7611 26.9341 26.5221
threshold=5.5000000000000009 2.5000000000000004 7.6333333333333337 39.722500000000011 3.7083333333333335 4.9000000000000012 1.0000000180025095e-35 0 11.500000000000002 1 1.0000000180025095e-35 1.4500000000000002 23.500000000000004 8.5000000000000018
decision_type=10 10 10 8 10 10 10 1 2 1 10 10 2 10
left_child=1 3 5 6 -3 -2 -1 8 -5 10 -4 -8 -6 -11
right_child=2 4 9 7 12 -7 11 -9 -10 13 -12 -13 -14 -15
leaf_value=0.0018773716671196508 0.0003826116038738609 0.013564120998709215 0.031211500791676512 0.029218985231559108 0.0025249061003329099 -0.014012866188716009 0.047841048446231549 0.0081208694402646834 0.0068753887774869312 -0.022985791555464929 -0.019162468918543289 0.029147670248872565 -0.016320763004702681 -0.036391444712060045
leaf_weight=96.036286160349846 643.07657362520695 1101.7428863793612 41.182595789432526 678.71034841239452 1756.312202706933 2011.9579757899046 312.21569210290909 708.58599388599396 231.66203507781029 548.49545499682426 161.60810405015945 834.74869860708714 212.53434823453426 1127.1403748244047
leaf_count=404 3121 4852 217 2869 8424 10976 1256 3045 1008 3156 960 3510 1051 7157
internal_value=-7.32891e-05 0.0139261 -0.0183931 0.0233083 0.00518141 -0.0105261 0.0317361 0.0168377 0.0232775 -0.0295126 -0.00851278 0.0342362 0.000490541 -0.0318134
internal_weight=10466 5932.55 4533.46 2861.96 3070.59 2655.03 1243 1618.96 910.372 1878.43 202.791 1146.96 1968.85 1675.64
internal_count=52006 26419 25587 12092 14327 14097 5170 6922 3877 11490 1177 4766 9475 10313
cat_boundaries=0 1 2
cat_threshold=1381 320
is_linear=0
shrinkage=0.05


Tree=14
num_leaves=15
num_cat=1
split_feature=3 4 4 4 4 7 1 8 5 8 4 10 3 2
split_gain=974.068 174.605 149.088 70.6648 38.0344 34.3354 34.2479 33.888 29.1372 27.7964 26.2221 24.4754 23.5676 30.1538
threshold=5.5000000000000009 3.9000000000000004 7.1000000000000005 1.6333333333333335 9.1000000000000014 42.045000000000009 56.750000000000007 24.500000000000004 4.5000000000000009 12.500000000000002 3.2916666666666674 0 3.5000000000000004 56.500000000000007
decision_type=10 10 10 8 10 10 10 2 10 2 10 1 10 10
left_child=1 3 8 -1 -4 7 -5 12 10 -8 -2 -6 13 -3
right_child=2 5 4 6 11 -7 9 -9 -10 -11 -12 -13 -14 -15
leaf_value=0.034534181825869141 0.02028578467339124 0.015636205935973101 -0.021571612891493216 0.013358963291834012 -0.0020477923445095564 -0.023734886566761395 0.031246047018069902 -0.016046684878237967 -0.026267557111548663 0.010591468282442324 -0.0076941954480682397 -0.037069143815463675 0.0013202787132303195 -0.01450058564859176
leaf_weight=685.2223542034626 87.611606284976006 743.89171582460403 1438.4288635402918 2119.835116058588 65.751180574297905 118.05009180307388 581.33748330175877 193.60071294009686 204.7877826243639 226.29906223714352 1892.9562977999449 796.52701486647129 1187.6634891033173 93.426090836524963
leaf_count=2769 416 3338 8505 9141 382 571 2470 950 1099 993 10000 5185 5760 427
internal_value=-7.36212e-05 0.0131914 -0.0176655 0.0200802 -0.0265491 0.00254058 0.016697 0.00393869 -0.00831296 0.0254587 -0.00645648 -0.0348523 0.00584942 0.0122736
internal_weight=10435.4 5949.33 4486.06 3612.69 2300.71 2336.63 2927.47 2218.58 2185.36 807.637 1980.57 862.278 2024.98 837.318
internal_count=52006 26419 25587 15373 14072 11046 12604 10475 11515 3463 10416 5567 9525 3765
cat_boundaries=0 1
cat_threshold=320
is_linear=0
shrinkage=0.05


Tree=15
num_leaves=15
num_cat=1
split_feature=3 4 4 4 8 7 1 3 2 9 10 4 5 0
split_gain=890.342 226.302 93.3869 62.2334 46.9674 42.3035 35.4827 35.2012 30.4584 30.023 58.6287 29.7158 27.5223 21.1059
threshold=6.5000000000000009 3.6333333333333337 8.2250000000000014 1.6333333333333335 24.500000000000004 42.063333333333347 56.750000000000007 3.5000000000000004 56.500000000000007 1.0000000180025095e-35 0 5.7083333333333348 4.5000000000000009 4.5000000000000009
decision_type=10 10 10 8 2 10 10 8 10 10 1 10 10 2
left_child=1 3 11 -1 5 7 13 8 -3 10 -4 -2 -13 -5
right_child=2 4 9 6 -6 -7 -8 -9 -10 -11 -12 12 -14 -15
leaf_value=0.032715752963367664 -0.0055156001124904604 0.015439437925715971 0.033282379303184804 0.015573429463800035 -0.017810497397915778 -0.022511550751568851 0.024962674369745162 0.0004189717333951561 -0.012998126183191135 -0.034343693803338071 -0.027143818273911879 -0.015670590202949471 -0.036520312784607011 0.0041791373283419355
leaf_weight=687.09230154752731 677.27285002171993 833.42234891653061 44.724019557237625 1513.8755280822515 300.54539032280445 155.16093948483467 791.37760689854622 1923.2598298490047 106.15210337936878 1100.2476700693369 153.65427818894386 1384.7449502050877 178.70596209168434 555.56078930199146
leaf_count=2769 3502 3711 242 6504 1537 773 3379 9573 484 7163 1000 7924 1041 2404
internal_value=-7.58912e-05 0.0104245 -0.020447 0.0192033 0.00103895 0.00291607 0.015958 0.0042942 0.0122266 -0.0311155 -0.0132114 -0.014264 -0.0180538 0.0125145
internal_weight=10405.8 6866.45 3539.35 3547.91 3318.54 3018 2860.81 2862.83 939.574 1298.63 198.378 2240.72 1563.45 2069.44
internal_count=52006 31134 20872 15056 16078 14541 12287 13768 4195 8405 1242 12467 8965 8908
cat_boundaries=0 1
cat_threshold=1345
is_linear=0
shrinkage=0.05


Tree=16
num_leaves=15
num_cat=2
split_feature=3 3 4 4 7 10 2 4 8 9 10 7 6 6
split_gain=809.88 204.323 88.7513 56.0905 53.0677 34.1492 32.9732 29.7924 29.3888 29.3694 53.8902 28.3616 26.2665 22.9084
threshold=6.5000000000000009 2.5000000000000004 8.5500000000000025 4.7750000000000012 39.663333333333341 0 160.50000000000003 5.7083333333333348 11.500000000000002 1.0000000180025095e-35 1 42.263333333333343 3.5050000000000003 3.2050000000000005
decision_type=10 10 10 10 8 1 10 10 2 10 1 10 8 10
left_child=1 4 7 -3 6 -6 12 -2 -7 10 -4 -5 -1 -9
right_child=2 3 9 11 5 8 -8 13 -10 -11 -12 -13 -14 -15
leaf_value=0.027155365221220525 -0.0052538042161409046 0.0083436274152424821 0.033235176797724107 -0.002300283889737876 0.0042875160485351732 0.024261925152215844 -0.0033644420221392462 -0.015345239260459807 0.0050882889317479963 -0.03458137877061844 -0.026734830712818083 -0.033355158138960103 0.049459213663809919 -0.032244683960020497
leaf_weight=978.67385357618332 675.51622912287712 2038.7062654346228 41.46142902970314 1872.1436137259007 591.40616096556187 826.83125774562359 78.412993147969246 1446.5971490293741 263.55851216614246 961.45500594377518 139.09070593118668 76.526229247450829 152.58267088234425 232.80830559134483
leaf_count=4041 3502 9150 220 9490 2517 3456 325 8404 1137 6440 925 402 616 1381
internal_value=-7.59363e-05 0.00988398 -0.0196682 0.00254583 0.0200034 0.0142586 0.0279903 -0.0141212 0.0194491 -0.0311067 -0.0126035 -0.00351984 0.0301637 -0.0176879
internal_weight=10375.8 6878.84 3496.93 3987.38 2891.47 1681.8 1209.67 2354.92 1090.39 1142.01 180.552 1948.67 1131.26 1679.41
internal_count=52006 31134 20872 19042 12092 7110 4982 13287 4593 7585 1145 9892 4657 9785
cat_boundaries=0 1 2
cat_threshold=650 1345
is_linear=0
shrinkage=0.05


Tree=17
num_leaves=15
num_cat=3
split_feature=3 4 4 7 8 10 7 10 4 3 2 9 10 4
split_gain=736.65 187.154 83.8295 56.3112 46.7363 38.2192 37.6297 35.5848 34.2047 30.607 31.6718 27.8567 49.6107 27.493
threshold=6.5000000000000009 3.5500000000000003 8.5500000000000025 39.922500000000007 23.500000000000004 0 42.263333333333343 1 1.5500000000000003 3.5000000000000004 56.500000000000007 1.0000000180025095e-35 2 5.7083333333333348
decision_type=10 10 10 8 2 1 10 1 10 10 10 10 1 10
left_child=1 3 13 7 6 -5 9 -1 -9 10 -3 12 -4 -2
right_child=2 4 11 5 -6 -7 -8 8 -10 -11 -12 -13 -14 -15
leaf_value=0.0049976435259120669 -0.0050038574763131959 0.014422009013826578 0.031476078841406761 0.019935776385197435 -0.015604091855299816 0.0045834376497177771 -0.024965313856136345 0.040777964042141242 0.022916778457973918 0.00070977885144150497 -0.012866392793431337 -0.03360443275057181 -0.025904290944472927 -0.016976169287087766
leaf_weight=230.42290434241295 673.83988110721111 922.45336452126503 42.130815520882607 719.54164990782738 365.78405785560608 958.58970426023006 113.70311899483204 353.79823435842991 1105.8649362176657 1999.5481080263853 120.18356475234032 940.47630208730698 136.7536663711071 1662.8083913773298
leaf_count=963 3502 4064 220 3045 1872 4094 575 1418 4654 9904 545 6440 925 9785
internal_value=-7.53493e-05 0.00937391 -0.0189134 0.0178002 0.00131477 0.0113123 0.00327575 0.0242423 0.0270606 0.00433127 0.0112765 -0.0301644 -0.0120786 -0.0135236
internal_weight=10345.9 6889.89 3456.01 3368.22 3521.67 1678.13 3155.89 1690.09 1459.66 3042.19 1042.64 1119.36 178.884 2336.65
internal_count=52006 31134 20872 14174 16960 7139 15088 7035 6072 14513 4609 7585 1145 13287
cat_boundaries=0 1 2 3
cat_threshold=1348 192 1345
is_linear=0
shrinkage=0.05


Tree=18
num_leaves=15
num_cat=2
split_feature=3 3 4 4 7 7 9 10 9 10 5 8 0 4
split_gain=670.055 170.07 79.1213 48.5634 43.6134 38.2128 30.691 27.2442 26.3934 45.6786 26.0905 24.3525 22.3861 22.3075
threshold=6.5000000000000009 2.5000000000000004 8.5500000000000025 6.1000000000000005 39.745000000000012 42.045000000000009 1.0000000180025095e-35 0 1.0000000180025095e-35 1 1.8750000000000002 11.500000000000002 4.5000000000000009 1.2916666666666667
decision_type=10 10 10 10 8 10 10 1 10 1 10 2 2 10
left_child=1 4 10 5 6 12 -1 11 9 -4 -2 -6 -3 -8
right_child=2 3 8 -5 7 -7 13 -9 -10 -11 -12 -13 -14 -15
leaf_value=-0.0017284494936685678 -0.0088676433539006012 0.01023384544989229 0.029835679623449823 -0.0079053464155831032 0.023240802379885555 -0.02144904004310029 0.040741868215042776 0.0050598771050465625 -0.032645430660048699 -0.025092708121116178 -0.019841245063737228 0.0044856395843755666 0.0014563917299352206 0.023749801708421364
leaf_weight=98.963195443153381 1456.945771291852 1650.8233926445246 42.758090510964394 916.51306387782097 686.72046405076981 128.82264886796474 243.47953434288502 710.93979918956757 920.22066967189312 134.49955767393112 862.20346383750439 231.39907145500183 1297.2234443873167 934.45154444873333
leaf_count=410 8305 7588 220 4768 2845 631 975 3017 6440 925 4982 996 6055 3849
internal_value=-7.33857e-05 0.00889399 -0.0181816 0.0021974 0.0180965 0.00520673 0.0250152 0.0126734 -0.0292423 -0.0115753 -0.0129474 0.0183144 0.00637152 0.0272621
internal_weight=10316 6899.34 3416.63 3993.38 2905.95 3076.87 1276.89 1629.06 1097.48 177.258 2319.15 918.12 2948.05 1177.93
internal_count=52006 31134 20872 19042 12092 14274 5234 6858 7585 1145 13287 3841 13643 4824
cat_boundaries=0 1 2
cat_threshold=1381 1345
is_linear=0
shrinkage=0.05


Tree=19
num_leaves=15
num_cat=2
split_feature=4 3 3 6 10 8 7 4 1 0 8 2 7 10
split_gain=615.507 167.285 87.931 45.149 33.3461 31.1905 30.5389 29.6461 27.8265 27.4327 25.7358 22.4518 22.3591 21.2941
threshold=4.9000000000000012 7.5000000000000009 2.5000000000000004 2.5275000000000003 0 24.500000000000004 40.645000000000017 9.1000000000000014 56.750000000000007 4.5000000000000009 7.5000000000000009 10.500000000000002 39.890000000000015 1
decision_type=10 10 8 10 1 2 10 10 8 2 2 10 10 1
left_child=2 5 4 7 11 12 8 -3 9 -4 -6 -1 -2 -9
right_child=1 3 6 -5 10 -7 -8 13 -10 -11 -12 -13 -14 -15
leaf_value=0.073163425911181718 0.0034860315030640007 -0.013785999404167776 0.010277593871235738 -0.033361028551889972 0.020929575528141196 -0.0182640943500509 -0.0029975322563972218 0.011215912751322804 0.018266887541846601 -0.0027522045101305895 0.0059644104906876796 0.026397248987889088 -0.0062649178928143286 -0.030853375973915881
leaf_weight=26.452211961150169 1047.7065448313951 1229.3631917089224 1286.9851824641228 652.71192745864391 638.30672562122345 335.62821525335312 637.03765965998173 32.43954673409462 639.29987864196301 588.75191354751587 522.40953761339188 861.48511356115341 1339.5602506101131 448.7526882737875
leaf_count=108 5288 7554 5678 4343 2603 1830 2954 191 2840 2681 2169 3538 6955 3274
internal_value=-7.23548e-05 -0.0124398 0.0120227 -0.0221732 0.0200871 -0.00399202 0.00678132 -0.0179042 0.00925822 0.00618783 0.0140729 0.027481 -0.00198549 -0.0284254
internal_weight=10286.9 5086.16 5200.73 2363.27 2048.65 2722.9 3152.07 1710.56 2515.04 1875.74 1160.72 887.937 2387.27 481.192
internal_count=52006 29435 22571 15362 8418 14073 14153 11019 11199 8359 4772 3646 12243 3465
cat_boundaries=0 1 2
cat_threshold=773 320
is_linear=0
shrinkage=0.05


Tree=20
num_leaves=15
num_cat=3
split_feature=3 3 4 8 6 5 7 10 4 7 10 1 10 7
split_gain=559.129 145.783 68.9466 56.7989 42.2038 31.1937 29.9196 27.8681 26.8642 23.7563 20.0265 19.877 18.7721 18.4067
threshold=4.5000000000000009 8.5000000000000018 2.3666666666666671 15.500000000000002 2.5275000000000003 4.5000000000000009 39.663333333333341 0 8.3666666666666689 40.345000000000006 1 56.750000000000007 2 42.229166666666671
decision_type=10 10 8 2 10 10 10 1 10 10 1 10 1 8
left_child=2 3 7 5 8 12 11 -1 -3 -9 -10 -4 -2 -8
right_child=1 4 6 -5 -6 -7 13 9 10 -11 -12 -13 -14 -15
leaf_value=-0.00034636928063240893 0.0086270685245012826 -0.011407923682816191 0.0098609068166460815 -0.013410208575721254 -0.035669746767624959 -0.019070350618721497 0.0046629169956124792 0.027687193394672772 0.0063188060467919476 0.010670905638273531 -0.028316491177037596 0.022091942050293103 -0.0019080459747778903 -0.020028954250541606
leaf_weight=141.62728993594646 629.87138245999813 657.33066070079803 1497.9877146184444 1386.3556576967239 492.57621152698994 200.64091081917286 1682.6608911156654 949.81135383248329 47.927603468298912 261.60471960902214 564.22665910422802 426.81721372902393 1240.9936981499195 79.020131841301918
leaf_count=575 3258 3943 6482 7730 3405 1085 7506 3836 292 1071 4148 1827 6479 369
internal_value=-7.27564e-05 -0.0115418 0.0118068 -0.00557696 -0.0232471 -0.000334555 0.00826374 0.0214603 -0.018427 0.0238159 -0.0259641 0.0125731 0.00167477 0.00355536
internal_weight=10259.5 5219.92 5039.53 3457.86 1762.06 2071.51 3686.49 1353.04 1269.48 1211.42 612.154 1924.8 1870.87 1761.68
internal_count=52006 30340 21666 18552 11788 10822 16184 5482 8383 4907 4440 8309 9737 7875
cat_boundaries=0 1 2 3
cat_threshold=192 320 1316
is_linear=0
shrinkage=0.05


Tree=21
num_leaves=15
num_cat=3
split_feature=4 3 3 6 8 10 10 10 9 7 7 1 0 8
split_gain=514.305 144.358 72.6161 39.5919 36.4064 30.861 29.7228 26.0999 25.8317 25.7316 24.7653 23.8458 24.0223 22.9045
threshold=4.9000000000000012 8.5000000000000018 2.5000000000000004 2.5050000000000003 15.500000000000002 0 1 2 1.0000000180025095e-35 40.645000000000017 41.910000000000011 56.750000000000007 4.5000000000000009 7.5000000000000009
decision_type=10 10 8 10 2 1 1 1 10 10 10 8 2 2
left_child=2 4 6 7 10 -6 -1 8 -3 11 -2 12 -4 -8
right_child=1 3 9 -5 5 -7 13 -9 -10 -11 -12 -13 -14 -15
leaf_value=0.025184908329285917 0.00094888320539984283 0.03410303054628834 0.0093966493137147642 -0.035868481979822793 -0.0019531740799848939 -0.016809285055946418 0.019042235394160438 -0.023527537616441913 -0.011314457590961648 -0.0028255836965185525 -0.019492934886744719 0.016731475912978796 -0.0027894246569615355 0.0049425612774430449
leaf_weight=891.41780658066273 1686.8288910090923 34.67903445661068 1292.6309109628201 470.15077966451645 572.55781996250153 939.261350274086 640.0432492941618 828.18389683961868 322.0159912109375 636.01691769063473 162.43229466676712 643.96713241934776 588.54835122823715 523.71794740855694
leaf_count=3646 8824 190 5678 3354 3140 5188 2603 5732 2101 2954 906 2840 2681 2169
internal_value=-7.27213e-05 -0.0115039 0.0109196 -0.0235916 -0.00555176 -0.0113071 0.0182361 -0.0187202 -0.00671069 0.00616295 -0.000846651 0.00842692 0.0055841 0.0125889
internal_weight=10232.5 5016.11 5216.34 1655.03 3361.08 1511.82 2055.18 1184.88 356.695 3161.16 1849.26 2525.15 1881.18 1163.76
internal_count=52006 29435 22571 11377 18058 8328 8418 8023 2291 14153 9730 11199 8359 4772
cat_boundaries=0 1 2 3
cat_threshold=618 773 1348
is_linear=0
shrinkage=0.05


Tree=22
num_leaves=15
num_cat=3
split_feature=3 4 4 7 8 10 5 7 10 4 2 3 2 10
split_gain=473.965 117.73 65.8861 41.9571 35.39 31.1391 29.8138 28.601 28.3467 25.2586 22.2476 20.2056 28.5197 23.0262
threshold=6.5000000000000009 3.5500000000000003 9.1000000000000014 39.922500000000007 23.500000000000004 0 1.8750000000000002 42.263333333333343 1 1.5500000000000003 33.500000000000007 3.5000000000000004 56.500000000000007 2
decision_type=10 10 10 8 2 1 10 10 1 10 10 10 10 1
left_child=1 3 6 8 7 -5 -2 11 -1 -10 -4 12 13 -3
right_child=2 4 10 5 -6 -7 -8 -9 9 -11 -12 -13 -14 -15
leaf_value=0.0026022141212843912 -0.0078109482754734859 0.018642694374349279 -0.032555089507722783 0.016137576091193467 -0.013943474108767895 0.0024096622082488903 -0.018966143669377114 -0.022391925404835207 0.033843498124717923 0.018498179336582144 -0.0069140136704761894 0.00058147614084168742 -0.013727563495256648 0.0025124443102094861
leaf_weight=231.8028219640255 1610.5316276699305 541.11035937070847 622.69692678749561 728.2937459051609 358.60574175417423 966.96762426197529 953.62681199610233 110.22135439515114 352.54742948710918 1120.3354269713163 97.89589336514473 1999.6336788088083 120.73586429655552 391.45598094165325
leaf_count=963 9599 2355 4748 3045 1872 4094 5840 575 1418 4654 685 9904 545 1709
internal_value=-7.27069e-05 0.00734979 -0.0157136 0.0139865 0.000942673 0.00841666 -0.0119596 0.00263031 0.0195255 0.0220217 -0.0290716 0.0035337 0.00913832 0.0120987
internal_weight=10206.5 6921.71 3284.75 3399.95 3521.76 1695.26 2564.16 3163.16 1704.69 1472.88 720.593 3052.94 1053.3 932.566
internal_count=52006 31134 20872 14174 16960 7139 15439 15088 7035 6072 5433 14513 4609 4064
cat_boundaries=0 1 2 3
cat_threshold=1348 192 853
is_linear=0
shrinkage=0.05


Tree=23
num_leaves=15
num_cat=3
split_feature=3 4 4 7 8 7 5 5 10 10 2 3 2 10
split_gain=430.827 106.253 62.0505 37.3516 35.8928 28.2451 27.7799 27.546 24.6823 24.5418 21.0891 19.6886 23.4239 20.9649
threshold=6.5000000000000009 3.3666666666666671 9.1000000000000014 39.922500000000007 23.500000000000004 42.263333333333343 inf 1.8750000000000002 0 1 33.500000000000007 3.5000000000000004 56.500000000000007 2
decision_type=10 10 10 8 2 10 8 10 1 1 10 10 10 1
left_child=1 3 7 6 5 11 8 -2 -1 -5 -4 12 13 -3
right_child=2 4 10 9 -6 -7 -8 -9 -10 -11 -12 -13 -14 -15
leaf_value=0.002030177033374912 -0.007453972616723134 0.018300892852074702 -0.03164806685119808 0.01933249610547021 -0.01365920629845164 -0.021855627626572668 0.028867568431701157 -0.018222471472412776 0.019195064382296307 0.0046654089697554966 -0.0065978699778125515 0.00082367085683006207 -0.010612635175033074 0.0039271645874244809
leaf_weight=300.95472756028175 1603.4631395339966 530.28240685164928 608.87221307307482 373.16719041764736 362.8020152002573 111.54765051603317 501.44452133774757 943.18935553729534 787.56136232614517 1208.416059538722 97.468546241521835 2099.6079496443272 136.15546332299709 514.38297300040722
leaf_count=1249 9599 2287 4748 1551 1901 586 2036 5840 3251 5084 685 10340 612 2237
internal_value=-6.93803e-05 0.00698002 -0.0150791 0.0137182 0.00128846 0.00288724 0.01913 -0.0114422 0.0146443 0.00827777 -0.0281914 0.0037286 0.00889383 0.0114362
internal_weight=10179.3 6926.32 3252.99 3171.54 3754.78 3391.98 1589.96 2546.65 1088.52 1581.58 706.341 3280.43 1180.82 1044.67
internal_count=52006 31134 20872 13171 17963 16062 6536 15439 4500 6635 5433 15476 5136 4524
cat_boundaries=0 1 2 3
cat_threshold=200 1280 837
is_linear=0
shrinkage=0.05


Tree=24
num_leaves=15
num_cat=2
split_feature=4 4 3 1 6 7 8 10 3 8 10 2 7 7
split_gain=395.303 90.823 67.5388 39.272 36.1133 30.6111 29.0356 25.7158 24.8998 24.3463 22.2192 20.413 18.8832 17.669
threshold=6.1000000000000005 3.2250000000000005 8.5000000000000018 55.500000000000007 2.3550000000000009 39.310000000000009 18.500000000000004 0 4.5000000000000009 9.5000000000000018 1 56.500000000000007 42.590000000000011 39.722500000000011
decision_type=10 10 10 10 10 8 2 1 10 2 1 10 10 10
left_child=1 3 6 -1 7 9 13 -4 11 -5 -7 -3 -9 -2
right_child=2 8 4 5 -6 10 -8 12 -10 -11 -12 -13 -14 -15
leaf_value=0.0073275161894375456 0.0043194446123375951 0.0077334311481406142 -0.000503562703845314 0.035346221152344863 -0.033742466567978323 0.0019913929325416856 -0.016014012582735583 -0.021735352986946732 -0.0025332374521336519 0.013505974469958083 0.018049694434823706 -0.0095525824235133151 0.079374322661147925 -0.0079642880377878682
leaf_weight=1530.0090302675962 467.80174767971039 1531.7771667540073 205.51284485310316 372.56944134831429 462.11599259078503 316.7836329638958 712.59738445281982 760.22554231435061 1861.7019243389368 194.06981089711189 758.66607064008713 192.2197479903698 4.6459578499197951 782.30336599051952
leaf_count=6393 2544 6791 1353 1519 3494 1320 4162 5535 9648 801 3143 864 33 4406
internal_value=-6.48232e-05 0.00692825 -0.0139838 0.0130911 -0.0222384 0.0184612 -0.00795912 -0.0167599 0.0014763 0.0278661 0.0135059 0.0058061 -0.0208486 -0.00336759
internal_weight=10153 6757.8 3395.2 3172.1 1432.5 1642.09 1962.7 970.384 3585.7 566.639 1075.45 1724 764.872 1250.11
internal_count=52006 30479 21527 13176 10415 6783 11112 6921 17303 2320 4463 7655 5568 6950
cat_boundaries=0 1 2
cat_threshold=324 202
is_linear=0
shrinkage=0.05


Tree=25
num_leaves=15
num_cat=3
split_feature=3 3 4 10 7 9 10 1 6 8 10 8 5 2
split_gain=359.851 90.5137 56.3068 33.8139 32.7513 25.7411 40.0063 23.471 22.6899 22.3759 22.5429 21.9451 20.5319 18.0042
threshold=6.5000000000000009 2.5000000000000004 8.2250000000000014 0 40.645000000000017 1.0000000180025095e-35 1 55.500000000000007 1.4387500000000002 22.500000000000004 2 12.500000000000002 1.8750000000000002 10.500000000000002
decision_type=10 10 10 1 10 10 1 8 10 2 1 2 10 8
left_child=1 3 8 13 9 6 -4 -5 -2 10 -3 -9 -7 -1
right_child=2 4 5 7 -6 12 -8 11 -10 -11 -12 -13 -14 -15
leaf_value=0.063586234128803543 -0.0029575415539426523 -0.00078597761874262982 0.031008821424352413 0.0052333338703506706 -0.0058756638785751871 -0.020291150941151595 -0.019243979174461405 0.018461241452950149 -0.013516907264826211 -0.0095835008702417224 0.0089690561285258926 0.001595751002527008 -0.035475729080170722 0.02254881050519815
leaf_weight=28.174521028995514 869.37532283365726 905.34947274625301 45.532003477215767 1160.8342010080814 1106.0154276937246 548.88168197125196 130.84099961817265 984.41973896324635 1226.4117318987846 265.83800278604031 1722.0525943934917 239.8754850924015 374.52201180160046 520.28981675207615
leaf_count=115 5064 4231 242 4823 5461 4219 1000 4014 7403 1393 7957 1005 2944 2135
internal_value=-6.28624e-05 0.00633564 -0.0139446 0.0130062 0.00144257 -0.0231067 -0.0056038 0.010284 -0.00913667 0.00424015 0.00563881 0.0151568 -0.0264498 0.0242154
internal_weight=10128.4 6932.85 3195.56 2933.59 3999.26 1099.78 176.373 2385.13 2095.79 2893.24 2627.4 1224.3 923.404 548.464
internal_count=52006 31134 20872 12092 19042 8405 1242 9842 12467 13581 12188 5019 7163 2250
cat_boundaries=0 1 2 3
cat_threshold=257 1345 216
is_linear=0
shrinkage=0.05


Tree=26
num_leaves=15
num_cat=2
split_feature=4 4 3 6 1 7 8 10 8 8 5 10 3 6
split_gain=332.488 80.4761 54.8506 34.2242 33.2272 27.8187 26.6218 25.0108 24.8769 23.3882 22.5156 19.9433 19.4319 19.1286
threshold=6.2250000000000005 3.2250000000000005 8.5000000000000018 2.3550000000000009 55.500000000000007 39.445000000000014 9.5000000000000018 0 10.500000000000002 18.500000000000004 7.5000000000000009 1 1.5000000000000002 4.7562500000000005
decision_type=10 10 10 10 10 8 2 1 2 2 10 1 10 10
left_child=1 4 9 7 -1 6 -6 -4 10 12 11 -3 -2 -14
right_child=2 8 3 -5 5 -7 -8 -9 -10 -11 -12 -13 13 -15
leaf_value=0.0066008915451872957 0.045276268644788162 -0.0012599197312220982 0.00067672769105762542 -0.032650608928085849 0.032304747661919951 0.011590905629909965 0.011040292110550805 -0.019792850401513844 -0.0023731949998156178 -0.015354529182842247 -0.024686426092604657 0.010875851083146322 -0.0030355543521374921 -0.037403035474698469
leaf_weight=1532.964058816433 20.094177439808846 503.62401036918163 195.45932210981846 436.96270520240068 422.38275736570358 997.58076083660126 225.90937639772892 727.50365955382586 2179.0755797028542 649.62611125409603 58.240301460027695 1041.5179880261421 1071.1412900835276 42.078740119934082
leaf_count=6393 85 2426 1302 3443 1721 4131 931 5458 10705 3876 300 4939 6036 260
internal_value=-6.08534e-05 0.00603347 -0.0135595 -0.0211227 0.0118977 0.0168312 0.0248948 -0.015665 0.00110508 -0.00779067 0.00583222 0.00698255 -0.00345499 -0.00433461
internal_weight=10104.2 6961.29 3142.87 1359.93 3178.84 1645.87 648.292 922.963 3782.46 1782.94 1603.38 1545.14 1133.31 1113.22
internal_count=52006 31546 20460 10203 13176 6783 2652 6760 18370 10257 7665 7365 6381 6296
cat_boundaries=0 1 2
cat_threshold=324 88
is_linear=0
shrinkage=0.05


Tree=27
num_leaves=15
num_cat=5
split_feature=4 3 3 6 0 8 10 7 10 10 10 9 10 8
split_gain=303.209 97.9883 46.1967 33.8602 28.1024 26.705 28.7186 22.9208 24.9884 22.0408 21.4511 21.6347 21.2689 19.6906
threshold=4.9000000000000012 8.5000000000000018 1.5000000000000002 2.5050000000000003 4.5000000000000009 15.500000000000002 0 40.163333333333348 1 2 3 1.0000000180025095e-35 4 19.500000000000004
decision_type=10 10 8 10 2 2 1 8 1 1 1 10 1 2
left_child=2 5 9 10 7 -2 -7 12 -9 -1 11 -3 -4 -14
right_child=1 3 4 -5 -6 6 -8 8 -10 -11 -12 -13 13 -15
leaf_value=0.006202486475616031 -0.00021539729762442766 0.033127323380449679 8.9116730295901963e-05 -0.031605271710847781 0.00045718186361136794 -0.00021748000024122789 -0.014658274998180357 0.010821572816949931 -0.0025008464509327041 0.022205827029756122 -0.019528305873262562 -0.0084124897354548051 0.018879981909600149 -0.012305886443798446
leaf_weight=338.79058146476746 1832.6300808489323 34.888433292508125 236.52212105691433 421.5835103020072 1520.3552016913891 560.68063578009605 911.3222993761301 742.37777532637119 659.77472588419914 744.62667217850685 767.1622708439827 308.57640072703362 948.66599734127522 53.468123987317085
leaf_count=1381 9730 190 1025 3354 6740 3140 5188 3229 2871 3027 5732 2101 4057 241
internal_value=-6.02745e-05 -0.00908959 0.00826706 -0.0195411 0.00587258 -0.00424369 -0.00925889 0.00899031 0.00461213 0.0174637 -0.0149616 -0.00407434 0.0139464 0.017046
internal_weight=10081.4 4836.84 5244.58 1532.21 4161.16 3304.63 1472 2640.81 1402.15 1083.42 1110.63 343.465 1238.66 1002.13
internal_count=52006 29435 22571 11377 18163 18058 8328 11423 6100 4408 8023 2291 5323 4298
cat_boundaries=0 1 2 3 4 5
cat_threshold=618 1492 210 1348 72
is_linear=0
shrinkage=0.05


Tree=28
num_leaves=15
num_cat=1
split_feature=3 3 4 10 7 8 5 7 2 2 1 8 1 2
split_gain=278.654 70.352 50.0056 30.2321 29.618 25.0452 23.9138 20.6975 23.3542 19.8007 19.1361 26.7183 18.9116 17.2317
threshold=6.5000000000000009 2.5000000000000004 9.1000000000000014 0 42.263333333333343 23.500000000000004 4.5000000000000009 39.745000000000012 160.50000000000003 33.500000000000007 54.750000000000007 8.5000000000000018 53.500000000000007 46.500000000000007
decision_type=10 10 10 1 10 2 10 8 10 10 8 2 8 10
left_child=1 3 6 -1 5 10 -2 8 -5 -4 -3 -12 -9 -13
right_child=2 4 9 7 -6 -7 -8 12 -10 -11 11 13 -14 -15
leaf_value=0.02195912811275311 -0.0075309244580989854 -0.0028543243330031061 -0.028321855225319593 0.015990566875938847 -0.022669985871409157 -0.011475184370447375 -0.023608659218789973 -0.020082605778549471 -0.012778746802646269 -0.0033800228556294478 0.01231155439255803 0.0033810945199730397 0.0060966684228568437 -0.013365673545515641
leaf_weight=549.61516503989697 2208.8046493306756 959.03144955635071 559.94104474782944 1008.3780361562967 125.8095837533474 317.47384960949421 258.33025033026934 73.075861275196075 75.84770630300045 92.753539085388184 910.73265221714973 1516.2834774553776 1232.2309632152319 170.91972835361958
leaf_count=2250 13702 4541 4748 4105 665 1718 1737 309 311 685 4114 7198 5117 806
internal_value=-5.90627e-05 0.00552081 -0.0124703 0.0113941 0.00120548 0.00198075 -0.0092144 0.00883516 0.013978 -0.0247774 0.00318175 0.00540998 0.00463106 0.00168459
internal_weight=10059.2 6939.4 3119.83 2939.15 4000.25 3874.44 2467.13 2389.53 1084.23 652.695 3556.97 2597.94 1305.31 1687.2
internal_count=52006 31134 20872 12092 19042 18377 15439 9842 4416 5433 16659 12118 5426 8004
cat_boundaries=0 1
cat_threshold=257
is_linear=0
shrinkage=0.05


Tree=29
num_leaves=15
num_cat=4
split_feature=4 3 3 6 9 7 10 10 10 0 7 7 8 11
split_gain=258.289 62.4126 44.2464 30.9412 30.3908 38.7765 29.8719 21.8544 21.7455 20.2502 21.1211 18.7254 18.4584 18.0778
threshold=6.2250000000000005 3.5000000000000004 8.5000000000000018 2.3550000000000009 1.0000000180025095e-35 39.390000000000015 0 1 2 4.5000000000000009 40.945000000000014 42.590000000000011 18.500000000000004 3
decision_type=10 10 10 10 8 8 1 1 1 2 10 10 2 1
left_child=1 4 7 8 -1 6 -6 -2 -4 10 -3 -10 13 -7
right_child=2 9 3 -5 5 12 -8 -9 11 -11 -12 -13 -14 -15
leaf_value=-0.0068114063109470232 0.0064710292328363991 0.0068400666632303835 0.0013184785992170281 -0.030429697930646423 -0.00064989073761151416 0.012861013803433083 0.021393183176194479 -0.0092230561528965343 -0.018756201200236383 -0.0044057076122632939 -0.0062985545584198881 0.083423094889917226 -0.007591276500598221 0.0038018320487688941
leaf_weight=265.53873182833195 255.1292303353548 1280.3999543339014 193.65013964474201 412.79110027104616 189.70479218661785 1109.5709089785814 1006.59780600667 1508.6595473065972 696.64788210391998 1420.8528640717268 401.89571185410023 4.5128422752022734 197.49970576167107 1093.3082127273083
leaf_count=1114 1422 6191 1302 3443 791 4605 4143 8835 5426 7172 2078 32 878 4574
internal_value=-5.67443e-05 0.00526951 -0.0121357 -0.0191057 0.00951196 0.0107171 0.0180711 -0.00696853 -0.0138817 -1.06999e-05 0.00370129 -0.0178441 0.00705201 0.00836486
internal_weight=10036.8 6965.37 3071.39 1307.6 3862.22 3596.68 1196.3 1763.79 894.811 3103.15 1682.3 701.161 2400.38 2202.88
internal_count=52006 31546 20460 10203 16105 14991 4934 10257 6760 15441 8269 5458 10057 9179
cat_boundaries=0 1 2 3 4
cat_threshold=96 96 324 4
is_linear=0
shrinkage=0.05


Tree=30
num_leaves=15
num_cat=4
split_feature=4 8 10 3 6 7 11 7 2 10 10 4 7 2
split_gain=234.539 58.02 50.8259 41.1354 29.28 28.8138 27.9102 25.2917 24.0957 20.0617 19.8686 17.0018 16.3844 16.3065
threshold=6.2250000000000005 10.500000000000002 0 8.5000000000000018 2.3550000000000009 41.745000000000012 1 39.863333333333337 60.500000000000007 2 3 1.4500000000000002 42.590000000000011 156.50000000000003
decision_type=10 2 1 10 10 10 1 10 10 1 1 8 10 10
left_child=1 2 5 10 9 11 -4 8 -3 -5 -2 -1 -11 -6
right_child=3 7 6 4 13 -7 -8 -9 -10 12 -12 -13 -14 -15
leaf_value=0.032203821469194614 0.0061399389140546438 0.0061671804743208009 -0.001233431222659473 0.0012547894817413335 -0.031444395231793321 -0.0086936224401454928 0.0092185328806619077 -0.0051019508969151577 -0.017232454427006421 -0.018057314647734867 -0.0088098852901032851 0.016041725651834985 0.075025885934812436 0.0240871479444143
leaf_weight=188.53319714963436 255.95983952283859 1337.0001550465822 1149.1777392327785 193.80866938084364 390.19474726170301 106.89306832849979 1437.9070622473955 1440.184396982193 119.88219900429249 687.66382414102554 1501.1093904674053 1188.440159663558 4.7601834982633582 13.683272033929823
leaf_count=771 1422 6167 5116 1302 3340 509 6290 7006 560 5426 8835 5127 32 103
internal_value=-5.46527e-05 0.00500525 0.00885415 -0.0116252 -0.0184049 0.0162041 0.00455817 -0.000403199 0.0042417 -0.0133199 -0.00664728 0.0182546 -0.0171694 -0.029563
internal_weight=10015.2 6968.02 4070.95 3047.18 1290.11 1483.87 2587.08 2897.07 1456.88 886.233 1757.07 1376.97 692.424 403.878
internal_count=52006 31546 17813 20460 10203 6407 11406 13733 6727 6760 10257 5898 5458 3443
cat_boundaries=0 1 2 3 4
cat_threshold=1285 2 324 96
is_linear=0
shrinkage=0.05


Tree=31
num_leaves=15
num_cat=1
split_feature=3 3 4 9 7 8 2 6 7 9 10 2 8 2
split_gain=216.846 71.9088 33.0049 31.3179 35.0033 29.6325 26.076 21.5862 19.323 19.147 32.7461 16.4326 16.2775 20.7129
threshold=7.5000000000000009 3.5000000000000004 9.1000000000000014 1.0000000180025095e-35 39.390000000000015 24.500000000000004 163.50000000000003 0.96458333333333346 43.070000000000014 1.0000000180025095e-35 0 169.50000000000003 18.500000000000004 14.500000000000002
decision_type=10 10 10 8 8 2 10 10 10 10 1 10 2 8
left_child=1 3 7 -1 6 8 -5 -2 -3 10 -4 -11 13 -6
right_child=2 5 9 4 12 -7 -8 -9 -10 11 -12 -13 -14 -15
leaf_value=-0.0077299726029436914 0.0016376850426969719 0.00072877441374170362 0.032717892257692803 0.018404457193559761 0.016205259883287453 -0.015518517004413266 -0.011834708522649506 -0.012890166893743189 -0.030946593936458572 -0.029299465635756857 -0.021451899801531626 0.062306360795399862 -0.0061083980027665111 0.0049774017272641129
leaf_weight=276.05795219540596 315.37531775981188 3329.8128128945827 30.962720304727554 1171.9642768502235 537.43714968860149 325.81038773059845 75.909817740321159 1351.036343716085 48.853547006845474 467.57617844641209 79.016295239329338 4.9473430067300788 238.35335724055767 1742.6661063581705
leaf_count=1163 2011 16674 165 4843 2245 1896 318 9101 276 4245 689 39 1075 7266
internal_value=-5.36547e-05 0.00391424 -0.0137219 0.00852575 0.00971723 -0.00111791 0.016565 -0.0101407 0.000270767 -0.023967 -0.00517694 -0.0283403 0.00632423 0.00762389
internal_weight=9995.78 7746.87 2248.91 4042.39 3766.33 3704.48 1247.87 1666.41 3378.67 582.503 109.979 472.524 2518.46 2280.1
internal_count=52006 35756 16250 16910 15747 18846 5161 11112 16950 5138 854 4284 10586 9511
cat_boundaries=0 1
cat_threshold=1345
is_linear=0
shrinkage=0.05


Tree=32
num_leaves=15
num_cat=3
split_feature=4 3 3 6 1 0 5 8 10 8 10 10 9 6
split_gain=197.643 67.763 33.1956 28.7537 22.4589 22.6232 21.9426 20.4221 23.5683 19.5363 18.2001 17.9409 23.1558 17.0226
threshold=4.9000000000000012 8.5000000000000018 1.5000000000000002 2.5050000000000003 56.750000000000007 4.5000000000000009 7.5000000000000009 15.500000000000002 0 10.500000000000002 1 2 1.0000000180025095e-35 0.63541666666666685
decision_type=10 10 8 10 8 2 10 2 1 2 1 1 10 10
left_child=2 6 10 11 5 -4 7 -2 -9 -6 13 12 -3 -1
right_child=1 3 4 -5 9 -7 -8 8 -10 -11 -12 -13 -14 -15
leaf_value=0.032974929279800717 0.00078887396822557767 0.041224283528384448 0.0052621864019375833 -0.028171649500555312 0.016615935014362548 -0.0040493952840386744 -0.027496621353536782 0.0079188545090872128 -0.0099441246950380084 0.0035739546952050999 0.0059986017187062491 -0.015344416671674743 -0.0056924626183013239 0.014920594017545833
leaf_weight=181.35218334197998 1764.6097572818398 30.927470535039902 2069.3033094704151 386.35635750740767 615.08485631644726 952.57534904778004 92.550420038402081 212.41838055849075 1201.8353363648057 538.55493751168251 434.34132871031761 853.16362480819225 175.74260678142309 466.13524895906448
leaf_count=744 9377 161 8926 3354 2591 4251 562 1170 6949 2395 1768 6638 1224 1896
internal_value=-5.20696e-05 -0.00748189 0.00661497 -0.0164947 0.00459265 0.00232693 -0.0034976 -0.00279889 -0.00727546 0.0105275 0.0144205 -0.0122379 0.00126716 0.0196735
internal_weight=9974.95 4717.6 5257.35 1446.19 4175.52 3021.88 3271.41 3178.86 1414.25 1153.64 1081.83 1059.83 206.67 647.487
internal_count=52006 29435 22571 11377 18163 13177 18058 17496 8119 4986 4408 8023 1385 2640
cat_boundaries=0 1 2 3
cat_threshold=608 1325 1344
is_linear=0
shrinkage=0.05


Tree=33
num_leaves=15
num_cat=1
split_feature=3 3 4 7 1 5 0 1 2 2 8 7 10 6
split_gain=181.628 47.4943 38.6804 32.6408 21.2725 20.9211 20.3724 19.1724 18.7821 17.7771 16.3414 15.9187 18.688 15.4154
threshold=6.5000000000000009 1.5000000000000002 9.1000000000000014 40.645000000000017 56.250000000000007 1.8750000000000002 4.5000000000000009 55.500000000000007 43.500000000000007 33.500000000000007 10.500000000000002 42.263333333333343 0 0.34500000000000008
decision_type=10 8 10 10 8 10 2 10 10 10 2 10 1 8
left_child=1 7 5 4 6 -2 -3 -1 -8 -4 -6 12 -5 -14
right_child=2 3 9 11 10 -7 8 -9 -10 -11 -12 -13 13 -15
leaf_value=0.0059883167226369265 -0.0039309360862294709 0.005531529439302716 -0.025142857134369104 0.0030502760687496247 0.016649363346634048 -0.01362155265757603 9.8461403110898628e-07 0.018967738910431797 -0.017317935786018493 -0.00097629195869971739 0.0048641166477845655 -0.019917304003370963 0.053243480053605144 -0.010961699360788122
leaf_weight=486.72247397899628 1529.4246577546 2056.0185737758875 517.38502495735884 673.35079996287823 548.75887703895569 875.93857792764902 1021.42478120327 684.84383152425289 184.88171841204166 89.220185190439224 633.92595946788788 146.1288028806448 9.5279008001089078 497.25647939741611
leaf_count=1992 9599 9035 4748 3203 2320 5840 4777 2800 843 685 2955 762 43 2404
internal_value=-5.14516e-05 0.00439693 -0.0103053 0.00253368 0.00458765 -0.00745988 0.00250501 0.0135755 -0.00265336 -0.0215884 0.0103324 -0.00435024 -0.00242266 -0.00956584
internal_weight=9954.81 6942.84 3011.97 5771.27 4445.01 2405.36 3262.33 1171.57 1206.31 606.605 1182.68 1326.26 1180.14 506.784
internal_count=52006 31134 20872 26342 19930 15439 14655 4792 5620 5433 5275 6412 5650 2447
cat_boundaries=0 1
cat_threshold=860
is_linear=0
shrinkage=0.05


Tree=34
num_leaves=15
num_cat=3
split_feature=4 8 10 6 7 11 10 3 4 7 2 8 6 4
split_gain=168.585 44.0908 42.7047 33.2538 23.2942 23.2898 22.7241 23.1866 22.0027 20.5355 21.0307 18.0525 14.8426 13.7037
threshold=6.2250000000000005 10.500000000000002 0 2.0050000000000003 41.745000000000012 1 2 2.5000000000000004 10.100000000000001 39.863333333333337 60.500000000000007 16.500000000000004 0.86458333333333348 2.2916666666666674
decision_type=10 2 1 10 10 1 1 10 10 10 10 2 10 8
left_child=1 2 4 6 13 -4 7 -2 -5 10 -3 12 -8 -1
right_child=3 9 5 8 -6 -7 11 -9 -10 -11 -12 -13 -14 -15
leaf_value=0.023320760326162392 0.072679239146277927 0.005446437633768831 -0.0016731182243049877 -0.014380686054583461 -0.0082028562005119054 0.0078691218796495752 0.0088531269904562598 0.0051232999440143472 -0.036835747973597226 -0.0047717885484400329 -0.01649428834109937 -0.013397706121163462 -0.0066601682399260427 0.012667913915124777
leaf_weight=446.1106414347887 13.517035812139509 1338.7866414934397 1149.478085398674 993.45543096214533 106.07515375316143 1441.1489686667919 204.11686982214451 210.47388233244419 122.54752437025309 1433.3342192023993 118.91845378279686 793.93809012323618 630.29823777079582 933.80745500326157
leaf_count=1822 57 6167 5116 6953 509 6290 1307 1242 1185 7006 560 5566 4150 4076
internal_value=-5.00089e-05 0.00420096 0.00755044 -0.0100284 0.0142801 0.00362119 -0.00592063 0.00880687 -0.0168465 -0.000522105 0.00365653 -0.00795175 -0.00286526 0.0161118
internal_weight=9936.01 6967.66 4076.62 2968.35 1485.99 2590.63 1852.34 223.991 1116 2891.04 1457.71 1628.35 834.415 1379.92
internal_count=52006 31546 17813 20460 6407 11406 12322 1299 8138 13733 6727 11023 5457 5898
cat_boundaries=0 1 2 3
cat_threshold=1285 2 320
is_linear=0
shrinkage=0.05


Tree=35
num_leaves=15
num_cat=3
split_feature=3 8 3 5 10 6 2 4 10 10 8 1 8 7
split_gain=156.668 52.3888 35.5849 28.7072 22.8065 18.8592 18.1448 17.863 17.8034 15.3495 14.8905 18.5049 14.4221 14.1762
threshold=7.5000000000000009 15.500000000000002 2.5000000000000004 1.8750000000000002 0 4.7562500000000005 10.500000000000002 8.9000000000000021 1 2 5.5000000000000009 53.500000000000007 7.5000000000000009 42.063333333333347
decision_type=10 2 8 10 1 10 10 10 1 1 2 10 2 10
left_child=1 2 4 -2 6 9 -1 -5 -3 10 11 -4 -6 -10
right_child=3 8 5 7 12 -7 -8 -9 13 -11 -12 -13 -14 -15
leaf_value=0.057962010331557012 -0.0074188592315963323 0.0076510261540257756 -0.030333216870284174 -0.014266665696770556 0.010843818968839295 -0.017158039859626002 0.015775470509031494 -0.030127909511530715 -0.0049385824073492866 0.0010314191614164163 0.0040499820728093711 0.01747096237679633 -0.0010928943157312247 -0.028720420499857881
leaf_weight=26.229299917817116 1355.9692671075463 278.8813713490963 21.251020953059196 564.43962880969048 610.40359807014465 114.276432543993 902.4264984279871 258.94234803318977 1575.0319017842412 2387.5778809934855 898.49077533185482 427.17917031049728 432.22940091788769 65.259249627590179
leaf_count=108 9833 1377 95 3969 2484 574 3676 2448 8074 11124 4244 1847 1773 380
internal_value=-4.87365e-05 0.00328591 0.0056482 -0.0118906 0.0111111 0.00285016 0.0167862 -0.0192548 -0.00387795 0.00346242 0.00770678 0.0152055 0.00583938 -0.00584909
internal_weight=9918.59 7739.24 5820.06 2179.35 1971.29 3848.78 928.656 823.382 1919.17 3734.5 1346.92 448.43 1042.63 1640.29
internal_count=52006 35756 25925 16250 8041 17884 3784 6417 9831 17310 6186 1942 4257 8454
cat_boundaries=0 1 2 3
cat_threshold=805 608 1285
is_linear=0
shrinkage=0.05


Tree=36
num_leaves=15
num_cat=3
split_feature=3 5 8 10 6 7 1 8 1 6 10 10 7 2
split_gain=142.365 48.0746 33.51 30.3201 26.7097 24.7229 24.2495 28.0747 20.3277 18.7756 17.8103 16.9662 15.5906 14.6361
threshold=7.5000000000000009 inf 24.500000000000004 0 2.5450000000000004 41.810000000000009 54.750000000000007 9.5000000000000018 53.500000000000007 0.39500000000000007 1 2 39.410000000000011 58.500000000000007
decision_type=10 8 2 1 10 10 8 2 10 10 1 1 8 10
left_child=1 2 5 9 10 6 -1 11 -5 -3 -2 -8 -10 -6
right_child=4 3 -4 8 13 -7 7 -9 12 -11 -12 -13 -14 -15
leaf_value=-0.0028382708676616196 -0.0016541195429125768 -0.0098013051720274892 -0.013344134385955898 -0.012374828568483204 -0.024031836256008066 -0.011126235543481489 0.013258887811655193 0.0011112670973464146 0.024280490928874524 0.011417807918524427 -0.012421476455859915 0.0026444421782919978 0.012071868224874778 0.002041246201053662
leaf_weight=1394.5455621778965 650.47660452127457 254.92860621213913 380.48102445155382 67.162849903106689 474.79481393843889 337.92196577787399 1112.2223762124777 2202.0964386612177 380.06991119682789 176.37918917834759 975.93370114266872 594.38927935063839 838.20435880124569 60.706671707332134
leaf_count=6580 4407 1067 2179 290 4022 1765 4863 10493 1603 748 7370 2637 3531 451
internal_value=-4.69411e-05 0.0031222 0.00101795 0.0105031 -0.0113906 0.00198663 0.00282218 0.0048417 0.0142931 -0.00109848 -0.00820166 0.00965521 0.0158806 -0.0210761
internal_weight=9900.31 7738.4 6021.66 1716.74 2161.91 5641.18 5303.25 3908.71 1285.44 431.308 1626.41 1706.61 1218.27 535.501
internal_count=52006 35756 28517 7239 16250 26338 24573 17993 5424 1815 11777 7500 5134 4473
cat_boundaries=0 1 2 3
cat_threshold=514 1476 1799
is_linear=0
shrinkage=0.05


Tree=37
num_leaves=15
num_cat=4
split_feature=4 5 0 4 0 7 6 4 8 10 2 10 10 10
split_gain=131.727 34.3339 31.986 30.4319 29.6701 27.928 24.8166 24.0319 21.4412 20.3205 18.5113 17.5522 15.7394 14.9249
threshold=6.2250000000000005 inf 4.5000000000000009 10.225000000000001 3.5000000000000004 40.145000000000017 1.5950000000000004 1.2916666666666667 20.500000000000004 0 129.50000000000003 1 2 3
decision_type=10 8 2 10 2 10 10 8 2 1 10 1 1 1
left_child=1 2 5 6 11 9 8 -6 -2 -1 -4 -3 -7 -9
right_child=3 4 10 -5 7 12 -8 13 -10 -11 -12 -13 -14 -15
leaf_value=6.4508117850909713e-06 0.0017445380168663719 0.011495196503149861 -0.0014843049914660769 -0.026593560185773364 0.035472865452868922 0.0044245772146256903 -0.012015422759447199 0.024647932146602925 -0.012596062435396634 0.012658191949759241 -0.018926612702152512 -0.0038008695736804704 -0.0063461996028091466 0.0081309728168982558
leaf_weight=436.01717172563076 902.08208063989878 313.83360305428505 2117.4567320048809 225.82230461388826 136.32631143927574 778.73477040231228 1423.9079959616065 189.08053584396839 366.56185477972031 1234.7741640806198 163.88768523931503 439.02640451490879 585.1166664659977 570.53872881829739
leaf_count=1959 5706 1301 10058 2178 572 3658 10027 793 2549 5438 758 1829 2777 2403
internal_value=-4.56368e-05 0.00369096 0.00173585 -0.00896314 0.0099945 0.00509864 -0.00748449 0.0161429 -0.00239903 0.00943234 -0.00273733 0.00267758 -0.000210368 0.0126738
internal_weight=9883.17 6964.79 5315.99 2918.37 1648.81 3034.64 2692.55 895.946 1268.64 1670.79 2281.34 752.86 1363.85 759.619
internal_count=52006 31546 24648 20460 6898 13832 18282 3768 8255 7397 10816 3130 6435 3196
cat_boundaries=0 1 2 3 4
cat_threshold=104 1400 1876 289
is_linear=0
shrinkage=0.05


Tree=38
num_leaves=15
num_cat=2
split_feature=3 4 7 5 2 5 1 2 2 8 10 6 10 7
split_gain=121.266 44.4744 26.8255 24.769 24.4059 21.6195 19.8798 17.4437 16.918 16.8247 23.5387 15.3499 14.6509 15.2585
threshold=4.5000000000000009 8.2250000000000014 39.310000000000009 1.8750000000000002 44.500000000000007 4.5000000000000009 55.500000000000007 108.50000000000001 14.500000000000002 16.500000000000004 0 1.0000000180025095e-35 1 41.910000000000011
decision_type=10 10 8 10 10 10 8 10 10 2 1 10 1 10
left_child=2 5 4 6 11 9 -3 -7 12 10 -2 -1 13 -4
right_child=1 3 8 -5 -6 7 -8 -9 -10 -11 -12 -13 -14 -15
leaf_value=0.035324638619023734 0.0064354148463638978 -0.016109756551645694 0.018427693373329807 -0.02450936755253013 -0.0015676326612074438 -0.018517118828250405 0.0017806952894126886 0.024307860861185217 -0.000337714877187026 -0.0069524269139787306 -0.0038628349104346663 0.012433344462290212 0.0037814682196574247 -0.014136286108089147
leaf_weight=78.040769666433334 952.32298649847507 376.78421249240637 361.33880841732025 406.96945312619209 322.25016666948795 312.52690050005913 264.1279396340251 25.7366823554039 1882.5544077754021 1140.1818208247423 1300.7855676561594 1188.6234200447798 1215.2553099691868 39.950277999043465
leaf_count=330 5152 3181 1529 3659 1357 1970 2176 156 8084 6891 7155 4992 5189 185
internal_value=-4.17042e-05 -0.00576073 0.00533048 -0.0148625 0.0107181 -0.00320481 -0.00873688 -0.0152588 0.002884 -0.0020032 0.000501352 0.0138437 0.00663586 0.0148166
internal_weight=9867.45 4779.44 5088.01 1047.88 1588.91 3731.55 640.912 338.264 3499.1 3393.29 2253.11 1266.66 1616.54 401.289
internal_count=52006 30340 21666 9016 6679 21324 5357 2126 14987 19198 12307 5322 6903 1714
cat_boundaries=0 1 2
cat_threshold=1444 352
is_linear=0
shrinkage=0.05


Tree=39
num_leaves=15
num_cat=2
split_feature=3 8 3 2 6 1 6 10 10 3 6 5 7 4
split_gain=112.447 39.562 27.294 25.1907 25.0907 18.7313 16.9723 16.3133 16.2928 15.6328 14.7807 14.1939 16.7474 13.7589
threshold=7.5000000000000009 15.500000000000002 1.5000000000000002 43.500000000000007 2.5450000000000004 56.750000000000007 4.6050000000000013 0 1 10.500000000000002 0.46000000000000008 1.0000000180025095e-35 40.190000000000012 4.9000000000000012
decision_type=10 2 8 10 10 10 10 1 1 10 10 10 10 10
left_child=1 2 7 4 9 6 -4 10 -3 11 -1 12 -2 -10
right_child=3 8 5 -5 -6 -7 -8 -9 13 -11 -12 -13 -14 -15
leaf_value=0.040582555046087918 0.080053071728148809 0.003498357565256684 0.0021162883601779179 0.0044983493835173459 -0.022533535207095615 0.0088461820595932879 -0.016641767259344086 0.0074024404130149414 -0.00057846341740928366 -0.018615024800450578 0.015936276750996299 -0.0068420389840560328 -0.019636892717910193 -0.010885963052412531
leaf_weight=79.33936083316803 10.164442628622057 578.70392540842295 3534.8206172883511 255.07934389263391 450.34374170005322 1127.8945670425892 124.84740860015154 695.54497322440147 557.88326831161976 324.65978737175465 260.78245224058628 1073.390864931047 7.1951811686158171 771.44363794475794
leaf_count=336 67 2934 16083 1732 3962 4992 609 2840 2513 2786 1065 7653 50 4384
internal_value=-4.03798e-05 0.00275736 0.00480473 -0.0102392 -0.0122541 0.00321261 0.00147637 0.0121646 -0.0034911 -0.00898349 0.0210661 -0.00611669 0.0387338 -0.0065112
internal_weight=9852.09 7731.26 5823.23 2120.83 1865.75 4787.56 3659.67 1035.67 1908.03 1415.41 340.122 1090.75 17.3596 1329.33
internal_count=52006 35756 25925 16250 14518 21684 16692 4241 9831 10556 1401 7770 117 6897
cat_boundaries=0 1 2
cat_threshold=1313 610
is_linear=0
shrinkage=0.05


Tree=40
num_leaves=15
num_cat=2
split_feature=4 8 1 10 4 10 5 7 7 8 2 7 8 2
split_gain=102.172 31.5068 34.5046 28.8854 25.4697 20.9731 21.9279 19.7141 17.6017 17.3967 16.7486 17.974 15.5966 15.5756
threshold=6.5500000000000007 10.500000000000002 53.500000000000007 0 10.225000000000001 1 6.5000000000000009 41.745000000000012 38.122500000000009 5.5000000000000009 55.500000000000007 40.263333333333343 23.500000000000004 112.50000000000001
decision_type=10 2 10 1 10 1 10 10 8 2 10 10 2 10
left_child=1 2 9 7 5 -2 -7 -4 13 -1 11 12 -3 -5
right_child=4 10 3 8 -6 6 -8 -9 -10 -11 -12 -13 -14 -15
leaf_value=-0.022673393767629446 -0.0016461561926078465 0.0048672231075695942 0.013597961674316587 0.022047819321881532 -0.024881854653893865 -0.0098473631698551868 -0.042348293260056985 -0.0079677640055428201 0.0017179913960240823 0.0031430576229203467 -0.014038495588153383 -0.0050607283843677447 -0.010187836957009545 -0.0083256260299041339
leaf_weight=151.31501668691635 1066.0246404483914 1597.0498501881957 1546.1261879652739 201.38905604183674 216.31963338702917 1308.4208637997508 54.040936410427094 113.76928973942995 1974.6401141285896 114.73404188454151 222.11780498176813 1023.8432596176863 192.79751522839069 53.400089517235756
leaf_count=688 7162 7356 6645 871 2178 9351 456 556 8722 530 1078 5165 1013 235
internal_value=-3.88243e-05 0.00305164 0.00588045 0.0070721 -0.00844174 -0.00697733 -0.0110553 0.0120473 0.00329906 -0.01154 -0.000820402 0.000223058 0.00324553 0.015682
internal_weight=9835.99 7191.18 4155.37 3889.32 2644.81 2428.49 1362.46 1659.9 2229.43 266.049 3035.81 2813.69 1789.85 254.789
internal_count=52006 32859 18247 17029 19147 16969 9807 7201 9828 1218 14612 13534 8369 1106
cat_boundaries=0 1 2
cat_threshold=1317 372
is_linear=0
shrinkage=0.05


Tree=41
num_leaves=15
num_cat=2
split_feature=3 7 5 3 10 10 7 8 4 1 5 2 8 0
split_gain=95.5598 35.9325 23.6242 21.1957 18.2474 18.0262 18.462 15.0035 14.9554 12.6291 12.5248 12.3415 15.2844 12.1961
threshold=7.5000000000000009 40.010000000000012 1.8750000000000002 1.5000000000000002 0 1 42.263333333333343 20.500000000000004 8.9000000000000021 54.250000000000007 7.5000000000000009 43.500000000000007 8.5000000000000018 4.5000000000000009
decision_type=10 10 10 8 1 1 10 2 10 10 10 10 2 2
left_child=1 3 11 4 -1 6 7 9 -4 -3 -7 -2 -13 -5
right_child=2 5 8 13 -6 10 -8 -9 -10 -11 -12 12 -14 -15
leaf_value=0.019441251943611015 -0.0072087203936129418 -0.00393692634759275 -0.011828113846756874 0.0062860814226121777 0.0038150984258680347 -0.0049358042178228902 -0.015866056325999082 -0.0094616007485510082 -0.026882602842744886 0.0077143077884725964 -0.033843429912213618 0.02705468934579678 -0.004827432612739063 0.00054543089590863944
leaf_weight=440.20254723727703 1158.0810941681266 295.25556962192059 542.38253608345985 2145.4479561671615 349.708755210042 1402.109989464283 134.80089581012726 198.25216308236122 237.07986950874329 1095.6004383787513 38.499126315116882 61.943428069353104 95.623051173985004 1626.7214360609651
leaf_count=1826 8798 1423 3969 9427 1426 6857 733 1092 2448 5057 208 395 640 7707
internal_value=-3.79565e-05 0.00253021 -0.00950915 0.00537004 0.0128177 -0.00156378 0.00188871 0.0034067 -0.0164071 0.00524094 -0.00566899 -0.00542245 0.00770625 0.00381047
internal_weight=9821.71 7726.6 2095.11 4562.08 789.911 3164.52 1723.91 1589.11 779.462 1390.86 1440.61 1315.65 157.566 3772.17
internal_count=52006 35756 16250 20386 3252 15370 8305 7572 6417 6480 7065 9833 1035 17134
cat_boundaries=0 1 2
cat_threshold=1325 884
is_linear=0
shrinkage=0.05


Tree=42
num_leaves=15
num_cat=3
split_feature=3 4 2 8 5 1 1 6 10 7 3 10 3 10
split_gain=87.128 33.6982 24.603 23.3402 21.9192 20.3132 19.7826 19.1765 18.5942 17.961 15.7986 12.8805 12.6848 11.86
threshold=4.5000000000000009 8.2250000000000014 14.500000000000002 11.500000000000002 2.2500000000000004 55.500000000000007 55.500000000000007 4.0550000000000006 0 40.290000000000013 1.5000000000000002 1 10.500000000000002 2
decision_type=10 10 8 2 10 10 10 10 1 10 8 1 10 1
left_child=2 7 9 5 6 -4 12 8 -2 13 -7 -8 -3 -1
right_child=1 4 3 -5 -6 10 11 -9 -10 -11 -12 -13 -14 -15
leaf_value=0.0010676483432731695 -0.0071253033924521744 -0.0089291976097731884 0.00050846573536616774 -0.0043997684157147257 -0.024000608358773799 0.017541793358585096 0.035029217323717485 -0.018808749681926248 0.00060689388982855552 0.002454782946868404 0.0055542171192680409 -0.0011737513347614228 -0.027490216451351825 0.016605721441875654
leaf_weight=158.99462373554707 1143.8890753313899 285.4466575756669 1395.1585198491812 954.7443221360445 313.48649256676435 394.80448642373085 17.11456997692585 176.43618469685316 2385.2737679928541 506.50178779661655 904.61077319085598 260.32206882536411 135.8605740442872 774.57819452881813
leaf_count=680 6631 2347 5852 4206 2986 1624 109 1149 13544 2245 3767 2229 1345 3292
internal_value=-3.57586e-05 -0.00493059 0.00450171 0.00231789 -0.0130158 0.0046981 -0.00808756 -0.00272201 -0.00191777 0.0100358 0.00919643 0.00227984 -0.0149146 0.0141488
internal_weight=9807.22 4717.83 5089.39 3649.32 1012.23 2694.57 698.744 3705.6 3529.16 1440.07 1299.42 277.437 421.307 933.573
internal_count=52006 30340 21666 15449 9016 11243 6030 21324 20175 6217 5391 2338 3692 3972
cat_boundaries=0 1 2 3
cat_threshold=11 64 200
is_linear=0
shrinkage=0.05


Tree=43
num_leaves=15
num_cat=3
split_feature=3 7 6 4 9 10 4 5 10 8 10 0 8 8
split_gain=80.4268 31.0804 22.5355 18.6763 17.6399 38.1047 24.5425 16.1963 15.5162 15.4891 16.3291 15.323 15.7624 13.3813
threshold=7.5000000000000009 40.010000000000012 1.0050000000000006 1.6333333333333335 1.0000000180025095e-35 0 8.9000000000000021 7.5000000000000009 1 21.500000000000004 2 3.5000000000000004 6.5000000000000009 16.500000000000004
decision_type=10 10 10 8 10 1 10 10 1 2 1 2 2 2
left_child=1 3 13 8 5 -4 -6 9 -1 10 -3 12 -12 -2
right_child=2 7 4 -5 6 -7 -8 -9 -10 -11 11 -13 -14 -15
leaf_value=-0.0032240722632857471 0.008984466841915166 0.003413657818068547 0.033153398036744774 0.0038340983284785449 -0.0094502740157529352 -0.010704978592462057 -0.024171480177931914 -0.020681974177344204 0.018462975807987895 -0.010269867237941621 -0.005617176075237049 3.8344283549976539e-05 -0.028241029413784143 -0.009063144516958577
leaf_weight=107.11156086623669 247.86633060127497 1720.1587921455503 58.301003128290176 4065.8126691430807 1027.3545175790787 170.40736536681652 390.82466159015894 106.32577606290579 390.2372203618288 380.43810882419348 231.50914792716503 605.66478704661131 115.34853994101286 175.37670960277319
leaf_count=438 1705 8059 349 18312 7357 1383 4116 568 1636 2186 1072 2897 588 1340
internal_value=-3.25658e-05 0.00231347 -0.00878445 0.00495286 -0.0114291 0.00145667 -0.0135072 -0.00149858 0.0140987 -0.000830509 0.000513119 -0.00471133 -0.0131408 0.00150619
internal_weight=9792.74 7722.61 2070.13 4563.16 1646.89 228.708 1418.18 3159.45 497.349 3053.12 2672.68 952.522 346.858 423.243
internal_count=52006 35756 16250 20386 13205 1732 11473 15370 2074 14802 12616 4557 1660 3045
cat_boundaries=0 1 2 3
cat_threshold=1345 704 1844
is_linear=0
shrinkage=0.05


Tree=44
num_leaves=15
num_cat=5
split_feature=4 3 6 1 8 10 7 0 5 10 10 7 10 10
split_gain=74.5495 31.6988 21.2181 20.9019 25.6387 18.5679 15.9863 15.2792 15.0065 14.8363 13.7287 13.6991 17.2483 14.3209
threshold=4.9000000000000012 8.5000000000000018 2.5050000000000003 55.500000000000007 10.500000000000002 0 39.322500000000012 4.5000000000000009 7.5000000000000009 1 2 40.145000000000017 3 4
decision_type=10 10 10 8 2 1 8 2 10 1 1 8 1 1
left_child=3 8 9 7 5 6 -5 11 10 -3 -2 12 -1 -13
right_child=1 2 -4 4 -6 -7 -8 -9 -10 -11 -12 13 -14 -15
leaf_value=-0.0031495327418284572 0.006492567415699398 0.017023501534613749 -0.022178872215257262 0.027152683366998904 0.00083330798448397159 0.0050785246155259645 0.011952371003792452 -0.005589485395849433 -0.022794231624594999 -0.0089874711769859072 -0.0028572478651466191 0.0059026337186674329 0.011831128839340677 -0.0064676226491538957
leaf_weight=272.11448405683041 450.73210496455431 50.095366016030312 333.36026769131422 234.5092086493969 1028.1714383810759 798.99099096655846 659.20763850212097 691.02265159785748 84.946918204426765 930.1143002063036 2668.8232681378722 402.86058950424194 643.09202200174332 530.83756799995899
leaf_count=1155 2393 329 3354 988 4518 3364 2751 3068 562 7694 15103 1725 2705 2297
internal_value=-2.98632e-05 -0.00474069 -0.0112821 0.00401588 0.00706092 0.0108436 0.0157645 0.000753903 -0.0020593 -0.00757615 -0.00149468 0.00312472 0.00747185 -0.00113631
internal_weight=9778.88 4518.07 1313.57 5260.81 2720.88 1692.71 893.717 2539.93 3204.5 980.21 3119.56 1848.9 915.207 933.698
internal_count=52006 29435 11377 22571 11621 7103 3739 10950 18058 8023 17496 7882 3860 4022
cat_boundaries=0 1 2 3 4 5
cat_threshold=1829 256 96 232 453
is_linear=0
shrinkage=0.05


Tree=45
num_leaves=15
num_cat=2
split_feature=4 1 8 10 10 5 7 9 4 6 3 0 6 2
split_gain=67.7508 23.9682 26.6558 24.0752 21.3241 21.8122 17.413 17.3556 16.358 16.0303 15.904 15.6693 15.4173 16.4536
threshold=6.5500000000000007 54.750000000000007 10.500000000000002 0 1 3.7500000000000004 39.990000000000016 1.0000000180025095e-35 10.225000000000001 0.99500000000000022 2.5000000000000004 4.5000000000000009 1.7449999999999999 55.500000000000007
decision_type=10 8 2 1 1 10 10 10 10 10 10 2 10 10
left_child=1 9 3 6 7 8 -3 -2 -6 -1 -9 -5 13 -4
right_child=4 2 12 11 5 -7 -8 10 -10 -11 -12 -13 -14 -15
leaf_value=0.0035674282487021705 0.030349214796603588 0.021408556732877219 0.0046910753070224728 0.0069055474442528469 -0.0054944786282045341 -0.021186276728455772 0.007192688747469856 0.039785184487326264 -0.022519146705935172 -0.0061545902054702169 -0.0032272340025142916 -0.0027886381199845639 -0.0051606454915036895 -0.015878631237642958
leaf_weight=678.43668209016323 53.286014027893543 439.73320412635803 1378.5896953493357 1600.0609821304679 1722.1607544794679 311.00995543599129 422.26386836916208 23.043974980711937 153.68635738641024 1130.5816528499126 318.92977856099606 563.68645766377449 864.34286498278379 104.59318622946739
leaf_count=3020 292 1854 6537 6956 12255 2699 1886 97 1664 5369 2140 2490 4246 501
internal_value=-2.77857e-05 0.00246946 0.0041454 0.00724736 -0.00697399 -0.00888196 0.014279 0.00371302 -0.00688929 -0.00250854 -0.000328833 0.00435993 0.000147263 0.00324051
internal_weight=9764.41 7182.29 5373.27 3025.74 2582.12 2186.86 861.997 395.26 1875.85 1809.02 341.974 2163.75 2347.53 1483.18
internal_count=52006 32859 24470 13186 19147 16618 3740 2529 13919 8389 2237 9446 11284 7038
cat_boundaries=0 1 2
cat_threshold=1313 320
is_linear=0
shrinkage=0.05


Tree=46
num_leaves=15
num_cat=1
split_feature=3 8 2 4 6 10 8 6 1 7 3 2 2 7
split_gain=62.4221 27.7541 22.5586 20.9365 20.213 20.9378 18.5885 17.6237 16.5799 15.8531 14.2749 13.5865 12.7201 12.5906
threshold=4.5000000000000009 16.500000000000004 14.500000000000002 8.9000000000000021 4.335416666666668 0 9.5000000000000018 1.0145833333333336 55.500000000000007 41.790000000000013 10.500000000000002 19.500000000000004 175.50000000000003 39.390000000000015
decision_type=10 2 8 10 10 1 2 10 10 10 10 8 10 8
left_child=2 4 9 -3 5 -2 8 -7 11 -1 -9 -4 -8 -10
right_child=1 3 6 -5 -6 7 12 10 13 -11 -12 -13 -14 -15
leaf_value=0.0103674707109889 0.0057364264917317371 -0.0065421987549834542 0.014530521659118218 -0.020475102655473067 -0.018822165473857635 0.0046657116364975512 -0.0024896073726191795 -0.0045388630472886623 0.016102633030493221 -0.012588371203621107 -0.020935416024129273 -0.0015610698180209921 -0.042266629069372695 0.0049266858364379797
leaf_weight=1361.3758081197739 942.55626996606588 1373.321231789887 149.07462441921234 335.49339693039656 155.43880837410688 497.01733631640673 1267.8383290171623 1210.9235803484917 383.91172397136688 79.606674760580063 149.08454360067844 1092.4326140880585 20.422295838594437 733.49965853989124
leaf_count=5848 5447 8860 625 3391 1174 2868 5535 7223 1601 369 1377 4570 91 3027
internal_value=-2.71603e-05 -0.00420548 0.00380271 -0.00927766 -0.00127236 -0.000297957 0.00171006 -0.00337351 0.00434796 0.00909928 -0.00633626 0.000371136 -0.00312018 0.00876643
internal_weight=9752 4663.84 5088.16 1708.81 2955.02 2799.58 3647.18 1857.03 2358.92 1440.98 1360.01 1241.51 1288.26 1117.41
internal_count=52006 30340 21666 12251 18089 16915 15449 11468 9823 6217 8600 5195 5626 4628
cat_boundaries=0 1
cat_threshold=1316
is_linear=0
shrinkage=0.05


Tree=47
num_leaves=15
num_cat=2
split_feature=3 8 7 10 2 6 4 9 7 2 8 11 1 6
split_gain=57.5003 26.3377 22.3355 22.0636 20.1847 19.8172 16.8444 15.6768 14.1888 12.6782 14.1071 13.3804 12.6678 12.5329
threshold=7.5000000000000009 24.500000000000004 40.610000000000014 0 43.500000000000007 2.5450000000000004 1.6333333333333335 1.0000000180025095e-35 38.122500000000009 14.500000000000002 11.500000000000002 1 54.750000000000007 0.81458333333333355
decision_type=10 2 10 1 10 10 8 8 8 8 2 1 10 10
left_child=1 2 3 7 5 13 -5 -1 -9 -8 11 -11 -10 -2
right_child=4 -3 -4 6 -6 -7 9 8 12 10 -12 -13 -14 -15
leaf_value=-0.013964135343800151 0.0043373342598434844 -0.010612393479655707 -0.0024209827146364129 0.016348322469056872 0.0057640008536963263 -0.018945033667707112 0.010188843331410843 0.010388252033509316 -0.0067890940255301213 0.011529279302896642 -0.0020171715313498815 0.0015314220259377148 0.0025910851053047683 -0.0086063302540492267
leaf_weight=180.52466535568237 223.88750750571489 396.25667405873537 1688.5690910667181 393.52404755353928 250.51024675369263 416.09148932248354 944.57866057008505 361.04268245398998 543.75232852250338 648.74372613430023 800.51058642566204 691.21237504482269 1064.6817504018545 1135.546523667872
leaf_count=823 1631 2319 8269 1658 1732 3962 4316 1603 2510 2752 3782 2966 4758 8925
internal_value=-2.63055e-05 0.00194266 0.00262258 0.00413564 -0.00752244 -0.00939704 0.0065875 0.00013742 0.00143068 0.00536377 0.00323449 0.00637191 -0.000580008 -0.00647462
internal_weight=9739.43 7713.4 7317.14 5628.57 2026.04 1775.53 3478.57 2150 1969.48 3085.05 2140.47 1339.96 1608.43 1359.43
internal_count=52006 35756 33437 25168 16250 14518 15474 9694 8871 13816 9500 5718 7268 10556
cat_boundaries=0 1 2
cat_threshold=712 4
is_linear=0
shrinkage=0.05


Tree=48
num_leaves=15
num_cat=2
split_feature=4 3 6 8 1 7 8 10 5 7 6 10 8 8
split_gain=52.7588 24.3545 18.334 18.0947 17.4477 14.6108 14.56 15.4939 13.5773 16.0385 13.4719 12.9882 19.1515 13.107
threshold=4.9000000000000012 8.5000000000000018 2.5050000000000003 23.500000000000004 55.500000000000007 42.229166666666671 10.500000000000002 0 1.0000000180025095e-35 39.490000000000016 4.205000000000001 1 1.5000000000000002 15.500000000000002
decision_type=10 10 10 2 10 10 2 1 10 10 10 1 2 2
left_child=3 8 5 4 -1 -3 7 -6 9 -2 11 -10 -13 -14
right_child=1 2 -4 -5 6 -7 -8 -9 10 -11 -12 12 13 -15
leaf_value=0.00087945733499458908 0.028419335395676943 -0.0073558763625279425 -0.02024281873730488 -0.014396302839639051 0.013995213827933818 0.033444212861847566 0.0017001010840089524 0.004205280635371806 0.002710535339857701 -0.00015239351421464408 -0.018798333017924988 0.031279147602257078 -0.0010186172226868907 -0.0095325478404862281
leaf_weight=2512.7884856760502 78.92272187769413 938.90613432973623 318.55970538407564 139.54153627157211 888.49922978878021 22.467869639396667 929.86591275036335 788.44698522984982 1006.8810604214668 130.05665854364634 122.27553991228342 36.965700045228004 948.74761621654034 863.44983117282391
leaf_count=10809 371 7851 3354 679 3720 172 4048 3315 5594 648 810 199 5142 5294
internal_value=-2.56572e-05 -0.00402124 -0.00984708 0.00336828 0.00385248 -0.00640235 0.00671826 0.00950083 -0.00168174 0.0106379 -0.00254617 -0.00185037 -0.00432508 -0.00507521
internal_weight=9726.37 4467.23 1279.93 5259.14 5119.6 961.374 2606.81 1676.95 3187.3 208.979 2978.32 2856.04 1849.16 1812.2
internal_count=52006 29435 11377 22571 21892 8023 11083 7035 18058 1019 17039 16229 10635 10436
cat_boundaries=0 1 2
cat_threshold=1829 610
is_linear=0
shrinkage=0.05


Tree=49
num_leaves=15
num_cat=3
split_feature=4 5 0 0 10 5 9 4 7 10 9 4 10 2
split_gain=47.9578 19.6496 24.424 22.8829 19.0624 19.5078 17.8917 18.0615 16.9231 17.2914 15.6752 15.3893 15.2499 14.8808
threshold=6.5500000000000007 inf 3.5000000000000004 4.5000000000000009 0 1.8750000000000002 1.0000000180025095e-35 1.2916666666666667 41.963333333333345 1 1.0000000180025095e-35 9.2916666666666696 2 129.50000000000003
decision_type=10 8 2 2 1 10 8 8 10 1 10 10 1 10
left_child=1 3 12 8 10 -6 -4 -8 9 -1 -2 -7 -3 -5
right_child=4 2 6 13 5 11 7 -9 -10 -11 -12 -13 -14 -15
leaf_value=-0.0031847607741524522 0.029401855963312708 0.0084659559431786973 -0.015866721299312575 -0.0019698762355449843 -0.0043091825404209406 -0.010491089094667588 0.032025507270190288 0.011184356504028952 -0.012050545551564595 0.00623704064294805 0.00031048265096894232 -0.027765477598583662 -0.005745685063953415 -0.017401074648454484
leaf_weight=609.60687525570393 53.647241473197937 314.99449184536934 52.654656574130058 2217.5199826881289 1397.9911900013685 583.08045021444559 121.35171960294247 725.1967595666647 166.90129724144936 2358.6240881234407 338.30914349853992 165.53234016150236 440.34339192509651 168.07267194986343
leaf_count=2811 292 1303 222 10706 10333 4360 534 3053 878 10732 2237 1925 1832 788
internal_value=-2.40571e-05 0.00206562 0.00684517 0.000633208 -0.00593055 -0.00776101 0.0124129 0.0141719 0.00344121 0.0043123 0.00418545 -0.0143108 0.000216933 -0.00305705
internal_weight=9713.83 7175.27 1654.54 5520.72 2538.56 2146.6 899.203 846.548 3135.13 2968.23 391.956 748.613 755.338 2385.59
internal_count=52006 32859 6944 25915 19147 16618 3809 3587 14421 13543 2529 6285 3135 11494
cat_boundaries=0 1 2 3
cat_threshold=320 104 1400
is_linear=0
shrinkage=0.05


Tree=50
num_leaves=15
num_cat=2
split_feature=3 7 9 10 5 3 1 8 10 9 8 2 5 5
split_gain=44.4583 22.1115 18.2774 48.3735 21.5768 18.3046 16.7638 16.3324 16.1586 18.1105 15.7534 15.5063 12.3959 11.6986
threshold=7.5000000000000009 40.610000000000014 1.0000000180025095e-35 0 4.5000000000000009 10.500000000000002 54.750000000000007 12.500000000000002 1 1.0000000180025095e-35 1.5000000000000002 153.50000000000003 7.5000000000000009 4.5000000000000009
decision_type=10 10 10 1 10 10 8 2 1 10 2 10 10 10
left_child=1 6 3 -2 5 10 -1 8 -8 -10 -4 -6 -3 -11
right_child=2 12 4 -5 11 -7 7 -9 9 13 -12 -13 -14 -15
leaf_value=-0.0012945303663763087 0.05019105638531568 -0.0022306580107733297 0.040727772247940282 -0.0039719843749994954 -0.028173740130192734 -0.01710868629771593 0.013454017063808702 0.00066727239339456888 -0.0036936237368580082 0.008353759773882934 -0.0045875035582959569 0.047903609735223951 -0.022295644663118043 -0.010988048719682252
leaf_weight=1539.7525637224317 39.168557897210121 1737.6566918045282 19.496296234428883 251.14971651881933 169.93635495007038 332.59935107827187 726.30407337844372 1553.7269905656576 485.68408353626728 1498.9686901569366 1178.1295256838202 6.972718507051467 80.541252344846725 82.478594809770584
leaf_count=7082 240 8646 157 1963 1687 3236 3092 7564 2049 6504 8912 55 448 371
internal_value=-2.31311e-05 0.00170013 -0.00667057 0.00492749 -0.00864296 -0.00673167 0.00318869 0.00477664 0.00706229 0.00472855 -0.00384981 -0.0251752 -0.00311948 0.00734501
internal_weight=9702.57 7705.11 1997.45 290.318 1707.13 1530.23 5886.91 4347.16 2793.44 2067.13 1197.63 176.909 1818.2 1581.45
internal_count=52006 35756 16250 2203 14047 12305 26662 19580 12016 8924 9069 1742 9094 6875
cat_boundaries=0 1 2
cat_threshold=1281 1313
is_linear=0
shrinkage=0.05


Tree=51
num_leaves=15
num_cat=2
split_feature=8 1 6 5 4 3 10 8 4 2 4 7 10 7
split_gain=41.3629 28.8456 25.0524 23.5899 17.985 15.1345 14.3346 13.5061 13.3733 11.5068 11.2042 11.1446 10.2162 12.0958
threshold=21.500000000000004 54.750000000000007 1.0050000000000006 3.7500000000000004 3.7083333333333335 9.5000000000000018 0 7.5000000000000009 8.9000000000000021 9.5000000000000018 8.5500000000000025 41.763333333333343 1 40.010000000000012
decision_type=2 8 10 10 8 10 1 2 10 10 10 10 1 10
left_child=1 2 -1 4 6 -4 9 11 -2 -3 -5 -8 13 -6
right_child=8 3 5 10 12 -7 7 -9 -10 -11 -12 -13 -14 -15
leaf_value=0.0034412408303123687 -0.0066254411415964847 0.048077552739034989 -0.0054777832935226948 -0.0038627026216410325 0.0096379589465153629 -0.020571776260153961 0.0098896416631914022 -0.0023521506301849228 -0.021544291249361181 0.011197414462829423 -0.026444645829931973 -0.034289805202781569 -0.00048992219621173713 0.00028226307233624555
leaf_weight=829.2893683463335 967.95279306173325 21.603032335639 1326.7287928536534 609.64933815598488 714.20264688879251 189.83556783944368 568.37169668078423 511.5069158822298 177.80668063461781 1008.395072221756 60.367477484047413 14.642398342490194 2021.9925998672843 669.18603730946779
leaf_count=4021 6018 93 6923 3241 3592 1835 2353 2132 1908 4194 655 62 11165 3814
internal_value=-1.97594e-05 0.00117629 -0.00354626 0.00296316 0.00403671 -0.00736717 0.00764681 0.00354522 -0.00894065 0.0118558 -0.0058973 0.00878007 0.00178448 0.00507564
internal_weight=9691.53 8545.77 2345.85 6199.92 5529.9 1516.56 2124.52 1094.52 1145.76 1030 670.017 583.014 3405.38 1383.39
internal_count=52006 44080 12779 31301 27405 8758 8834 4547 7926 4287 3896 2415 18571 7406
cat_boundaries=0 1 2
cat_threshold=805 1505
is_linear=0
shrinkage=0.05


Tree=52
num_leaves=15
num_cat=1
split_feature=3 4 2 8 6 10 8 1 2 6 7 9 2 2
split_gain=38.0294 21.41 20.0319 18.7209 16.4761 17.3296 13.8382 13.4511 17.6044 15.6745 12.6007 12.4776 12.4064 12.2828
threshold=4.5000000000000009 10.100000000000001 14.500000000000002 21.500000000000004 0.81458333333333355 0 9.5000000000000018 54.750000000000007 29.500000000000004 4.0550000000000006 41.790000000000013 1.0000000180025095e-35 41.500000000000007 19.500000000000004
decision_type=10 10 8 2 10 1 2 8 10 10 10 10 10 10
left_child=2 3 10 4 -2 -6 -4 -7 9 -9 -1 13 -8 -5
right_child=1 -3 6 11 5 7 12 8 -10 -11 -12 -13 -14 -15
leaf_value=0.009076168263095331 0.0069240447373308221 -0.0181367238080292 0.0032632354644520304 -0.012195350625103308 -0.0083857804184297152 -0.0066519651239111861 -0.0010298927011759631 0.00084694476545090511 0.011561073414025423 -0.022093395250406867 -0.011474709139303841 -0.010857448868054143 -0.014375153859175671 0.04846345250785497
leaf_weight=1362.1453584581614 554.81232853978872 231.38004310429096 2356.3319818973541 15.575237751007078 864.13360085338354 567.00654752552509 1078.1901883333921 1126.1573689654469 389.13653659820557 79.733899332582951 78.909928202629089 751.00287571549416 207.70245070755482 17.978838190436363
leaf_count=5848 3103 2626 9823 120 5514 3602 4711 6816 2269 616 369 5552 915 122
internal_value=-1.9402e-05 -0.00331494 0.00296082 -0.00252936 -0.000996771 -0.00244896 0.00098651 -3.71408e-05 0.00231409 -0.000669878 0.00795083 -0.00952462 -0.00318547 0.0203067
internal_weight=9680.2 4596.92 5083.28 4365.54 3580.98 3026.17 3642.22 2162.03 1595.03 1205.89 1441.06 784.557 1285.89 33.5541
internal_count=52006 30340 21666 27714 21920 18817 15449 13303 9701 7432 6217 5794 5626 242
cat_boundaries=0 1
cat_threshold=521
is_linear=0
shrinkage=0.05


Tree=53
num_leaves=15
num_cat=3
split_feature=8 10 0 4 9 4 8 11 4 10 1 7 0 5
split_gain=35.694 25.3557 20.828 19.1105 18.3345 21.4021 17.8667 17.4552 16.7532 16.5344 14.5751 14.3366 21.4173 12.9518
threshold=16.500000000000004 0 3.5000000000000004 8.9000000000000021 1.0000000180025095e-35 9.9000000000000021 9.5000000000000018 1 1.5500000000000003 2 52.500000000000007 40.145000000000017 4.5000000000000009 inf
decision_type=2 1 2 10 10 10 2 1 10 1 10 8 2 8
left_child=1 2 6 -2 5 9 10 13 -6 -4 -1 12 -9 -3
right_child=3 7 4 -5 8 -7 -8 11 -10 -11 -12 -13 -14 -15
leaf_value=-0.041373626512907311 -0.0035283210132619719 0.0005780768011625436 -0.0061345829723627784 -0.01662873886244266 0.021720043566947372 0.11540328440541925 -0.014660053464374635 0.0044107529079191708 0.0054121094032237938 0.031291307217941343 0.0042876748304647794 -0.0081739973251838943 -0.0084971807676565685 0.009745618565059606
leaf_weight=17.999574407935143 2119.2761645242572 1669.5390563309193 43.03278386592865 320.47989830374718 175.04245929419994 6.3405184671282759 187.36934228986502 887.85146989673376 1570.1071546152234 95.160908222198486 601.44583044946194 972.53642377257347 503.65948510169983 500.84531243890524
leaf_count=93 12388 8686 190 3420 767 38 1078 4356 7553 439 2801 5447 2645 2105
internal_value=-1.96282e-05 0.00174484 0.00557317 -0.00524916 0.00846519 0.0255788 -0.0011313 -0.000542847 0.00704783 0.0214575 0.00296087 -0.00351647 -0.000261293 0.00269361
internal_weight=9670.69 7230.93 2696.5 2439.76 1889.68 144.534 806.815 4534.43 1745.15 138.194 619.445 2364.05 1391.51 2170.38
internal_count=52006 36198 12959 15808 8987 667 3972 23239 8320 629 2894 12448 7001 10791
cat_boundaries=0 1 2 3
cat_threshold=1285 4 4
is_linear=0
shrinkage=0.05


Tree=54
num_leaves=15
num_cat=2
split_feature=5 8 0 1 10 4 4 6 6 10 5 4 9 8
split_gain=32.9092 25.396 22.0213 21.3447 17.7346 15.9577 15.6237 13.6816 13.6548 13.0151 12.7866 12.4929 11.7699 11.4372
threshold=inf 21.500000000000004 3.5000000000000004 54.750000000000007 0 3.7083333333333335 10.100000000000001 1.0050000000000006 0.63541666666666685 1 4.5000000000000009 1.1000000000000003 1.0000000180025095e-35 11.500000000000002
decision_type=8 2 2 8 1 10 10 10 10 1 10 8 10 2
left_child=1 3 9 6 8 -5 7 -1 -4 -2 -7 -11 -6 -14
right_child=2 -3 4 5 12 10 -8 -9 -10 11 -12 -13 13 -15
leaf_value=0.0030745166846343958 0.0074226437922664673 -0.0085527276480310051 0.041340362428225655 0.0052839472610975036 -0.0052114628855482173 0.00034977532631358973 -0.027674435295739649 -0.0065410546198068856 0.015784305733822376 -0.045684843628552407 -0.010736273631847489 -0.0039877673952714039 0.015603610863394594 0.00076044444392293876
leaf_weight=512.86847687512636 320.37454240769148 1068.6218370050192 74.690621554851532 1763.3227608501911 154.96862778067589 2896.7877315506339 71.557844720780849 1327.3998844400048 174.10865940898657 18.756495535373688 285.75797593221068 424.93669388443232 365.81312546879053 201.13729094713926
leaf_count=2609 1331 7616 323 7334 648 16681 831 7540 761 80 1991 1773 1560 928
internal_value=-1.79161e-05 -0.00138314 0.00621984 -0.000265912 0.0112177 0.00146841 -0.00475257 -0.00386127 0.02255 -0.00012981 -0.000645631 -0.0056237 0.00690424 0.0103377
internal_weight=9661.1 7926.32 1734.79 6857.69 970.718 4945.87 1911.83 1840.27 248.799 764.068 3182.55 443.693 721.919 566.95
internal_count=52006 44602 7404 36986 4220 26006 10980 10149 1084 3184 18672 1853 3136 2488
cat_boundaries=0 1 2
cat_threshold=289 1400
is_linear=0
shrinkage=0.05


Tree=55
num_leaves=15
num_cat=2
split_feature=3 5 8 9 10 6 1 5 0 9 9 8 7 10
split_gain=30.7034 20.3836 19.6338 18.7014 32.7132 17.6382 16.6436 14.9314 18.9752 17.764 14.6354 16.1144 14.1363 13.9307
threshold=8.5000000000000018 7.5000000000000009 23.500000000000004 1.0000000180025095e-35 0 2.5450000000000004 53.500000000000007 7.5000000000000009 3.5000000000000004 1.0000000180025095e-35 1.0000000180025095e-35 5.5000000000000009 42.545000000000009 1
decision_type=10 10 2 10 1 10 8 8 2 8 10 2 10 1
left_child=1 2 6 4 -2 12 10 -8 13 -10 -1 -12 -5 -9
right_child=3 -3 -4 5 -6 -7 7 8 9 -11 11 -13 -14 -15
leaf_value=-0.023702841227586875 0.047084936953030343 -0.016292832682494953 -0.0075586104945756794 -0.0068478701673227579 -0.002796647857115378 -0.020923537994399971 0.0015053219936619682 0.0089755170446753768 -0.015990727892167291 0.013680562822612333 -0.021327060648018741 0.0028759378374883619 0.054061927576902848 -0.0049366704715472125
leaf_weight=100.76636511087418 30.403391100466251 165.0691569969058 562.67736984789371 831.61313017457724 176.11719949543476 265.89856039360166 5499.9362100064754 301.0223640948534 53.697423048317432 832.50243610143661 87.944581732153893 315.47167582809925 9.6361721307039243 417.44118563830853
leaf_count=485 182 951 3487 7077 1492 2965 26486 1247 231 3558 426 1608 72 1739
internal_value=-1.69623e-05 0.00110259 0.00145399 -0.00712165 0.00669128 -0.00969822 0.00212048 0.00274344 0.00698707 0.0118827 -0.00665785 -0.00240031 -0.00615017 0.000948483
internal_weight=9650.2 8336.53 8171.46 1313.67 206.521 1107.15 7608.78 7104.6 1604.66 886.2 504.183 403.416 841.249 718.464
internal_count=52006 40218 39267 11788 1674 10114 35780 33261 6775 3789 2519 2034 7149 2986
cat_boundaries=0 1 2
cat_threshold=1281 1400
is_linear=0
shrinkage=0.05


Tree=56
num_leaves=15
num_cat=3
split_feature=8 10 6 0 10 7 3 6 1 8 9 10 0 2
split_gain=28.4572 21.1511 18.0509 17.1562 16.6182 16.1918 15.9701 17.8857 15.632 15.1966 14.8531 17.2373 16.7368 15.6128
threshold=15.500000000000002 0 1.7449999999999999 3.5000000000000004 1 40.710000000000015 8.5000000000000018 1.1450000000000002 55.500000000000007 8.5000000000000018 1.0000000180025095e-35 2 4.5000000000000009 120.50000000000001
decision_type=2 1 10 2 1 8 10 10 8 2 10 1 2 10
left_child=1 3 -2 5 8 -1 -3 -8 -4 -7 11 -5 13 -12
right_child=2 6 4 10 -6 9 7 -9 -10 -11 12 -13 -14 -15
leaf_value=0.0074767756846213203 -0.0010497407044711457 0.00068611351947235198 -0.0043999614338221891 -0.0054271417916225305 -0.010635222942643734 -0.001839198977999439 0.0061556552083181486 -0.014709654870066702 0.052225061129717233 -0.0233942044473971 0.010672920276379956 0.033147646708072728 0.0020324643079696939 0.045154185491045259
leaf_weight=339.19836940616369 1684.7166188657284 3831.0170198306441 27.664272703230381 42.469716601073742 1037.4828921221197 341.87550595030189 143.52006141841412 361.15920948237181 21.786906227469444 107.4749724753201 701.42876289784908 99.95052520185709 866.48346548527479 34.44066072255373
leaf_count=1576 10243 17687 169 187 7275 1627 1110 3309 126 662 3250 461 4173 151
internal_value=-1.42907e-05 0.00171129 -0.00429081 0.00532981 -0.00931438 -0.000769716 -0.000414331 -0.008776 0.0170913 -0.00699469 0.00811703 0.023591 0.00674167 0.0122867
internal_weight=9640.67 6869.02 2771.65 2533.32 1086.93 788.549 4335.7 504.679 49.4512 449.35 1744.77 142.42 1602.35 735.869
internal_count=52006 34193 17813 12087 7570 3865 22106 4419 295 2289 8222 648 7574 3401
cat_boundaries=0 1 2 3
cat_threshold=1285 64 4
is_linear=0
shrinkage=0.05


Tree=57
num_leaves=15
num_cat=4
split_feature=8 1 6 5 7 2 8 10 7 2 10 10 3 10
split_gain=26.1211 19.9989 18.5851 18.2491 13.0808 12.8727 15.8394 16.6475 14.6399 17.6247 14.6545 13.0724 12.5761 16.2408
threshold=21.500000000000004 54.750000000000007 1.0050000000000006 1.8750000000000002 41.810000000000009 14.500000000000002 9.5000000000000018 0 39.990000000000016 119.50000000000001 1 2 4.5000000000000009 3
decision_type=2 8 10 10 10 8 2 1 8 10 1 1 10 1
left_child=1 2 -1 5 -5 12 8 -8 11 10 -10 -7 -3 -14
right_child=-2 3 -4 4 -6 6 7 -9 9 -11 -12 -13 13 -15
leaf_value=0.0029773911425122878 -0.0072021113341376175 0.012661896067271068 -0.0063534468706021169 -0.00038240421414432454 -0.014129429025819464 0.03022773202847644 0.0061167418283681815 -0.0057006430987434553 0.0064941003467032772 0.026269532426520859 -0.0062602330017158953 0.0080002384634802696 0.0087879203720195916 -0.0082869580038494144
leaf_weight=829.73835432529449 1117.0858833529055 727.3912373483181 1495.5241782143712 1552.167675383389 194.75742898136377 67.185754768550396 437.80403359979391 885.02751608192921 393.50628562271595 65.294454805552959 499.94878473132849 775.77695279568434 385.52880746871233 206.2225960418582
leaf_count=4021 7926 3079 8758 8331 1327 294 2344 4584 1716 303 2261 3471 2324 1267
internal_value=-1.33014e-05 0.000929704 -0.00302386 0.00241471 -0.001915 0.00411683 0.00236825 -0.00178642 0.00541863 0.00119246 -0.000640198 0.0102253 0.00825855 0.00284587
internal_weight=9632.96 8515.87 2325.26 6190.61 1746.93 4443.69 3124.54 1322.83 1801.71 958.75 893.455 842.963 1319.14 591.751
internal_count=52006 44080 12779 31301 9658 21643 14973 6928 8045 4280 3977 3765 6670 3591
cat_boundaries=0 1 2 3 4
cat_threshold=752 1380 257 1326
is_linear=0
shrinkage=0.05


Tree=58
num_leaves=15
num_cat=3
split_feature=5 4 0 10 10 7 11 2 0 2 9 7 4 7
split_gain=24.8279 20.722 19.5676 17.5187 16.8708 19.6738 15.3649 15.9222 14.6558 13.3781 13.2072 13.6953 12.4387 11.0972
threshold=inf 10.225000000000001 4.5000000000000009 0 1 40.722500000000018 2 19.500000000000004 3.5000000000000004 78.500000000000014 1.0000000180025095e-35 40.522500000000015 4.7750000000000012 39.110000000000014
decision_type=8 10 2 1 1 10 1 8 2 10 8 8 10 8
left_child=1 2 4 6 -1 12 13 -8 -7 -10 -5 -12 -6 -2
right_child=3 -3 -4 10 5 8 7 -9 9 -11 11 -13 -14 -15
leaf_value=-0.0045602847548694416 0.019516352519420601 -0.0179335659395208 -0.0034877702864793553 -0.030867769473510522 0.0091087137882651555 -0.0077547677983535708 0.032680660420886749 0.011389497458551298 0.0016796792582738256 0.033294917768546442 0.0079758764060473813 -0.0044357200472195518 0.0013183859295339898 -0.0018839453403225279
leaf_weight=876.63932948559523 78.051151044666767 180.79245290905237 3617.7873957939446 32.125988021492958 1290.123783916235 571.63683224841952 117.75739705562592 345.27937984466553 468.56258998811245 36.0345463976264 444.15763495117426 444.8729932308197 849.97061145305634 270.59317585080862
leaf_count=4746 336 2170 20854 139 5442 3399 523 1464 2697 192 1908 1886 5102 1148
internal_value=-1.09875e-05 -0.001201 -0.000808674 0.00540847 0.00155939 0.00323149 0.010703 0.0168042 -0.00227284 0.0039374 0.000620257 0.00176508 0.00601467 0.00290695
internal_weight=9624.39 7891.55 7710.76 1732.84 4092.97 3216.33 811.681 463.037 1076.23 504.597 921.157 889.031 2140.09 348.644
internal_count=52006 44602 42432 7404 21578 16832 3471 1987 6288 2889 3933 3794 10544 1484
cat_boundaries=0 1 2 3
cat_threshold=377 104 2
is_linear=0
shrinkage=0.05


Tree=59
num_leaves=15
num_cat=3
split_feature=5 5 0 0 4 10 7 10 6 2 9 6 10 8
split_gain=23.549 18.2973 20.3226 17.6694 16.5855 14.4633 14.3978 12.3431 11.8458 10.9999 9.7675 10.2329 9.41533 9.21176
threshold=3.7500000000000004 3.2500000000000004 4.5000000000000009 3.5000000000000004 8.9000000000000021 0 40.163333333333348 1 0.63541666666666685 160.50000000000003 1.0000000180025095e-35 3.1050000000000009 2 13.500000000000002
decision_type=10 8 2 2 10 1 10 1 10 10 10 8 1 2
left_child=1 2 6 13 -2 8 7 -1 -5 -6 11 -7 -8 -3
right_child=4 3 -4 5 9 10 12 -9 -10 -11 -12 -13 -14 -15
leaf_value=4.8836371498543636e-05 -0.0050437528116798087 0.00051725814650937705 -0.0032025101644452543 0.037592651342934734 -0.029789311161388578 -0.029244237689336289 0.0039718353304069882 0.0083674740190531425 0.013697129770402841 0.05620653515750567 0.0089069105457220878 0.0016850425204905284 -0.0039364213024591322 -0.034797353077835123
leaf_weight=724.83591679111123 948.06326244026423 760.3429403565824 3233.0761738903821 73.705058738589287 96.059971000999212 34.223263785243034 571.90733018144965 1176.4109247289598 175.02988562732935 3.8682842403650275 617.42408356443048 122.3389855697751 1058.9847961775959 18.925675235688686
leaf_count=3705 5445 3190 18847 323 1208 157 2993 5707 766 31 2788 502 6253 91
internal_value=-1.10158e-05 0.000854423 -0.000338133 0.00533164 -0.00708587 0.00965349 0.00228372 0.00524032 0.0199748 -0.0264604 0.00600094 -0.00507585 -0.001163 -0.000340409
internal_weight=9615.2 8567.21 6765.22 1801.99 1047.99 1022.72 3532.14 1901.25 248.735 99.9283 773.986 156.562 1630.89 779.269
internal_count=52006 45322 37505 7817 6684 4536 18658 9412 1089 1239 3447 659 9246 3281
cat_boundaries=0 1 2 3
cat_threshold=289 108 1284
is_linear=0
shrinkage=0.05


Tree=60
num_leaves=15
num_cat=3
split_feature=8 1 8 10 8 0 10 6 4 7 6 7 8 10
split_gain=22.3535 17.0781 17.6656 17.1715 15.183 16.2314 14.7607 13.6688 13.6406 13.2743 11.199 13.2647 11.0737 10.9995
threshold=19.500000000000004 53.500000000000007 5.5000000000000009 0 4.5000000000000009 3.5000000000000004 1 1.0225000000000002 6.1000000000000005 40.190000000000012 2.2550000000000003 42.229166666666671 11.500000000000002 2
decision_type=2 8 2 1 2 2 1 8 10 10 10 8 2 1
left_child=1 2 -1 4 13 12 -2 -4 -8 -5 11 -10 -6 -3
right_child=6 3 7 9 5 -7 8 -9 10 -11 -12 -13 -14 -15
leaf_value=-0.021473248351541629 -0.012311513034923144 0.0019937275069481955 0.011395791749699206 0.00087994790279977077 -0.0010387873633656635 0.0039236664880603544 0.0047089745691214283 -0.0080843603885072043 -0.003755483201248399 -0.0062701598414060368 -0.018435410089042571 0.077640388508936439 -0.016554877073488423 0.01348116983073541
leaf_weight=158.5395231731236 518.11422314494848 339.4611104503274 132.50778912007809 2592.248976174742 404.98146019130945 2533.8904466144741 437.49759378284216 281.04428555816412 425.36976095288992 865.97092996165156 155.98078370839357 5.064912073314189 160.59041903913021 596.56735061854124
leaf_count=824 3631 1539 698 12688 2126 12913 2256 1776 3298 5178 1415 36 993 2635
internal_value=-1.03848e-05 0.00104413 -0.00728273 0.00167983 0.00388998 0.00221422 -0.00552618 -0.00184265 -0.00195339 -0.000907881 -0.00695718 -0.0027977 -0.00544448 0.00948045
internal_weight=9607.83 8065.8 572.092 7493.71 4035.49 3099.46 1542.03 413.552 1023.91 3458.22 586.415 430.435 565.572 936.028
internal_count=52006 41370 3298 38072 20206 16032 10636 2474 7005 17866 4749 3334 3119 4174
cat_boundaries=0 1 2 3
cat_threshold=1333 149 36
is_linear=0
shrinkage=0.05


Tree=61
num_leaves=15
num_cat=2
split_feature=3 2 5 6 8 1 9 8 2 8 2 10 10 7
split_gain=21.1214 17.2308 16.8483 14.0054 13.7089 12.5484 13.5116 15.0588 11.9158 13.6741 13.6845 12.9774 11.5795 14.4166
threshold=8.5000000000000018 37.500000000000007 7.5000000000000009 2.5450000000000004 24.500000000000004 53.500000000000007 1.0000000180025095e-35 5.5000000000000009 10.500000000000002 9.5000000000000018 55.500000000000007 0 1 42.229166666666671
decision_type=10 10 10 10 2 8 8 2 8 2 10 1 1 8
left_child=2 3 4 12 5 6 -1 -8 -7 11 -11 -10 13 -2
right_child=1 -3 -4 -5 -6 8 7 -9 9 10 -12 -13 -14 -15
leaf_value=-0.0282059758390617 0.0051242187679785634 0.0076170914936510882 -0.015032804190593916 -0.018898401985077969 -0.0071722870301410549 0.013722933883549322 -0.017507243836215863 0.0028602567620419138 0.0080633057337554277 0.00060290487587353139 -0.010684403945215002 0.0017818107009869627 -0.0077087683648700252 0.080542682769625257
leaf_weight=59.720876596868038 113.97796066850424 197.57076204568148 162.42363251745701 247.13164400309324 458.11438059061766 220.06337225437164 126.43321765214205 321.57138654589653 1282.8744574412704 3075.4620716869831 294.21615700423717 2312.344450853765 722.30856024846435 6.709478147327899
leaf_count=315 872 1483 951 2915 2924 1076 597 1649 5603 15320 1461 10322 6471 47
internal_value=-1.02514e-05 -0.00596897 0.000912739 -0.00843125 0.00123049 0.00173089 -0.00586578 -0.00288774 0.00226771 0.00190577 -0.000382622 0.00405061 -0.00536272 0.0086041
internal_weight=9600.92 1287.7 8313.22 1090.13 8150.8 7692.69 507.725 448.005 7184.96 6964.9 3369.68 3595.22 842.996 120.687
internal_count=52006 11788 40218 10305 39267 36343 2561 2246 33782 32706 16781 15925 7390 919
cat_boundaries=0 1 2
cat_threshold=1285 1280
is_linear=0
shrinkage=0.05


Tree=62
num_leaves=15
num_cat=2
split_feature=5 4 1 7 2 10 7 10 6 8 8 9 2 3
split_gain=19.98 20.9391 14.6294 13.3766 12.0603 11.323 11.208 13.3715 10.5356 9.66691 9.28668 8.78805 12.622 8.70336
threshold=1.8750000000000002 8.1000000000000014 54.750000000000007 39.722500000000011 31.500000000000004 0 40.863333333333337 1 0.94500000000000017 21.500000000000004 10.500000000000002 1.0000000180025095e-35 19.500000000000004 7.5000000000000009
decision_type=10 10 8 8 10 1 10 1 10 2 2 10 10 8
left_child=2 6 8 5 -3 10 7 -2 -1 -5 -4 12 -11 -9
right_child=1 4 3 9 -6 -7 -8 13 -10 11 -12 -13 -14 -15
leaf_value=0.0021202357250441422 0.0060068865691538 -0.018225725672152991 0.020176584800135868 0.0017346758316785648 0.005763498293415055 0.0036137070676980987 -0.0074619837553724887 -0.0012004984735126945 -0.005540169243642144 -0.024947823843858935 0.0068820004120523654 -0.0083910793268482577 0.073409506712930186 -0.013613487241609146
leaf_weight=765.8521189764142 630.17321661114693 326.27148944139481 219.72423693537712 2523.9992714002728 62.414406083524227 1567.3907668963075 643.83418101072311 903.08453824371099 1084.3455893695354 5.5582098811864835 326.61364197731018 358.30445503070951 7.8947480395436287 167.3866895288229
leaf_count=3766 3140 3526 987 12503 545 7751 3766 4199 6347 46 1655 2494 48 1233
internal_value=-1.0244e-05 -0.00362529 0.00143013 0.00283341 -0.0143736 0.00585755 -0.00184335 0.000283763 -0.0023693 0.000625965 0.012009 -0.00690148 0.0327723 -0.00311241
internal_weight=9592.85 2733.16 6859.68 5009.49 388.686 2113.73 2344.48 1700.64 1850.2 2895.76 546.338 371.757 13.453 1070.47
internal_count=52006 16409 35597 25484 4071 10393 12338 8572 10113 15091 2642 2588 94 5432
cat_boundaries=0 1 2
cat_threshold=1313 1412
is_linear=0
shrinkage=0.05


Tree=63
num_leaves=15
num_cat=2
split_feature=4 5 0 5 0 10 2 7 2 7 6 4 11 4
split_gain=19.4025 17.144 15.0622 15.2096 14.5182 17.1756 17.7801 16.2199 10.6706 13.0354 9.78459 9.75555 9.52868 11.7148
threshold=11.100000000000001 3.7500000000000004 4.5000000000000009 3.2500000000000004 3.5000000000000004 0 120.50000000000001 38.863333333333337 21.500000000000004 40.263333333333343 0.49500000000000016 8.9000000000000021 1 4.9000000000000012
decision_type=10 10 2 8 2 1 10 8 8 10 8 10 1 10
left_child=1 2 4 -4 7 6 -6 10 9 -5 -1 -3 13 -9
right_child=-2 11 3 8 5 -7 -8 12 -10 -11 -12 -13 -14 -15
leaf_value=-0.016348327971097306 -0.026492228739385972 -0.0044737130010007809 -0.0027752090406651512 0.021844881194798656 0.0073553302780192363 -0.00044554140081601339 0.034389766428847161 0.005763537127746611 0.00026018031194793183 -0.0046635220901448038 0.013528029893148861 -0.022294597716857722 -0.0050352546971722083 -0.0066264256165517498
leaf_weight=30.422172971069813 68.668489199131727 941.05128010362387 3190.5880138538778 166.04987439885736 1594.7472657486796 842.88819015398622 63.2303322032094 624.07236379384995 312.66554008051753 64.348655208945274 276.30768222361803 83.618857022374868 1051.5490348562598 274.78234078362584
leaf_count=135 877 5445 18462 762 7901 4378 285 2618 1365 325 1246 1069 5434 1704
internal_value=-9.72697e-06 0.000181367 0.000918572 -0.00145861 0.00278397 0.00540788 0.00833606 -0.000123267 0.0062766 0.0144413 0.0105648 -0.005928 -0.00180413 0.00197589
internal_weight=9584.99 9516.32 8491.65 3733.65 4758 2500.87 1657.98 2257.13 543.064 230.399 306.73 1024.67 1950.4 898.855
internal_count=52006 51129 44615 20914 23701 12564 8186 11137 2452 1087 1381 6514 9756 4322
cat_boundaries=0 1 2
cat_threshold=1303 4
is_linear=0
shrinkage=0.05


Tree=64
num_leaves=15
num_cat=2
split_feature=8 4 10 7 1 10 4 1 6 6 8 0 2 7
split_gain=17.9688 15.3596 15.1659 12.8977 12.5201 12.4898 13.3355 13.9398 12.247 10.9758 12.4464 16.457 12.428 10.8484
threshold=16.500000000000004 11.100000000000001 0 40.110000000000014 52.500000000000007 1 3.1000000000000005 55.500000000000007 2.3354166666666671 7.5500000000000007 2.5000000000000004 3.5000000000000004 20.500000000000004 40.722500000000018
decision_type=2 10 1 10 8 1 10 8 10 10 2 2 8 10
left_child=2 5 4 -4 -1 6 -2 -8 -7 10 12 13 -6 -12
right_child=1 -3 3 -5 9 8 7 -9 -10 -11 11 -13 -14 -15
leaf_value=-0.013792645202794385 -0.050286219842095171 -0.037978708077547246 0.00069205542865923442 -0.0062191359154106056 0.02282910922964226 -0.0024970609555309414 -0.00058441141650147584 0.027482646803521051 -0.011865079031602756 -0.032865201935714829 0.0017891479889769223 0.0048589355862064844 0.0064333115897342577 -0.010554975897424291
leaf_weight=102.65858128294349 8.9431355446577054 32.367382075637579 2497.3663552179933 925.14372419193387 156.06723633036017 1729.2878591045737 96.49231880903244 81.691987432539463 437.05345564708114 20.17603313177824 393.19468785822392 2326.7712569236755 445.50813264772296 325.18717073649168
leaf_count=568 38 440 12093 5516 726 10818 632 492 3388 115 1909 11468 1897 1906
internal_value=-9.67209e-06 -0.00376978 0.00123767 -0.00117269 0.00342016 -0.0032993 0.00882173 0.0122835 -0.00436688 0.00391138 0.00411485 0.00281653 0.0106869 -0.00379862
internal_weight=9577.91 2385.84 7192.07 3422.51 3769.56 2353.47 187.127 178.184 2166.34 3666.9 3646.73 3045.15 601.575 718.382
internal_count=52006 15808 36198 17609 18589 15368 1162 1124 14206 18021 17906 15283 2623 3815
cat_boundaries=0 1 2
cat_threshold=1333 96
is_linear=0
shrinkage=0.05


Tree=65
num_leaves=15
num_cat=2
split_feature=4 5 0 5 7 10 2 10 2 6 0 2 7 0
split_gain=16.8915 14.9787 13.6981 13.4195 13.1197 13.0509 12.2855 10.5911 10.6936 10.318 9.86057 9.66321 11.5878 9.13027
threshold=11.100000000000001 3.7500000000000004 4.5000000000000009 3.2500000000000004 40.010000000000012 0 119.50000000000001 1 12.500000000000002 0.16833333333333336 2.5000000000000004 21.500000000000004 40.263333333333343 3.5000000000000004
decision_type=10 10 2 8 8 1 10 1 10 10 2 8 10 2
left_child=1 2 4 -4 7 6 13 8 -1 -10 -7 12 -5 -6
right_child=-2 -3 3 11 5 10 -8 -9 9 -11 -12 -13 -14 -15
leaf_value=0.042491674791072812 -0.025182680586276797 -0.0055597511574773549 -0.0026536917190856544 0.020587296962573429 -0.0086178386697655495 0.017797432177724091 0.027677645159684551 0.0038659357137270176 0.043437998033002273 0.008643882921835001 0.0021694714765307303 0.00012411078226976551 -0.0044247240164077811 0.00070953007562029908
leaf_weight=29.44478340446949 66.179750233888626 1019.8178680352867 3185.7812644354999 166.21762835606933 633.1964954584837 108.91867620497942 30.013061553239822 1799.1130384504795 22.889073595404625 308.27856763452291 1376.8303077183664 312.65578643977642 64.189405001699924 447.98878223821521
leaf_count=134 877 6514 18462 762 3260 462 157 8605 106 1410 7037 1365 325 2530
internal_value=-9.67005e-06 0.000165594 0.000853685 -0.00141527 0.00263236 0.000237677 -0.00384253 0.00551184 0.0132487 0.0110487 0.00329298 0.0058497 0.0136192 -0.00475305
internal_weight=9571.51 9505.33 8485.52 3728.84 4756.67 2596.95 1111.2 2159.73 360.612 331.168 1485.75 543.063 230.407 1081.19
internal_count=52006 51129 44615 20914 23701 13446 5947 10255 1650 1516 7499 2452 1087 5790
cat_boundaries=0 1 2
cat_threshold=523 1281
is_linear=0
shrinkage=0.05


Tree=66
num_leaves=15
num_cat=1
split_feature=3 9 5 2 0 0 10 2 1 7 9 8 1 4
split_gain=16.1482 17.7539 14.6893 13.2372 12.0165 15.0002 15.4765 16.6968 14.2435 11.5725 11.4111 11.4104 11.3412 10.7393
threshold=10.500000000000002 1.0000000180025095e-35 7.5000000000000009 14.500000000000002 4.5000000000000009 3.5000000000000004 0 120.50000000000001 53.500000000000007 38.845000000000006 1.0000000180025095e-35 15.500000000000002 55.500000000000007 1.1000000000000003
decision_type=10 10 10 10 2 2 1 10 10 8 10 2 8 8
left_child=2 3 4 -2 5 8 7 11 -1 -10 -9 -7 -6 -14
right_child=1 -3 -4 -5 12 6 -8 10 9 -11 -12 -13 13 -15
leaf_value=-0.013409149035642626 -0.026713003373511603 -0.014608041324620263 -0.01335102597007666 0.02104939252681317 -0.0046246649155483798 0.009406442796155318 -0.00058408220427372823 -0.0043297763034722504 0.0097156175661508529 -0.00079727128208009843 0.043716696138301321 0.00057202731444163865 0.024339767025508552 0.00037788363014883879
leaf_weight=196.57532789558172 18.470788232982159 342.03221571072936 189.21170042455196 67.591426465660334 1582.1564560607076 1178.8933227434754 863.94875278696418 16.314775913953781 302.90953407436609 1927.4871326833963 50.952656000852585 529.73330710083246 47.751896888017654 2251.3956933841109
leaf_count=1086 199 3713 1288 557 9130 5403 4354 72 1349 9421 228 2987 220 11999
internal_value=-9.22452e-06 -0.00950041 0.000435448 0.0107986 0.000726969 0.00233064 0.00493916 0.00758671 -0.000506674 0.000630481 0.0320637 0.00666747 -0.00136653 0.000875557
internal_weight=9565.42 428.094 9137.33 86.0622 8948.12 5066.81 2639.84 1775.89 2426.97 2230.4 67.2674 1708.63 3881.3 2299.15
internal_count=52006 4469 47537 756 46249 24900 13044 8690 11856 10770 300 8390 21349 12219
cat_boundaries=0 1
cat_threshold=1303
is_linear=0
shrinkage=0.05


Tree=67
num_leaves=15
num_cat=3
split_feature=8 1 4 5 4 10 6 9 0 10 8 2 2 10
split_gain=15.4021 13.1241 19.4904 12.8864 15.0874 10.5768 10.0254 9.6518 8.64287 11.3925 12.9865 8.93733 8.21807 9.04025
threshold=21.500000000000004 55.500000000000007 10.100000000000001 1.0000000180025095e-35 6.9000000000000012 0 4.6887500000000006 1.0000000180025095e-35 3.5000000000000004 1 5.5000000000000009 30.500000000000004 32.500000000000007 2
decision_type=2 8 10 10 10 1 10 10 2 1 2 8 10 1
left_child=1 2 6 4 8 7 12 -2 -3 10 -10 -11 -1 -14
right_child=5 3 -4 -5 -6 -7 -8 -9 9 11 -12 -13 13 -15
leaf_value=0.0008506963854950705 0.025150789581066542 -0.00055856323390287904 -0.023842071636233406 0.0013498777752387796 0.045540381803891694 -0.0030449711449271818 -0.014344067806719873 -0.018930496443029202 0.042093282546441776 0.012689069439909155 0.012307784455530036 -0.0028598106237088757 0.003425273583576863 -0.0079477574325286914
leaf_weight=3257.7721870839596 13.252336449921129 248.88551999628544 93.147888742387295 3342.6693209446967 26.433375775814056 879.85845409706235 130.84457245841622 197.15949237719178 56.706033706665039 200.17781011760235 103.18433298170567 171.67340530455112 242.51114205271006 594.06562700867653
leaf_count=16895 102 1030 1176 17466 141 6360 841 1464 249 864 447 716 1203 3052
internal_value=-9.204e-06 0.000710981 -0.00121861 0.00271897 0.00838946 -0.00560284 -0.000719852 -0.0154212 0.00713146 0.0107308 0.0215251 0.00536627 -0.000284458 -0.00470494
internal_weight=9558.34 8468.07 4318.34 4149.73 807.06 1090.27 4225.19 210.412 780.627 531.742 159.89 371.851 4094.35 836.577
internal_count=52006 44080 23167 20913 3447 7926 21991 1566 3306 2276 696 1580 21150 4255
cat_boundaries=0 1 2 3
cat_threshold=17 417 263
is_linear=0
shrinkage=0.05


Tree=68
num_leaves=15
num_cat=2
split_feature=4 7 10 10 4 7 5 6 7 6 0 1 6 5
split_gain=14.6564 12.9158 17.1942 13.0401 14.3115 12.7474 11.2957 9.98849 11.6209 10.8677 9.95723 10.2383 9.85273 9.85154
threshold=11.100000000000001 39.710000000000015 0 1 7.4500000000000011 38.390000000000015 0.87500000000000011 4.9387500000000006 42.590000000000011 3.2050000000000005 5.5000000000000009 53.500000000000007 4.205000000000001 2.7500000000000004
decision_type=10 10 1 1 10 8 8 10 10 8 2 10 10 10
left_child=1 2 5 12 13 6 -1 8 -6 -10 11 -4 -3 -5
right_child=-2 3 10 4 7 -7 -8 -9 9 -11 -12 -13 -14 -15
leaf_value=-0.0059115800499671915 -0.023891436824843629 0.0019828218628240002 -0.0078331129561145397 -0.00038926933764358781 -0.010915195001977834 0.0068314387287138527 0.04361462226855007 -0.044283640888624201 0.080535600407900088 -0.0098935875742007379 -0.0039889522515014911 0.003078710298036151 -0.010991680217609004 -0.0088713463976723052
leaf_weight=15.555909514427183 63.814042303711176 2225.2616277709603 235.95393095910549 1701.0613543316722 523.27906513214111 810.84996941313148 44.297112420201302 21.779003005474806 6.8099392689764473 6.4877737127244481 895.68212119117379 2417.0055897496641 156.62277581170201 428.57322119176388
leaf_count=74 877 12240 1225 8446 4908 3891 207 270 59 77 4877 11461 1049 2345
internal_value=-9.46887e-06 0.000151135 0.0021269 -0.00157111 -0.00394964 0.00837889 0.0307427 -0.0110895 -0.0097422 0.0364164 0.000567681 0.00210821 0.00112495 -0.00209622
internal_weight=9553.03 9489.22 4419.34 5069.87 2687.99 870.703 59.853 558.356 536.577 13.2977 3548.64 2652.96 2381.88 2129.63
internal_count=52006 51129 21735 29394 16105 4172 281 5314 5044 136 17563 12686 13289 10791
cat_boundaries=0 1 2
cat_threshold=1281 372
is_linear=0
shrinkage=0.05


Tree=69
num_leaves=15
num_cat=2
split_feature=8 4 10 6 6 4 1 6 1 10 7 5 6 8
split_gain=13.7062 13.1994 13.1239 14.8628 12.0109 11.5934 10.9116 12.0153 10.8227 11.1998 11.054 9.02383 8.97662 10.2429
threshold=15.500000000000002 11.100000000000001 0 1.7449999999999999 1.7225000000000004 3.1000000000000005 55.500000000000007 0.77750000000000019 52.500000000000007 1 39.390000000000015 0.075000000000000025 7.5500000000000007 2.5000000000000004
decision_type=2 10 1 10 10 10 8 10 8 1 8 8 10 2
left_child=8 2 5 4 -4 -2 7 -7 11 12 -11 -1 13 -10
right_child=1 -3 3 -5 -6 6 -8 -9 9 10 -12 -13 -14 -15
leaf_value=0.047175158268838377 -0.038467665555679709 -0.033986930848782404 -0.0011437511423724592 -0.0086002758951412139 0.03690565732793577 0.03923704615550111 0.023744068653874718 -0.0054827971554862256 0.0096306571323825294 0.0028308847572335039 -0.0031546943490447323 -0.011913335056132384 -0.030319279873536192 0.0024451443685176493
leaf_weight=6.6748014576733103 12.196330070495604 33.966156300157309 1482.0454939007759 950.22267693281174 21.034852467477322 17.69153044372797 100.19645021855831 99.470821410417557 600.81860502064228 1338.3405084274709 1820.6711487323046 202.07642372697592 19.501889135688543 2841.8230064958334
leaf_count=41 52 498 9026 6752 139 101 586 659 2623 6462 9603 1188 113 14163
internal_value=-9.48041e-06 -0.00301333 -0.00262119 -0.00369056 -0.000611269 0.00859381 0.0116299 0.00126991 0.0011854 0.00153881 -0.000616903 -0.010024 0.00349745 0.00369918
internal_weight=9546.73 2716.82 2682.86 2453.3 1503.08 229.555 217.359 117.162 6829.91 6621.16 3159.01 208.751 3462.14 3442.64
internal_count=52006 17813 17315 15917 9165 1398 1346 760 34193 32964 16065 1229 16899 16786
cat_boundaries=0 1 2
cat_threshold=96 1333
is_linear=0
shrinkage=0.05


Tree=70
num_leaves=15
num_cat=3
split_feature=5 4 2 1 2 7 10 8 9 4 10 7 7 10
split_gain=13.1489 15.6165 10.9084 10.4338 10.2262 9.77693 8.80036 9.49663 11.898 9.13126 8.77002 8.88182 8.58383 12.8624
threshold=1.8750000000000002 8.1000000000000014 31.500000000000004 54.750000000000007 169.50000000000003 39.722500000000011 0 8.5000000000000018 1.0000000180025095e-35 9.1000000000000014 1 41.922500000000007 40.890000000000015 2
decision_type=10 10 10 8 10 8 1 2 10 10 1 10 10 1
left_child=3 12 10 4 -1 6 -5 8 -8 -9 11 -3 13 -2
right_child=1 2 -4 5 -6 -7 7 9 -10 -11 -12 -13 -14 -15
leaf_value=-0.0013280147448733006 0.0059873718855980983 -0.0069088837679253425 0.006805892666189169 0.0087719029005179222 -0.020982103010040949 0.00045150340724045741 -0.012914647809577295 -0.0028446935250175604 0.010383680124542681 0.019982137060730588 -0.020970106633935365 0.044462319947315275 -0.0064571151191396602 -0.0029381911329709517
leaf_weight=1769.8657158613205 633.89448177069426 76.003145970404148 61.464622002094984 865.44768067449331 68.754601627588272 2888.0163342431188 62.574131645262241 695.67535804957151 440.94528818875551 46.755038093775511 226.86196852847934 9.461438585072754 624.01280234009027 1072.0264968127012
leaf_count=9766 3169 804 545 4201 347 15091 283 3475 1965 469 2595 127 3698 5471
internal_value=-9.4683e-06 -0.00296125 -0.0124484 0.00115765 -0.00206297 0.00234209 0.00492808 0.00217031 0.00748831 -0.00140716 -0.0162376 -0.0010938 -0.00143922 0.000396287
internal_weight=9541.76 2703.72 373.791 6838.03 1838.62 4999.41 2111.4 1245.95 503.519 742.43 312.327 85.4646 2329.93 1705.92
internal_count=52006 16409 4071 35597 10113 25484 10393 6192 2248 3944 3526 931 12338 8640
cat_boundaries=0 1 2 3
cat_threshold=1825 98 1412
is_linear=0
shrinkage=0.05


Tree=71
num_leaves=15
num_cat=0
split_feature=3 9 0 2 6 2 0 8 4 5 1 5 6 1
split_gain=12.5582 15.956 12.2351 11.9355 11.0324 9.96447 20.1779 9.73506 9.14749 9.79512 8.03996 9.53593 7.93546 7.65357
threshold=10.500000000000002 1.0000000180025095e-35 7.5000000000000009 14.500000000000002 4.205000000000001 28.500000000000004 6.5000000000000009 8.5000000000000018 6.2250000000000005 8.5000000000000018 55.500000000000007 4.5000000000000009 1.5183333333333335 56.750000000000007
decision_type=10 10 2 10 10 10 2 2 10 10 10 10 10 10
left_child=2 3 4 -2 -1 -3 12 -4 9 13 11 -5 -7 -6
right_child=1 5 7 10 8 6 -8 -9 -10 -11 -12 -13 -14 -15
leaf_value=0.0012501273371730154 -0.02558460478933508 -0.017962212548630518 0.0077762895412132483 -0.0072364479222356941 -0.0028439518686537422 0.010573232512474115 0.053053336620628867 -0.0087600883493578023 -0.02102852457702727 -0.023142917151725288 0.037979727300982861 0.066421453677808481 -0.027250666935590934 0.02228658311090885
leaf_weight=8134.1182747408748 17.90609485656023 261.32692529261112 105.76699230819941 29.869685620069504 133.72012544423342 24.388355076313019 15.754510145634411 561.47966977953911 97.272542018443346 45.858144715428352 33.053867515176535 5.1519299261271945 32.143043160438538 39.172413393855095
leaf_count=41729 199 3025 503 247 635 205 148 3318 925 251 261 49 335 176
internal_value=-9.90335e-06 -0.00846754 0.000379328 0.0107384 0.000894023 -0.0134175 0.00301267 -0.00613886 -0.00827175 -0.00259915 0.0202925 0.00359916 -0.010933 0.0028499
internal_weight=9536.98 419.594 9117.39 85.9816 8450.14 333.613 72.2859 667.247 316.023 218.751 68.0755 35.0216 56.5314 172.893
internal_count=52006 4469 47537 756 43716 3713 688 3821 1987 1062 557 296 540 811
is_linear=0
shrinkage=0.05


Tree=72
num_leaves=15
num_cat=4
split_feature=4 8 10 1 5 4 0 0 10 11 2 7 6 10
split_gain=12.222 10.8892 10.4457 9.37113 10.3469 13.5544 8.30175 9.13289 16.7342 10.4032 9.53947 9.49019 9.08776 9.04295
threshold=11.100000000000001 21.500000000000004 0 55.500000000000007 1.0000000180025095e-35 6.9000000000000012 4.5000000000000009 3.5000000000000004 1 2 17.500000000000004 40.663333333333348 0.79500000000000026 3
decision_type=10 2 1 8 10 10 2 2 1 1 8 10 8 1
left_child=1 3 -3 6 5 -5 7 9 -9 10 -1 -10 -8 -11
right_child=-2 2 -4 4 -6 -7 12 8 11 13 -12 -13 -14 -15
leaf_value=-0.0099263575417303934 -0.022307329882374435 -0.011722713452134718 -0.0011450414570281049 0.0063153029871558623 0.0012048809335292944 0.042402516070681032 0.0048509773295395886 0.0075703106116113781 -0.00078794020698682915 -7.9532371844796257e-05 0.011225509204414934 -0.019314368108967455 -0.0060611006715806754 -0.0084809058423044349
leaf_weight=69.163106836378574 61.064558856189251 338.96091473475099 730.06902701407671 778.86424399912357 3320.5092549808323 26.919768035411835 230.70275672525167 888.47743260115385 377.58331947028637 707.97916302084923 232.47997972369194 84.614964917302132 1103.1863223798573 582.5193826444447
leaf_count=388 877 2526 5221 3306 17198 141 1173 4405 1972 3664 1081 547 6350 3157
internal_value=-1.00478e-05 0.000133699 -0.00461931 0.000738377 0.00243828 0.00752091 -0.000901738 0.000581389 0.00360557 -0.00198414 0.00637564 -0.00409107 -0.0041738 -0.00393817
internal_weight=9533.09 9472.03 1069.03 8403 4126.29 805.784 4276.71 2942.82 1350.68 1592.14 301.643 462.198 1333.89 1290.5
internal_count=52006 51129 7747 43382 20645 3447 22737 15214 6924 8290 1469 2519 7523 6821
cat_boundaries=0 1 2 3 4
cat_threshold=21 343 4 1953
is_linear=0
shrinkage=0.05


Tree=73
num_leaves=15
num_cat=3
split_feature=4 5 0 7 4 4 10 1 7 10 8 10 4 0
split_gain=11.2463 10.6097 9.73895 8.72989 9.18082 11.2214 8.93264 8.47178 8.7615 13.0504 12.4852 11.8466 8.58483 8.76205
threshold=10.225000000000001 7.5000000000000009 7.5000000000000009 40.663333333333348 2.3666666666666671 2.7083333333333335 0 55.500000000000007 39.363333333333344 1 9.5000000000000018 2 7.9000000000000012 5.5000000000000009
decision_type=10 10 2 10 10 10 1 8 8 1 2 1 10 2
left_child=1 2 7 6 -5 -6 -4 12 10 -10 11 -9 -1 -14
right_child=-2 -3 3 4 5 -7 -8 8 9 -11 -12 -13 13 -15
leaf_value=0.00021506665045817105 -0.013030830121556355 -0.011332857539758729 0.0031037308043329621 -0.074467936982578919 0.063061999481402051 -0.01501315584324317 -0.01043604543109742 -0.0036443297029691425 0.006706851658340925 -0.00099950088721383122 0.0014087728680901492 0.014731262741771054 -0.0032916476216755491 -0.019226842127900424
leaf_weight=3902.3009909838438 163.01209048554301 194.733418866992 319.75189096108079 6.2600632756948462 4.7372432649135581 161.36491358280182 184.22302901372313 108.92060874402523 735.00083830207586 2087.2374404482543 667.53095785155892 467.76415732502937 415.95730813965201 108.83533503115177
leaf_count=19142 2178 1396 1690 26 20 1085 1114 515 3727 10924 3399 2088 3725 977
internal_value=-1.06581e-05 0.000215987 0.000461241 -0.00531316 -0.0150267 -0.0127864 -0.00199109 0.000921054 0.0025687 0.0010277 0.00606413 0.0114528 -0.000592373 -0.0065964
internal_weight=9527.63 9364.62 9169.88 676.337 172.362 166.102 503.975 8493.55 4066.45 2822.24 1244.22 576.685 4427.09 524.793
internal_count=52006 49828 48432 3935 1131 1105 2804 44497 20653 14651 6002 2603 23844 4702
cat_boundaries=0 1 2 3
cat_threshold=1348 368 96
is_linear=0
shrinkage=0.05


Tree=74
num_leaves=15
num_cat=1
split_feature=5 4 2 6 0 1 2 7 10 4 4 7 7 5
split_gain=10.7704 13.6805 8.59096 8.54412 9.93331 8.26702 9.3399 8.22154 8.29379 8.36389 8.61447 10.3018 11.6382 10.0983
threshold=1.8750000000000002 10.100000000000001 156.50000000000003 4.205000000000001 7.5000000000000009 54.750000000000007 169.50000000000003 39.722500000000011 0 1.2916666666666667 8.9000000000000021 38.963333333333345 39.122500000000009 0.87500000000000011
decision_type=10 10 8 10 2 8 10 8 1 10 10 10 10 8
left_child=5 3 -3 4 -2 6 -1 8 -7 -10 -11 -12 13 -13
right_child=1 2 -4 -5 -6 7 -8 -9 9 10 11 12 -14 -15
leaf_value=-0.0011253180841016032 -0.00022032175417061595 -0.026901110754008736 0.072331404172539859 -0.011109731956051076 -0.012011462864087984 0.0081989231011380392 -0.019990685032164671 0.00036462052873769552 0.0164319638028694 -0.0003629878276043524 -0.0018539457498824156 0.16196897382871936 0.023573313368538872 0.035980183459192593
leaf_weight=1764.7938995994627 2184.0575735419989 71.77750551700592 2.2494449466466895 238.58945181593299 194.52559135854244 865.61976926401258 68.140373975038528 2886.3426096811891 90.717392042279243 1092.9377598389983 30.561387769877911 3.1982217505574253 25.005712050944567 3.1638108268380165
leaf_count=9766 12414 1089 18 1651 1237 4201 347 15091 402 5199 287 31 244 29
internal_value=-9.93074e-06 -0.00268898 -0.0238857 -0.00208943 -0.00118463 0.00104561 -0.00182665 0.00209906 0.00447031 0.00179884 0.000664953 0.0188063 0.0389354 0.0993153
internal_weight=9521.68 2691.2 74.027 2617.17 2378.58 6830.48 1832.93 4997.55 2111.2 1245.58 1154.87 61.9291 31.3677 6.36203
internal_count=52006 16409 1107 15302 13651 35597 10113 25484 10393 6192 5790 591 304 60
cat_boundaries=0 1
cat_threshold=1825
is_linear=0
shrinkage=0.05


Tree=75
num_leaves=15
num_cat=3
split_feature=8 10 9 1 8 6 2 10 8 10 9 7 4 2
split_gain=10.4502 9.42992 8.98092 8.88722 14.313 9.68127 9.12225 9.30584 8.79647 13.252 20.6522 19.0982 10.4339 10.3179
threshold=21.500000000000004 0 1.0000000180025095e-35 53.500000000000007 5.5000000000000009 0.7645833333333335 10.500000000000002 1 9.5000000000000018 2 1.0000000180025095e-35 38.822500000000012 4.9000000000000012 55.500000000000007
decision_type=2 1 10 8 2 8 8 1 2 1 8 8 10 10
left_child=3 2 -2 4 -1 -6 7 -5 9 10 12 -12 -8 -10
right_child=1 -3 -4 6 5 -7 8 -9 13 -11 11 -13 -14 -15
leaf_value=-0.018453618869272343 0.025115003278706624 -0.0022505364172080316 -0.017454339435181581 0.021269254757928596 0.01620771454003898 -0.0040022740097002381 0.016886014631377549 0.0012605369048772389 -0.00016030760428100579 0.00083489057974354833 0.032224100392546043 0.0036169778381848327 0.060711954593099297 -0.0090437639921402708
leaf_weight=153.83108899742365 13.243643291294573 869.41918098926544 192.19334381818771 100.75673515722156 70.821000792086124 362.90900174900889 28.517383635044098 137.94556142762303 3308.238415826112 3102.9474802017212 63.445350959897041 725.37037762627006 25.928825400769711 362.69859773293138
leaf_count=824 102 6360 1464 530 366 2320 119 768 18529 14930 295 3270 141 1988
internal_value=-9.45369e-06 -0.00465286 -0.0140273 0.000581658 -0.00534984 -0.000702314 0.00102529 0.0106501 0.000723673 0.00236248 0.00788017 0.00591788 0.0377572 -0.00103802
internal_weight=9518.27 1074.86 205.437 8443.41 587.561 433.73 7855.85 238.702 7617.15 3946.21 843.262 788.816 54.4462 3670.94
internal_count=52006 7926 1566 44080 3510 2686 40570 1298 39272 18755 3825 3565 260 20517
cat_boundaries=0 1 2 3
cat_threshold=17 295 1281
is_linear=0
shrinkage=0.05


Tree=76
num_leaves=15
num_cat=1
split_feature=4 5 0 0 10 2 7 6 6 5 3 7 2 7
split_gain=10.3745 8.72112 9.05513 10.2173 12.6697 13.7877 10.9971 8.89759 8.72585 8.71834 8.6527 10.4059 8.58678 9.44588
threshold=11.100000000000001 3.7500000000000004 4.5000000000000009 3.5000000000000004 0 120.50000000000001 38.863333333333337 0.49500000000000016 0.16833333333333336 3.2500000000000004 1.5000000000000002 38.122500000000009 21.500000000000004 40.263333333333343
decision_type=10 10 2 2 1 10 8 8 8 8 8 10 8 10
left_child=1 2 3 6 5 -5 7 -1 -6 -4 11 -10 13 -11
right_child=-2 -3 9 4 8 -7 -8 -9 10 12 -12 -13 -14 -15
leaf_value=-0.017270582762765292 -0.020929333941353247 -0.0042877390196292735 -0.0022115585397184711 0.0059292065870026932 -0.041728642224260155 0.029641800670442205 -0.0017475103897311392 0.011254808311322034 0.039132058979454674 0.018296988778847879 -0.0022757680888168376 0.0043437893218339517 -0.00074964475923494102 -0.0043304267426658785
leaf_weight=30.333900161087513 58.889608968049288 1002.30929428339 3162.5865091495216 1596.796205278486 12.79234044253826 63.749451152980328 1940.6324752494693 276.68785446509719 27.538397863507271 165.60535751283169 702.63983337581158 97.963578373193741 311.55446489527822 63.926540944725275
leaf_count=135 877 6514 18462 7901 57 285 9756 1246 118 762 3798 405 1365 325
internal_value=-8.20935e-06 0.000122094 0.000645 0.00209019 0.00428854 0.00679861 -0.000356412 0.00843649 -0.000739993 -0.00120814 -0.000115775 0.0119772 0.00465673 0.0119951
internal_weight=9514.01 9455.12 8452.81 4749.13 2501.48 1660.55 2247.65 307.022 840.934 3703.67 828.142 125.502 541.086 229.532
internal_count=52006 51129 44615 23701 12564 8186 11137 1381 4378 20914 4321 523 2452 1087
cat_boundaries=0 1
cat_threshold=1303
is_linear=0
shrinkage=0.05


Tree=77
num_leaves=15
num_cat=5
split_feature=4 8 10 6 11 1 6 10 9 0 10 9 4 10
split_gain=9.53469 8.26052 9.8339 8.17972 8.87772 7.83741 7.6119 7.22191 11.6005 17.173 11.3656 9.85256 10.9 10.4534
threshold=11.100000000000001 21.500000000000004 0 0.68541666666666667 1 52.500000000000007 1.2354166666666668 2 1.0000000180025095e-35 4.5000000000000009 3 1.0000000180025095e-35 2.3666666666666671 4
decision_type=10 2 1 10 1 8 10 1 8 2 1 8 8 1
left_child=1 5 3 4 -3 -1 -5 11 9 10 -9 13 -13 -7
right_child=-2 2 -4 6 -6 7 -8 8 -10 -11 -12 12 -14 -15
leaf_value=-0.0079677716394652397 -0.020240525307299966 0.0011700429108663347 -0.0058790635443552782 -0.015167694025143556 0.088430479715576271 0.023499827300390696 0.012458228748220394 -0.011491049909659445 0.00046688372469074575 -0.017475080782394604 0.0085293377213203157 0.0079275281372739089 0.00046314915642800178 0.0039859436925853585
leaf_weight=256.28036969155073 57.875288210809231 5.3644868284463882 922.55162021517754 34.222553446888924 6.3829629644751531 99.657241858541965 91.872224297374487 105.51520914584398 3839.6263575963676 235.39915643632412 173.7369519174099 589.59853106737137 2868.6562193855643 222.22000851109624
leaf_count=1540 877 36 6803 225 38 487 645 559 19906 1334 924 2535 14845 1252
internal_value=-7.96163e-06 0.000115936 -0.00404219 0.00809115 0.0485829 0.00064143 0.00496046 0.000912669 -0.000476871 -0.00752715 0.000858591 0.00250789 0.00173575 0.0108816
internal_weight=9508.96 9451.08 1060.39 137.842 11.7474 8390.69 126.095 8134.41 4354.28 514.651 279.252 3780.13 3458.25 321.877
internal_count=52006 51129 7747 944 74 43382 870 41842 22723 2817 1483 19119 17380 1739
cat_boundaries=0 1 2 3 4 5
cat_threshold=616 2 1317 136 1281
is_linear=0
shrinkage=0.05


Tree=78
num_leaves=15
num_cat=0
split_feature=3 9 2 0 2 0 6 4 1 8 8 6 8 7
split_gain=9.14152 14.5574 10.7087 9.20786 9.10155 17.975 8.98582 9.13777 9.09913 8.27346 7.70671 7.23439 7.04467 6.90323
threshold=10.500000000000002 1.0000000180025095e-35 14.500000000000002 7.5000000000000009 28.500000000000004 6.5000000000000009 4.7562500000000005 6.291666666666667 56.750000000000007 8.5000000000000018 5.5000000000000009 1.5183333333333335 8.5000000000000018 40.010000000000012
decision_type=10 10 10 2 10 2 10 10 10 2 2 10 2 8
left_child=3 2 -2 6 -3 11 -1 8 -8 -5 -10 12 -6 -14
right_child=1 4 -4 9 5 -7 7 -9 10 -11 -12 -13 13 -15
leaf_value=0.0010291273425545101 -0.024164041841168715 -0.016587651271775566 0.019956301175811111 0.0074697283986210825 0.052337677479923073 0.05004112309665959 -0.0096953754907449161 -0.026735336848019133 0.040280781710767162 -0.0078049498719632701 -0.0069845906503760062 -0.025941808179693205 -0.031688550795758594 0.033295448949367146
leaf_weight=8222.4031319580972 17.227393731474876 253.24070868641138 68.194675248116255 105.51291006803513 7.1119423434138325 16.140774454921484 120.26217542588711 55.974903266876936 19.421943344175816 554.72792306914926 15.512652792036532 31.014083422720432 10.662374794483187 6.626696288585662
leaf_count=42371 199 3025 557 503 55 148 598 581 90 3318 76 335 85 65
internal_value=-6.94395e-06 -0.00730808 0.0110584 0.000322408 -0.0121385 0.00360735 0.000767573 -0.00941657 -0.0031702 -0.00536391 0.0192927 -0.00991743 0.0104498 -0.00678095
internal_weight=9504.03 410.219 85.4221 9093.82 324.797 71.5559 8433.57 211.172 155.197 660.241 34.9346 55.4151 24.401 17.2891
internal_count=52006 4469 756 47537 3713 688 43716 1345 764 3821 166 540 205 150
is_linear=0
shrinkage=0.05


Tree=79
num_leaves=15
num_cat=2
split_feature=7 10 4 10 7 5 5 7 8 0 7 1 0 7
split_gain=8.90992 13.2727 11.8969 10.4587 10.3444 10.207 9.70487 8.52163 8.29338 10.7409 13.872 12.2435 9.94005 8.25629
threshold=39.710000000000015 0 11.100000000000001 1 38.390000000000015 0.87500000000000011 7.5000000000000009 43.310000000000009 4.5000000000000009 3.5000000000000004 42.590000000000011 50.500000000000007 4.5000000000000009 41.64500000000001
decision_type=10 1 10 1 8 8 10 10 2 2 10 10 2 10
left_child=1 4 3 7 5 -1 8 -2 13 10 -10 12 -11 -5
right_child=2 -3 -4 6 -6 -7 -8 -9 9 11 -12 -13 -14 -15
leaf_value=-0.007416833524207596 0.0013632402453067471 0.00026865577314725403 -0.02942655556333254 0.0067561640134048044 0.0057416632266865594 0.039784513396923543 -0.023615098314566787 -0.020004981261860639 -0.013429200159855824 0.070923342204070372 0.040353002890701373 -0.0030357251400799355 -0.0027048308043721892 -0.013665841654450893
leaf_weight=15.528039261698721 2562.2699468284845 3560.2840332500637 37.684987213462591 324.31895102187991 808.98714012280107 43.645596191287041 59.081191778182983 47.523335721343756 384.73981101438403 10.2047968916595 12.375146396458147 1567.425677895546 8.3223090395331365 58.403611872345209
leaf_count=74 14399 17839 598 1521 3894 207 489 337 2371 62 105 9707 63 340
internal_value=-7.1451e-06 0.00163158 -0.00143784 -0.00122834 0.00713557 0.0273982 -0.003584 0.000970415 -0.00309891 -0.00439945 -0.0117532 -0.0025581 0.0378498 0.00363976
internal_weight=9500.79 4428.44 5072.35 5034.66 868.161 59.1736 2424.87 2609.79 2365.79 1983.07 397.115 1585.95 18.5271 382.723
internal_count=52006 22014 29992 29394 4175 281 14658 14736 14169 12308 2476 9832 125 1861
cat_boundaries=0 1 2
cat_threshold=1281 884
is_linear=0
shrinkage=0.05


Tree=80
num_leaves=15
num_cat=1
split_feature=5 4 2 6 0 10 7 7 6 6 7 1 9 8
split_gain=8.61454 11.5997 7.46572 7.03901 8.48104 6.9082 10.4892 7.82633 7.93469 8.98042 8.49582 7.00805 7.13642 6.85481
threshold=1.8750000000000002 10.100000000000001 156.50000000000003 4.205000000000001 7.5000000000000009 0 39.622500000000009 41.910000000000011 0.88875000000000015 3.1050000000000009 38.045000000000009 55.500000000000007 1.0000000180025095e-35 4.5000000000000009
decision_type=10 10 8 10 2 1 10 10 10 10 10 10 10 2
left_child=-1 3 -3 4 5 6 13 8 -7 -10 -11 -8 -13 -2
right_child=1 2 -4 -5 -6 7 11 -9 9 10 -12 12 -14 -15
leaf_value=0.00093663633121872478 0.023396913725952151 -0.025390366440383033 0.06504062011360344 -0.010117822837011826 -0.011115211994257412 0.024723188006660679 -0.0035485487785384059 -0.0104855790104872 0.00053623643493369295 0.068169223336400839 0.01034727102358271 0.026337510177625124 -0.01829482917548176 0.00046582619932440623
leaf_weight=6818.5920123532414 38.262198895215988 68.462709061801434 2.3610332310199729 235.2156126499176 192.3057035766542 40.435945101082325 269.82687488943338 118.6654286980629 1116.2181211449206 6.5852120444178572 179.93560725077987 9.4232672154903394 180.67173446342349 219.84463093429804
leaf_count=35597 179 1089 18 1651 1237 209 1755 792 6078 35 1083 54 1067 1162
internal_value=-7.14768e-06 -0.00240997 -0.0223757 -0.00186765 -0.00104959 -0.000161616 -0.00414412 0.00181048 0.00291028 0.00223322 0.0123887 -0.00872902 -0.0160823 0.00386517
internal_weight=9496.81 2678.21 70.8237 2607.39 2372.17 2179.87 718.029 1461.84 1343.17 1302.74 186.521 459.922 190.095 258.107
internal_count=52006 16409 1107 15302 13651 12414 4217 8197 7405 7196 1118 2876 1121 1341
cat_boundaries=0 1
cat_threshold=11
is_linear=0
shrinkage=0.05


Tree=81
num_leaves=15
num_cat=2
split_feature=8 2 10 6 6 1 10 7 4 7 0 8 1 7
split_gain=8.10092 10.2507 10.781 12.9217 10.1216 8.77821 8.19274 16.1507 11.874 9.13785 9.35682 7.7817 7.4254 11.7169
threshold=15.500000000000002 99.500000000000014 0 1.7449999999999999 1.7225000000000004 51.250000000000007 1 38.122500000000009 8.1000000000000014 40.610000000000014 4.5000000000000009 20.500000000000004 55.500000000000007 38.510000000000012
decision_type=2 10 1 10 10 8 1 10 10 8 2 2 8 10
left_child=6 2 12 4 -4 11 7 -1 -9 10 -8 -5 -2 -14
right_child=1 -3 3 5 -6 -7 9 8 -10 -11 -12 -13 13 -15
leaf_value=0.0063414059543895635 0.0019851281384894227 -0.030713684579873848 -0.00032509429612836548 -0.018124906019049564 0.033683758557591759 -0.007630160602680184 0.0053246116214744777 -0.0083246322647290861 0.0083048864257072638 -0.00092138589573638311 -1.2617987623268003e-05 0.076653494274239231 -0.0085830696377711662 0.046972640586920203
leaf_weight=359.05892287194729 50.083519645035267 31.441550996154547 1564.0033945739269 3.4548170417547208 22.18833714351058 965.02643193677068 2168.1193996891379 813.42826989293098 123.66266058757901 2021.5232160054147 1321.81338820979 5.8039643689990044 13.661400608718393 31.086873386055231
leaf_count=1646 301 198 9720 31 148 7127 10156 4083 1166 10616 6526 51 71 166
internal_value=-7.14287e-06 -0.00233195 -0.00199589 -0.0026229 0.000150636 -0.00716528 0.000910388 -0.00265479 -0.00613013 0.00175046 0.00330313 0.0412879 0.0137592 0.0300118
internal_weight=9494.36 2686.75 2655.31 2560.48 1586.19 974.285 6807.61 1296.15 937.091 5511.46 3489.93 9.25878 94.8318 44.7483
internal_count=52006 17813 17615 17077 9868 7209 34193 6895 5249 27298 16682 82 538 237
cat_boundaries=0 1 2
cat_threshold=64 72
is_linear=0
shrinkage=0.05


Tree=82
num_leaves=15
num_cat=0
split_feature=3 9 2 2 7 6 0 8 6 4 1 0 6 8
split_gain=7.70548 13.1323 9.61986 8.34734 7.9177 8.9408 7.87585 7.37883 7.29634 8.39553 8.21936 7.06091 8.53488 6.91572
threshold=10.500000000000002 1.0000000180025095e-35 14.500000000000002 36.500000000000007 38.245000000000012 1.4450000000000003 7.5000000000000009 8.5000000000000018 4.7562500000000005 6.291666666666667 56.750000000000007 6.5000000000000009 1.0775000000000003 5.5000000000000009
decision_type=10 10 10 10 10 10 2 2 10 10 10 2 10 2
left_child=6 2 -2 4 -3 -6 8 -8 -1 10 -10 12 -5 -12
right_child=1 3 -4 11 5 -7 7 -9 9 -11 13 -13 -14 -15
leaf_value=0.00093916642562419177 -0.023259731486173205 -0.048132843068667004 0.018916788215284534 0.043508179636159827 -0.00085965364142775481 -0.020006123351841626 0.0071351462343900111 -0.0072966240291141848 -0.0088234461111623263 -0.025457810509861241 0.038573958916448818 0.042501128986625114 -0.015922810607511089 -0.0062502054084935315
leaf_weight=8219.7614333629608 16.822831872850657 16.668200142681599 68.855888489633799 7.7403680980205527 99.68447870016098 157.010747063905 105.5164475440979 551.49168751761317 119.38731169700623 54.214675579220057 19.470516256988049 11.327582169324158 27.516680266708136 15.419914998114107
leaf_count=42371 199 180 557 60 1040 2072 503 3318 598 581 90 96 265 76
internal_value=-7.18633e-06 -0.0067497 0.0106355 -0.0114053 -0.0147392 -0.0125708 0.000293845 -0.00497886 0.000704868 -0.00853229 -0.0025845 0.00815852 -0.00287527 0.0187638
internal_weight=9490.89 405.627 85.6787 319.948 273.363 256.695 9085.26 657.008 8428.25 208.492 154.278 46.5846 35.257 34.8904
internal_count=52006 4469 756 3713 3292 3112 47537 3821 43716 1345 764 421 325 166
is_linear=0
shrinkage=0.05


Tree=83
num_leaves=15
num_cat=2
split_feature=1 4 5 10 2 0 2 6 10 4 4 7 0 0
split_gain=7.66414 14.7672 8.00988 10.4496 8.37701 7.59113 7.94232 9.95786 7.54445 11.5409 7.35829 9.86747 10.0245 7.29745
threshold=55.500000000000007 9.4500000000000011 1.0000000180025095e-35 0 19.500000000000004 4.5000000000000009 43.500000000000007 4.7562500000000005 1 4.5500000000000007 7.9000000000000012 38.810000000000009 5.5000000000000009 3.5000000000000004
decision_type=8 10 10 1 8 2 10 10 1 10 8 8 2 2
left_child=1 5 3 4 -2 13 7 10 9 -4 -7 12 -12 -1
right_child=2 -3 8 -5 -6 6 -8 -9 -10 -11 11 -13 -14 -15
leaf_value=-0.0017125991064299928 0.027008858516922359 -0.014577558224724251 0.0025069700638784345 0.0018252152478067151 0.0081866094115271675 -5.6376511285997566e-05 -0.012082093981746839 -0.042306942569521021 0.0023451033875991458 -0.0059414911266442057 0.054104279645074194 -0.014239331655852476 -0.0069721922524712517 0.0032337426715822841
leaf_weight=1558.6316756568849 87.032298304140568 204.06968533247709 736.81245067715645 569.67194480448961 184.27561869472265 1119.9298536553979 236.2731900587678 15.260333918035029 2234.3284172713757 895.52343183755875 11.241061724722387 188.44521045684814 16.697326846420765 1429.5962130464613
leaf_count=7915 396 2660 3144 2447 795 6008 1254 124 12221 5975 84 1578 131 7274
internal_value=-7.30714e-06 -0.00141757 0.00142468 0.00584706 0.0137189 -0.000830703 -0.0036244 -0.00214588 0.000462829 -0.00211502 -0.00168725 -0.0101281 0.017602 0.000653777
internal_weight=9487.79 4780.14 4707.64 840.98 271.308 4576.07 1587.85 1351.57 3866.66 1632.34 1336.31 216.384 27.9384 2988.23
internal_count=52006 27028 24978 3638 1191 24368 9179 7925 21340 9119 7801 1793 215 15189
cat_boundaries=0 1 2
cat_threshold=297 525
is_linear=0
shrinkage=0.05


Tree=84
num_leaves=15
num_cat=3
split_feature=1 8 8 10 10 5 3 9 2 11 2 5 1 0
split_gain=7.33511 12.1883 8.80267 16.8221 12.3576 13.8799 10.1127 11.6771 10.8546 11.0413 10.3835 10.7013 9.26242 8.60365
threshold=53.500000000000007 5.5000000000000009 6.5000000000000009 0 1 4.5000000000000009 3.5000000000000004 1.0000000180025095e-35 20.500000000000004 2 98.500000000000014 0.62500000000000011 57.250000000000007 4.5000000000000009
decision_type=8 2 2 1 1 10 10 10 10 1 10 10 8 2
left_child=1 -1 3 -2 6 12 8 10 -4 -10 11 -8 -6 -5
right_child=2 -3 4 13 5 -7 7 -9 9 -11 -12 -13 -14 -15
leaf_value=-0.017502123783528334 0.0086992119352299786 -0.00137521876148077 0.011450860489230231 0.0016591924925767846 -0.0022474588026219476 -0.015984940238703289 -0.0024009583063030072 -0.001832173748233134 -0.026666119733563445 0.0027967905868998282 -0.018096760948119264 0.022668675803645198 0.024047111272941533 -0.0071676177772518742
leaf_weight=152.17197443544865 812.37976454943419 509.22422152757645 465.21136280894279 1660.3527656421065 3093.7378019690514 187.03496593981981 63.084265977144241 1590.6567664407194 34.623963296413422 389.69823655486107 27.920840032398701 130.88713443279266 33.857848219573498 331.1236357241869
leaf_count=824 3658 3318 1979 7789 18063 1476 375 9901 148 1654 149 843 209 1620
internal_value=-7.07395e-06 -0.00508565 0.000373735 0.00268756 -0.000704534 -0.00274575 0.0018029 -0.000333266 0.00617592 0.000392668 0.0104118 0.0145154 -0.00196281 0.000190598
internal_weight=9481.97 661.396 8820.57 2803.86 6016.71 3314.63 2702.08 1812.55 889.534 424.322 221.892 193.971 3127.6 1991.48
internal_count=52006 4142 47864 13067 34797 19748 15049 11268 3781 1802 1367 1218 18272 9409
cat_boundaries=0 1 2 3
cat_threshold=1409 868 1
is_linear=0
shrinkage=0.05


Tree=85
num_leaves=15
num_cat=3
split_feature=4 5 11 0 7 2 4 1 0 11 4 2 3 10
split_gain=7.05011 7.02249 7.31583 6.80509 6.59776 6.62168 9.82411 6.35505 7.87403 7.82239 8.94654 10.1722 9.66015 9.30136
threshold=11.100000000000001 0.075000000000000025 0 10.500000000000002 43.070000000000014 51.500000000000007 5.291666666666667 55.500000000000007 4.5000000000000009 1 7.9000000000000012 169.50000000000003 5.5000000000000009 2
decision_type=10 8 1 2 10 10 10 8 2 1 8 10 10 1
left_child=3 -2 -3 4 7 -6 -7 8 -1 10 11 -10 -13 -12
right_child=1 2 -4 -5 5 6 -8 -9 9 -11 13 12 -14 -15
leaf_value=0.00053581278744381869 0.062749669074292941 -0.040853190050471749 -0.0033135112875360482 -0.021267526048794512 -0.017896949621329029 -0.024365259661576606 0.072521370722618592 0.0016306234130390729 0.00091939841425328509 -0.011281042644829778 -6.3781645800697632e-05 -0.036636720007221499 0.0091921080216516605 -0.018488406709378766
leaf_weight=3020.3560693711042 2.5692937672138205 25.751423977315426 26.165623471140862 37.125170011073351 81.935003414750099 5.2049274742603284 5.2610101923346519 4613.7265583612025 1044.4747755378485 285.56863459944725 134.5510288067162 35.226653769612312 17.070897154510021 142.59099489822984
leaf_count=15802 39 439 399 245 608 27 41 24192 5569 1745 1245 160 105 1390
internal_value=-6.58603e-06 -0.0179404 -0.0219336 9.7111e-05 0.000181617 -0.0131132 0.0243376 0.0003138 -0.000984421 -0.00375134 -0.00218628 -0.000158085 -0.0216773 -0.0102128
internal_weight=9477.58 54.4863 51.917 9423.09 9385.97 92.4009 10.4659 9293.57 4679.84 1659.48 1373.91 1096.77 52.2976 277.142
internal_count=52006 877 838 51129 50884 676 68 50208 26016 10214 8469 5834 265 2635
cat_boundaries=0 1 2 3
cat_threshold=2 2 109
is_linear=0
shrinkage=0.05


Tree=86
num_leaves=15
num_cat=2
split_feature=7 10 10 4 7 5 5 6 7 6 4 4 2 8
split_gain=6.90101 10.5619 10.3516 9.95639 9.08323 9.23319 9.05611 8.06096 9.60146 9.77475 8.01867 7.89314 7.70605 9.62751
threshold=39.710000000000015 0 1 7.4500000000000011 38.510000000000012 0.87500000000000011 0.15000000000000005 4.9387500000000006 42.590000000000011 3.2050000000000005 5.366666666666668 11.100000000000001 44.500000000000007 7.5000000000000009
decision_type=8 1 1 10 10 8 8 10 10 8 10 10 10 2
left_child=2 11 4 6 5 -1 -3 8 -5 -10 -7 -2 -4 -14
right_child=1 3 12 7 -6 10 -8 -9 9 -11 -12 -13 13 -15
leaf_value=-0.0054063753419073607 0.0013965223368558224 0.0092655988239228153 0.0015563565689089788 -0.0090777829158934266 0.0050935359623592563 0.024924099901838748 -0.0025937339173779531 -0.040063646652080148 0.074020686182630122 -0.010385672184706407 0.074308524915912014 -0.039454621200404619 0.0012960644750660639 -0.011609515750639702
leaf_weight=20.726675674319267 2620.7635244950652 173.01590020954609 2475.783512711525 522.84468823671341 666.55271911248565 46.938027709722519 2313.2545875608921 20.336943659931421 7.1046018153429005 6.6317124962806711 9.9648848697543126 11.878050599247215 303.47247384488583 275.88261318579316
leaf_count=99 14312 873 12961 5297 3309 220 11467 302 60 88 51 165 1371 1431
internal_value=-7.65305e-06 -0.00111166 0.00164163 -0.0031118 0.00688616 0.0231652 -0.00176846 -0.00916478 -0.00799368 0.0332704 0.0335723 0.00120762 0.000340493 -0.00484943
internal_weight=9475.15 5675.83 3799.32 3043.19 744.182 77.6296 2486.27 556.918 536.581 13.7363 56.9029 2632.64 3055.14 579.355
internal_count=52006 32564 19442 18087 3679 370 12340 5747 5445 148 271 14477 15763 2802
cat_boundaries=0 1 2
cat_threshold=372 1281
is_linear=0
shrinkage=0.05


Tree=87
num_leaves=15
num_cat=2
split_feature=5 4 2 0 6 8 10 7 10 7 7 3 1 3
split_gain=6.72756 9.4432 6.73943 6.48746 5.98375 6.96336 7.88158 9.26142 6.22558 8.23737 7.33735 6.45601 9.22802 6.46274
threshold=1.8750000000000002 10.100000000000001 160.50000000000003 10.500000000000002 4.205000000000001 1.5000000000000002 0 41.690000000000012 1 39.722500000000011 41.890000000000015 7.5000000000000009 52.500000000000007 11.500000000000002
decision_type=10 10 10 2 10 2 1 10 1 10 10 10 10 10
left_child=-1 3 -3 4 5 6 7 -2 9 11 -11 12 -7 -13
right_child=1 2 -4 -5 -6 8 -8 -9 -10 10 -12 13 -14 -15
leaf_value=0.00082579557178324092 0.0081030356948179807 -0.023669238635984073 0.061266836881252965 -0.037434801537952138 -0.0091672372246668077 0.047869345487313739 0.029047131477473856 -0.041727269745476719 0.00047573997251326174 -0.01145252013638131 0.016501009870698968 -0.021588343988891763 0.0022056980229128247 0.051824152685753445
leaf_weight=6808.2412457205355 64.255890764296055 64.971823643893003 2.4225764423608771 12.60983159765601 230.76600551232696 11.607756011188028 30.76695703715086 10.907458528876303 1539.3096274025738 389.79903494939208 24.979349512606859 41.526937931776047 236.13367722183466 3.2311604954302302
leaf_count=35597 311 1089 18 88 1645 59 147 61 8801 2490 200 360 1105 35
internal_value=-7.656e-06 -0.00213823 -0.0206161 -0.00165851 -0.00148388 -0.000730191 0.0117973 0.000769454 -0.00132088 -0.00516473 -0.00976906 0.00118786 0.00434524 -0.0162886
internal_weight=9471.53 2663.29 67.3944 2595.89 2583.28 2352.52 105.93 75.1633 2246.59 707.278 414.778 292.5 247.741 44.7581
internal_count=52006 16409 1107 15302 15214 13569 519 372 13050 4249 2690 1559 1164 395
cat_boundaries=0 1 2
cat_threshold=1614 11
is_linear=0
shrinkage=0.05


Tree=88
num_leaves=15
num_cat=2
split_feature=8 10 9 5 2 1 6 8 5 6 6 10 9 0
split_gain=6.47218 8.67476 8.27127 6.91975 6.68007 6.55778 6.79859 6.0805 6.46367 6.60813 9.00047 5.91521 11.2653 14.3686
threshold=21.500000000000004 0 1.0000000180025095e-35 9.5000000000000018 22.500000000000004 52.500000000000007 3.3050000000000002 20.500000000000004 0.075000000000000025 1.0225000000000002 1.1550000000000005 1 1.0000000180025095e-35 4.5000000000000009
decision_type=2 1 10 10 10 8 10 2 8 8 8 1 8 2
left_child=5 2 4 -3 -2 6 7 8 -1 -10 -11 -7 13 -13
right_child=1 3 -4 -5 -6 11 -8 -9 9 10 -12 12 -14 -15
leaf_value=0.036038708330352123 -0.0017951890269787348 -0.00099561716283238003 -0.016109723799075468 -0.049584750958127782 0.072175948310509691 0.0021507147322006128 -0.032526679310636894 0.045435503617935732 0.0055592394031922197 -0.053384608954828133 -0.0097790223352398047 0.00015515481697305359 0.00038331358676799707 -0.016528773865265224
leaf_weight=8.7538391388952714 8.5076635926961881 850.03733536228538 187.57729532197118 7.391150899231433 4.7595498859882346 3779.207033239305 24.397974751889706 5.8760697431862345 64.995717659592628 12.934436202049254 139.05615543201566 282.90690077468753 3855.4319133982062 237.29176206886768
leaf_count=53 70 6271 1464 89 32 19216 201 40 350 78 857 1517 20378 1390
internal_value=-6.06215e-06 -0.00369127 -0.0127751 -0.00139816 0.0247416 0.000457619 -0.00742198 -0.0047775 -0.00608456 -0.00778393 -0.0134899 0.000704992 -0.000547335 -0.00745532
internal_weight=9469.12 1058.27 200.845 857.428 13.2672 8410.85 256.014 231.616 225.74 216.986 151.991 8154.84 4375.63 520.199
internal_count=52006 7926 1566 6360 102 44080 1579 1378 1338 1285 935 42501 23285 2907
cat_boundaries=0 1 2
cat_threshold=17 1317
is_linear=0
shrinkage=0.05


Tree=89
num_leaves=15
num_cat=1
split_feature=5 2 3 7 10 9 3 6 6 6 1 9 8 8
split_gain=6.16085 9.44024 10.3069 8.76016 9.96285 8.22386 7.74801 7.66125 6.72406 6.67668 6.484 11.3614 11.7118 7.59871
threshold=7.5000000000000009 58.500000000000007 6.5000000000000009 42.045000000000009 0 1.0000000180025095e-35 5.5000000000000009 3.5550000000000002 3.5550000000000002 3.2450000000000006 53.500000000000007 1.0000000180025095e-35 5.5000000000000009 9.5000000000000018
decision_type=10 10 10 10 1 10 10 10 10 10 8 8 2 2
left_child=10 3 8 4 5 -2 -7 -4 -3 -8 11 -1 -13 -12
right_child=1 2 7 -5 -6 6 9 -9 -10 -11 13 12 -14 -15
leaf_value=-0.022992189371479385 0.06921068346151503 0.035203372944906774 -0.00098621886564769379 -0.034011085728434497 -0.018924418727740408 0.022163925230073465 0.017766156661566359 0.076399804692535767 -0.028601454398306109 -0.036125360562662794 0.0021626121405462283 -0.015191015988606397 0.0017213135911928476 -0.00081689236252352004
leaf_weight=74.721202753484249 5.2483685575425616 6.057623744010928 5.010955609381198 40.236542340368032 64.085791379213333 26.814654156565666 9.0170022621750849 8.8412237428128702 12.970615297555922 15.849197477102278 3928.7316988818347 133.83363492041826 435.38030012696981 4699.7327213361859
leaf_count=476 40 31 37 377 521 126 78 78 66 167 18566 716 2817 27910
internal_value=-6.02353e-06 -0.00882143 0.0155958 -0.0138003 -0.00708036 0.00814593 0.00352079 0.0484058 -0.00828924 -0.0165832 0.000178541 -0.00466141 -0.00225511 0.000539742
internal_weight=9466.53 194.132 32.8804 161.252 121.015 56.9292 51.6809 13.8522 19.0282 24.8662 9272.4 643.935 569.214 8628.46
internal_count=52006 1521 212 1309 932 411 371 115 97 245 50485 4009 3533 46476
cat_boundaries=0 1
cat_threshold=865
is_linear=0
shrinkage=0.05


Tree=90
num_leaves=15
num_cat=2
split_feature=0 1 4 2 3 0 7 10 2 8 5 10 6 6
split_gain=6.05538 6.11145 11.2221 7.24775 16.6914 6.79191 6.66636 10.8763 11.0007 9.59258 9.44884 8.5956 8.40842 8.20245
threshold=10.500000000000002 55.500000000000007 9.4500000000000011 10.500000000000002 4.5000000000000009 4.5000000000000009 39.363333333333344 0 111.50000000000001 9.5000000000000018 3.7500000000000004 1 1.8950000000000002 3.1275000000000004
decision_type=2 8 10 8 10 2 8 1 10 2 10 1 8 10
left_child=1 2 3 4 -1 -5 9 -8 -9 10 -3 13 -13 -11
right_child=-2 6 -4 5 -6 -7 7 8 -10 11 -12 12 -14 -15
leaf_value=0.028024363865484687 -0.020267580486239389 0.01050186176682623 -0.012884441242713285 0.00036716138987395416 -0.0057568650179734473 -0.0037670587894807401 0.0048371023418300541 -0.0024777763572473898 0.012902655766279802 0.0048100492490199161 -0.01243956563052389 -0.00088299680132677147 -0.018484648356762095 0.047386692495541095
leaf_weight=69.491953790187836 36.736252430826426 590.00232327729464 196.66855804808438 2899.4836339876056 77.176467884331942 1511.2421284876764 870.58595361933112 2236.2455732002854 122.63339527696371 365.14114113524556 48.577967923134565 343.84223313257098 84.52972649782896 11.67367723956704
leaf_count=302 250 2698 2644 14734 510 8771 4552 12445 600 1867 235 1837 503 58
internal_value=-7.14254e-06 7.18083e-05 -0.00119038 -0.00068574 0.0102488 -0.00104934 0.00135583 9.31623e-05 -0.00167109 0.00418021 0.00875667 0.000550692 -0.00425692 0.00597062
internal_weight=9464.03 9427.29 4754.06 4557.39 146.668 4410.73 4673.23 3229.46 2358.88 1443.77 638.58 805.187 428.372 376.815
internal_count=52006 51756 26961 24317 812 23505 24795 17597 13045 7198 2933 4265 2340 1925
cat_boundaries=0 1 2
cat_threshold=368 1443
is_linear=0
shrinkage=0.05


Tree=91
num_leaves=15
num_cat=1
split_feature=5 4 0 2 3 10 8 6 6 6 7 6 1 8
split_gain=5.6718 8.63984 6.34113 5.98219 9.86101 8.49689 8.55208 8.51859 8.40187 8.0084 8.5076 7.55921 6.91822 6.90626
threshold=1.8750000000000002 11.100000000000001 10.500000000000002 14.500000000000002 3.5000000000000004 0 21.500000000000004 0.58166666666666689 2.9050000000000007 3.9133333333333336 39.290000000000013 0.20500000000000004 52.500000000000007 31.500000000000004
decision_type=10 10 2 8 10 1 2 10 8 10 10 8 8 2
left_child=3 2 -2 4 11 6 8 -7 12 -5 -11 -1 -6 -9
right_child=1 -3 -4 9 5 7 -8 13 -10 10 -12 -13 -14 -15
leaf_value=-0.018401491806610739 -0.001553022492222165 -0.035583404945788676 -0.036744670653488097 -0.00054242788726860717 -0.024235434070463704 0.013092754228931677 -0.0041849819159813706 -0.0047969393096696398 -0.017119467302349235 0.045783389463341019 0.0071069343775152245 0.0084732809255346399 0.011106145283874509 -0.053623381583165812
leaf_weight=27.131835758686066 2623.2503401935101 18.976719077676535 12.86327378824353 4586.7036629021168 14.317124448716639 69.442515954375267 200.22554371878505 612.75988718494773 30.690836042165756 17.212026827037334 81.752661544829607 734.53130914270878 421.88972553983331 7.3288584090769282
leaf_count=116 15938 372 99 23239 94 388 1555 3803 224 81 474 3125 2440 58
internal_value=-6.77833e-06 -0.00196674 -0.00172474 0.00075805 0.00296305 0.000406927 0.00439394 -0.003464 0.00816705 -0.000238796 0.0138336 0.00751595 0.00994617 -0.00537402
internal_weight=9459.08 2655.09 2636.11 6803.99 2118.32 1356.65 667.123 689.531 466.898 4685.67 98.9647 761.663 436.207 620.089
internal_count=52006 16409 16037 35597 11803 8562 4313 4249 2758 23794 555 3241 2534 3861
cat_boundaries=0 1
cat_threshold=1070
is_linear=0
shrinkage=0.05


Tree=92
num_leaves=15
num_cat=3
split_feature=7 10 10 0 11 1 2 4 7 4 0 0 1 3
split_gain=5.49204 9.04361 8.92524 11.2157 8.90897 8.28437 8.67298 8.24679 8.01938 9.97043 7.72129 10.3144 21.4626 18.2187
threshold=39.710000000000015 0 1 2.5000000000000004 2 55.500000000000007 29.500000000000004 11.100000000000001 38.390000000000015 6.9000000000000012 3.5000000000000004 4.5000000000000009 50.500000000000007 7.5000000000000009
decision_type=8 1 1 2 1 10 8 10 10 8 2 2 10 8
left_child=1 8 -2 4 -4 6 -6 10 9 -1 -5 12 13 -12
right_child=2 -3 3 7 5 -7 -8 -9 -10 -11 11 -13 -14 -15
leaf_value=0.016872428182534191 -0.0036768444336352148 0.00024851436846565152 0.0023969119275947044 -0.0037465803923970582 0.086996014264147548 -0.00064824536089167319 0.029784967748419058 -0.034617248061842056 0.0049336837211092152 0.082219490451763078 0.026275726716005022 -0.0011985063039801553 0.0041728070274032946 0.1269825632438461
leaf_weight=52.170910984277725 1992.7562180366367 3052.0677848234773 66.22609930858016 945.10789434239268 8.1437691263854486 17.041802775114775 35.507479295134544 17.169506002217531 684.73624781891704 6.5725291296839705 17.003818929195408 1475.2638879939914 1080.4226740151644 6.1027925871312609
leaf_count=244 11856 15763 302 5062 41 75 145 280 3398 37 83 8984 5687 49
internal_value=-6.71017e-06 0.00146484 -0.000993391 0.000473218 0.0150785 0.0289163 0.0404585 -4.89303e-05 0.006369 0.0241838 0.000119497 0.00153638 0.00519255 0.0528739
internal_weight=9456.29 3795.55 5660.75 3667.99 126.919 60.6931 43.6512 3541.07 743.48 58.7434 3523.9 2578.79 1103.53 23.1066
internal_count=52006 19442 32564 20708 563 261 186 20145 3679 281 19865 14803 5819 132
cat_boundaries=0 1 2 3
cat_threshold=1281 1545 2
is_linear=0
shrinkage=0.05


Tree=93
num_leaves=15
num_cat=2
split_feature=5 2 3 7 10 9 9 3 6 7 1 9 8 10
split_gain=5.43952 8.51174 8.97046 8.18872 9.12293 7.26434 7.12974 6.92666 6.22788 6.02304 5.47222 10.4944 10.7964 6.90866
threshold=7.5000000000000009 58.500000000000007 8.5000000000000018 42.045000000000009 0 1.0000000180025095e-35 1.0000000180025095e-35 5.5000000000000009 3.2450000000000006 39.245000000000012 53.500000000000007 1.0000000180025095e-35 5.5000000000000009 1
decision_type=10 10 10 10 1 10 10 10 10 10 8 8 2 1
left_child=10 3 -3 4 6 -4 -2 9 -9 -8 11 -1 -13 -14
right_child=1 2 5 -5 -6 -7 7 8 -10 -11 -12 12 13 -15
leaf_value=-0.022043530090118071 0.063699081750905606 -0.00049321060090079776 0.10601571566123297 -0.03296621794617937 -0.018098246053949173 0.013389912993519496 -0.018673420485495099 0.01703473722815026 -0.035174676851503682 0.035049314925851227 0.00049742279456320849 -0.014453303933102474 0.01127726029919951 -0.0022539553562058775
leaf_weight=73.677990980446339 5.4379677027463904 24.804500378668308 4.1798515915870667 39.215401059016585 63.199789851903915 4.2885922826826555 7.0703398287296322 9.0900809206068534 15.369892735034226 19.905687868595123 8620.6228149011731 132.95586762949824 124.45662444084883 310.06537157669663
leaf_count=476 40 137 30 377 521 45 32 78 167 94 46476 716 776 2041
internal_value=-6.95758e-06 -0.00832453 0.0146762 -0.013129 -0.00665029 0.0591081 0.00786947 0.00349696 -0.015772 0.0209687 0.000165973 -0.00429051 -0.00198556 0.00182934
internal_weight=9454.34 192.562 33.2729 159.289 120.074 8.46844 56.874 51.436 24.46 26.976 9261.78 641.156 567.478 434.522
internal_count=52006 1521 212 1309 932 75 411 371 245 126 50485 4009 3533 2817
cat_boundaries=0 1 2
cat_threshold=865 146
is_linear=0
shrinkage=0.05


Tree=94
num_leaves=15
num_cat=2
split_feature=2 10 4 1 0 1 7 3 8 5 1 4 8 10
split_gain=5.33375 10.1303 8.40483 8.18857 7.3429 6.20019 6.80902 7.17179 6.44903 6.28115 6.12399 8.78638 7.48025 10.0082
threshold=10.500000000000002 0 9.2250000000000014 53.500000000000007 10.500000000000002 54.750000000000007 41.010000000000012 2.5000000000000004 13.500000000000002 2.7500000000000004 55.500000000000007 11.100000000000001 9.5000000000000018 1
decision_type=8 1 10 10 2 10 8 10 2 8 8 10 2 1
left_child=1 2 -1 -3 10 6 7 -5 9 -7 11 -2 -12 -14
right_child=4 3 -4 5 -6 8 -8 -9 -10 -11 12 -13 13 -15
leaf_value=0.020795600092305459 -0.0012524956976077408 -0.031886252073585294 -0.039344671258185256 0.050540162863892228 -0.023144081110856383 -0.0076186907094375703 0.066833097794622792 0.00023262485958658598 0.0061815322962714093 -0.048743266324958547 0.0034700878503808315 -0.029215815746017521 0.0056963518427809888 -0.0021752045623631591
leaf_weight=121.01481288671494 4563.3082131408155 19.793734107166529 6.1024473123252383 8.7829184234142286 34.818425629287958 36.950833953917027 5.9529159516096106 36.632096759974957 63.038652319461107 12.400943446904419 1981.4071751087904 28.265330798923969 492.94321131333709 2041.9256204515696
leaf_count=642 25522 128 76 36 242 186 40 228 426 66 9248 521 2808 11837
internal_value=-7.47146e-06 0.00643542 0.0166024 -0.00143211 -0.000226402 0.00216147 0.0165524 0.00996172 -0.00441589 -0.0179523 -0.00013879 -0.00142464 0.00116849 -0.000630572
internal_weight=9453.34 310.669 127.117 183.552 9142.67 163.758 51.3679 45.415 112.39 49.3518 9107.85 4591.57 4516.28 2534.87
internal_count=52006 1828 718 1110 50178 982 304 264 678 252 49936 26043 23893 14645
cat_boundaries=0 1 2
cat_threshold=295 240
is_linear=0
shrinkage=0.05


Tree=95
num_leaves=15
num_cat=1
split_feature=7 2 4 0 5 7 3 9 2 7 6 2 10 7
split_gain=5.18702 5.46702 7.58385 5.27346 5.64515 5.26108 5.18241 10.7329 8.45756 8.23802 8.60474 7.97872 7.814 6.43365
threshold=43.070000000000014 51.500000000000007 5.291666666666667 10.500000000000002 3.2500000000000004 43.010000000000012 10.500000000000002 1.0000000180025095e-35 168.50000000000003 38.245000000000012 1.4450000000000003 14.500000000000002 0 42.263333333333343
decision_type=10 10 10 2 8 10 10 10 10 10 10 10 1 10
left_child=3 -2 -3 5 -5 6 -1 11 9 -9 12 -8 -11 -12
right_child=1 2 -4 4 -6 -7 7 8 -10 10 13 -13 -14 -15
leaf_value=0.00039845117612723386 -0.016299485190375041 -0.022692417330450319 0.061223161400766224 -0.010280892833411024 -0.06410563808674527 0.049124790093192268 -0.021419218030425978 -0.043774876119057615 0.04096554016713351 -0.012350713229606862 -0.018549288931773964 0.017848515649883004 0.012374420512856209 0.025722367180607782
leaf_weight=8931.1050925254822 80.921359920874238 5.1044179126620275 5.6979094110429287 29.4576470926404 5.8365620970726004 5.4875482246279708 15.99284093827009 18.2693523876369 7.9627733379602423 47.273500584065914 158.50487017817795 67.679969303309917 62.720300443470478 8.6543291732668859
leaf_count=46659 625 27 42 201 47 44 196 197 64 484 2100 547 648 125
internal_value=-7.18826e-06 -0.0118395 0.0215706 0.000108776 -0.0191818 0.0001818 0.000152977 -0.00551118 -0.00988374 -0.0112543 -0.00911063 0.0103431 0.00175013 -0.0162572
internal_weight=9450.67 91.7237 10.8023 9358.94 35.2942 9323.65 9318.16 387.058 303.385 295.422 277.153 83.6728 109.994 167.159
internal_count=52006 694 69 51312 248 51064 51020 4361 3618 3554 3357 743 1132 2225
cat_boundaries=0 1
cat_threshold=739
is_linear=0
shrinkage=0.05


Tree=96
num_leaves=15
num_cat=1
split_feature=5 2 3 7 10 9 3 6 6 6 7 7 9 1
split_gain=4.94798 7.51798 7.84248 7.54632 8.35992 6.09224 6.20287 6.07909 6.04972 5.7577 5.37967 5.35952 4.71871 4.6712
threshold=7.5000000000000009 58.500000000000007 6.5000000000000009 42.045000000000009 0 1.0000000180025095e-35 5.5000000000000009 3.5550000000000002 3.5550000000000002 3.2450000000000006 39.245000000000012 40.445000000000014 1.0000000180025095e-35 53.500000000000007
decision_type=10 10 10 10 1 10 10 10 10 10 10 10 10 8
left_child=13 3 7 4 5 -2 10 -3 -4 -8 -7 -12 -10 -1
right_child=1 2 8 -5 -6 6 9 -9 12 -11 11 -13 -14 -15
leaf_value=-0.0039678426370811952 0.058140686471379571 0.033121882935691668 -0.0030160320997619657 -0.031885410880955749 -0.017407506316548749 -0.017839824725704601 0.016088897693162778 -0.027396349556106998 0.10401812197936905 -0.034232389273778543 0.06263953691327416 0.010512324183642346 0.033402216419274371 0.00046299426918313899
leaf_weight=638.93123169988394 5.6421388126909724 6.13465687632561 5.1371117532253256 38.22804250754416 62.454558953642845 7.0365831702947643 9.1828586198389548 12.824004985392092 4.1940411031246159 14.920638145878909 8.6587990969419497 11.45369018614292 5.426639862358571 8618.8316698670387
leaf_count=4009 40 31 37 377 521 32 78 66 28 167 39 55 50 46476
internal_value=-7.27339e-06 -0.0079669 0.0134618 -0.012552 -0.00635937 0.00750833 0.00339943 -0.00781382 0.0407937 -0.0150612 0.0197891 0.0329541 0.0641865 0.000157197
internal_weight=9449.06 191.294 33.7165 157.577 119.349 56.8947 51.2526 18.9587 14.7578 24.1035 27.1491 20.1125 9.62068 9257.76
internal_count=52006 1521 212 1309 932 411 371 97 115 245 126 94 78 50485
cat_boundaries=0 1
cat_threshold=865
is_linear=0
shrinkage=0.05


Tree=97
num_leaves=15
num_cat=2
split_feature=0 0 3 1 3 7 7 11 10 8 7 7 6 6
split_gain=4.89672 8.04552 13.5903 11.3471 18.9181 13.2876 9.97523 9.2943 8.85735 8.93012 9.03195 15.2842 12.3243 8.65835
threshold=4.5000000000000009 3.5000000000000004 11.500000000000002 57.250000000000007 7.5000000000000009 40.690000000000012 41.422500000000007 0 1 15.500000000000002 41.845000000000006 41.963333333333345 2.1550000000000007 1.1145833333333337
decision_type=2 2 10 8 8 8 10 1 1 2 10 10 10 10
left_child=1 6 3 8 -5 -6 7 -1 -3 -10 12 -12 -11 -9
right_child=-2 2 -4 4 5 -7 -8 13 9 10 11 -13 -14 -15
leaf_value=0.0036168289135439183 -0.0013031668096042419 -0.0017331704300392544 -0.024803368722809149 0.011675240858598789 0.032922720851309727 0.14764213384034147 -0.0089473928056723762 -0.0075312081924664501 0.0068373433909746442 0.0018801980991026573 0.097847154326298813 0.0075973397816441537 -0.016674681004779163 0.0011157376255763604
leaf_weight=1048.4173188097775 4117.9336316976696 757.15545825101435 43.70315308123827 42.578820966184139 5.2823787853121731 4.8340154848992833 344.2875536698848 537.29978634789586 1365.4417529199272 411.45206396654248 5.9916625544428852 21.61534633114934 114.36763773486018 627.7207895219326
leaf_count=4978 24395 4026 532 197 37 35 2290 2432 6342 2276 50 172 745 3499
internal_value=-8.13342e-06 0.000992376 0.00285822 0.00330124 0.0262781 0.0877402 -0.00103009 0.000201407 0.00284879 0.00464161 -0.000691955 0.0271846 -0.00215555 -0.00287218
internal_weight=9448.08 5330.15 2772.42 2728.72 52.6952 10.1164 2557.73 2213.44 2676.02 1918.87 553.427 27.607 525.82 1165.02
internal_count=52006 27611 14412 13880 269 72 13199 10909 13611 9585 3243 222 3021 5931
cat_boundaries=0 1 2
cat_threshold=4 680
is_linear=0
shrinkage=0.05


Tree=98
num_leaves=15
num_cat=1
split_feature=7 4 10 3 8 2 0 2 4 2 5 4 6 3
split_gain=4.9045 9.16931 8.65639 13.8579 18.8493 10.9848 7.23772 9.21934 8.36966 7.64143 7.04246 9.03906 6.98784 6.78029
threshold=39.890000000000015 11.100000000000001 0 6.5000000000000009 9.5000000000000018 14.500000000000002 7.5000000000000009 20.500000000000004 7.366666666666668 21.500000000000004 0.62500000000000011 4.7750000000000012 1.2550000000000003 1.5000000000000002
decision_type=10 10 1 10 2 10 2 10 10 10 8 10 10 10
left_child=2 6 3 5 -5 -1 -2 -8 -9 -10 11 -6 -11 -7
right_child=1 -3 -4 4 10 13 7 8 9 12 -12 -13 -14 -15
leaf_value=0.010148483221896222 -0.00045226622381756794 -0.028836898453839771 0.00032960299762511551 0.082139884293198573 0.09793461143568595 0.0090228500733684543 -0.014366852990646113 -0.004896412210659693 0.0823748013590693 -0.028251293056455285 0.0050410542079322336 0.022200951161064717 0.030517614307289522 -0.01148509489760427
leaf_weight=271.70869968831539 4152.1635483466089 29.814559124410152 4385.4201718792319 12.564427956938742 5.0040838718414333 57.174576118588448 211.89687040820718 84.638381466269493 4.9674274176359203 6.9342991933226612 49.127325508743525 18.526518903672695 18.694438345730305 136.58609490096569
leaf_count=1194 24462 558 22214 61 24 260 1485 442 48 48 329 116 161 604
internal_value=-8.27286e-06 -0.00120036 0.00108069 0.00693015 0.0255927 0.00366212 -0.00101641 -0.00817689 0.0032054 0.0256175 0.0158143 0.0383067 0.0146167 -0.00543364
internal_weight=9445.22 4509.11 4936.11 550.692 85.2224 465.469 4479.29 327.131 115.235 30.5962 72.6579 23.5306 25.6287 193.761
internal_count=52006 27204 24802 2588 530 2058 26646 2184 699 257 469 140 209 864
cat_boundaries=0 1
cat_threshold=1280
is_linear=0
shrinkage=0.05


Tree=99
num_leaves=15
num_cat=2
split_feature=2 10 3 1 0 4 1 7 8 5 3 1 4 10
split_gain=4.85855 9.10815 7.81216 7.44807 6.103 5.77896 5.59515 7.10295 5.9111 5.76093 5.68231 5.09563 7.66461 8.49098
threshold=10.500000000000002 0 2.5000000000000004 53.500000000000007 10.500000000000002 9.2250000000000014 54.750000000000007 41.022500000000015 13.500000000000002 2.7500000000000004 2.5000000000000004 55.500000000000007 9.4500000000000011 1
decision_type=8 1 10 10 2 10 10 8 2 8 10 8 10 1
left_child=1 2 -1 -3 11 -4 7 10 9 -8 -5 12 -2 -14
right_child=4 3 5 6 -6 -7 8 -9 -10 -11 -12 -13 13 -15
leaf_value=0.037948248082200778 -0.00089535752491194166 -0.030690589089432591 0.012863761188884616 0.044489126940571389 -0.021397546173534857 -0.038420951192032961 -0.007353919124563982 0.067311607286984793 0.0059153597486482877 -0.046966459163310929 0.00024936014246389692 0.0010537836021353858 -0.019862164793581886 0.0017808325178923032
leaf_weight=32.986052557826042 4400.777975730598 19.415811456739902 88.541400227695704 9.0541025847196561 33.885168705135584 5.8563759997487059 36.862439107149839 5.902371982112526 63.142627075314522 12.221427164971827 36.596949525177479 4514.9336393903941 102.7318892814219 80.685017010197043
leaf_count=148 23505 128 494 37 242 76 186 39 426 66 228 23893 1497 1041
internal_value=-8.22342e-06 0.00614178 0.0157641 -0.00133657 -0.000217362 0.00968209 0.00206169 0.015697 -0.00420194 -0.0172171 0.00902356 -0.000138487 -0.00131274 -0.0113272
internal_weight=9443.59 310.58 127.384 183.196 9133.01 94.3978 163.78 51.5534 112.226 49.0839 45.6511 9099.13 4584.19 183.417
internal_count=52006 1828 718 1110 50178 570 982 304 678 252 265 49936 26043 2538
cat_boundaries=0 1 2
cat_threshold=295 1692
is_linear=0
shrinkage=0.05


Tree=100
num_leaves=15
num_cat=2
split_feature=8 10 7 10 2 7 6 5 8 1 7 4 7 7
split_gain=4.61051 8.42871 5.62159 6.48437 6.65596 5.60924 9.00278 6.99865 6.94117 7.10418 5.67563 7.8459 5.32197 9.72839
threshold=21.500000000000004 0 39.790000000000013 1 17.500000000000004 41.690000000000012 2.3950000000000005 0.35000000000000003 24.500000000000004 56.750000000000007 42.063333333333347 7.4500000000000011 40.122500000000009 40.163333333333348
decision_type=2 1 10 1 10 8 10 10 2 10 10 8 10 10
left_child=-1 12 -3 -4 5 -5 7 -7 -9 -10 11 -8 -2 -14
right_child=1 2 3 4 -6 6 10 8 9 -11 -12 -13 13 -15
leaf_value=0.00038165910277338346 -0.016616016395004828 0.0059645576655376776 0.012132420858645888 -0.005386318418347533 -0.020314270802271238 -0.013290759244201287 0.059110684880690191 0.016063279645578559 0.04145131014921611 0.12985671276005056 -0.024279722761248266 -0.025160229266667951 0.06802138631368769 -0.0058530220262952223
leaf_weight=8392.3994154874235 154.8562080450356 254.59771077334881 51.228912595659494 294.45512531138957 64.187870088964701 5.1753000468015697 6.2256366685032853 7.00294400751591 4.9289360642433149 4.2164156809449196 16.726136952638626 4.9645759537816057 4.572301570326089 175.94819640368223
leaf_count=44080 1127 1686 417 2273 473 39 45 48 40 33 176 64 35 1470
internal_value=-8.99012e-06 -0.00313408 5.51596e-06 -0.00329891 -0.00540205 -0.00277425 0.0128459 0.0373083 0.0535246 0.0822101 -0.00583938 0.0217236 -0.00953135 -0.0039819
internal_weight=9441.49 1049.09 713.71 459.112 407.883 343.695 49.2399 21.3236 16.1483 9.14535 27.9163 11.1902 335.377 180.52
internal_count=52006 7926 5294 3608 3191 2718 445 160 121 73 285 109 2632 1505
cat_boundaries=0 1 2
cat_threshold=149 104
is_linear=0
shrinkage=0.05


Tree=101
num_leaves=15
num_cat=3
split_feature=5 4 10 2 4 10 7 6 2 6 6 11 5 7
split_gain=4.58628 7.21445 11.5089 11.6473 9.31812 7.16753 6.94934 11.0366 8.80784 7.74565 12.9096 7.48506 7.07778 6.93536
threshold=1.8750000000000002 8.4500000000000011 0 160.50000000000003 10.633333333333335 1 41.310000000000009 4.9387500000000006 16.500000000000004 1.7900000000000003 3.1550000000000007 2 2.7500000000000004 38.122500000000009
decision_type=10 10 1 10 10 1 10 10 8 10 10 1 10 10
left_child=-1 5 4 -4 6 -2 9 8 12 -3 -11 -12 -8 -7
right_child=1 2 3 -5 -6 13 7 -9 -10 10 11 -13 -14 -15
leaf_value=0.0006793153713484354 0.0014481740995429112 0.028683984471300401 -0.018821341310895148 0.062712324076524814 -0.039482914014849629 0.0098336914242017764 0.035311873355881533 -0.054967644738532787 0.016239151007254496 -0.031708636781145959 0.079956465118596248 -0.0045181040296767196 0.13762148777278876 -0.0053506434623923071
leaf_weight=6794.9818755947053 1372.1063823401928 21.081512071192265 179.80709618702531 4.4895351678133002 9.4105988871306163 81.829972736537457 2.73743078485131 2.4273354448378077 5.9690700471401223 22.285618271678686 4.9824436642229557 5.5359054431319219 4.4198969528079033 928.14630300179124
leaf_count=35597 7481 207 2408 39 161 398 34 38 62 236 53 62 66 5164
internal_value=-8.30236e-06 -0.00177463 -0.00963096 -0.0159687 0.00639628 -0.000906752 0.0135351 0.0429765 0.0610883 0.00503702 -0.0101597 0.0354967 0.0984916 -0.00407999
internal_weight=9440.21 2645.23 263.146 184.297 78.8498 2382.08 69.4392 15.5537 13.1264 53.8855 32.804 10.5183 7.15733 1009.98
internal_count=52006 16409 3366 2447 919 13043 758 200 162 558 351 115 100 5562
cat_boundaries=0 1 2 3
cat_threshold=98 1940 2
is_linear=0
shrinkage=0.05


Tree=102
num_leaves=15
num_cat=2
split_feature=5 2 3 7 6 10 0 2 8 11 4 7 7 6
split_gain=4.43336 10.121 6.05365 5.41687 7.13736 4.95789 11.3669 4.88301 6.74705 7.49167 6.57434 4.83116 4.53475 10.7772
threshold=8.5000000000000018 58.500000000000007 8.5000000000000018 41.445000000000014 4.5050000000000008 0 4.5000000000000009 243.50000000000003 8.5000000000000018 1 3.1000000000000005 39.422500000000007 39.710000000000015 3.5550000000000002
decision_type=10 10 8 10 10 1 2 10 2 1 10 10 8 8
left_child=7 3 -3 4 5 -2 -7 12 9 10 11 -9 13 -1
right_child=1 2 -4 -5 -6 6 -8 8 -10 -11 -12 -13 -14 -15
leaf_value=0.00088847795337491605 -0.013284049158222131 0.0033312738217884416 0.055812909036137205 -0.028880064383861738 -0.027875306050589039 0.062156133334090438 -0.0066733280962994693 -0.063414399227624346 -0.053609464867383244 0.0099158988629207152 -0.0027455132833787057 -0.015979967858658749 -0.00067611956461699691 0.011995028552487179
leaf_weight=3481.7173751555383 13.802005741745232 19.035767965018753 7.7242995612323275 45.921272575855255 23.455291075631976 10.918460663408043 13.311414007097481 11.162255555391313 8.57474137842655 36.482753224670887 24.572856448590755 10.340696156024931 5498.4675560835749 233.03733965009451
leaf_count=17882 122 106 62 465 178 76 105 47 45 176 124 43 31417 1158
internal_value=-8.39756e-06 -0.00903247 0.0184801 -0.015887 -0.00618328 0.00719478 0.0172311 0.000121729 -0.0113952 -0.00701075 -0.0204132 -0.0406033 0.00023565 0.00158522
internal_weight=9438.52 134.169 26.7601 107.408 61.4872 38.0319 24.2299 9304.36 91.1333 82.5586 46.0758 21.503 9213.22 3714.75
internal_count=52006 1114 168 946 481 303 181 50892 435 390 214 90 50457 19040
cat_boundaries=0 1 2
cat_threshold=1226 4
is_linear=0
shrinkage=0.05


Tree=103
num_leaves=15
num_cat=1
split_feature=2 10 3 1 0 7 4 5 6 1 8 1 5 5
split_gain=4.38284 8.28179 7.12216 6.8255 5.6025 5.25409 5.25285 4.8282 4.64748 5.85902 4.33261 7.39801 8.08773 5.74012
threshold=10.500000000000002 0 2.5000000000000004 53.500000000000007 10.500000000000002 37.822500000000012 9.2250000000000014 3.2500000000000004 4.7562500000000005 53.500000000000007 13.500000000000002 54.750000000000007 0.62500000000000011 2.2500000000000004
decision_type=8 1 10 10 2 8 10 8 10 8 2 10 8 8
left_child=1 2 -1 -3 8 -5 -4 -6 -2 -10 11 12 -7 -13
right_child=4 3 6 5 7 10 -8 -9 9 -11 -12 13 -14 -15
leaf_value=0.036297013958576804 4.5340493009078023e-05 -0.029660637211674629 0.012202649127096499 0.031608703306463391 -0.012147852211606145 -0.028877785566427661 -0.037547869605224896 -0.063160658495947528 -0.039381122428282622 -0.0052384615332322776 0.0068737826200124773 -0.010550616840580673 0.034456878085189532 -0.050057761461582799
leaf_weight=32.723863624036312 8873.8699872232974 19.095106564462185 88.943729899823666 13.665560860186813 27.907389242202044 7.5988369211554554 5.6422402244061223 5.5629913993179789 13.381125688552855 206.07619850151241 82.950344260782003 31.782763723284006 14.972466386854647 12.936314005404709
leaf_count=148 48322 128 494 71 195 40 76 47 134 1480 557 163 81 70
internal_value=-8.89122e-06 0.00583482 0.0150118 -0.00129877 -0.000207577 0.00192616 0.00923493 -0.0206265 -0.00013242 -0.00732027 -0.0007737 -0.0102009 0.0131347 -0.0219792
internal_weight=9437.11 310.311 127.31 183.001 9126.8 163.906 94.586 33.4704 9093.33 219.457 150.241 67.2904 22.5713 44.7191
internal_count=52006 1828 718 1110 50178 982 570 242 49936 1614 911 354 121 233
cat_boundaries=0 1
cat_threshold=295
is_linear=0
shrinkage=0.05


Tree=104
num_leaves=15
num_cat=3
split_feature=0 0 3 1 3 7 7 11 3 10 10 2 9 6
split_gain=4.25245 7.19375 12.0552 10.1291 15.9282 10.6783 8.61188 8.22984 8.47164 9.33088 8.0763 11.5616 9.68093 9.43594
threshold=4.5000000000000009 3.5000000000000004 11.500000000000002 57.250000000000007 7.5000000000000009 40.545000000000009 41.422500000000007 0 3.5000000000000004 1 2 116.50000000000001 1.0000000180025095e-35 0.16833333333333336
decision_type=2 2 10 8 8 8 10 1 10 1 1 10 10 8
left_child=1 6 3 10 -5 -6 7 -1 -9 -10 11 -3 -13 -12
right_child=-2 2 -4 4 5 -7 -8 8 9 -11 13 12 -14 -15
leaf_value=0.0033629408564682288 -0.0012167146221817781 0.0037904662651156531 -0.023739369815000154 0.011072983271679769 0.026989379163778228 0.1275683289278082 -0.0083768490976452066 -0.0066885653436191128 -0.0066257279674341238 0.0067934212883629472 -0.044372698207895404 -0.0093296606106126612 0.034082527980076528 -0.00063045930565599139
leaf_weight=1048.848105058074 4110.8342043291777 1713.5271687395871 42.489571442827582 42.617373690009117 5.0431555733084652 5.5354879721999177 341.78231857903302 627.36260955035686 196.83161667734385 339.36286727339029 12.504761964082716 16.655555911362171 56.087431222200394 876.49069651588798
leaf_count=4978 24395 8610 532 197 34 38 2290 2622 1193 2116 55 74 253 4619
internal_value=-8.63156e-06 0.000923969 0.00268836 0.00309991 0.0247042 0.0796193 -0.000990155 0.000150975 -0.00274434 0.00187051 0.00267032 0.00459356 0.0241427 -0.00123189
internal_weight=9435.97 5325.14 2770.95 2728.46 53.196 10.5786 2554.19 2212.41 1163.56 536.194 2675.27 1786.27 72.743 888.995
internal_count=52006 27611 14412 13880 269 72 13199 10909 5931 3309 13611 8937 327 4674
cat_boundaries=0 1 2 3
cat_threshold=4 86 1303
is_linear=0
shrinkage=0.05


Tree=105
num_leaves=15
num_cat=3
split_feature=8 10 4 6 7 2 4 7 11 10 9 7 8 2
split_gain=4.04639 9.97338 6.83638 6.99146 11.0552 7.1476 6.7457 6.05374 6.57413 5.61983 18.3652 12.9549 10.2414 10.2328
threshold=19.500000000000004 0 6.1000000000000005 2.2550000000000003 42.345000000000006 35.500000000000007 4.5500000000000007 39.390000000000015 1 2 1.0000000180025095e-35 38.710000000000015 17.500000000000004 26.500000000000004
decision_type=2 1 10 10 8 10 10 10 1 1 8 8 2 10
left_child=9 7 6 4 5 -4 -3 8 -2 10 -1 12 -12 -13
right_child=1 2 3 -5 -6 -7 -8 -9 -10 -11 11 13 -14 -15
leaf_value=0.027311947758390787 0.011107440904166609 -0.0023535422036293535 -0.001985744388586654 -0.012890123945240847 0.080443460434389741 0.034809332049429806 0.010350390300411651 -0.0053872488811600866 -0.02393643328222236 -0.00016564069852275073 0.027555190728265164 0.0025638699968972829 -0.035588045249988348 -0.010695333576169719
leaf_weight=75.725190535187721 15.66334779933095 175.6152072250843 393.05684063956141 138.86651746183634 4.2360559925436965 13.656965486705301 258.01926404982805 376.80153791792691 91.926840808242559 6618.0983821973205 70.336302295327187 1025.7819432318211 7.0668490305542937 169.56694640219212
leaf_count=372 98 812 3213 1415 29 92 1444 2924 609 34657 332 5149 32 828
internal_value=-8.4876e-06 -0.00242085 0.000506233 -0.00319082 8.67318e-05 -0.00075021 0.0052055 -0.00820472 -0.0188346 0.00043599 0.00336497 0.00196663 0.0217903 0.000682978
internal_weight=9434.42 1467.84 983.451 549.816 410.95 406.714 433.634 484.392 107.59 7966.58 1348.48 1272.75 77.4032 1195.35
internal_count=52006 10636 7005 4749 3334 3305 2256 3631 707 41370 6713 6341 364 5977
cat_boundaries=0 1 2 3
cat_threshold=149 1 257
is_linear=0
shrinkage=0.05


Tree=106
num_leaves=15
num_cat=2
split_feature=7 10 3 8 2 2 0 10 8 7 7 4 2 3
split_gain=4.00343 8.49772 18.1939 15.5929 8.52864 6.71278 12.6846 6.52744 7.72348 8.27229 12.4873 7.09185 6.41447 9.63454
threshold=39.710000000000015 0 6.5000000000000009 9.5000000000000018 78.500000000000014 14.500000000000002 6.5000000000000009 1 1.5000000000000002 41.690000000000012 40.690000000000012 11.100000000000001 44.500000000000007 2.5000000000000004
decision_type=10 1 10 2 10 10 2 1 2 10 10 10 10 8
left_child=1 2 5 -4 -5 6 -1 8 9 10 -2 -9 13 -3
right_child=7 12 3 4 -6 -7 -8 11 -10 -11 -12 -13 -14 -15
leaf_value=0.0023841939613771812 0.0036526496956635472 0.0057841256419443945 0.084198165333532221 0.026846002193480836 -0.038677674259053912 -0.0044355564021025086 0.030420094888373706 0.00050554722486160575 -0.0040695544815728523 -0.01629387491030489 0.057202041451060351 -0.036083229663236634 -0.0044496780042120225 -0.00037133900589745222
leaf_weight=171.38740579783916 27.414110735058784 850.53169196099043 11.577055051922796 52.266576774418354 5.4876000285148612 159.50487077236176 52.765829756855965 3243.5835391767323 1698.5291760675609 16.629006374627352 18.058136664330959 13.297828212380407 594.59427732229233 2516.708308827132
leaf_count=740 126 3567 54 325 32 712 239 18770 10683 92 85 236 2879 13466
internal_value=-8.36919e-06 0.00108979 0.00749896 0.0312365 0.0206202 0.00340477 0.00898386 -0.000974618 -0.00341693 0.0138829 0.0249184 0.000355065 0.000337194 0.00118347
internal_weight=9432.34 4414.82 452.989 69.3312 57.7542 383.658 224.153 5017.51 1760.63 62.1013 45.4722 3256.88 3961.83 3367.24
internal_count=52006 22014 2102 411 357 1691 979 29992 10986 303 211 19006 19912 17033
cat_boundaries=0 1 2
cat_threshold=1280 1161
is_linear=0
shrinkage=0.05


Tree=107
num_leaves=15
num_cat=1
split_feature=0 10 4 6 7 8 5 7 8 0 8 9 8 8
split_gain=3.96132 7.75844 8.05262 12.3354 8.39519 9.81802 8.03259 7.65914 7.4883 11.1294 6.09742 5.86728 5.33003 5.23173
threshold=7.5000000000000009 0 5.4500000000000011 2.2816666666666672 40.110000000000014 26.500000000000004 3.7500000000000004 42.310000000000009 15.500000000000002 8.5000000000000018 5.5000000000000009 1.0000000180025095e-35 14.500000000000002 18.500000000000004
decision_type=2 1 8 10 8 2 10 8 2 2 2 10 2 2
left_child=-1 2 -2 4 8 7 -5 -6 -4 -10 -3 -12 -8 -13
right_child=1 10 3 6 5 -7 12 -9 9 -11 11 13 -14 -15
leaf_value=0.00028024919835589296 -0.0051220877682704663 0.013412915004789342 0.02072845515150662 -0.033916449651677699 -0.028171034271723201 0.062766501403070427 0.064516639858477873 0.044258357422943366 0.11235612749014108 0.034245794318468158 -0.027489673287140672 -0.002324517625470385 -0.013800649254437936 -0.013683655118749142
leaf_weight=8737.1232034787536 100.55896624922752 33.825893986970186 25.608818084001541 17.506713815033439 16.480806730687625 5.5156885460019103 4.2931162379682046 4.6882844045758238 7.006935968995097 13.060389511287211 37.670184943825006 251.98050348833203 4.3980456553399563 169.58846088312566
leaf_count=47683 468 163 146 118 102 35 29 27 36 69 261 1462 39 1368
internal_value=-8.2045e-06 -0.00364923 0.00460136 0.014989 0.0256324 0.00335078 -0.014409 -0.0121302 0.0386496 0.0615197 -0.00693382 -0.00858347 0.0248852 -0.00689406
internal_weight=9429.31 692.183 199.118 98.5588 72.3609 26.6848 26.1979 21.1691 45.6761 20.0673 493.065 459.239 8.69116 421.569
internal_count=52006 4323 1069 601 415 164 186 129 251 105 3254 3091 68 2830
cat_boundaries=0 1
cat_threshold=320
is_linear=0
shrinkage=0.05


Tree=108
num_leaves=15
num_cat=2
split_feature=7 4 7 2 2 0 2 4 10 7 10 7 5 0
split_gain=3.93146 4.83269 4.36319 4.34488 8.13041 3.92022 6.15597 13.0401 15.9627 13.4998 7.83493 7.7144 9.32411 8.54908
threshold=43.070000000000014 2.5500000000000003 43.010000000000012 51.500000000000007 123.50000000000001 4.5000000000000009 93.500000000000014 6.2250000000000005 0 37.890000000000015 1 39.990000000000016 1.3750000000000002 6.5000000000000009
decision_type=10 10 10 10 8 2 10 10 1 10 1 10 8 2
left_child=2 -2 5 -3 -5 -1 -7 10 -9 -10 11 12 -8 -13
right_child=1 3 -4 4 -6 6 7 8 9 -11 -12 13 -14 -15
leaf_value=0.00096820541427996816 0.022897669893135096 -0.01882407716988305 0.043602707188061252 0.065593528576239277 -0.025464987315924559 -0.00050161365564061063 -0.030171843828340497 -0.016239895004090274 0.10085338905882524 0.019513298077600175 -0.019937532666111625 0.028207413768438327 0.0058897968174371441 -0.023326749047741152
leaf_weight=5253.1482699140906 9.7066847532987577 70.218464048579335 5.7581589408218852 4.5577270239591572 5.3043321855366239 3728.4616331122816 35.635641358792782 33.442601919174194 5.7022432237863532 48.379798475652933 149.86739134788513 31.246276587247849 36.066459953784943 10.83939281105995
leaf_count=27078 41 589 45 27 37 22366 162 248 34 314 711 142 162 50
internal_value=-8.13173e-06 -0.0104208 9.19828e-05 -0.0144594 0.0166175 6.51375e-05 -0.0010977 -0.00742629 0.00929609 0.0237062 -0.0129776 -0.00189227 -0.0120327 0.0149345
internal_weight=9428.34 89.7872 9338.55 80.0805 9.86206 9332.79 4079.64 351.18 87.5246 54.082 263.655 113.788 71.7021 42.0857
internal_count=52006 694 51312 653 64 51267 24189 1823 596 348 1227 516 324 192
cat_boundaries=0 1 2
cat_threshold=691 45
is_linear=0
shrinkage=0.05


Tree=109
num_leaves=15
num_cat=1
split_feature=5 4 5 7 2 2 6 2 11 7 6 2 7 2
split_gain=3.92685 6.38452 5.26878 9.97412 8.49904 8.01493 6.73433 6.71016 6.89191 6.18553 6.17381 8.74093 8.73388 7.42536
threshold=1.8750000000000002 11.100000000000001 0.62500000000000011 39.863333333333337 9.5000000000000018 222.50000000000003 0.49500000000000016 42.500000000000007 0 38.910000000000011 0.72250000000000025 36.500000000000007 37.422500000000007 18.500000000000004
decision_type=10 10 8 8 8 10 8 10 1 10 10 10 10 10
left_child=2 -2 -1 5 -5 6 7 8 -4 -9 11 13 -13 -8
right_child=1 -3 3 4 -6 -7 10 9 -10 -11 -12 12 -14 -15
leaf_value=-0.0011442785459260091 -0.0014513515018070441 -0.032559172720297874 0.048547315117749595 0.01975447757277796 -0.00094221098159545701 -0.01910261311337827 0.0072179606261892574 -0.056535082630125702 -0.0048511127877372308 -0.0014423826696087602 0.0043497554893551209 0.034973659173245415 -0.013541713282801819 0.025866079507771506
leaf_weight=2595.9158414341509 2621.356007412076 16.598550610244274 6.4874814450740814 50.719570435583591 2253.2664598785341 35.550449639558792 99.354633439332247 11.724956698715689 88.113338842988014 9.0098579153418523 1464.2189806997776 11.454851552844046 48.782946318387985 115.36321397125721
leaf_count=14346 16037 372 29 289 11620 163 493 54 406 41 7328 50 222 556
internal_value=-9.95345e-06 -0.00164709 0.000626086 0.00172186 -0.000486597 0.00441397 0.00486477 -0.0068354 -0.00118919 -0.0325958 0.00564069 0.0125153 -0.004316 0.0172372
internal_weight=9427.92 2637.95 6789.96 4194.05 2303.99 1890.06 1854.51 115.336 94.6008 20.7348 1739.17 274.956 60.2378 214.718
internal_count=52006 16409 35597 21251 11909 9342 9179 530 435 95 8649 1321 272 1049
cat_boundaries=0 1
cat_threshold=1
is_linear=0
shrinkage=0.05


Tree=110
num_leaves=15
num_cat=1
split_feature=6 2 10 3 1 0 4 7 5 1 4 5 4 5
split_gain=3.85871 3.71375 7.32155 6.35236 6.2881 5.068 4.74808 4.63858 4.58561 4.25972 6.54736 7.28846 6.06379 14.8813
threshold=9.1000000000000014 10.500000000000002 0 2.5000000000000004 53.500000000000007 10.500000000000002 9.2250000000000014 37.822500000000012 3.2500000000000004 55.500000000000007 11.100000000000001 0.075000000000000025 9.4500000000000011 2.2500000000000004
decision_type=10 8 1 10 10 2 8 10 8 8 10 10 10 10
left_child=1 2 3 -1 -4 9 -5 -6 -7 10 -3 -12 -11 -14
right_child=-2 5 4 6 7 8 -8 -9 -10 12 11 -13 13 -15
leaf_value=0.034286317560637922 -0.024018993304975249 -0.0010131343841919146 -0.028744788493035273 0.01138706143038281 0.029533445971261115 -0.011553183723976939 -0.036714125551845868 -0.00076961274526539023 -0.062304897210283219 0.0006890048002430873 0.081291013502184151 -0.03296092645573185 0.02157379802843664 -0.015647511669447046
leaf_weight=32.346048921346664 16.705022431910038 4538.6481077130884 18.807568285614252 89.388895258307457 13.788808498531578 27.657002501189709 5.442724645137786 150.07549586333334 5.3043952733278266 4366.4350430183113 1.4815245792269731 24.147265553474426 98.542593073099852 36.911800757050514
leaf_count=148 117 25454 128 493 71 195 76 910 47 22254 24 496 1046 547
internal_value=-9.54317e-06 3.3084e-05 0.00541615 0.0140481 -0.00129177 -0.000150224 0.00862636 0.00178032 -0.0197205 -7.90728e-05 -0.00115544 -0.0263564 0.00101221 0.0114309
internal_weight=9425.68 9408.98 309.85 127.178 182.672 9099.13 94.8316 163.864 32.9614 9066.17 4564.28 25.6288 4501.89 135.454
internal_count=52006 51889 1826 717 1109 50063 569 981 242 49821 25974 520 23847 1593
cat_boundaries=0 1
cat_threshold=295
is_linear=0
shrinkage=0.05


Tree=111
num_leaves=15
num_cat=2
split_feature=5 2 4 7 6 3 2 8 11 7 7 10 4 1
split_gain=3.61779 9.23048 5.05761 4.51825 8.23061 4.07803 4.00378 6.24655 7.03877 7.02403 6.10641 5.28115 5.6938 4.02503
threshold=8.5000000000000018 108.50000000000001 8.7750000000000021 41.445000000000014 4.5050000000000008 6.5000000000000009 243.50000000000003 8.5000000000000018 0 38.163333333333348 38.445000000000014 1 3.1000000000000005 56.750000000000007
decision_type=10 10 10 10 10 8 10 2 1 10 10 1 10 10
left_child=6 2 3 4 -2 -3 -1 8 -8 -10 -11 13 -13 -12
right_child=1 5 -4 -5 -6 -7 7 -9 9 10 11 12 -14 -15
leaf_value=0.00021076862786545034 0.013291577527582799 0.0041060039064627534 -0.042549566252646755 -0.02238158734200163 -0.024851423311467273 0.052616751964756507 0.039112118680290991 -0.051474547797576431 -0.044841523498959777 0.047174845519510129 0.03126811601618798 -0.051180956512614263 -0.0081626196344343135 -0.0098034149212214549
leaf_weight=9201.1734196394682 37.982895538210869 9.8057479709386843 13.156672140583394 41.175470504909754 22.533408746123314 7.7612258270382872 7.7773971781134623 8.376124940812586 12.6412471011281 5.337879389524459 13.060795247554779 12.341572806239126 20.416679479181767 10.980220392346382
leaf_count=50457 253 51 253 360 144 53 35 45 59 26 62 52 107 49
internal_value=-9.35181e-06 -0.0082157 -0.0133787 -0.00960458 -0.000911071 0.0255384 0.000107591 -0.0103327 -0.00615842 -0.0108668 -0.00395497 -0.00876005 -0.0186702 0.00883472
internal_weight=9424.52 132.415 114.848 101.692 60.5163 17.567 9292.11 90.9319 82.5558 74.7784 62.1371 56.7993 32.7583 24.041
internal_count=52006 1114 1010 757 397 104 50892 435 390 355 296 270 159 111
cat_boundaries=0 1 2
cat_threshold=1 1302
is_linear=0
shrinkage=0.05


Tree=112
num_leaves=15
num_cat=1
split_feature=8 2 10 6 6 1 2 7 5 7 7 4 2 5
split_gain=3.56713 9.25899 8.10702 8.91632 9.36105 8.28222 6.63192 6.92343 10.3196 7.25405 7.14002 8.07071 8.13028 7.12954
threshold=15.500000000000002 99.500000000000014 0 1.7449999999999999 1.7225000000000004 51.250000000000007 19.500000000000004 41.763333333333343 7.5000000000000009 38.910000000000011 42.022500000000008 7.5500000000000007 14.500000000000002 1.6250000000000002
decision_type=2 8 1 10 10 8 10 10 10 10 10 10 10 8
left_child=-1 2 -2 4 -4 -5 7 9 10 -7 11 13 -13 -9
right_child=1 -3 3 5 -6 6 -8 8 -10 -11 -12 12 -14 -15
leaf_value=0.00059912176764413813 0.012361819138134375 -0.028950575914242702 3.6517703423831325e-05 0.041640138073908498 0.032651312644701634 0.013797915981025911 -0.012690977943437274 0.10127861115615695 -0.048624989534102041 -0.0071239354219880431 0.0042270088018015427 -0.021206718497727151 0.073483676724100055 0.031751807261494028
leaf_weight=6775.3982432037592 95.388942060992122 30.508842919021845 1551.4491622932255 9.1741403639316541 22.317114856094122 44.949637424200773 271.3509329110384 6.0238621830940255 7.1497234795242539 529.18899950571358 60.035186568275094 8.6122114770114404 3.0767738409340373 9.5055353865027428
leaf_count=34193 538 198 9720 82 148 279 2015 38 97 3963 530 106 37 62
internal_value=-9.09786e-06 -0.00156491 -0.0012458 -0.00180216 0.000499018 -0.00563703 -0.00609849 -0.0034227 0.00912549 -0.00548595 0.0138577 0.0350999 0.00371768 0.0587213
internal_weight=9424.13 2648.73 2618.22 2522.83 1573.77 949.067 939.893 668.542 94.4033 574.139 87.2536 27.2184 11.689 15.5294
internal_count=52006 17813 17615 17077 9868 7209 7127 5112 870 4242 773 243 143 100
cat_boundaries=0 1
cat_threshold=64
is_linear=0
shrinkage=0.05


Tree=113
num_leaves=15
num_cat=1
split_feature=0 10 9 2 7 4 4 2 6 4 8 9 4 4
split_gain=3.41421 6.84139 7.66201 9.77606 5.86293 6.58026 11.4992 9.14479 6.64438 6.05581 5.58061 5.3955 5.30733 7.31768
threshold=7.5000000000000009 0 1.0000000180025095e-35 51.500000000000007 39.722500000000011 5.4500000000000011 4.366666666666668 24.500000000000004 2 2.3666666666666671 5.5000000000000009 1.0000000180025095e-35 2.9000000000000004 4.1000000000000005
decision_type=2 1 8 8 10 8 10 10 8 10 2 10 10 10
left_child=-1 2 3 -2 5 6 7 -4 -7 -6 -3 -12 -11 -14
right_child=1 10 4 -5 9 8 -8 -9 -10 12 11 -13 13 -15
leaf_value=0.00025904153320585474 0.080459573202680781 0.012971472312416563 0.046147190683572314 -0.0040855182208984426 -0.045498131282097051 0.036217164793480743 -0.033784981708549856 -0.009847058120542063 -0.0047377813894145665 0.035617505896353263 -0.026373377340640314 -0.0064665142627258884 -0.039535212369606526 0.00058000157477325527
leaf_weight=8732.9602391365916 7.2537988573312751 33.805239662528038 13.953469604253771 6.4680755734443673 9.2485989332199079 32.86085133254528 18.149739563465118 15.272749394178389 14.175414733588694 8.0948248058557493 37.045824512839317 419.25373343005776 14.027938231825827 59.960497692227364
leaf_count=47683 37 163 62 32 39 181 88 67 82 34 261 2830 64 383
internal_value=-8.40701e-06 -0.00339547 0.00433586 0.0406076 0.00188971 0.0106268 -0.0025259 0.0168863 0.0238745 -0.00714205 -0.0064979 -0.0080827 -0.00282034 -0.0070257
internal_weight=9422.53 689.571 199.466 13.7219 185.744 94.4122 47.376 29.2262 47.0363 91.3319 490.105 456.3 82.0833 73.9884
internal_count=52006 4323 1069 69 1000 480 217 129 263 520 3254 3091 481 447
cat_boundaries=0 1
cat_threshold=320
is_linear=0
shrinkage=0.05


Tree=114
num_leaves=15
num_cat=0
split_feature=7 4 7 2 2 1 1 2 3 2 8 6 4 0
split_gain=3.41447 4.3352 3.88278 3.84919 7.23818 3.70201 4.71777 9.53271 5.86781 5.18186 3.78718 3.70083 4.47229 3.42472
threshold=43.070000000000014 2.5500000000000003 43.010000000000012 51.500000000000007 123.50000000000001 54.250000000000007 55.500000000000007 17.500000000000004 8.5000000000000018 25.500000000000004 5.5000000000000009 4.8450000000000006 7.1000000000000005 4.5000000000000009
decision_type=10 10 10 10 8 8 10 8 10 10 2 10 10 2
left_child=2 -2 13 5 -5 -3 7 8 10 -9 -7 -8 -13 -1
right_child=1 3 -4 4 -6 6 11 9 -10 -11 -12 12 -14 -15
leaf_value=0.00090281841848670157 0.021731858623394201 -0.039947480791898742 0.040627726166302724 0.060448865323267542 -0.024932177698806467 -0.051502267986670063 -0.040550441314349969 0.096295735299646246 0.037826395483390785 0.010314935435401691 -0.0029541100445937538 0.026983041812339625 -0.042477450575573415 -0.0010288073320773156
leaf_weight=5252.3750733584166 9.7215367853641492 14.867067577317355 5.9016490876674643 4.7050104141235325 5.2543101757764825 8.3998332768678754 17.213945090770725 3.489009626209735 4.2403739970177403 3.5205620191991329 7.6989880651235572 5.6029048748314363 3.951847929507494 4074.9263545684516
leaf_count=27078 41 141 45 27 37 58 119 30 53 31 57 43 57 24189
internal_value=-8.19426e-06 -0.00977386 8.45795e-05 -0.0136536 0.0154038 -0.0178487 -0.0117777 0.00282773 -0.0145019 0.0531118 -0.0282849 -0.0266996 -0.00174583 5.89267e-05
internal_weight=9421.87 88.6654 9333.2 78.9439 9.95932 68.9845 54.1175 27.3488 20.3392 7.00957 16.0988 26.7687 9.55475 9327.3
internal_count=52006 694 51312 653 64 589 448 229 168 61 115 219 100 51267
is_linear=0
shrinkage=0.05


Tree=115
num_leaves=15
num_cat=2
split_feature=1 4 10 10 2 2 6 8 2 7 6 6 2 6
split_gain=3.36294 7.23437 6.04276 5.52435 9.93926 9.34801 11.9806 8.11259 13.0706 10.9913 10.5787 10.4831 14.7891 10.8586
threshold=55.500000000000007 9.4500000000000011 0 1 98.500000000000014 36.500000000000007 0.5950000000000002 9.5000000000000018 39.500000000000007 39.163333333333348 1.7449999999999999 1.5275000000000001 88.500000000000014 1.3775000000000002
decision_type=8 10 1 1 10 10 8 2 10 8 8 8 10 10
left_child=1 -1 -3 4 5 -2 -7 8 9 10 -5 12 13 -9
right_child=3 2 -4 7 -6 6 -8 11 -10 -11 -12 -13 -14 -15
leaf_value=-0.00055161553224960342 0.003318077302500947 -0.017811943448375604 0.00045542169706352779 0.001596708996211546 -0.0099274427844642243 -0.02715034517458529 0.01999218064888594 0.00028608059204989926 0.011473837504384472 -0.0024336554345003357 0.022810706542250266 -0.0061725801192887928 -0.028722300143956821 0.015349297440405403
leaf_weight=4544.449632730335 963.70292207598686 103.61885022185743 83.637707978487015 160.36652781814337 119.42674902826548 14.737069703638552 157.61178446561098 878.66237537935376 329.51692058891058 892.65167028084397 92.756711039692163 901.48526483215392 39.826808299869299 138.49862739443779
leaf_count=24368 5049 1568 1092 723 588 70 776 4815 1508 4202 442 5804 210 791
internal_value=-8.05147e-06 -0.000948478 -0.0105798 0.00094089 0.00376373 0.00523614 0.0159612 -0.000101883 0.00269799 0.000174116 0.00937055 -0.00221151 0.00116681 0.00233712
internal_weight=9420.95 4731.71 187.257 4689.24 1255.48 1136.05 172.349 3433.76 1475.29 1145.77 253.123 1958.47 1056.99 1017.16
internal_count=52006 27028 2660 24978 6483 5895 846 18495 6875 5367 1165 11620 5816 5606
cat_boundaries=0 1 2
cat_threshold=1692 368
is_linear=0
shrinkage=0.05


Tree=116
num_leaves=15
num_cat=2
split_feature=6 3 8 10 9 2 5 5 4 4 6 6 7 11
split_gain=3.28186 3.43367 3.26447 6.85123 7.66263 5.68389 5.39871 4.69507 7.94144 6.44923 4.33461 5.12426 7.99378 6.44511
threshold=9.1000000000000014 3.5000000000000004 21.500000000000004 0 1.0000000180025095e-35 22.500000000000004 9.5000000000000018 0.075000000000000025 5.7750000000000012 4.7750000000000012 0.3050000000000001 0.53875000000000017 40.422500000000007 1
decision_type=10 10 2 1 10 10 10 8 10 10 10 10 10 1
left_child=2 -2 -1 4 5 -4 7 8 9 -5 -9 12 13 -12
right_child=1 -3 3 6 -6 -7 -8 10 -10 -11 11 -13 -14 -15
leaf_value=0.00035867778087222415 0.0055116046743829477 -0.041238769260608356 0.00025948695254786287 -0.02222380450408315 -0.014038026398955761 0.068372416324460006 -0.047347786747027984 -0.043197925395195985 -0.034134667169133041 0.049608164247448017 0.0037648853787175447 0.00017304118184572888 -0.023454610433263939 0.068114689734983594
leaf_weight=8361.3890518210828 6.5770402699708965 9.7500371225178224 8.2584743909537774 6.0635708719491941 181.47052338533103 4.8684262596070758 6.1301562003791323 5.6224337071180335 24.601688969880342 6.4470924139022827 6.4130764342844486 774.00764434970915 6.3133444488048545 9.8947867266833835
leaf_count=43964 30 87 70 30 1464 32 88 33 198 36 42 5827 43 62
internal_value=-8.82429e-06 -0.0224063 3.00723e-05 -0.00261162 -0.0108138 0.0255208 -0.000588948 -0.000254469 -0.017641 0.0147932 0.000549835 0.000858597 0.0243156 0.0428091
internal_weight=9417.81 16.3271 9401.48 1040.09 194.597 13.1269 845.494 839.364 37.1124 12.5107 802.251 796.629 22.6212 16.3079
internal_count=52006 117 51889 7925 1566 102 6359 6271 264 66 6007 5974 147 104
cat_boundaries=0 1 2
cat_threshold=17 2
is_linear=0
shrinkage=0.05


Tree=117
num_leaves=15
num_cat=1
split_feature=2 6 10 3 1 1 7 0 6 8 6 3 7 8
split_gain=3.2208 7.05042 7.14524 7.41016 5.81086 5.80674 6.87267 5.36522 6.34384 5.3203 5.17257 5.55203 7.26515 4.82433
threshold=10.500000000000002 0.3050000000000001 0 2.5000000000000004 53.500000000000007 54.750000000000007 41.022500000000015 6.5000000000000009 1.6887500000000002 15.500000000000002 2 5.5000000000000009 40.390000000000015 13.500000000000002
decision_type=8 8 1 10 10 10 8 2 8 2 8 10 10 2
left_child=1 -1 3 -3 -4 6 7 8 -6 -10 -5 12 -12 -7
right_child=-2 2 4 10 5 13 -8 -9 9 -11 11 -13 -14 -15
leaf_value=-0.051392647249025258 -0.00017924304941340408 0.037570037743805684 -0.027404584425390566 0.018789037511306429 -0.017487602699656771 -0.016021055974956368 0.067228227884583519 0.048867070523795186 0.049860977191589342 -0.0048759327438067986 -0.025922844934414144 -0.024225701917636525 0.037129618469826667 0.0049640634025576273
leaf_weight=5.4442155063152304 9106.7995345033705 29.826704546809196 18.337561516091228 55.159999616444111 19.733772475272417 48.140046300366521 5.8634237349033347 7.3054489754140368 9.2828221544623393 8.5081577412784082 7.2756548076868084 19.112839793786407 12.278641074895857 63.531988333910704
leaf_count=24 50178 138 127 310 105 250 38 45 56 54 31 166 58 426
internal_value=-8.68829e-06 0.00500487 0.00601369 0.0146742 -0.000686713 0.00228851 0.0163226 0.00966458 0.0020325 0.0236842 0.00895985 -0.00506183 0.0136694 -0.00408229
internal_weight=9416.6 309.801 304.357 123.654 180.703 162.366 50.6936 44.8302 37.5248 17.791 93.8271 38.6671 19.5543 111.672
internal_count=52006 1828 1804 703 1101 974 298 260 215 110 565 255 89 676
cat_boundaries=0 1
cat_threshold=295
is_linear=0
shrinkage=0.05


Tree=118
num_leaves=15
num_cat=0
split_feature=5 4 1 2 6 6 4 6 1 5 8 6 7 3
split_gain=3.13639 5.50961 4.94672 4.82072 7.24276 7.62357 7.21711 9.8618 9.37397 7.99643 12.6551 7.86681 15.68 9.71723
threshold=1.8750000000000002 11.100000000000001 57.250000000000007 14.500000000000002 3.9133333333333336 4.5050000000000008 8.7083333333333339 2.0225000000000004 55.500000000000007 1.3750000000000002 16.500000000000004 1.2354166666666668 40.463333333333345 8.5000000000000018
decision_type=10 10 10 8 10 10 10 10 8 10 2 8 10 10
left_child=3 2 -2 -1 6 -6 -5 8 -8 11 -11 -10 13 -13
right_child=1 -3 -4 4 5 -7 7 -9 9 10 -12 12 -14 -15
leaf_value=0.0025423651373975014 -0.001150020454030215 -0.03107770951595536 -0.0334233558991947 -0.0011137356254231872 0.027414459447335955 -0.00038570949257201543 0.0026922458163726195 -0.011459337384615921 0.0039434477762121658 0.096580212339536953 0.011315865573097196 0.11322411178354155 -0.010385088408403591 0.038723164222608332
leaf_weight=2111.7963218409568 2602.6158838532865 15.623771710321305 11.92766062915325 4314.2431025728583 47.764668107032776 50.982544787228107 112.39082505181432 54.560398105531931 45.693530008196831 8.8536122292280215 8.5586750730872136 6.5528015717864099 11.306665845215319 13.180457033216952
leaf_count=11803 15974 372 63 20649 263 292 1153 610 395 71 80 46 107 128
internal_value=-8.39864e-06 -0.00147416 -0.00129725 0.00055972 -0.000336058 0.0130614 -0.000625209 0.00744698 0.0124414 0.02408 0.0546702 0.0171385 0.0365627 0.0634626
internal_weight=9416.05 2630.17 2614.54 6785.88 4674.09 98.7472 4575.34 261.097 206.537 94.1457 17.4123 76.7335 31.0399 19.7333
internal_count=52006 16409 16037 35597 23794 555 23239 2590 1980 827 151 676 281 174
is_linear=0
shrinkage=0.05


Tree=119
num_leaves=15
num_cat=1
split_feature=0 10 3 7 5 5 4 3 6 6 8 7 6 3
split_gain=3.1061 6.31723 7.53167 5.22743 10.885 7.00513 6.09055 5.77305 23.2014 6.22521 9.90003 8.80481 8.66745 6.23649
threshold=7.5000000000000009 0 12.500000000000002 40.490000000000016 3.2500000000000004 1.8750000000000002 5.5500000000000007 10.500000000000002 1.3645833333333335 1.2550000000000003 28.500000000000004 40.222500000000011 2.0450000000000004 4.5000000000000009
decision_type=2 1 8 10 8 10 10 10 10 10 2 8 10 10
left_child=-1 -2 3 5 -5 6 -3 9 -9 13 11 12 -11 -8
right_child=1 2 -4 4 -6 -7 7 8 -10 10 -12 -13 -14 -15
leaf_value=0.00024650082914605442 -0.013475653527130952 -0.0011295815972735307 0.04218328199198812 -0.015498424450346243 0.013224632180982718 -0.0094711114661686253 0.025799260265580562 0.11557250946967422 -0.02950895477967835 0.037617671005515912 -0.043399519063805791 0.090372487142972385 -0.0077493741616416843 -0.010527810602526682
leaf_weight=8728.7467044647783 113.8348896484822 149.16307802498341 9.9319799840450269 139.31969531625509 43.215905547142029 104.08390868827701 16.158424288034439 5.9365762844681722 5.1430110558867455 30.566255014389753 5.2112494036555281 5.2361715510487548 16.059622827917337 43.948721047490835
leaf_count=47683 858 681 76 924 317 652 73 49 52 184 37 36 104 280
internal_value=-8.41089e-06 -0.00324341 -0.000962523 -0.00173932 -0.00869815 0.00159019 0.00574018 0.0137295 0.0482274 0.0104677 0.0222945 0.0288956 0.0219916 -0.000762113
internal_weight=9416.56 687.809 573.975 564.043 182.536 381.507 277.423 128.26 11.0796 117.18 57.0733 51.862 46.6259 60.1071
internal_count=52006 4323 3465 3389 1241 2148 1496 815 101 714 361 324 288 353
cat_boundaries=0 1
cat_threshold=147
is_linear=0
shrinkage=0.05


Tree=120
num_leaves=15
num_cat=0
split_feature=7 4 2 2 1 1 2 3 2 8 6 4 7 3
split_gain=3.06065 3.89327 3.51987 6.33782 3.51574 4.35801 8.37566 5.31958 4.21392 3.59004 3.52779 4.11473 3.41597 3.35037
threshold=43.070000000000014 2.5500000000000003 51.500000000000007 123.50000000000001 54.250000000000007 55.500000000000007 17.500000000000004 8.5000000000000018 25.500000000000004 5.5000000000000009 4.8450000000000006 7.1000000000000005 43.010000000000012 10.500000000000002
decision_type=10 10 10 8 8 10 10 10 10 2 10 10 10 10
left_child=12 -2 4 -4 -3 6 7 9 -8 -6 -7 -12 13 -1
right_child=1 2 3 -5 5 10 8 -9 -10 -11 11 -13 -14 -15
leaf_value=0.00024964528856031117 0.020503027048323672 -0.038994783861734571 0.055762620110482275 -0.023896001216918816 -0.050463769565708798 -0.039489723850691917 0.086201662034871257 0.035131521362531545 0.0098797309859320528 -0.0027807453462061894 0.025635264838640356 -0.04168231975407391 0.037624877479425382 -0.0045376539853162322
leaf_weight=8941.1673130709678 9.7429344952106458 14.430074397474526 4.8422539159655544 5.1554599814116964 8.1226252876222187 16.809160482138399 3.7000407315790644 4.3532238602638236 3.5377544797956944 7.6794166341423979 5.670330271124838 3.7853938974440098 6.0538609959185115 381.04472382925451
leaf_count=46877 41 141 27 37 58 119 30 53 31 57 43 57 45 4390
internal_value=-9.12241e-06 -0.00929929 -0.0130178 0.0146855 -0.0170856 -0.0111937 0.00275925 -0.0138087 0.0488963 -0.027291 -0.0257459 -0.00131387 7.83476e-05 5.39648e-05
internal_weight=9416.09 87.8287 78.0857 9.99771 68.088 53.6579 27.3931 20.1553 7.2378 15.802 26.2649 9.45572 9328.27 9322.21
internal_count=52006 694 653 64 589 448 229 168 61 115 219 100 51312 51267
is_linear=0
shrinkage=0.05


Tree=121
num_leaves=15
num_cat=3
split_feature=1 4 10 10 2 2 6 11 5 4 6 2 8 7
split_gain=2.99228 6.46629 5.45594 4.86917 8.99603 8.33495 10.8003 7.41734 8.19988 7.68257 16.0541 7.67013 7.29064 11.9244
threshold=55.500000000000007 9.5500000000000025 0 1 98.500000000000014 36.500000000000007 0.5950000000000002 2 5.5000000000000009 5.1000000000000005 3.3775000000000008 33.500000000000007 9.5000000000000018 39.445000000000014
decision_type=8 10 1 1 10 10 8 1 8 10 10 10 2 8
left_child=1 -1 -3 4 5 7 -7 -2 -9 11 -11 -10 13 -5
right_child=3 2 -4 12 -6 6 -8 8 9 10 -12 -13 -14 -15
leaf_value=-0.00052521259571746239 -0.037508430936596365 -0.017118109770984893 0.00040335818252317917 0.0088666440014027858 -0.0095112749806195163 -0.025989587586060438 0.0188292127023925 0.0011040774161812476 0.010164216564213506 0.04521168327536982 -0.020050768605248022 -0.029522979506687544 -0.0020956949569116922 -0.00064472529896756475
leaf_weight=4544.2101169861853 11.105826299637556 100.35279049910605 82.863606879487634 496.98218192905188 119.10714940726757 14.68684610724449 158.54499923065305 740.3669507689774 148.76835032552481 38.382752055302262 12.489439737051724 13.259289234876631 1955.8556026853621 977.98014746420085
leaf_count=24398 62 1542 1088 2254 588 70 776 3956 642 215 117 57 11620 4621
internal_value=-8.91492e-06 -0.000896524 -0.0101059 0.000886249 0.00353447 0.00493143 0.0150294 0.00311752 0.00359082 0.0122386 0.0291893 0.00691647 -9.38269e-05 0.00256009
internal_weight=9414.96 4727.43 183.216 4687.53 1256.71 1137.6 173.232 964.373 953.267 212.9 50.8722 162.028 3430.82 1474.96
internal_count=52006 27028 2630 24978 6483 5895 846 5049 4987 1031 332 699 18495 6875
cat_boundaries=0 1 2 3
cat_threshold=1692 368 2
is_linear=0
shrinkage=0.05


Tree=122
num_leaves=15
num_cat=2
split_feature=6 3 0 7 10 4 0 6 2 2 8 8 0 10
split_gain=2.97311 3.18952 2.98667 6.11529 7.95813 10.2617 12.772 10.3066 8.82343 7.79037 12.1045 6.75979 7.29837 6.245
threshold=9.1000000000000014 3.5000000000000004 4.5000000000000009 38.310000000000009 0 5.6333333333333337 2.5000000000000004 0.16833333333333336 55.500000000000007 173.50000000000003 4.5000000000000009 17.500000000000004 2.5000000000000004 1
decision_type=10 10 2 8 1 10 2 8 10 10 2 2 2 1
left_child=2 -2 3 4 8 7 -7 -6 -1 -10 -11 12 -9 -5
right_child=1 -3 -4 13 5 6 -8 11 9 10 -12 -13 -14 -15
leaf_value=0.0043672199593242905 0.0052036517743000148 -0.040141829703528746 -0.00098821947559023346 -0.0027118838879288099 -0.052446621287572173 0.043808637343057545 -0.02766703617080235 0.0013649871555634777 -0.043401000538331361 -0.029871325228360626 0.054284245271134658 -0.017903553226343613 0.026717235545861803 0.0013666243358599348
leaf_weight=134.89406184479594 6.5782360881567028 9.4468806628137809 4090.0266315769404 1252.9393219575286 5.129729136824607 8.0635089203715307 27.790821705013514 35.323142543435097 20.938330367207527 11.56086538732052 6.7780699878931037 11.436732560396193 144.58670821040869 3646.3122485186905
leaf_count=628 30 87 24377 6825 22 47 189 150 94 50 32 51 626 18798
internal_value=-9.58974e-06 -0.0215277 2.71108e-05 0.000809795 0.00670282 0.0124695 -0.0115924 0.0174951 -0.00161278 -0.0225612 0.00123257 0.0193702 0.0217396 0.000320837
internal_weight=9411.81 16.0251 9395.78 5305.75 406.502 232.331 35.8543 196.476 174.171 39.2773 18.3389 191.347 179.91 4899.25
internal_count=52006 117 51889 27512 1889 1085 236 849 804 176 82 827 776 25623
cat_boundaries=0 1 2
cat_threshold=228 584
is_linear=0
shrinkage=0.05


Tree=123
num_leaves=15
num_cat=2
split_feature=5 10 6 7 7 5 4 2 2 2 6 10 8 2
split_gain=2.91155 6.94864 6.05516 6.58334 5.09338 8.86312 6.06972 5.05622 5.41622 5.02872 5.00712 7.04086 6.47733 5.15131
threshold=3.7500000000000004 0 2.0683333333333338 37.510000000000012 39.463333333333345 4.5000000000000009 4.366666666666668 243.50000000000003 233.50000000000003 276.50000000000006 4.7562500000000005 1 3.5000000000000004 28.500000000000004
decision_type=10 1 10 10 10 10 10 10 10 10 10 1 2 10
left_child=7 -2 3 -3 5 6 -5 8 -1 -9 11 -4 -12 -14
right_child=1 2 10 4 -6 -7 -8 9 -10 -11 12 -13 13 -15
leaf_value=0.00036559598289878414 -0.016001827314728153 0.045596644519404733 0.0092846331526358402 0.021669564199705966 -0.0051542189944814281 -0.048908703049187874 -0.021691630131640476 -0.027602384035452454 0.036270897441191371 -0.0021014108144361641 0.0013039984643483146 -0.0019138335891618436 -0.032566701895334803 0.00085397892432706804
leaf_weight=8340.3380999024957 78.060284502804279 5.4598863124847403 242.60188550315797 11.751709416508673 150.0635982695967 20.631311167031527 25.764986354857683 31.889682728797197 10.516379266977308 49.094756260514259 78.199246065691113 313.50370384939015 34.720919504761696 17.262316428124905
leaf_count=44890 591 27 1551 51 943 118 160 154 50 228 491 2204 415 133
internal_value=-9.30197e-06 -0.00259173 -0.00123702 -0.008601 -0.0100222 -0.0225851 -0.00810919 0.000290237 0.000410812 -0.0121431 0.00103769 0.00310406 -0.00778932 -0.0214685
internal_weight=9409.86 978.02 899.96 213.671 208.212 58.148 37.5167 8431.84 8350.85 80.9844 686.288 556.106 130.182 51.9832
internal_count=52006 6684 6093 1299 1272 329 211 45322 44940 382 4794 3755 1039 548
cat_boundaries=0 1 2
cat_threshold=8 880
is_linear=0
shrinkage=0.05


Tree=124
num_leaves=15
num_cat=1
split_feature=2 2 3 8 2 5 6 4 2 5 10 2 3 7
split_gain=2.90974 3.81631 5.84642 5.02912 4.96254 6.52657 5.66215 4.1131 3.89814 3.79472 6.24841 5.36101 7.3456 5.17384
threshold=421.00000000000006 243.50000000000003 7.5000000000000009 6.5000000000000009 276.50000000000006 1.6250000000000002 0.89500000000000013 2.5500000000000003 274.50000000000006 8.5000000000000018 0 61.500000000000007 8.5000000000000018 42.045000000000009
decision_type=10 10 10 2 10 8 10 10 10 10 1 10 8 10
left_child=1 9 3 4 7 6 -6 -3 -4 -1 11 13 -13 -11
right_child=-2 2 8 -5 5 -7 -8 -9 -10 10 -12 12 -14 -15
leaf_value=0.0001835333473903962 0.033836490853588891 -0.055512505399703732 -0.010475474798939812 -0.040087505819754579 0.0097981712466377845 0.022049337435357731 -0.050942035008956693 -0.010864626908997962 0.044140209143504021 0.0032283645972121613 -0.021906559363944606 0.0028872142462451874 0.072901679429497684 -0.026998340422348263
leaf_weight=9188.9753428492695 6.3458042144775382 8.1979165524244326 5.8346567675471288 16.700950235128403 7.4416347742080671 19.516331672668457 7.9204700738191605 13.912169039249418 7.4243667051196098 48.039342990145087 41.698802126571536 11.520078770816328 5.5514945089817038 20.072194354608655
leaf_count=50457 28 34 42 80 32 87 35 65 49 393 380 64 40 220
internal_value=-9.52113e-06 -3.23633e-05 -0.010459 -0.0159587 -0.0088875 0.00285998 -0.0215186 -0.027419 0.0201065 6.49524e-05 -0.00852285 0.000537351 0.0256552 -0.00567932
internal_weight=9409.15 9402.81 86.9485 73.6895 56.9885 34.8784 15.3621 22.1101 13.259 9315.86 126.882 85.1831 17.0716 68.1115
internal_count=52006 51978 424 333 253 154 67 99 91 51554 1097 717 104 613
cat_boundaries=0 1
cat_threshold=854
is_linear=0
shrinkage=0.05


Tree=125
num_leaves=15
num_cat=2
split_feature=0 5 7 1 4 1 6 10 8 0 8 2 10 2
split_gain=2.85679 5.3602 3.26691 4.53186 3.9542 3.05899 6.09371 5.93877 9.87419 9.04216 6.70261 7.24344 6.04398 6.91706
threshold=10.500000000000002 3.2500000000000004 39.190000000000012 56.750000000000007 5.5500000000000007 56.250000000000007 4.6887500000000006 0 10.500000000000002 5.5000000000000009 10.500000000000002 17.500000000000004 1 116.50000000000001
decision_type=2 8 10 10 10 8 10 1 2 2 2 10 1 10
left_child=5 2 3 -2 -4 6 -1 8 9 -7 12 -12 -9 -14
right_child=1 -3 4 -5 -6 7 -8 10 -10 -11 11 -13 13 -15
leaf_value=-0.00027218371167956045 0.00058381974360947745 -0.061603246922175336 0.040639644656576601 -0.067467903889719044 -0.0091993793152907889 0.023126564257299326 -0.009834574932188157 -0.0075234487331098865 0.039713373124537626 -0.017947633294172045 0.0014166723464505047 -0.006075772476753635 0.0039141242154250196 0.018462746246695728
leaf_weight=6642.3442525863647 5.5844749920070189 5.1304036900401107 5.7738520503044155 4.3537695109844208 12.808142052963374 27.538676656782627 170.89160799048841 95.333802722394466 28.140113558620214 26.096341162919998 922.88801743835211 495.92186893336475 876.11036900058389 90.101414881646633
leaf_count=36863 43 48 30 25 104 123 1277 445 159 134 5543 2753 4052 407
internal_value=-1.03809e-05 -0.0145527 -0.00608898 -0.0292284 0.00628675 4.18154e-05 -0.00051203 0.00151461 0.014013 0.00314174 0.00104185 -0.00120219 0.00405093 0.00521682
internal_weight=9409.02 33.6506 28.5202 9.93824 18.582 9375.37 6813.24 2562.13 81.7751 53.635 2480.36 1418.81 1061.55 966.212
internal_count=52006 250 202 68 134 51756 38140 13616 416 257 13200 8296 4904 4459
cat_boundaries=0 1 2
cat_threshold=48 200
is_linear=0
shrinkage=0.05


Tree=126
num_leaves=15
num_cat=1
split_feature=2 6 10 3 1 1 7 3 6 3 7 6 8 5
split_gain=2.77727 6.35038 6.3764 6.77898 5.20697 5.26617 6.03169 4.95739 4.59479 5.00166 6.50732 4.51552 4.47073 5.13464
threshold=10.500000000000002 0.3050000000000001 0 2.5000000000000004 53.500000000000007 54.750000000000007 41.022500000000015 2.5000000000000004 2 5.5000000000000009 40.390000000000015 1.031666666666667 13.500000000000002 2.7500000000000004
decision_type=8 8 1 10 10 10 8 10 8 10 10 10 2 8
left_child=1 -1 4 -4 11 6 7 -6 -5 10 -10 -3 13 -7
right_child=-2 2 3 8 5 12 -8 -9 9 -11 -12 -13 -14 -15
leaf_value=-0.048837034967836535 -0.00016894884092226903 0.0090252244573477761 0.03582310638888267 0.017538113491254819 0.042645597733998425 -0.0061997459615948103 0.062350353457562395 0.00087653434370682309 -0.024984033349871086 -0.023387848986202341 0.034624448141872231 -0.044040369300085785 0.0046651118820658253 -0.044187552755044934
leaf_weight=5.4524808824062339 9097.6757309380919 6.026485905051234 29.48849805444479 55.621778421103954 8.8404569178819639 36.141179695725441 6.0259576234966508 36.158935885876417 7.2464515268802669 18.789724674075842 12.435927420854567 11.974233433604239 63.687548879534006 11.799492131918667
leaf_count=24 50178 38 138 310 36 184 38 224 31 166 58 89 426 66
internal_value=-1.04438e-05 0.00464593 0.00560444 0.013789 -0.000717974 0.0020662 0.0153732 0.00908237 0.00834902 -0.0049363 0.0126784 -0.0262745 -0.00401643 -0.0155496
internal_weight=9407.36 309.689 304.237 123.582 180.654 162.654 51.0254 44.9994 94.0939 38.4721 19.6824 18.0007 111.628 47.9407
internal_count=52006 1828 1804 703 1101 974 298 260 565 255 89 127 676 250
cat_boundaries=0 1
cat_threshold=1752
is_linear=0
shrinkage=0.05


Tree=127
num_leaves=15
num_cat=2
split_feature=7 10 3 8 7 4 6 10 2 6 9 2 0 2
split_gain=2.71737 6.80856 6.79794 15.2267 8.51011 6.6698 9.16881 6.46396 8.51841 6.98091 6.3495 11.1769 20.9544 10.2628
threshold=39.710000000000015 0 6.5000000000000009 9.5000000000000018 38.745000000000012 3.9000000000000004 0.6050000000000002 1 9.5000000000000018 1.7387500000000002 1.0000000180025095e-35 111.50000000000001 3.5000000000000004 164.50000000000003
decision_type=8 1 10 2 8 10 10 1 8 10 10 10 2 10
left_child=1 2 4 -4 -1 -5 -7 8 9 -2 -10 -12 -13 -14
right_child=7 -3 3 5 -6 6 -8 -9 10 -11 11 12 13 -15
leaf_value=0.015164377298958955 0.040457075352332346 -2.9258415031494781e-05 0.056958820771148659 0.053215139071734946 0.00011030627286671385 -0.039594321085804934 0.010124521851397852 -0.0020319972282701539 0.0063704355025908785 0.0045071684746133362 -0.001426138029547659 -0.037314839623263159 0.046176674825453234 0.0085676612252269906
leaf_weight=116.51279485225677 24.945645354688168 3044.2021613698453 18.928494580090046 7.8964775800704947 483.25844279676676 10.177687279880045 104.29611171782017 3484.2693939935416 429.19012255221605 29.441174698993564 1566.0960693433881 14.784493975341318 37.507901586592197 35.127356886863708
leaf_count=544 131 15763 92 37 2183 66 757 20799 2136 194 8868 82 182 172
internal_value=-1.00332e-05 0.00102558 0.00528776 0.0152254 0.00303474 0.00876995 0.0057041 -0.00070739 0.00145492 0.0209963 0.000951612 -0.00045491 0.0169443 0.0279885
internal_weight=9406.63 3785.27 741.07 141.299 599.771 122.37 114.474 5621.36 2137.09 54.3868 2082.71 1653.52 87.4198 72.6353
internal_count=52006 19442 3679 952 2727 860 823 32564 11765 325 11440 9304 436 354
cat_boundaries=0 1 2
cat_threshold=1281 356
is_linear=0
shrinkage=0.05


Tree=128
num_leaves=15
num_cat=2
split_feature=0 10 3 4 3 7 4 6 6 11 8 5 5 6
split_gain=2.77347 5.6838 6.74457 5.13252 5.94307 4.69624 9.50389 8.74533 9.58156 10.493 12.4913 7.28878 6.61749 7.29987
threshold=7.5000000000000009 0 12.500000000000002 3.9000000000000004 3.5000000000000004 40.663333333333348 2.3666666666666671 0.47749999999999998 1.2645833333333336 1 19.500000000000004 1.8750000000000002 3.2500000000000004 1.9200000000000004
decision_type=2 1 8 10 10 10 10 10 10 1 2 10 8 10
left_child=-1 3 5 4 -2 -3 -7 -8 -9 10 11 -10 -11 -14
right_child=1 2 -4 -5 -6 6 7 8 9 12 -12 -13 13 -15
leaf_value=0.0002308550308686075 -0.0093361714526497708 0.0011495947852178693 0.039766379575348565 -0.019912375479483661 0.04347542893027144 -0.071034993876658389 0.063713096423149707 -0.032588072165142 0.10520403282946296 -0.018380604512770873 -0.01443523494573277 0.028751750857573911 0.060145896542745748 -0.0026106813983827115
leaf_weight=8719.5184181611985 19.396747469902042 408.93666537851095 10.003972090780733 86.009176127612591 7.3440968990325919 5.9541820436716071 4.2931454777717581 32.497054722160101 5.4316796585917491 62.020869929343462 9.4919388033449632 7.3174663856625557 5.9611988700926331 20.809708848595619
leaf_count=47683 82 2322 76 740 36 25 23 200 34 448 77 50 40 170
internal_value=-9.88577e-06 -0.00307224 -0.000912053 -0.0128265 0.00516799 -0.00165145 -0.00910019 -0.00660552 -0.00870883 -0.00171986 0.0289917 0.0613237 -0.00941266 0.0113636
internal_weight=9404.99 685.468 572.718 112.75 26.7408 562.714 153.777 147.823 143.53 111.033 22.2411 12.7491 88.7918 26.7709
internal_count=52006 4323 3465 858 118 3389 1067 1042 1019 819 161 84 658 210
cat_boundaries=0 1 2
cat_threshold=147 1
is_linear=0
shrinkage=0.05


Tree=129
num_leaves=15
num_cat=1
split_feature=1 8 10 6 6 5 4 8 9 5 8 4 2 6
split_gain=2.58641 9.94383 6.7622 6.06476 9.8492 6.79989 6.73819 11.7038 5.6416 5.43512 5.2928 5.92429 5.22256 6.24537
threshold=53.500000000000007 5.5000000000000009 0 1.0225000000000002 1.1550000000000005 0.35000000000000003 8.9000000000000021 15.500000000000002 1.0000000180025095e-35 0.15000000000000005 8.5000000000000018 7.7750000000000012 33.500000000000007 1.2550000000000003
decision_type=8 2 1 8 10 10 8 2 10 8 2 10 8 10
left_child=1 12 9 5 -5 8 10 -8 -4 -3 -7 -12 13 -1
right_child=-2 2 3 4 -6 6 7 -9 -10 -11 11 -13 -14 -15
leaf_value=-0.004829666781330494 0.00021513563953561027 0.059471887862056851 -0.040334363387034139 -0.036233013703081601 -0.0034522296309526719 -0.020904032635407216 0.12771895915614315 -0.0064747675330474779 0.00088521941010408624 0.011151357062871688 0.023976057924898837 -0.025786471668164408 -0.0042348174884883419 -0.033825226625646097
leaf_weight=29.411743603646755 8760.1381347216666 6.3990220054984084 9.8836588039994222 25.076934151351452 265.67385821603239 10.305800318717955 3.4912427738308898 3.0392858907580376 51.842959847301245 64.257935550063848 50.118289597332478 6.7914308607578269 67.404145695269108 50.384384835138917
leaf_count=155 47864 37 58 163 1946 49 36 38 282 405 257 47 342 327
internal_value=-9.70349e-06 -0.00306774 0.000313727 -0.0021577 -0.00627954 0.00652929 0.0167778 0.0652657 -0.00571486 0.0136024 0.0120668 0.0180376 -0.014482 -0.0231379
internal_weight=9404.22 644.081 496.88 426.223 290.751 135.473 73.746 6.53053 61.7266 70.657 67.2155 56.9097 147.2 79.7961
internal_count=52006 4142 3318 2876 2109 767 427 74 340 442 353 304 824 482
cat_boundaries=0 1
cat_threshold=2
is_linear=0
shrinkage=0.05


Tree=130
num_leaves=15
num_cat=2
split_feature=0 0 3 1 3 3 10 8 1 4 10 6 5 1
split_gain=2.60046 6.01378 10.1785 9.04862 13.7517 9.98765 7.57241 18.1583 8.1049 8.98172 9.70222 12.5897 7.06661 7.93565
threshold=4.5000000000000009 3.5000000000000004 11.500000000000002 57.250000000000007 7.5000000000000009 8.5000000000000018 0 2.5000000000000004 53.500000000000007 1.9000000000000001 1 3.1050000000000009 9.5000000000000018 54.750000000000007
decision_type=2 2 10 8 8 10 1 2 10 10 1 10 8 10
left_child=1 6 3 -3 -5 -6 12 8 -8 -10 11 -11 13 -1
right_child=-2 2 -4 4 5 -7 7 -9 9 10 -12 -13 -14 -15
leaf_value=-0.0020477524681811305 -0.00095755242263281966 0.0022975203564542762 -0.022405538645012907 0.010199333237227555 0.12553719578130032 0.029643710702682798 -0.017738297998362754 -0.0075763300647169506 -0.0005038633233362586 0.040364895752838227 0.0039387974667697218 -0.0022307526640294164 -0.0035943749879217197 0.0093672219212481891
leaf_weight=235.18435643240809 4088.6573134865612 2672.8172949254513 40.962079450488091 42.569329150021076 4.9561236649751645 6.0057639703154564 41.797622211277485 942.13560168258846 317.02561414241791 59.429696150124073 165.01876687631011 24.497777920216322 330.99496062286198 431.79143789410591
leaf_count=1379 24395 13611 532 197 27 45 209 5439 1308 266 835 126 1437 2200
internal_value=-9.54614e-06 0.000719699 0.00233348 0.00270517 0.0230593 0.0729994 -0.00103307 -0.00320885 0.00350862 0.00507773 0.0121857 0.0249578 0.0023546 0.00534215
internal_weight=9403.84 5315.19 2767.31 2726.35 53.5312 10.9619 2547.88 1549.91 607.769 565.972 248.946 83.9275 997.971 666.976
internal_count=52006 27611 14412 13880 269 72 13199 8183 2744 2535 1227 392 5016 3579
cat_boundaries=0 1 2
cat_threshold=688 1281
is_linear=0
shrinkage=0.05


Tree=131
num_leaves=15
num_cat=1
split_feature=0 5 7 4 7 10 6 6 6 3 2 2 5 0
split_gain=2.5578 5.1609 3.04081 3.55492 2.84303 13.3732 6.63583 8.40473 6.81683 6.26012 5.96163 11.6142 11.2348 8.32268
threshold=10.500000000000002 3.2500000000000004 39.190000000000012 5.5500000000000007 38.290000000000013 0 2.7550000000000003 3.5050000000000003 0.43541666666666673 10.500000000000002 55.500000000000007 39.500000000000007 1.6250000000000002 8.5000000000000018
decision_type=2 8 10 10 8 1 8 8 10 10 10 10 8 2
left_child=4 2 -2 -4 5 6 8 -8 -1 10 11 12 -7 -12
right_child=1 -3 3 -5 -6 9 7 -9 -10 -11 13 -13 -14 -15
leaf_value=-0.012181059037983393 -0.028176557661147041 -0.061049507186702816 0.038531173817712622 -0.008590048932623693 -0.00024349528140806001 -0.0056704425865628889 -0.057557358497335946 0.0077756353559103571 0.021980896098296385 -0.026127963246087921 -0.010880119896416554 0.025409030343792174 0.010048434611563213 0.045740707916033796
leaf_weight=16.206529356539249 9.7876936867833155 4.9327025283128014 5.846859626471999 12.688978919759391 8471.1271997373551 294.17076114937663 6.5428068228065994 19.879418805241585 147.57228251546621 23.133893620222807 146.42269387096167 51.416843727231026 185.26450176164508 6.7910995483398429
leaf_count=78 68 48 30 104 47295 1459 33 98 711 238 685 240 885 34
internal_value=-9.13489e-06 -0.0138511 -0.00563122 0.00627365 4.0001e-05 0.0027161 0.0141076 -0.00840246 0.0186004 -0.000539482 0.000317989 0.00282563 0.000403683 -0.00837044
internal_weight=9401.78 33.2562 28.3235 18.5358 9368.53 897.401 190.201 26.4222 163.779 707.2 684.066 530.852 479.435 153.214
internal_count=52006 250 202 134 51756 4461 920 131 789 3541 3303 2584 2344 719
cat_boundaries=0 1
cat_threshold=1537
is_linear=0
shrinkage=0.05


Tree=132
num_leaves=15
num_cat=1
split_feature=7 8 10 2 5 5 6 7 8 7 0 5 2 1
split_gain=2.53767 3.71811 4.48222 6.1898 4.50435 6.15561 4.3589 4.36349 6.25832 3.10753 2.69459 4.65283 3.01012 2.62719
threshold=43.070000000000014 23.500000000000004 0 51.500000000000007 0.62500000000000011 1.6250000000000002 3.8050000000000002 43.410000000000011 9.5000000000000018 43.010000000000012 10.500000000000002 1.6250000000000002 13.500000000000002 55.500000000000007
decision_type=10 2 1 8 8 8 8 10 2 10 2 8 10 8
left_child=9 2 3 4 -2 -6 -7 -8 -9 10 13 12 -12 -1
right_child=1 -3 -4 -5 5 6 7 8 -10 -11 11 -13 -14 -15
leaf_value=-0.00074066026747846784 -0.033895604153669302 -0.057173837963767127 -0.019089120118035003 0.05487395510691883 0.042622868833839533 -0.026291048277153329 0.053247102221672719 0.022948789925548135 -0.047645125123725873 0.035569055142868004 0.0398056369556938 -0.038558114899152784 -0.009016738093199481 0.00094233602248535667
leaf_weight=4657.9143088385463 8.9522663727402669 3.7583813685923806 28.070356942713261 5.3374486714601508 8.675869442522524 13.60279903188348 4.5965959392488029 8.4846512340009195 4.9835476092994204 6.1608514450490466 3.9146106205880669 12.307284582406281 16.314531579613686 4617.4911720231175
leaf_count=26515 60 47 230 34 58 94 40 72 59 45 28 106 113 24505
internal_value=-8.86922e-06 -0.00853534 -0.00632501 0.00315054 -0.00181066 0.00530903 -0.00491372 0.0111834 -0.0031726 7.02812e-05 4.67848e-05 -0.0143171 0.000431047 9.71705e-05
internal_weight=9400.56 86.4619 82.7035 54.6332 49.2957 40.3435 31.6676 18.0648 13.4682 9314.1 9307.94 32.5364 20.2291 9275.41
internal_count=52006 694 647 417 383 323 265 171 131 51312 51267 247 141 51020
cat_boundaries=0 1
cat_threshold=1426
is_linear=0
shrinkage=0.05


Tree=133
num_leaves=15
num_cat=1
split_feature=2 2 3 8 6 6 0 2 5 10 8 7 2 3
split_gain=2.50203 3.57939 5.27633 4.69474 3.93341 4.25011 5.2743 3.3737 3.32009 5.82157 4.97508 4.77545 4.38779 6.23191
threshold=421.00000000000006 243.50000000000003 7.5000000000000009 7.5000000000000009 1.7900000000000003 0.56833333333333347 4.5000000000000009 274.50000000000006 8.5000000000000018 0 14.500000000000002 41.790000000000013 61.500000000000007 8.5000000000000018
decision_type=10 10 10 2 10 10 2 10 10 1 2 10 10 10
left_child=1 8 3 4 5 6 -3 -4 -1 10 12 -12 -10 -14
right_child=-2 2 7 -5 -6 -7 -8 -9 9 -11 11 -13 13 -15
leaf_value=0.00017386840713330166 0.031283735721951096 -0.023964613386044924 -0.010063536076622899 -0.045161319503918246 0.0078001248185921648 -0.032751936473851745 0.031106407551637339 0.040566246807388663 0.00031382186494323161 -0.021049251506084388 -0.0047660177937545048 -0.056543370194363889 0.0075663757612999599 0.07391657454603566
leaf_weight=9181.0086914654821 6.3831044286489478 10.165169581770899 5.7916543968021852 11.229964166879652 20.647294722497463 23.729300007224083 7.5969247072935095 7.6183468103408813 47.996360259130597 40.937951970845461 15.028670502826573 6.3284325022250405 10.065535031259058 5.4579388648271552
leaf_count=50457 28 43 42 55 95 106 34 49 390 380 151 84 55 37
internal_value=-9.66512e-06 -3.09295e-05 -0.0101386 -0.0154096 -0.0100327 -0.0189069 -0.000410499 0.0186997 6.33168e-05 -0.0080039 0.000687167 -0.0201084 0.0077874 0.0308946
internal_weight=9399.99 9393.6 86.7787 73.3687 62.1387 41.4914 17.7621 13.41 9306.82 125.815 84.8769 21.3571 63.5198 15.5235
internal_count=52006 51978 424 333 278 183 77 91 51554 1097 717 235 482 92
cat_boundaries=0 1
cat_threshold=854
is_linear=0
shrinkage=0.05


Tree=134
num_leaves=15
num_cat=3
split_feature=8 10 9 7 5 5 4 4 6 6 7 11 2 11
split_gain=2.48844 6.2859 6.84924 5.39876 4.80085 4.41188 7.36348 5.72147 4.07855 4.51371 7.03882 5.4963 3.93141 3.88868
threshold=21.500000000000004 0 1.0000000180025095e-35 40.545000000000009 9.5000000000000018 0.075000000000000025 5.7750000000000012 4.7750000000000012 0.3050000000000001 0.53875000000000017 40.422500000000007 1 79.500000000000014 2
decision_type=2 1 10 10 10 8 10 10 10 10 10 1 8 1
left_child=-1 2 3 -2 5 6 7 -3 -7 10 11 -10 -11 -4
right_child=1 4 13 -5 -6 8 -8 -9 9 12 -12 -13 -14 -15
leaf_value=0.00027568679744331394 0.0003803286119915393 -0.021409046057115379 -0.021893016782421244 0.067061774719396311 -0.046243324380052277 -0.042145280671990117 -0.033290257318576565 0.046000476890417315 0.0036143279058636381 5.0889931324074474e-05 -0.022504671064348173 0.062669477040795118 0.044137761714476198 -0.006997991711501954
leaf_weight=8364.778682410717 8.6193147525191289 6.0131623893976194 76.110376689583063 4.6855702698230735 5.6713222768157712 5.5180450379848471 24.029130354523659 6.6058246791362762 6.4177907072007656 766.55170962586999 6.2138716802000991 10.205017533153301 5.0903073325753203 103.27938558906317
leaf_count=44080 66 30 562 36 89 33 198 36 42 5793 43 62 34 902
internal_value=-1.04803e-05 -0.00232323 -0.01022 0.0238635 -0.000390746 -8.45974e-05 -0.0170486 0.0138787 0.000692532 0.000990061 0.0228973 0.0398693 0.000341719 -0.0133176
internal_weight=9399.79 1035.01 192.695 13.3049 842.316 836.645 36.6481 12.619 799.997 794.479 22.8367 16.6228 771.642 179.39
internal_count=52006 7926 1566 102 6360 6271 264 66 6007 5974 147 104 5827 1464
cat_boundaries=0 1 2 3
cat_threshold=17 2 4
is_linear=0
shrinkage=0.05


Tree=135
num_leaves=15
num_cat=1
split_feature=6 3 0 10 4 6 6 8 4 7 6 9 6 4
split_gain=2.46577 2.98314 2.50511 5.19081 6.25155 10.0867 12.6692 4.9177 7.76701 12.4229 7.5771 6.90053 5.40754 11.3178
threshold=9.1000000000000014 3.5000000000000004 7.5000000000000009 0 7.7750000000000012 2.2550000000000003 1.3450000000000004 18.500000000000004 10.100000000000001 38.890000000000015 1.3450000000000004 1.0000000180025095e-35 1.2354166666666668 7.366666666666668
decision_type=10 10 2 1 10 10 10 2 8 10 10 10 10 10
left_child=2 -2 -1 4 -4 6 -6 8 11 -10 -11 -5 -13 -14
right_child=1 -3 3 7 5 -7 -8 -9 9 10 -12 12 13 -15
leaf_value=0.00025169610958511348 0.0057802761975181208 -0.038577263571947268 -0.00011487539126363555 -0.024960006793079338 0.0026969263871695027 -0.016731587138415861 0.074502303176146881 -0.012585357750830651 -0.0046730725167628351 0.16418055322702743 0.043444807456953088 -0.0094567707506932053 -0.0020374667804507721 0.030685553861057986
leaf_weight=8699.9549879450351 6.5459673702716819 9.0039364695548993 163.81840433180332 33.783584784716368 11.588528349995615 11.046743437647818 13.072371840476988 170.17142578586936 7.7608801200985891 2.2514745816588402 3.0733121857047081 110.24737395346165 122.87432907521725 33.662902917712927
leaf_count=47566 30 87 837 208 66 89 77 1425 60 24 50 570 625 292
internal_value=-1.0237e-05 -0.0199043 2.27312e-05 -0.00289229 0.00382543 0.022974 0.0407599 -0.00562543 -0.0020287 0.0356803 0.0944954 -0.00367042 -0.000974463 0.00499953
internal_weight=9398.86 15.5499 9383.31 683.351 199.526 35.7076 24.6609 483.825 313.654 13.0857 5.32479 300.568 266.785 156.537
internal_count=52006 117 51889 4323 1069 232 143 3254 1829 134 74 1695 1487 917
cat_boundaries=0 1
cat_threshold=320
is_linear=0
shrinkage=0.05


Tree=136
num_leaves=15
num_cat=1
split_feature=6 10 4 8 4 5 7 9 3 7 8 8 4 1
split_gain=2.35926 11.3049 10.6806 9.38534 7.76673 7.48471 9.30912 8.64608 11.962 7.91327 6.32886 6.3233 6.31588 11.4718
threshold=0.81458333333333355 0 1.1000000000000003 3.5000000000000004 1.1000000000000003 0.075000000000000025 41.122500000000009 1.0000000180025095e-35 3.5000000000000004 39.322500000000012 7.5000000000000009 18.500000000000004 9.3666666666666689 55.500000000000007
decision_type=10 1 8 2 8 10 10 10 10 10 2 2 10 10
left_child=1 2 3 -1 -3 6 -4 8 10 -10 -7 -9 -13 -14
right_child=-2 4 5 -5 -6 7 -8 11 9 -11 -12 12 13 -15
leaf_value=0.013630870721247535 -0.00046068899242125683 -0.019088179993980103 0.0077272938355181986 0.056647571460277983 -0.00098205799286952742 -0.044041519072640783 0.059833956617148479 0.00054588870814992316 0.0038488755010572025 0.041694636197097054 0.0089507099396345935 -0.016490623008170373 -0.026844541328982719 0.10408595047778353
leaf_weight=50.519411407411098 7101.3311543911695 62.391059041023254 429.36283934116364 16.928893983364105 1168.2841387018561 10.528472587466242 8.7462102174758893 374.36865320056677 22.453079201281071 35.89031720533967 12.12073992192745 98.96562547981739 3.6263518668711177 3.1058193668723106
leaf_count=250 41078 278 1862 86 5481 44 43 1827 122 206 51 592 52 34
internal_value=-1.01171e-05 0.00138268 0.00512223 0.0244277 -0.00188466 0.00387029 0.00876753 4.62257e-05 0.0151576 0.0271299 -0.0156827 -0.00250323 -0.0133028 0.0335589
internal_weight=9398.62 2297.29 1066.62 67.4483 1230.68 999.168 438.109 561.059 80.9926 58.3434 22.6492 480.066 105.698 6.73217
internal_count=52006 10928 5169 336 5759 4833 1905 2928 423 328 95 2505 678 86
cat_boundaries=0 1
cat_threshold=1449
is_linear=0
shrinkage=0.05


Tree=137
num_leaves=15
num_cat=1
split_feature=7 8 10 2 5 5 6 7 6 7 8 7 3 9
split_gain=2.31773 3.52064 4.16847 5.32862 4.22164 5.54653 6.70329 4.02356 4.82527 3.17927 3.32208 2.71706 2.568 8.57169
threshold=43.070000000000014 23.500000000000004 0 51.500000000000007 0.62500000000000011 2.2500000000000004 2.4950000000000006 45.220000000000006 3.7550000000000003 43.410000000000011 9.5000000000000018 43.010000000000012 10.500000000000002 1.0000000180025095e-35
decision_type=10 2 1 8 8 8 10 10 8 8 2 10 10 10
left_child=11 2 3 4 -2 6 -6 8 -7 -10 -11 12 -1 -14
right_child=1 -3 -4 -5 5 7 -8 -9 9 10 -12 -13 13 -15
leaf_value=0.00021415867626017686 -0.033022569946745482 -0.056786255193281024 -0.018473799704796137 0.050259655290417093 -0.011629510716661441 -0.040855765470858479 0.062786084755266786 0.04157310322651997 0.041366915144788304 0.013701725179419831 -0.045317930336571069 0.032871473460401111 0.010175853153044435 -0.008005803228322091
leaf_weight=8927.8840709542856 8.7941388469189388 3.5714348601177326 27.697097323834896 5.5008324943482867 5.0731846094131452 10.177879737690096 7.5001349300146103 3.6596401389688245 4.1090616434812519 5.6888360921293497 4.1045701988041401 6.3073075488209716 83.156710628420115 294.05118729546666
leaf_count=46877 60 47 230 34 29 72 57 32 35 48 50 45 745 3645
internal_value=-9.75015e-06 -0.0081863 -0.00607743 0.00303681 -0.00163451 0.00521263 0.0327603 -0.00727351 -0.014697 0.00445356 -0.0110343 6.56603e-05 4.34234e-05 -0.0039976
internal_weight=9397.28 85.8768 82.3054 54.6083 49.1074 40.3133 12.5733 27.74 24.0803 13.9025 9.79341 9311.4 9305.09 377.208
internal_count=52006 694 647 417 383 323 86 237 205 133 98 51312 51267 4390
cat_boundaries=0 1
cat_threshold=1426
is_linear=0
shrinkage=0.05


Tree=138
num_leaves=15
num_cat=1
split_feature=2 4 6 10 4 2 1 1 7 0 6 5 8 8
split_gain=2.28955 5.6115 5.07151 4.56885 4.62139 5.07451 4.43319 5.11328 5.14094 4.68115 5.78335 5.21948 6.81865 4.53072
threshold=10.500000000000002 1.1000000000000003 0.34500000000000008 0 9.1000000000000014 6.5000000000000009 53.500000000000007 54.750000000000007 41.022500000000015 6.5000000000000009 1.6887500000000002 1.1250000000000002 14.500000000000002 13.500000000000002
decision_type=8 10 8 1 10 10 10 10 8 2 8 8 2 2
left_child=1 -1 -3 6 5 -5 -4 8 9 10 -8 -12 -13 -9
right_child=-2 2 3 4 -6 -7 7 13 -10 -11 11 12 -14 -15
leaf_value=0.053301240702885791 -0.00015452423943707104 -0.041507531515347224 -0.024983512169769517 0.05017194641602947 -0.030319425600532565 0.011387487238001502 -0.017306328941323484 -0.016557791782319014 0.057180515945687897 0.044876096770117835 -0.014528813558468868 0.078606281544109216 0.0018785312193770197 0.0040356369872823041
leaf_weight=5.7157350108027449 9086.8903546277434 6.1876809746026984 17.572147410362959 9.1783522590994817 6.0498428102582684 103.95154226571321 19.621244061738253 46.101451372727752 6.2040374614298335 7.4354224652051917 6.3350708149373558 6.0527276881039125 5.5512159615755081 63.492314616218209
leaf_count=33 50178 28 126 48 85 543 105 243 38 45 40 34 36 424
internal_value=-1.04944e-05 0.00421891 0.00329526 0.00422697 0.0113084 0.0145341 -0.00107822 0.00146719 0.0145122 0.00862906 0.00145361 0.0219728 0.0419005 -0.00462715
internal_weight=9396.34 309.449 303.733 297.545 119.18 113.13 178.366 160.793 51.1997 44.9957 37.5603 17.939 11.6039 109.594
internal_count=52006 1828 1795 1767 676 591 1091 965 298 260 215 110 70 667
cat_boundaries=0 1
cat_threshold=1752
is_linear=0
shrinkage=0.05


Tree=139
num_leaves=15
num_cat=0
split_feature=5 4 1 7 2 6 7 4 5 9 1 5 6 7
split_gain=2.27523 4.89732 4.63521 4.45974 4.2995 6.70809 7.03661 6.82241 8.94677 15.2629 9.92552 9.43829 9.00091 7.35458
threshold=1.8750000000000002 11.100000000000001 57.250000000000007 38.763333333333343 14.500000000000002 3.9133333333333336 39.290000000000013 8.7083333333333339 0.35000000000000003 1.0000000180025095e-35 55.500000000000007 1.3750000000000002 1.8145833333333334 38.822500000000012
decision_type=10 10 10 10 8 10 10 10 8 10 10 8 10 10
left_child=4 2 -2 -3 -1 7 -7 -6 12 10 -10 -12 13 -9
right_child=1 3 -4 -5 5 6 -8 8 9 -11 11 -13 -14 -15
leaf_value=0.0023471503437999973 -0.00095595481332629928 0.055471296958433593 -0.032351474207651852 -0.038671138000347029 -0.0011275838611161798 0.041568859051014428 0.0063886083675884289 -0.03379811312240761 0.014837822965741125 0.0056048532587085953 0.041718555300279306 0.11371771362451806 -0.0350811875163635 0.01028073252241107
leaf_weight=2109.1286678537726 2592.3855192512274 1.387536048889159 11.809954540804027 13.474558089859782 4307.6393624469638 17.209648989140987 81.646039381623268 11.355770107358692 19.330622993409634 132.50370615161955 14.416913270950319 6.6519107148051253 20.182594271376729 56.780578192323446
leaf_count=11803 15974 32 63 340 20649 81 474 104 159 1402 102 45 232 546
internal_value=-1.0098e-05 -0.00126167 -0.00109833 -0.0298819 0.000473598 -0.000372975 0.0125131 -0.000651788 0.00719424 0.0138076 0.0407114 0.0644503 -0.00575287 0.00293444
internal_weight=9395.9 2619.06 2604.2 14.8621 6776.85 4667.72 98.8557 4568.86 261.222 172.903 40.3994 21.0688 88.3189 68.1363
internal_count=52006 16409 16037 372 35597 23794 555 23239 2590 1708 306 147 882 650
is_linear=0
shrinkage=0.05


Tree=140
num_leaves=15
num_cat=3
split_feature=6 3 0 0 10 2 10 7 3 7 10 8 4 7
split_gain=2.26726 2.78945 2.35676 5.16136 10.1877 9.53262 10.8522 15.1999 8.13654 10.8803 7.18672 16.6738 7.99737 9.94614
threshold=9.1000000000000014 4.5000000000000009 4.5000000000000009 3.5000000000000004 0 120.50000000000001 1 39.622500000000009 1.5000000000000002 38.010000000000012 2 2.5000000000000004 2.9000000000000004 42.955000000000005
decision_type=10 10 2 2 1 8 1 10 8 10 1 2 10 10
left_child=2 -2 3 10 8 -6 7 -7 9 -5 -1 12 -12 -14
right_child=1 -3 -4 4 5 6 -8 -9 -10 -11 11 -13 13 -15
leaf_value=0.0023873447119691291 -0.0033427795843651666 -0.047877284346246704 -0.00088174855039840775 0.044386426675581001 0.0031649210617591393 0.012836846285289883 -9.5422412614200425e-05 0.058791902543328348 -0.0047385437846663089 0.0028249220668904594 -0.00050290262064686545 -0.0072235631354981471 0.014890630616142301 -0.031363166713769104
leaf_weight=995.26534465327859 9.8582380414009076 5.465509256348013 4080.7148861773312 18.883777379989624 1841.063786810264 43.513589143753052 67.449692662805319 30.680188961327076 669.80249818693846 94.802116215229034 408.39103956520557 938.976463586092 178.87559031695127 12.430154265835879
leaf_count=4989 50 67 24377 85 9378 182 309 139 3917 396 1694 5436 897 90
internal_value=-9.94383e-06 -0.0192269 2.14473e-05 0.000716842 0.0022102 0.00410585 0.0166258 0.0280582 -0.00260608 0.00972849 -0.0009134 -0.00304416 0.00344898 0.0118853
internal_weight=9396.17 15.3237 9380.85 5300.13 2766.2 1982.71 141.643 74.1938 783.488 113.686 2533.94 1538.67 599.697 191.306
internal_count=52006 117 51889 27512 14406 10008 630 321 4398 481 13106 8117 2681 987
cat_boundaries=0 1 2 3
cat_threshold=680 7 688
is_linear=0
shrinkage=0.05


Tree=141
num_leaves=15
num_cat=2
split_feature=7 2 8 3 6 10 6 10 6 7 6 5 2 9
split_gain=2.22986 6.28583 9.0382 8.97925 8.60605 8.32348 8.31606 9.35634 7.72033 7.42659 8.5794 10.5577 7.32676 6.55085
threshold=39.710000000000015 46.500000000000007 7.5000000000000009 3.5000000000000004 3.5550000000000002 0 0.5950000000000002 1 1.7225000000000004 37.510000000000012 1.2450000000000003 0.62500000000000011 223.50000000000003 1.0000000180025095e-35
decision_type=8 10 2 10 8 1 10 1 10 10 10 8 10 10
left_child=1 4 3 5 -1 13 -5 8 -8 10 11 -4 -11 -3
right_child=-2 2 9 6 -6 -7 7 -9 -10 12 -12 -13 -14 -15
leaf_value=0.001187865804735969 -0.00064194603190034544 -0.016802736658362443 -0.004198786898985566 -0.017986215628237101 0.012141501468585237 -0.015882752828748521 -0.0097884621616210164 0.036631901906866833 0.021458772898946831 -0.010557622682426307 -0.021749409347323237 0.065114915481434318 -0.050976351259570764 0.010822511697872565
leaf_weight=2943.8897381853312 5611.292140820995 27.917729288339615 10.8046090900898 19.124038152396679 190.95074549503624 79.258390739560127 40.450373351573944 31.795529179275036 38.660287089645863 271.75445532053709 11.840169608592985 11.176906824111937 11.694593563675879 92.770907327532768
leaf_count=15319 32564 116 54 89 987 334 203 152 203 1418 58 51 63 395
internal_value=-9.48682e-06 0.000928861 -0.00355712 0.00223648 0.00185508 -0.00441491 0.0124643 0.017715 0.00486648 -0.00958276 0.012563 0.031045 -0.0122252 0.00409309
internal_weight=9393.38 3782.09 647.248 329.977 3134.84 199.947 130.03 110.906 79.1107 317.271 33.8217 21.9815 283.449 120.689
internal_count=52006 19442 3136 1492 16306 845 647 558 406 1644 163 105 1481 511
cat_boundaries=0 1 2
cat_threshold=413 236
is_linear=0
shrinkage=0.05


Tree=142
num_leaves=15
num_cat=2
split_feature=1 4 10 2 4 2 3 8 7 4 10 0 4 7
split_gain=2.21888 5.51436 5.1016 4.5562 8.47489 6.87409 6.23729 7.09198 12.8351 8.94819 8.87446 7.43468 6.34564 5.53231
threshold=55.500000000000007 9.5500000000000025 0 41.500000000000007 8.9000000000000021 101.50000000000001 3.5000000000000004 5.5000000000000009 37.422500000000007 3.4500000000000006 1 4.5000000000000009 2.9000000000000004 40.990000000000016
decision_type=8 10 1 10 10 10 10 2 10 10 1 2 10 10
left_child=1 3 -3 -1 6 -6 13 9 -9 12 11 -10 -8 -5
right_child=-2 2 -4 4 5 -7 7 8 10 -11 -12 -13 -14 -15
leaf_value=0.00019633098801643211 0.00076326779021823078 0.0012889618046429219 -0.015789754156927929 -0.013369956369491259 -0.0023163214759432354 0.067597276382025645 0.016125054999290522 0.057330371553414743 0.014241348674114869 0.0031767362155704507 -0.018097062228278817 -0.0095808659361210999 0.074838532484951301 0.011338206961789613
leaf_weight=3916.0901219770312 4678.8448415156454 76.437090128660202 103.78860320243984 240.9404389411211 6.7842039391398412 7.2979946807026863 10.636281266808512 7.8601248562335959 61.223524436354637 80.585126038640738 97.898175526410341 70.428038403391838 8.1114570796489698 25.006368592381477
leaf_count=21236 24978 1045 1585 1032 58 56 46 41 331 447 577 426 36 112
internal_value=-8.06633e-06 -0.000773796 -0.00935094 -0.000432771 -0.00442715 0.0339159 -0.00532306 -0.000802732 -0.00549628 0.0104151 -0.00764756 0.00139175 0.0415282 -0.0110467
internal_weight=9391.93 4713.09 180.226 4532.86 616.772 14.0822 602.69 336.743 237.41 99.3329 229.55 131.652 18.7477 265.947
internal_count=52006 27028 2630 24398 3162 114 3048 1904 1375 529 1334 757 82 1144
cat_boundaries=0 1 2
cat_threshold=99 791
is_linear=0
shrinkage=0.05


Tree=143
num_leaves=15
num_cat=1
split_feature=2 2 8 6 9 6 6 6 2 5 10 8 6 2
split_gain=2.18483 3.14628 4.81926 4.97815 6.60692 6.08301 5.85002 5.46431 3.90633 2.78252 5.4606 4.4649 4.31336 3.4273
threshold=421.00000000000006 243.50000000000003 8.5000000000000018 2.145 1.0000000180025095e-35 0.52250000000000019 2.5050000000000003 1.3050000000000004 272.50000000000006 8.5000000000000018 0 17.500000000000004 2.7450000000000006 61.500000000000007
decision_type=10 10 2 10 10 8 10 8 10 10 1 2 10 10
left_child=1 9 3 4 -3 -6 -5 -7 -8 -1 11 13 -12 -11
right_child=-2 2 -4 6 5 7 8 -9 -10 10 12 -13 -14 -15
leaf_value=0.00015939866069263631 0.029154658380280418 -0.040377107350553811 -0.046815076043303504 0.056418194160509472 0.037643665743318691 -0.034215769571543618 -0.029595382477619184 0.0068198173797407741 0.020324484313623513 -5.6188511027733454e-05 0.023070344364406983 -0.025457036652906873 -0.03073278619016135 0.025752450609541858
leaf_weight=9174.2583712283522 6.4173740595579138 16.395075015723705 7.8746913224458686 6.0193113386631039 7.5762273222208014 15.043007619678972 6.9477893263101569 17.608537331223488 8.9892434105277044 54.11635404266417 4.1557453833520404 13.331872800365089 35.949170351959765 16.874768152832985
leaf_count=50457 28 76 45 29 34 72 40 82 46 459 38 159 342 99
internal_value=-9.66113e-06 -2.96031e-05 -0.00952399 -0.00578692 -0.0136236 -0.00272011 0.0144231 -0.0120858 -0.00143821 5.86703e-05 -0.00736818 0.000976813 -0.0201366 0.00607859
internal_weight=9391.56 9385.14 86.4539 78.5792 56.6228 40.2278 21.9563 32.6515 15.937 9298.69 124.428 84.323 40.1049 70.9911
internal_count=52006 51978 424 379 264 188 115 154 86 51554 1097 717 380 558
cat_boundaries=0 1
cat_threshold=854
is_linear=0
shrinkage=0.05


Tree=144
num_leaves=15
num_cat=1
split_feature=0 1 10 3 7 5 5 4 6 6 2 6 7 4
split_gain=2.15078 5.23283 5.90634 8.33812 4.98882 10.6926 6.24298 6.20592 6.56364 7.17134 5.4698 6.9824 5.36628 5.02385
threshold=7.5000000000000009 51.250000000000007 0 12.500000000000002 40.490000000000016 3.2500000000000004 1.8750000000000002 8.5500000000000025 2.0225000000000004 1.3275000000000003 9.5000000000000018 3.7050000000000005 40.390000000000015 2.1000000000000005
decision_type=2 10 1 8 10 8 10 10 10 10 10 10 10 10
left_child=-1 -2 3 4 6 10 7 -3 9 -9 -6 -12 13 -8
right_child=1 2 -4 -5 5 -7 12 8 -10 -11 11 -13 -14 -15
leaf_value=0.00020238036573999639 0.028573383650399867 0.0040132360916294088 -0.011322257381862062 0.054582316875883198 0.038059493246558329 0.013855216271996438 0.032448756996851541 0.018850044891644949 -0.012198368243829132 0.089484854589219495 -0.020507279522290461 0.034650393446998495 0.038996243807996697 -0.015081013645098451
leaf_weight=8709.1622730931267 13.107497196644543 222.00223784148693 161.73589077778161 6.765707239508628 4.560933791100978 40.639843072742224 5.9671291112899771 7.9291213788092154 5.7680033110082141 6.571492612361908 113.86273607611656 6.0420981682837001 5.5202251076698294 81.408454533666372
leaf_count=47683 85 1124 1229 33 30 296 25 55 51 47 759 47 33 509
internal_value=-9.34739e-06 -0.00271359 -0.00332679 -0.000542383 -0.00129873 -0.00841276 0.00220569 0.00643123 0.0329156 0.0508608 -0.0156836 -0.0177278 -0.00881448 -0.0118351
internal_weight=9391.04 681.881 668.774 507.038 500.272 165.106 335.167 242.271 20.2686 14.5006 124.466 119.905 92.8958 87.3756
internal_count=52006 4323 4238 3009 2976 1132 1844 1277 153 102 836 806 567 534
cat_boundaries=0 1
cat_threshold=1860
is_linear=0
shrinkage=0.05


Tree=145
num_leaves=15
num_cat=1
split_feature=10 8 0 0 8 6 6 7 5 2 5 2 7 5
split_gain=2.0818 9.62974 8.19589 8.04582 6.88705 13.5587 8.74797 8.13663 6.78686 6.52493 6.14086 5.97627 5.75089 5.23884
threshold=0 3.5000000000000004 3.5000000000000004 5.5000000000000009 11.500000000000002 3.7550000000000003 2.5550000000000002 39.822500000000012 0.62500000000000011 90.500000000000014 4.5000000000000009 10.500000000000002 40.763333333333343 3.2500000000000004
decision_type=1 2 2 2 2 10 10 10 10 10 8 10 10 8
left_child=1 3 10 8 6 13 7 9 -1 -4 12 -9 -3 -6
right_child=-2 2 4 -5 5 -7 -8 11 -10 -11 -12 -13 -14 -15
leaf_value=0.001131962513269015 -0.00024515239475621589 0.020633806186915276 0.030617600596239997 0.054313193136233479 -0.0013371807661736353 -0.030576317754424626 0.027070887435123155 0.041396902205758465 0.02621950160284971 -0.021763590728818623 -0.034774886232731846 -0.010006684621436935 -0.013292328896196332 0.012618913449914488
leaf_weight=68.003435499966145 8542.9764011148363 15.900651246309279 33.49456375837326 11.896383702754973 326.51702724024653 35.724944159388542 55.498031713068485 6.1191185265779486 44.664471231400967 7.2281629145145407 24.763933073729277 74.446694642305374 58.256314881145954 84.682641386985779
leaf_count=292 47573 71 149 57 1797 270 261 28 208 31 146 329 331 463
internal_value=-9.73719e-06 0.00233943 0.000153827 0.0152065 0.00227444 -0.00103003 0.0106283 0.00310467 0.0110773 0.0213201 -0.013217 -0.00610249 -0.00601793 0.00153694
internal_weight=9390.17 847.196 722.632 124.564 623.711 446.925 176.787 121.289 112.668 40.7227 98.9209 80.5658 74.157 411.2
internal_count=52006 4433 3876 557 3328 2530 798 537 500 180 548 357 402 2260
cat_boundaries=0 1
cat_threshold=256
is_linear=0
shrinkage=0.05


Tree=146
num_leaves=15
num_cat=3
split_feature=6 3 7 10 3 2 2 2 5 8 6 5 10 11
split_gain=2.09492 2.70538 2.1736 10.8192 5.54295 10.6301 7.01134 7.81123 8.25367 6.43037 7.55426 8.02421 6.27864 5.84286
threshold=9.1000000000000014 3.5000000000000004 38.290000000000013 0 5.5000000000000009 181.50000000000003 55.500000000000007 41.500000000000007 0.15000000000000005 1.5000000000000002 1.4183333333333337 3.2500000000000004 1 2
decision_type=10 10 8 1 10 10 10 10 8 2 10 8 1 1
left_child=2 -2 3 -1 6 9 7 8 -5 -6 11 12 -11 -10
right_child=1 -3 -4 4 5 -7 -8 -9 13 10 -12 -13 -14 -15
leaf_value=0.012535959733940782 0.0056017575779745907 -0.0370903465100434 -0.00022789873497915597 -0.019223380033077955 0.042116414887161432 0.046442359139890033 -0.0081554314295979712 0.031574899781172901 -0.0010967535999281096 0.0054534943342502478 -0.023966773812718164 0.05078776470363941 -0.015633273748220298 0.012737260426119348
leaf_weight=192.40806259959936 6.5436688661575309 8.5718482546508294 8470.8273771796376 35.110215470194817 5.8927432820200911 8.8829804435372335 119.16449609398842 27.212660849094391 141.47085975110531 59.859164658933878 71.715975981205702 6.3934468477964392 68.654280330985785 165.74912787973881
leaf_count=932 30 87 47387 152 34 51 523 116 610 366 489 38 475 716
internal_value=-9.36323e-06 -0.0186085 2.06298e-05 0.00235327 -0.000574246 -0.00714553 0.00239099 0.00579183 0.00374228 -0.00938546 -0.0108543 -0.0038837 -0.00660357 0.00636687
internal_weight=9388.46 15.1155 9373.34 902.514 710.106 221.399 488.707 369.543 342.33 212.516 206.623 134.907 128.513 307.22
internal_count=52006 117 51889 4502 3570 1453 2117 1594 1478 1402 1368 879 841 1326
cat_boundaries=0 1 2 3
cat_threshold=1537 112 4
is_linear=0
shrinkage=0.05


Tree=147
num_leaves=15
num_cat=1
split_feature=0 5 7 4 7 10 6 6 6 8 3 4 8 7
split_gain=2.06401 4.87207 2.95616 3.19956 2.22515 10.8049 6.10533 7.51748 6.10074 5.82327 6.9765 5.99498 5.94893 5.8073
threshold=10.500000000000002 3.2500000000000004 39.190000000000012 5.5500000000000007 38.290000000000013 0 2.7550000000000003 3.5050000000000003 0.43541666666666673 13.500000000000002 4.5000000000000009 4.291666666666667 7.5000000000000009 37.963333333333345
decision_type=2 8 10 10 8 1 8 8 10 2 10 10 2 10
left_child=4 2 -2 -4 5 6 8 -8 -1 10 -10 -12 -13 -14
right_child=1 -3 3 -5 -6 -7 7 -9 9 -11 11 12 13 -15
leaf_value=-0.012288139450261902 -0.027179994610300157 -0.060211095794662217 0.037375526437368314 -0.0073370705538697957 -0.00021618229926307874 -0.0005323209671166658 -0.055935601983822594 0.0062051399666822942 0.018523379318232006 0.0078438840981066762 0.094953711844434671 0.065704048328934797 0.044979293193556098 -0.022870953935476265
leaf_weight=16.198305651545525 9.6124201416969317 4.6082361061125985 5.9000899791717556 12.430443186312912 8458.796684069559 704.92404391244054 6.4656150639057186 19.684255100786686 60.897527471184731 59.054169092327356 5.5840439498424557 10.163941934704782 7.0005968920886499 5.7388935834169388
leaf_count=78 68 48 30 104 47295 3541 33 98 258 301 24 54 38 36
internal_value=-8.97847e-06 -0.0125776 -0.00472211 0.00705467 3.4757e-05 0.00240454 0.012622 -0.0091593 0.0168483 0.0200278 0.0280773 0.0485008 0.0371752 0.0144141
internal_weight=9387.06 32.5512 27.943 18.3305 9354.51 895.711 190.787 26.1499 164.637 148.439 89.385 28.4875 22.9034 12.7395
internal_count=52006 250 202 134 51756 4461 920 131 789 711 410 152 128 74
cat_boundaries=0 1
cat_threshold=1537
is_linear=0
shrinkage=0.05


Tree=148
num_leaves=15
num_cat=1
split_feature=1 4 10 6 6 5 8 4 2 6 2 6 2 3
split_gain=2.02913 5.00324 4.74231 4.54985 14.3154 4.37738 7.44816 4.57533 5.52509 6.90294 5.68451 4.20423 4.11043 7.68003
threshold=55.500000000000007 9.5500000000000025 0 1.3050000000000004 1.2450000000000003 2.7500000000000004 31.500000000000004 11.100000000000001 17.500000000000004 3.895 26.500000000000004 0.84500000000000031 41.500000000000007 4.5000000000000009
decision_type=8 10 1 10 8 8 2 8 10 10 10 10 10 10
left_child=1 12 5 4 -4 11 7 8 9 -7 -10 -3 -1 -14
right_child=-2 2 3 -5 -6 6 -8 -9 10 -11 -12 -13 13 -15
leaf_value=0.00017990840792705273 0.00072899373548635708 0.029926712553803043 -0.011477451157946508 -0.024213512744022767 0.10661675455569596 -0.030976420715967269 0.1221239433421426 -0.054243876203434731 0.099738295150132175 0.077697701843642608 0.0069252523622981496 -0.010502800608751146 -0.0092952282323387064 0.0019186552356872549
leaf_weight=3914.5894666984677 4676.8740402776748 7.3699992671608916 31.65776365250349 67.905243961140513 2.792546145617961 6.1535561885684782 1.7051319535821665 2.2302338145673266 3.5360734015703192 1.916288064792752 3.0925541799515486 50.43123584240675 336.93527963757515 279.20598698407412
leaf_count=21236 24978 73 423 1121 41 103 30 52 48 42 38 659 1473 1689
internal_value=-8.71765e-06 -0.000741315 -0.00894519 -0.0152181 -0.00190472 0.00127872 0.0225201 0.0124876 0.0226129 -0.00517036 0.0564368 -0.0053478 -0.000417576 -0.00421363
internal_weight=9386.4 4709.52 178.791 102.356 34.4503 76.4351 18.6338 16.9287 14.6985 8.06984 6.62863 57.8012 4530.73 616.141
internal_count=52006 27028 2630 1585 464 1045 313 283 231 145 86 732 24398 3162
cat_boundaries=0 1
cat_threshold=99
is_linear=0
shrinkage=0.05


Tree=149
num_leaves=15
num_cat=1
split_feature=5 4 2 10 6 7 6 8 6 9 5 8 2 1
split_gain=2.02707 5.99644 6.22538 5.2662 7.3594 4.85492 7.9939 5.85141 6.34727 4.55007 3.89472 4.24532 6.764 4.53588
threshold=3.7500000000000004 8.9000000000000021 154.50000000000003 0 2.0950000000000002 41.522500000000015 4.8450000000000006 26.500000000000004 4.335416666666668 1.0000000180025095e-35 3.2500000000000004 9.5000000000000018 23.500000000000004 54.250000000000007
decision_type=10 10 8 1 10 10 10 2 10 10 10 2 10 8
left_child=10 3 5 -2 -5 -3 7 8 9 -7 -1 12 -12 -13
right_child=1 2 -4 4 -6 6 -8 -9 -10 -11 11 13 -14 -15
leaf_value=0.00014467419604552814 -0.0086908963593702732 -0.027868772900346003 0.043028545260949472 -0.008059539860157049 0.0037081938755031685 0.055918767437946548 -0.040743684685137581 0.10582720167836145 0.089252948213562791 -0.026185703355896303 -0.025683737244112378 0.054983930767294402 0.023671607620551947 0.013842774084320589
leaf_weight=8348.7543377373368 169.91683343052864 49.486813873052597 4.2408593744039527 175.06808134168386 551.08302240073681 2.2047485914081326 7.4060055548325172 1.8782979380339373 2.0988048352301112 7.191495435312393 14.852493071928622 8.6046555470675212 13.033545728772877 30.2604059278965
leaf_count=44909 1036 814 31 990 3419 29 156 36 42 131 88 65 65 195
internal_value=-8.68374e-06 -0.00217234 -0.0158017 -0.00103908 0.000859273 -0.0193523 0.000929963 0.0240084 0.0106391 -0.00692059 0.000240855 0.0122704 -0.00261574 0.0229514
internal_weight=9386.08 970.575 74.507 896.068 726.151 70.2662 20.7794 13.3733 11.495 9.39624 8415.51 66.7511 27.886 38.8651
internal_count=52006 6684 1239 5445 4409 1208 394 238 202 160 45322 413 153 260
cat_boundaries=0 1
cat_threshold=9
is_linear=0
shrinkage=0.05


Tree=150
num_leaves=15
num_cat=2
split_feature=0 1 10 4 7 8 2 7 7 5 7 5 11 5
split_gain=2.02615 4.73312 5.36237 6.02723 7.36464 17.5573 5.09904 7.12397 5.4016 4.62708 4.07998 8.67431 6.19474 8.74515
threshold=7.5000000000000009 51.250000000000007 0 10.550000000000002 38.990000000000016 19.500000000000004 14.500000000000002 39.210000000000015 38.64500000000001 0.87500000000000011 40.663333333333348 3.2500000000000004 1 0.62500000000000011
decision_type=2 10 1 8 10 2 10 8 10 8 10 8 1 8
left_child=-1 9 6 10 -5 -6 7 8 -3 -2 12 -12 13 -4
right_child=1 2 3 4 5 -7 -8 -9 -10 -11 11 -13 -14 -15
leaf_value=0.00019627144244498975 0.059256432440286826 -0.0025305719910952117 0.010416831503018894 -0.00029780811421621661 0.1530628678724851 -0.018346154372497054 -0.023166020147611981 -0.013388040903505458 0.065356141270122639 -3.3753829645058572e-05 -0.016004033664586768 0.011958493749458343 0.003703463722635371 -0.024888876797277682
leaf_weight=8705.5512303449214 6.0352918431162808 5.7030680999159795 27.427088752388954 7.9277502819895727 3.2030373811721802 2.7997679822146893 63.708104683086276 31.055675991810858 6.0265256483107805 7.2359223477542409 111.440574105829 36.924034211784601 321.82924246788025 48.65270271897316
leaf_count=47683 39 36 143 65 30 49 473 278 45 46 761 274 1808 276
internal_value=-9.04481e-06 -0.00263768 -0.00322624 -0.00112017 0.0313369 0.073116 -0.012981 -0.000849269 0.0323488 0.0269294 -0.00196837 -0.0090449 0.000670191 -0.012161
internal_weight=9385.52 679.969 666.698 560.204 13.9306 6.00281 106.493 42.7853 11.7296 13.2712 546.274 148.365 397.909 76.0798
internal_count=52006 4323 4238 3406 144 79 832 359 81 85 3262 1035 2227 419
cat_boundaries=0 1 2
cat_threshold=147 1
is_linear=0
shrinkage=0.05


Tree=151
num_leaves=15
num_cat=1
split_feature=8 9 2 10 1 6 5 2 8 4 3 6 3 7
split_gain=1.97295 5.47549 6.86295 4.72359 4.78156 5.63919 6.87839 3.8936 5.38235 5.03298 6.1012 7.30709 7.46804 7.16278
threshold=24.500000000000004 1.0000000180025095e-35 19.500000000000004 0 52.500000000000007 2.1550000000000007 0.35000000000000003 22.500000000000004 26.500000000000004 6.1000000000000005 6.5000000000000009 2.2550000000000003 4.5000000000000009 39.910000000000011
decision_type=2 8 10 1 8 10 8 10 2 10 10 10 10 10
left_child=-1 2 -2 -3 5 6 -5 8 -6 10 11 12 -10 -14
right_child=1 3 -4 4 7 -7 -8 -9 9 -11 -12 -13 13 -15
leaf_value=0.00018146403550655971 -0.011569971528885652 -0.012696298002368137 0.048124746339509389 -0.013821358909752741 -0.0096939545744381059 -0.025172757881111632 0.062832284180708076 -0.015832193288082757 0.011180282191987568 -0.0016927607254273666 0.032781155841379098 0.035542803702038238 0.0039195750620696175 -0.053651009297509523
leaf_weight=8779.5460127061233 8.2886388376355189 105.93528778105974 11.48825992643833 4.2084847725927839 120.6284582093358 4.4612642433494321 9.6080168075859547 48.130128260701895 32.285533845424652 197.61012401618063 26.31569554656744 14.845086224377154 10.142682880163195 11.56131951510906
leaf_count=47075 73 942 77 31 919 46 71 376 161 1844 173 86 58 74
internal_value=-8.92127e-06 -0.0027694 0.0231063 -0.00364308 -0.00135142 0.0237023 0.0394837 -0.00237291 -0.000805872 0.00285636 0.0123041 0.0044756 -0.00406672 -0.0267472
internal_weight=9385.05 605.509 19.7769 585.732 479.797 18.2778 13.8165 461.519 413.389 292.76 95.1503 68.8346 53.9895 21.704
internal_count=52006 4931 150 4781 3839 148 102 3691 3315 2396 552 379 293 132
cat_boundaries=0 1
cat_threshold=1
is_linear=0
shrinkage=0.05


Tree=152
num_leaves=15
num_cat=2
split_feature=1 8 10 6 6 5 4 8 9 10 5 2 6 6
split_gain=1.97133 9.04863 5.78329 5.28524 9.28572 6.05658 5.8362 10.3305 5.32418 4.99673 4.86155 4.82344 5.764 8.506
threshold=53.500000000000007 5.5000000000000009 0 1.0225000000000002 1.1550000000000005 0.35000000000000003 8.6333333333333346 14.500000000000002 1.0000000180025095e-35 1 0.15000000000000005 33.500000000000007 1.2550000000000003 0.81458333333333355
decision_type=8 2 1 8 10 10 8 2 10 1 8 8 10 10
left_child=1 11 10 5 -5 8 -7 -8 -4 -6 -3 12 13 -1
right_child=-2 2 3 4 9 6 7 -9 -10 -11 -12 -13 -14 -15
leaf_value=-0.023806756584035013 0.00018668190046748864 0.055700849462853988 -0.03926193619008031 -0.035083876932801954 0.0063436931124757172 0.011300583928369679 0.11775530177211538 -0.0011667521392803816 0.0010884617284239212 -0.0076365157312401595 0.010414403233730119 -0.0037944479331559321 -0.032468523197648966 0.033043730028124468
leaf_weight=19.351128868758682 8743.7557137673721 6.5245425328612319 9.7123831212520582 24.512334756553173 89.995646730065346 66.90950620174408 3.6569292210042468 3.6476538926362991 51.652327116578817 173.45909917447716 64.624007550999522 67.210786581039429 49.340389803051949 9.9691656902432424
leaf_count=102 47864 37 58 163 733 349 33 45 282 1213 405 342 327 53
internal_value=-9.46461e-06 -0.00268687 0.000540105 -0.00177434 -0.00564868 0.00632384 0.0159334 0.0583698 -0.00529792 -0.00290997 0.0127722 -0.0136305 -0.0220349 -0.00447708
internal_weight=9384.32 640.566 494.694 423.546 287.967 135.579 74.2141 7.30458 61.3647 263.455 71.1486 145.871 78.6607 29.3203
internal_count=52006 4142 3318 2876 2109 767 427 78 340 1946 442 824 482 155
cat_boundaries=0 1 2
cat_threshold=2 1048
is_linear=0
shrinkage=0.05


Tree=153
num_leaves=15
num_cat=0
split_feature=6 1 3 5 5 7 7 3 2 7 4 0 7 0
split_gain=1.93444 5.31891 6.18921 5.85801 3.96077 4.29284 3.8577 4.02105 3.8299 6.65248 4.03778 3.05202 3.76836 3.0082
threshold=4.7562500000000005 56.250000000000007 4.5000000000000009 5.5000000000000009 6.5000000000000009 40.663333333333348 42.410000000000011 8.5000000000000018 97.500000000000014 39.590000000000011 3.4500000000000006 4.5000000000000009 40.490000000000016 5.5000000000000009
decision_type=10 8 10 8 10 10 10 10 10 10 10 2 10 2
left_child=-1 8 4 6 5 -3 7 -4 11 -10 -11 -2 13 -13
right_child=1 2 3 -5 -6 -7 -8 -9 9 10 -12 12 -14 -15
leaf_value=0.00010181530520691763 -0.0090235029782655355 -0.0071755436602891493 0.027234786673790479 -0.031011950408755831 0.053902087929200163 0.035279215858872191 0.049110871812363177 -0.042504914229650498 -0.031710310892941018 0.060051784268404719 0.0081657812947222002 -0.031166539766057513 -0.043320166025184029 0.024912717085804888
leaf_weight=9164.2388093098998 111.62614438217133 12.504788890481001 4.308653227984907 14.564311852678655 7.890448458492755 11.366718783974646 5.0841821357607833 3.9725798331201077 6.9073796942830112 5.860582739114764 10.409587133675812 4.850723987445237 15.718953872099517 4.7165266592055559
leaf_count=50331 804 54 29 182 38 50 52 60 33 26 75 31 199 42
internal_value=-9.35803e-06 -0.00464496 0.00809332 -0.00907592 0.023191 0.0130398 0.0148278 -0.00621996 -0.00939459 0.00940159 0.0268553 -0.0125766 -0.0282615 -0.00352022
internal_weight=9384.02 219.782 59.6917 27.9297 31.762 23.8715 13.3654 8.28123 160.09 23.1775 16.2702 136.912 25.2862 9.56725
internal_count=52006 1675 465 323 142 104 141 89 1210 134 101 1076 272 73
is_linear=0
shrinkage=0.05


Tree=154
num_leaves=15
num_cat=1
split_feature=7 10 2 5 6 5 7 2 6 5 6 7 5 0
split_gain=1.93444 3.1035 7.993 3.94505 4.13573 5.69774 3.25474 5.614 4.52967 3.95185 2.56606 2.53618 8.86407 2.12489
threshold=43.070000000000014 0 51.500000000000007 0.62500000000000011 2.4950000000000006 1.6250000000000002 44.220000000000006 14.500000000000002 3.8450000000000002 4.5000000000000009 2.9050000000000007 42.955000000000005 2.7500000000000004 10.500000000000002
decision_type=10 1 10 8 8 8 10 10 8 8 10 10 10 2
left_child=11 2 3 10 -5 -6 8 -8 -7 -10 -2 13 -13 -1
right_child=1 -3 -4 4 5 6 7 -9 9 -11 -12 12 -14 -15
leaf_value=6.9670425722461612e-05 -0.0085455095005577686 -0.019175644753759581 0.054883267182004869 -0.029646247628407264 0.052885747872871938 -0.040503330626906531 -0.026135472386550441 0.055199790949722632 0.042937339206744189 -0.014697843127952298 -0.059959684402110795 -0.0096666140065028629 0.067092913176382996 -0.012886841804345187
leaf_weight=9251.0317947687581 4.7784543931484205 24.15436602011323 6.0342559069395056 9.0789542198181135 5.9344382286071768 8.2173951286822611 3.4178393818438035 5.5937837082892656 4.7956581041216824 7.8304435899481186 4.931301498785615 9.7179712522774917 6.1356728430837384 31.753334617242217
leaf_count=50956 28 207 36 57 46 64 34 53 43 83 43 63 46 247
internal_value=-9.06847e-06 -0.00752813 0.000237854 -0.00576024 0.000493206 0.00813886 -0.000755678 0.0243518 -0.0116108 0.00719321 -0.0346573 5.94757e-05 0.0200408 2.53505e-05
internal_weight=9383.41 84.7669 60.6125 54.5783 44.8685 35.7896 29.8551 9.01162 20.8435 12.6261 9.70976 9298.64 15.8536 9282.79
internal_count=52006 694 487 451 380 323 277 87 190 126 71 51312 109 51203
cat_boundaries=0 1
cat_threshold=1427
is_linear=0
shrinkage=0.05


Tree=155
num_leaves=15
num_cat=1
split_feature=2 2 5 7 7 8 7 2 6 7 7 11 8 3
split_gain=1.91884 2.86326 4.5928 4.18031 3.82404 4.68054 3.08721 2.46986 8.48897 2.25981 4.78211 3.3827 2.58411 2.33018
threshold=421.00000000000006 243.50000000000003 3.7500000000000004 40.722500000000018 40.145000000000017 7.5000000000000009 39.610000000000014 231.50000000000003 1.6275000000000002 38.845000000000006 37.690000000000012 0 3.5000000000000004 2.5000000000000004
decision_type=10 10 10 10 10 2 8 10 8 10 10 1 2 8
left_child=1 7 3 4 5 9 -4 -1 -9 10 -3 12 -11 -12
right_child=-2 2 6 -5 -6 -7 -8 8 -10 11 13 -13 -14 -15
leaf_value=2.3473818398197688e-05 0.027261506186594162 -0.032839207695272037 0.045771268935947261 0.014753038767884051 -0.049410915932976883 -0.048410282143073684 -0.0039905696126386224 0.058722077992795968 -0.018314155340104915 -0.024740539734954495 0.040876875715202314 -0.047350184621258389 0.015129159719275058 0.0021094474672530158
leaf_weight=9276.4531740620732 6.4456374496221533 6.346910402178767 5.7608643993735287 10.866492610424755 8.7939857393503171 8.2896275743842107 6.7909971550107011 7.2671129778027508 7.0407169759273538 8.6049408614635485 6.7173508107662174 7.0551254898309734 7.7015289217233649 9.1640098616480827
leaf_count=51487 28 29 30 55 42 46 40 33 34 38 28 35 36 45
internal_value=-9.86927e-06 -2.86156e-05 -0.00910508 -0.0138762 -0.01884 -0.0138504 0.0188484 5.54905e-05 0.0208134 -0.00756631 0.0038459 -0.0184249 -0.00591012 0.0185069
internal_weight=9383.3 9376.85 86.0918 73.54 62.6735 53.8795 12.5519 9290.76 14.3078 45.5899 22.2283 23.3616 16.3065 15.8814
internal_count=52006 51978 424 354 299 257 70 51554 67 211 102 109 74 73
cat_boundaries=0 1
cat_threshold=4
is_linear=0
shrinkage=0.05


Tree=156
num_leaves=15
num_cat=1
split_feature=6 2 4 10 8 2 0 8 6 6 4 7 2 7
split_gain=1.92429 2.49485 2.59799 1.99838 9.53457 8.98599 6.80693 8.27708 12.1534 7.89051 6.20902 5.92431 8.39858 6.75602
threshold=9.1000000000000014 14.500000000000002 3.3666666666666671 0 1.5000000000000002 166.50000000000003 3.5000000000000004 11.500000000000002 3.7550000000000003 3.2050000000000005 5.1000000000000005 39.822500000000012 24.500000000000004 40.245000000000012
decision_type=10 8 10 1 2 8 2 2 10 10 10 10 10 10
left_child=3 -2 -3 4 5 -1 -6 9 -9 11 -11 -8 -13 -14
right_child=1 2 -4 -5 6 -7 7 8 -10 10 -12 12 13 -15
leaf_value=0.042124328304085197 -0.046625194028187343 0.026308576760215807 -0.025663016387440431 -0.00021164774665680456 -0.0096080493428087523 0.0057569327495609951 0.020744669251030023 0.0015194074214391242 -0.029236453445109858 0.019407904614007512 0.06666393555025156 0.0081167197080658279 -0.062566316789660376 -0.0074933816541624095
leaf_weight=27.67051624506712 5.0311298603191945 4.2180876582860947 5.5930820722132921 8525.0606324933469 131.91431772708893 43.987470284104347 52.459682993590832 410.96481642127037 34.843860294669867 22.702664002776146 10.018434964120386 82.489774867892265 8.0318888723850268 18.15831583738327
leaf_count=129 43 19 55 47473 701 180 236 2260 268 100 57 370 35 80
internal_value=-9.46036e-06 -0.0179986 -0.00331902 1.90401e-05 0.00232619 0.0198001 0.00073351 0.00286617 -0.000884433 0.0114912 0.0338766 0.0069456 0.000284813 -0.0243829
internal_weight=9383.14 14.8423 9.81117 9368.3 843.242 71.658 771.584 639.669 445.809 193.861 32.7211 161.14 108.68 26.1902
internal_count=52006 117 74 51889 4416 309 4107 3406 2528 878 157 721 485 115
cat_boundaries=0 1
cat_threshold=256
is_linear=0
shrinkage=0.05


Tree=157
num_leaves=15
num_cat=1
split_feature=5 4 10 8 8 1 4 4 0 5 3 0 7 2
split_gain=1.86559 5.29184 7.17852 8.42758 9.66328 7.59989 6.66693 5.88812 5.7238 5.3354 5.30147 4.84293 5.3174 6.33285
threshold=0.35000000000000003 9.1000000000000014 0 29.500000000000004 24.500000000000004 52.500000000000007 9.7750000000000021 1.6333333333333335 4.5000000000000009 0.15000000000000005 8.5000000000000018 9.5000000000000018 40.763333333333343 29.500000000000004
decision_type=8 10 1 2 2 10 10 10 2 10 10 2 10 10
left_child=1 2 3 4 5 8 -3 9 -1 -4 -8 12 -9 -14
right_child=-2 6 7 -5 -6 -7 10 11 -10 -11 -12 -13 13 -15
leaf_value=0.053552976256170226 0.00033490812231294767 -0.028614691772579616 -0.0056892928419786919 0.032442063135509007 -0.023352826084389336 0.0029033640753669968 0.02579876396382649 -0.0062295283114400194 -9.6498547110644532e-05 0.024003981022656436 -0.0099396152670563898 0.032246192961851709 0.007223454460964761 -0.012260763482690248
leaf_weight=13.266659677028658 7577.7190271019936 39.46061959862709 25.744756773114204 24.468611627817154 34.04381150752306 506.19595096260309 13.195903725922106 820.0420363470912 7.9512210488319388 36.686128169298172 48.574438201263547 9.1137761026620847 170.00045509263873 55.259580962359905
leaf_count=70 42032 398 109 176 230 2523 108 4181 45 154 648 55 975 302
internal_value=-9.11368e-06 -0.00145418 -0.00079389 0.00365509 0.00246564 0.00413219 -0.0125607 -0.00313262 0.0334483 0.0117593 -0.00230488 -0.00404406 -0.00436047 0.00244369
internal_weight=9381.72 1804 1702.77 585.926 561.458 527.414 101.231 1116.85 21.2179 62.4309 61.7703 1054.42 1045.3 225.26
internal_count=52006 9974 8820 3044 2868 2638 1154 5776 115 263 756 5513 5458 1277
cat_boundaries=0 1
cat_threshold=1570
is_linear=0
shrinkage=0.05


Tree=158
num_leaves=15
num_cat=1
split_feature=2 4 6 10 7 1 6 5 6 7 7 6 6 5
split_gain=1.87093 5.06681 4.64765 4.01274 4.59938 4.05624 4.76388 6.44861 4.21533 3.69139 3.51624 5.52344 4.87271 4.97494
threshold=10.500000000000002 1.1000000000000003 0.34500000000000008 0 38.790000000000013 53.500000000000007 0.7645833333333335 0.62500000000000011 1.031666666666667 37.690000000000012 39.563333333333347 1.7449999999999999 1.5183333333333335 3.2500000000000004
decision_type=8 10 8 1 10 10 10 10 10 10 10 10 8 8
left_child=1 -1 -3 5 -5 8 7 -7 -4 -8 -6 12 13 -12
right_child=-2 2 3 4 10 6 9 -9 -10 -11 11 -13 -14 -15
leaf_value=0.051424635355741925 -0.00013926128071604143 -0.039999748081018728 0.009976237061619795 0.047469927138782758 -0.014496362045457853 0.0029393424848489654 0.030426364647629968 0.066043106903297552 -0.041982878094799975 -0.0037117650312636767 0.0090869603215487423 0.00092082401395703105 0.060974379487124253 0.057333105348065065
leaf_weight=5.4894500821828833 9071.6943837469444 6.1691127792000762 5.9400560781359699 8.2111036218702775 14.252841304987667 11.107468701899053 8.4120962768793088 6.3704499602317801 11.384932898916302 134.99096615985036 31.008500166237354 51.572291927412152 7.7416956275701514 6.4556045010685912
leaf_count=33 50178 28 37 47 77 58 43 32 89 832 160 322 39 31
internal_value=-8.91798e-06 0.00381641 0.00295565 0.00384655 0.0104811 -0.00111816 0.00129455 0.0259398 -0.0241681 -0.00170921 0.00868958 0.0121043 0.0248627 0.0174005
internal_weight=9380.8 309.107 303.617 297.448 119.242 178.206 160.881 17.4779 17.325 143.403 111.031 96.7781 45.2058 37.4641
internal_count=52006 1828 1795 1767 676 1091 965 90 126 875 629 552 230 191
cat_boundaries=0 1
cat_threshold=1752
is_linear=0
shrinkage=0.05


Tree=159
num_leaves=15
num_cat=0
split_feature=7 5 2 8 7 6 6 7 4 4 0 6 6 4
split_gain=1.85266 5.676 5.77161 7.58445 10.4292 21.5471 10.0248 9.95087 7.20861 9.06573 6.64881 5.73944 13.442 5.66027
threshold=39.890000000000015 0.62500000000000011 71.500000000000014 7.5000000000000009 37.510000000000012 1.0645833333333334 0.58166666666666689 37.890000000000015 2.1000000000000005 2.6333333333333337 5.5000000000000009 2.7550000000000003 2.3550000000000009 11.100000000000001
decision_type=8 8 10 2 10 10 10 10 10 10 2 10 10 10
left_child=1 -1 -3 7 5 -5 -6 10 -9 -10 -4 12 -11 -2
right_child=13 2 3 4 6 -7 -8 8 9 11 -12 -13 -14 -15
leaf_value=-0.0019786942662651688 -0.00053619288758121296 0.0028188139482335337 -0.0070922350508616332 0.090669188649119548 -0.06511751422601246 -0.02499227903821653 -0.012295205228341977 -0.0067805924728543748 0.045150563847408343 0.0060057813987286447 -0.054726620068318292 -0.014061104381434106 0.064417603870606091 -0.024218912332447485
leaf_weight=1315.9069807045162 5060.3808003347367 2588.4669580645859 22.363746836781502 7.2567505538463619 9.5706842616200429 9.0466476231813413 146.07608889043331 62.647221088409424 19.692541241645813 68.378442078828812 10.894144348800181 22.720588549971581 11.506628863513468 25.356211205944419
leaf_count=6860 29218 13470 96 33 47 45 787 269 81 325 50 112 55 558
internal_value=-8.55455e-06 0.000756124 0.00196432 -0.00370478 -0.0115579 0.0264894 -0.0155432 0.00248371 0.0070116 0.0140766 -0.0226956 0.0081128 0.0144194 -0.000654269
internal_weight=9380.26 4294.53 2978.62 390.153 171.95 16.3034 155.647 218.203 184.945 122.298 33.2579 102.606 79.8851 5085.74
internal_count=52006 22230 15370 1900 912 78 834 988 842 573 146 492 380 29776
is_linear=0
shrinkage=0.05


Tree=160
num_leaves=15
num_cat=1
split_feature=5 1 4 2 9 6 1 10 6 6 0 6 1 7
split_gain=1.91519 4.21702 4.17554 5.0965 3.87554 9.02783 6.37518 3.7975 9.1317 7.43961 5.22755 7.87293 5.97719 5.76361
threshold=1.8750000000000002 57.250000000000007 10.100000000000001 58.500000000000007 1.0000000180025095e-35 2.4450000000000007 54.250000000000007 0 0.88875000000000015 0.82750000000000001 6.5000000000000009 1.8950000000000002 56.750000000000007 39.963333333333345
decision_type=10 10 10 10 10 10 8 1 10 10 2 10 10 10
left_child=-1 2 7 4 5 -4 -7 8 9 -2 -9 12 13 -12
right_child=1 -3 3 -5 -6 6 -8 10 -10 -11 11 -13 -14 -15
leaf_value=0.0004354796257646054 0.0091155651887820221 -0.031153572842136053 -0.034353231365436721 0.029383404121661256 -0.027272895958560823 0.11416632614197947 0.0060488001392869969 -0.0018045845344030293 0.00037657466015598095 0.056612084173975001 0.021999377516683918 -0.027831514365957689 -0.030109988408457123 -0.018629147487296011
leaf_weight=6767.8495886642486 23.409763939678669 11.665523178875445 6.6485209036618453 5.9475286416709414 38.745560075156391 2.3669467717409134 3.2159825218841434 1043.6414210293442 1359.5817507561296 12.726679913699625 27.703940112143755 50.054389538243413 12.710091352462767 12.744921818375586
leaf_count=35597 125 63 92 59 866 43 45 6258 8060 65 172 387 85 89
internal_value=-8.32205e-06 -0.00115861 -0.001024 -0.0144167 -0.0195269 0.00501006 0.0518865 -0.000724158 0.00102856 0.0258431 -0.0028414 -0.0136004 -0.000200499 0.00919785
internal_weight=9379.01 2611.16 2599.5 56.9245 50.977 12.2315 5.58293 2542.57 1395.72 36.1364 1146.85 103.213 53.159 40.4489
internal_count=52006 16409 16346 1105 1046 180 88 15241 8250 190 6991 733 346 261
cat_boundaries=0 1
cat_threshold=1492
is_linear=0
shrinkage=0.05


Tree=161
num_leaves=15
num_cat=1
split_feature=6 10 4 8 4 5 4 9 3 1 7 4 7 7
split_gain=1.79961 10.2335 8.98808 8.93611 7.19482 6.48179 8.6685 7.37464 10.3621 7.12038 6.65523 6.139 5.82163 10.885
threshold=0.81458333333333355 0 1.1000000000000003 3.5000000000000004 1.1000000000000003 0.075000000000000025 5.1000000000000005 1.0000000180025095e-35 3.5000000000000004 56.250000000000007 39.322500000000012 4.9000000000000012 40.910000000000011 40.522500000000015
decision_type=10 1 8 2 8 10 10 10 10 8 10 10 10 10
left_child=1 2 3 -1 -3 6 -4 8 -7 -8 11 -10 13 -6
right_child=-2 4 5 -5 12 7 9 -9 10 -11 -12 -13 -14 -15
leaf_value=0.012138854099163541 -0.00040244083978600658 -0.018441289778570867 0.0056682353317680425 0.054772975496237102 -0.0012933780815531722 -0.014865803075421105 0.018711427002298893 -0.0022972002114939223 0.039144543186576973 0.067011494169937347 0.03801995054463167 -0.015630216516482342 -0.014270836211819474 0.020610389771814695
leaf_weight=49.686241909861565 7083.3384262118489 62.499210000038147 387.84099009633064 16.330123402178288 1030.240800563246 22.604752331972122 40.596732635051012 478.65271354839206 7.8612482994794872 9.3965412303805333 36.793495114892721 14.644862849265335 77.490067340433598 60.024025570601225
leaf_count=250 41078 278 1626 86 4750 95 231 2505 35 48 206 87 421 310
internal_value=-8.21539e-06 0.00120871 0.00477227 0.022685 -0.00189783 0.00363563 0.00819414 7.51227e-05 0.0139391 0.0277897 0.0249194 0.00350228 -0.00102866 -8.74763e-05
internal_weight=9378 2294.66 1064.41 66.0164 1230.25 998.391 437.834 560.557 81.9044 49.9933 59.2996 22.5061 1167.75 1090.26
internal_count=52006 10928 5169 336 5759 4833 1905 2928 423 279 328 122 5481 5060
cat_boundaries=0 1
cat_threshold=1449
is_linear=0
shrinkage=0.05


Tree=162
num_leaves=15
num_cat=1
split_feature=1 4 5 5 2 6 3 9 10 3 5 0 6 8
split_gain=1.77021 4.48616 12.0729 8.77544 8.30196 8.92872 8.27879 6.98427 6.83746 6.59981 6.04006 5.9805 5.59868 5.52405
threshold=55.500000000000007 8.7750000000000021 2.2500000000000004 0.35000000000000003 16.500000000000004 0.70500000000000018 5.5000000000000009 1.0000000180025095e-35 0 6.5000000000000009 1.8750000000000002 7.5000000000000009 1.1775000000000004 21.500000000000004
decision_type=8 10 10 8 10 10 10 10 1 10 10 2 10 2
left_child=-1 -2 3 13 5 -5 -4 -6 -9 -7 -10 12 -11 -3
right_child=1 2 6 4 7 9 -8 8 10 11 -12 -13 -14 -15
leaf_value=-0.00069265811781925833 0.00029456707225859307 0.0065575872894117525 0.060033567291947303 -0.058492982516177565 0.054304523417743902 0.050735382879618776 -0.015061147142577579 -0.0091029134907685636 0.028224551532965922 -0.017257930214697653 0.087855973129529905 -0.033006683408503108 0.024518787039130786 -0.0268410218146969
leaf_weight=4703.8314118282869 4399.1344304587692 45.506047666072845 3.8838435485959044 4.891692489385604 22.517776668071747 9.1806916892528516 66.715868304483593 15.610235586762427 35.71829792112112 11.168383244425057 4.8194802664220324 8.7159182522445899 28.445570293813944 17.007786612957716
leaf_count=27028 22052 410 22 45 153 52 956 148 344 110 58 105 324 199
internal_value=-7.90614e-06 0.000681317 0.00688657 0.0130651 0.0199756 0.00635683 -0.01093 0.0307788 0.021344 0.0118728 0.0283264 0.00449048 0.0127407 -0.00252898
internal_weight=9377.15 4673.32 274.182 203.582 141.068 62.4023 70.5997 78.6658 56.148 57.5106 40.5378 48.3299 39.614 62.5138
internal_count=52006 24978 2926 1948 1339 636 978 703 550 591 402 539 434 609
cat_boundaries=0 1
cat_threshold=787
is_linear=0
shrinkage=0.05


Tree=163
num_leaves=15
num_cat=3
split_feature=0 0 10 2 10 7 3 7 2 2 2 10 7 8
split_gain=1.80041 4.84978 8.89562 8.87151 9.29939 12.7846 7.02448 9.77741 6.66905 11.4412 6.41306 6.25259 9.95373 8.9235
threshold=4.5000000000000009 3.5000000000000004 0 120.50000000000001 1 39.622500000000009 1.5000000000000002 38.010000000000012 33.500000000000007 89.500000000000014 31.500000000000004 2 40.110000000000014 6.5000000000000009
decision_type=2 2 1 8 1 10 8 10 10 10 8 1 10 2
left_child=1 11 6 -4 5 -5 7 -3 -9 -10 -8 12 -1 -14
right_child=-2 2 3 4 -6 -7 10 8 9 -11 -12 -13 13 -15
leaf_value=5.3666269136728262e-05 -0.00079926950962185797 0.042225662503178607 0.002907001305874052 0.01242258441932256 0.00024130599905629446 0.054367673959563295 -0.0014317668986583152 -0.0071273214800718692 0.046082872229491312 -0.013780299809520353 -0.012411152828568854 0.00052190786689873287 -0.0048128044337290236 -0.022788799253795056
leaf_weight=389.48083691671491 4071.7520580394194 18.542946949601173 1841.7533211708069 43.503675386309624 67.332980435341597 31.190758414566517 484.60698300972581 61.918962687253952 18.885610207915306 13.824106842279432 183.30751866288483 1866.4803497921675 166.93301624618471 117.72596196271479
leaf_count=1776 24395 85 9381 182 309 141 2982 258 81 57 936 9636 917 870
internal_value=-8.42621e-06 0.000598515 0.00204762 0.00381629 0.0158762 0.0264031 -0.00246171 0.00902589 0.00252023 0.0207829 -0.00444503 -0.0009785 -0.00506526 -0.0122471
internal_weight=9377.24 5305.49 2764.87 1983.78 142.027 74.6944 781.086 113.172 94.6287 32.7097 667.915 2540.62 674.14 284.659
internal_count=52006 27611 14412 10013 632 323 4399 481 396 138 3918 13199 3563 1787
cat_boundaries=0 1 2 3
cat_threshold=680 7 67
is_linear=0
shrinkage=0.05


Tree=164
num_leaves=15
num_cat=1
split_feature=6 3 1 6 6 11 8 3 2 3 6 6 7 6
split_gain=1.75159 2.41972 1.77839 7.12858 9.69632 14.1948 8.65865 8.25698 5.8408 5.23595 5.93469 4.66238 2.7324 2.76396
threshold=9.1000000000000014 4.5000000000000009 58.250000000000007 0.84500000000000031 1.4550000000000003 0 16.500000000000004 6.5000000000000009 26.500000000000004 3.5000000000000004 1.1450000000000002 2.2450000000000006 39.790000000000013 1.9816666666666669
decision_type=10 10 8 8 8 1 2 8 10 10 10 10 8 8
left_child=2 -2 -1 -4 8 6 7 -6 9 -5 -11 -8 13 -7
right_child=1 -3 3 4 5 12 11 -9 -10 10 -12 -13 -14 -15
leaf_value=-5.6340365409075271e-05 -0.0028854723209630786 -0.045998138797425744 -0.020394499727845274 0.065272220357545457 0.02505625413119407 -0.064427630290610799 0.023978379394076144 0.10161252081849231 0.078468280377086544 -0.017064975125026131 0.039816391652063736 -0.047907165023265044 -0.010150167272170149 -0.014616085138353652
leaf_weight=9249.5600603464991 9.7349875196814519 4.889083480462431 20.352584883570671 5.8786993473768296 9.5557638704776764 5.6974958628416035 5.0045877248048765 5.5780554637312898 6.2364442795515052 9.2779519408941287 9.0669374316930753 4.1064099334180355 24.147548701614141 5.4477449748665103
leaf_count=51232 50 67 105 25 45 32 32 39 34 58 59 35 161 32
internal_value=-8.07664e-06 -0.0172988 1.89386e-05 0.00632883 0.0123722 0.000633295 0.0300892 0.0532735 0.0353172 0.0242078 0.0110486 -0.00842109 -0.0196018 -0.04008
internal_weight=9374.53 14.6241 9359.91 110.35 89.9976 59.5376 24.2448 15.1338 30.46 24.2236 18.3449 9.111 35.2928 11.1452
internal_count=52006 117 51889 657 552 376 151 84 176 142 117 67 225 64
cat_boundaries=0 1
cat_threshold=4
is_linear=0
shrinkage=0.05


Tree=165
num_leaves=15
num_cat=2
split_feature=0 8 6 6 5 10 4 8 2 7 2 3 10 4
split_gain=1.73039 4.2376 7.1939 6.70876 8.197 7.52113 8.25166 7.33816 6.35208 8.66566 6.34746 5.89077 4.76532 6.27261
threshold=7.5000000000000009 8.5000000000000018 0.6050000000000002 0.9275000000000001 1.6250000000000002 0 5.2250000000000005 4.5000000000000009 84.500000000000014 38.922500000000007 19.500000000000004 5.5000000000000009 1 7.7750000000000012
decision_type=2 2 8 8 8 1 8 2 8 10 10 10 1 10
left_child=-1 3 -3 7 10 6 -6 -2 9 -7 -5 -12 13 -4
right_child=1 2 12 4 5 8 -8 -9 -10 -11 11 -13 -14 -15
leaf_value=0.00018169178935299515 0.024106175267587633 0.01466236195037789 -0.0041605765901986868 0.00095350937410989634 0.0055889498622229425 -0.040104511788703473 0.071491431486629606 -0.034370714412791145 -0.043712821674611498 0.03655323859101868 0.024829855912677813 0.07598887993768659 -0.009193590268823295 0.017921115614586189
leaf_weight=8696.8482245188206 7.7931318804621723 46.538254041224718 139.32755876332521 10.841451250016688 14.525051705539228 6.5175880603492287 7.0577854700386515 17.217686250805855 13.835401214659212 8.4875676073133928 12.743138194084169 10.076104715466498 340.75033518951386 41.811833536252379
leaf_count=47683 36 261 740 54 68 35 35 81 70 51 55 58 2454 325
internal_value=-7.91397e-06 -0.00244174 -0.00417408 0.00658443 0.0133468 0.000591589 0.0185465 -0.0161499 -0.0143129 0.00325644 0.0324539 0.0474197 -0.00585377 0.000887477
internal_weight=9374.37 677.523 568.428 109.095 84.0841 50.4234 21.5828 25.0108 28.8406 15.0052 33.6607 22.8192 521.89 181.139
internal_count=52006 4323 3780 543 426 259 103 117 156 86 167 113 3519 1065
cat_boundaries=0 1 2
cat_threshold=1280 328
is_linear=0
shrinkage=0.05


Tree=166
num_leaves=15
num_cat=0
split_feature=7 4 3 8 5 7 2 7 4 5 6 2 1 7
split_gain=1.72802 2.92994 2.94677 5.52712 6.03995 5.59076 3.71397 2.33898 9.92808 6.94431 7.23137 7.63011 10.4725 7.08419
threshold=43.070000000000014 2.5500000000000003 8.5000000000000018 18.500000000000004 3.2500000000000004 43.510000000000012 44.500000000000007 42.590000000000011 3.9000000000000004 2.7500000000000004 3.6775000000000002 14.500000000000002 55.500000000000007 42.64500000000001
decision_type=10 10 10 2 8 10 10 10 10 8 10 10 10 10
left_child=7 -2 -3 4 5 -4 -6 -1 -9 13 -11 -12 -13 -10
right_child=1 2 3 -5 6 -7 -8 8 9 10 11 12 -14 -15
leaf_value=-1.971224094537146e-05 0.018630771522200173 -0.015885472254322869 0.006876901618796942 -0.054570240280394644 -0.042673517372156716 0.091689321436814478 0.041860273003351961 -0.028313141554383511 0.044898875698546434 0.059365013230196731 -0.028956573119053797 0.086772756383452637 -0.027390524032364694 -0.0080557545395226939
leaf_weight=9205.0868839072064 9.7496884763240796 57.630291542038321 3.7960882168263206 2.9198798099532715 4.1664209403097638 3.980633519589901 1.8881567157804964 15.17517453432083 7.8948726393282405 14.781323798000814 6.8355872090905896 5.1359817981719953 3.2992168106138706 31.574815973639488
leaf_count=50688 41 430 37 52 79 40 15 68 55 109 73 52 35 232
internal_value=-8.21347e-06 -0.00714181 -0.01052 0.00793922 0.0211354 0.0502894 -0.0163111 5.63906e-05 0.00832745 0.0163253 0.0344353 0.0103047 0.0421206 0.00253643
internal_weight=9373.92 84.1312 74.3815 16.7512 13.8313 7.77672 6.05458 9289.78 84.697 69.5218 30.0521 15.2708 8.4352 39.4697
internal_count=52006 694 653 223 171 77 94 51312 624 556 269 160 87 287
is_linear=0
shrinkage=0.05


Tree=167
num_leaves=15
num_cat=1
split_feature=2 2 3 2 7 6 10 1 0 1 4 4 7 6
split_gain=1.70002 2.7345 1.71857 7.27489 8.88446 7.70427 9.3822 9.76058 6.7567 6.29027 6.57591 14.6888 7.62215 7.99288
threshold=421.00000000000006 378.50000000000006 10.500000000000002 23.500000000000004 42.263333333333343 1.4050000000000005 0 55.500000000000007 4.5000000000000009 54.250000000000007 6.7750000000000012 7.9000000000000012 39.322500000000012 0.96458333333333346
decision_type=10 10 10 10 10 10 1 10 2 8 10 10 10 10
left_child=1 2 -1 4 -4 9 7 -7 -6 -5 -11 -12 -13 -14
right_child=-2 -3 3 5 8 6 -8 -9 -10 10 11 12 13 -15
leaf_value=0.00013452946309880161 0.025643677270517713 -0.033933124175829853 -0.010329951783640438 -0.0057433696731534166 0.012004928823582773 -0.0075583318572941902 -0.016547905882512867 0.045573907813936443 0.10283759625701568 -0.0038333989170145724 0.10675783533850264 -0.021457604285680977 0.085284482873160886 0.0069034408517998887
leaf_weight=8984.2981349872425 6.454448163509368 5.9423233494162551 236.48838461283594 14.95255979336798 7.3169678393751365 17.588153511285782 45.378050047904253 16.996725404635072 2.842771302908659 9.0908529534935933 7.1421073153615025 6.4623824171721962 6.3230892121791822 6.6978184655308723
leaf_count=47484 28 27 3067 141 105 152 559 118 51 55 49 57 50 63
internal_value=-8.14411e-06 -2.58188e-05 -4.29595e-06 -0.00331019 -0.00836305 0.00623019 -0.0034356 0.0143921 0.0374206 0.0214842 0.032883 0.0454193 0.0229341 0.0449661
internal_weight=9373.97 9367.52 9361.58 377.28 246.648 130.632 79.9629 34.5849 10.1597 50.6688 35.7163 26.6254 19.4833 13.0209
internal_count=52006 51978 51951 4467 3223 1244 829 270 156 415 274 219 170 113
cat_boundaries=0 1
cat_threshold=325
is_linear=0
shrinkage=0.05


Tree=168
num_leaves=15
num_cat=1
split_feature=2 4 6 10 7 0 3 2 4 6 7 5 8 7
split_gain=1.70245 4.61346 4.19925 3.68019 4.10162 3.82407 5.81772 3.41904 8.77484 3.14856 3.03449 4.80477 3.8165 5.99068
threshold=10.500000000000002 1.1000000000000003 0.34500000000000008 0 38.790000000000013 3.5000000000000004 7.5000000000000009 6.5000000000000009 5.2250000000000005 1.5950000000000004 39.563333333333347 6.5000000000000009 16.500000000000004 40.745000000000012
decision_type=8 10 8 1 10 2 10 10 8 8 10 8 2 10
left_child=1 -1 -3 5 -5 6 9 8 -6 -4 -9 12 13 -12
right_child=-2 2 3 4 7 -7 -8 10 -10 -11 11 -13 -14 -15
leaf_value=0.049846828122824011 -0.00013339827805200551 -0.038066834533145646 -0.056180242067933241 0.044861218990721166 0.086927475575027197 0.0018637401498365826 0.023927088779874081 -0.016542867323880172 -0.0076049200092835004 -0.015445282312650424 0.012200249084948682 0.034132104091635328 0.018671787266246076 -0.024019480898585577
leaf_weight=5.3096422404050818 9064.4240399133414 6.1483632773160926 8.0741972923278862 8.2599254734814149 4.5962385386228535 152.30838166642934 6.0284546036273232 13.41876148059964 5.2688631750643262 11.500234775245188 23.769706573337317 15.617678862065075 26.427124440670013 21.966587964445353
leaf_count=33 50178 28 40 47 20 935 56 72 42 60 112 89 173 121
internal_value=-9.04445e-06 0.00364245 0.00283381 0.00367985 0.0100283 -0.00108098 -0.019021 0.00834072 0.0364386 -0.0322479 0.0056017 0.00898686 0.0035449 -0.00519565
internal_weight=9373.12 308.694 303.385 297.236 119.325 177.911 25.6029 111.065 9.8651 19.5744 101.2 87.7811 72.1634 45.7363
internal_count=52006 1828 1795 1767 676 1091 156 629 62 100 567 495 406 233
cat_boundaries=0 1
cat_threshold=1752
is_linear=0
shrinkage=0.05


Tree=169
num_leaves=15
num_cat=0
split_feature=0 5 7 8 6 0 5 1 4 8 7 8 8 5
split_gain=1.69285 4.64042 2.8203 3.06236 2.39209 2.04584 5.71874 4.25427 5.46317 5.77673 6.01586 3.4095 4.88668 4.08858
threshold=10.500000000000002 3.2500000000000004 39.190000000000012 19.500000000000004 1.2645833333333336 9.5000000000000018 1.0000000180025095e-35 56.250000000000007 7.6333333333333337 14.500000000000002 40.110000000000014 14.500000000000002 21.500000000000004 0.62500000000000011
decision_type=2 8 10 2 10 2 10 8 8 2 10 2 2 8
left_child=5 2 -2 -4 -5 -1 -7 11 9 -9 -11 13 -13 -8
right_child=1 -3 3 4 -6 6 7 8 -10 10 -12 12 -14 -15
leaf_value=-2.7026741114149161e-05 -0.026139202213035236 -0.059574371724710057 0.027121030978752677 0.016005047412367891 -0.037116757059793941 0.051016293599974338 0.075015891758920011 -0.025808102950814062 -0.046754893877065731 0.063067953364407278 -0.0066820666770049933 -0.036004480618827862 0.034036372004843947 0.011282565505922465
leaf_weight=9284.4805738907307 9.4201687648892456 4.3382041677832595 9.5257406234741229 3.7508829757571203 4.871594026684761 7.2391771972179404 4.8015880659222612 9.482406243681913 7.1527428496628991 5.8204707205295545 6.5930288583040237 4.7921518646180612 5.1844640634953976 5.2873974591493615
leaf_count=51398 68 48 60 25 49 32 25 47 66 36 41 29 45 37
internal_value=-8.65039e-06 -0.011506 -0.00394192 0.00757998 -0.0140081 3.06226e-05 0.00952861 0.00341354 -0.00881688 0.00357634 0.0260225 0.0211193 0.00039306 0.0416148
internal_weight=9372.74 31.9066 27.5684 18.1482 8.62248 9340.83 56.3534 49.1143 29.0486 21.8959 12.4135 20.0656 9.97662 10.089
internal_count=52006 250 202 134 74 51756 358 326 190 124 77 136 74 62
is_linear=0
shrinkage=0.05


Tree=170
num_leaves=15
num_cat=1
split_feature=7 10 3 8 7 8 4 6 9 7 8 6 5 6
split_gain=1.67284 5.31303 6.52119 11.5563 6.78129 5.88341 7.5227 7.24225 8.04857 6.46585 5.62308 6.83998 7.25689 5.51839
threshold=39.710000000000015 0 6.5000000000000009 9.5000000000000018 38.745000000000012 11.500000000000002 3.9000000000000004 0.6050000000000002 1.0000000180025095e-35 39.663333333333341 17.500000000000004 3.7550000000000003 0.62500000000000011 3.5550000000000002
decision_type=8 1 10 2 10 2 10 10 10 10 2 10 8 10
left_child=1 2 4 -4 10 -5 -7 -8 -9 -10 11 12 -1 -3
right_child=-2 13 3 5 -6 6 7 8 9 -11 -12 -13 -14 -15
leaf_value=-0.0050010981092254211 -0.00055708801350511572 -0.00055339465606978522 0.050046032635602533 -0.038427402600115061 -0.00025956564305258759 0.061543519980928545 -0.035056319480646879 0.063880789957048836 0.0037313465269017314 0.049358144072620735 -0.0093648139766944714 -0.030989622850370626 0.030006726123230323 0.010525465170974673
leaf_weight=18.952242448925972 5596.556320569478 2920.8961731977761 19.48189377784729 6.3122909888625136 481.21767180413008 6.9586147218942633 8.9929469376802427 6.902963623404502 84.496976271271706 8.5504466295242292 22.202972874045372 6.4604742228984824 67.622195668518543 116.89733649045229
leaf_count=82 32564 15136 92 33 2183 32 62 35 635 63 104 29 329 627
internal_value=-8.40482e-06 0.000804832 0.00457796 0.0142821 0.00234937 0.00858101 0.0111412 0.00792181 0.0117887 0.00792415 0.0132439 0.0186396 0.0223431 -0.000126652
internal_weight=9372.5 3775.95 738.152 141.696 596.456 122.214 115.902 108.943 99.9504 93.0474 115.238 93.0349 86.5744 3037.79
internal_count=52006 19442 3679 952 2727 860 827 795 733 698 544 440 411 15763
cat_boundaries=0 1
cat_threshold=1281
is_linear=0
shrinkage=0.05


Tree=171
num_leaves=15
num_cat=0
split_feature=6 1 3 5 5 2 8 2 7 4 0 7 7 4
split_gain=1.66673 4.7598 5.4686 5.268 3.68134 3.89327 4.67982 3.36774 6.65133 3.82042 5.03265 3.15061 3.93224 2.91003
threshold=4.7562500000000005 56.250000000000007 4.5000000000000009 5.5000000000000009 6.5000000000000009 14.500000000000002 5.5000000000000009 97.500000000000014 39.290000000000013 4.1000000000000005 3.5000000000000004 42.410000000000011 40.922500000000007 6.2250000000000005
decision_type=10 8 10 8 10 10 2 10 10 10 2 10 10 10
left_child=-1 7 4 11 5 -3 -7 13 -9 -10 -11 12 -4 -2
right_child=1 2 3 -5 -6 6 -8 8 9 10 -12 -13 -14 -15
leaf_value=9.4788294171028195e-05 -0.007074013348793165 0.040901880308274532 0.042934102194613313 -0.029950390471097512 0.051429668732780258 0.024023993321583094 -0.030088946358472618 -0.042976348481848038 0.046182956706679157 -0.032637892668252615 0.040586992541740141 0.043800898934988709 -0.030461967037029442 -0.02307878346548178
leaf_weight=9153.4486508620903 94.916933551430702 7.8598155975341859 2.7542307786643523 14.069554843008516 7.917774409055709 8.2856351286172885 7.7164621651172629 4.9045485481619862 8.8583699017763156 5.1845411099493486 4.2865658700466156 5.3041067142039529 5.4082135278731585 40.528336529619992
leaf_count=50331 501 35 25 182 38 36 33 24 40 41 29 52 64 575
internal_value=-8.11518e-06 -0.00432895 0.00775519 -0.00855453 0.021887 0.0120843 -0.00207011 -0.00884612 0.00874116 0.0225796 0.000503249 0.0137994 -0.00569614 -0.011863
internal_weight=9371.44 217.995 59.3158 27.5361 31.7797 23.8619 16.0021 158.679 23.234 18.3295 9.47111 13.4666 8.16244 135.445
internal_count=52006 1675 465 323 142 104 69 1210 134 110 70 141 89 1076
is_linear=0
shrinkage=0.05


Tree=172
num_leaves=15
num_cat=1
split_feature=0 0 3 1 3 3 10 8 3 2 7 9 2 7
split_gain=1.6806 4.25612 8.43785 7.37006 10.948 8.10825 5.75058 9.30133 11.4837 13.3127 8.88187 7.37916 9.60535 7.30082
threshold=4.5000000000000009 3.5000000000000004 11.500000000000002 57.250000000000007 7.5000000000000009 8.5000000000000018 0 2.5000000000000004 7.5000000000000009 28.500000000000004 40.090000000000011 1.0000000180025095e-35 131.50000000000003 41.063333333333347
decision_type=2 2 10 8 8 10 1 2 10 8 10 10 10 8
left_child=1 6 3 -3 -5 -6 7 8 -1 13 11 -9 -13 -10
right_child=-2 2 -4 4 5 -7 -8 10 9 -11 -12 12 -14 -15
leaf_value=-0.00054322906440723952 -0.00077223532957194658 0.0018977543338402573 -0.021033149415078958 0.0088498186940167457 0.10935424925721222 0.025163068438064547 0.00053761996516249119 0.038645769270533481 0.121070109211389 -0.027534542312833778 -0.0169215877518617 -0.00084822499592194221 -0.054263055945940067 0.032970335482401025
leaf_weight=291.16965889558196 4068.764536799863 2670.6440989198163 39.413368510082364 42.704591259360313 5.2828874289989454 6.2349688038229942 1865.6382271572948 10.820045940577982 4.9701467230915979 4.2107038535177717 211.72932793386281 135.6543880738318 8.9731889218091947 4.4634401500225076
leaf_count=1271 24395 13611 532 197 27 45 9636 52 43 30 1402 669 44 52
internal_value=-7.8691e-06 0.000578717 0.00193604 0.00226828 0.0205178 0.063779 -0.00089984 -0.00482681 0.00155762 0.0463899 -0.0102583 -0.00118258 -0.00416226 0.0793863
internal_weight=9370.67 5301.91 2764.28 2724.87 54.2224 11.5179 2537.63 671.991 304.814 13.6443 367.177 155.448 144.628 9.43359
internal_count=52006 27611 14412 13880 269 72 13199 3563 1396 125 2167 765 713 95
cat_boundaries=0 1
cat_threshold=67
is_linear=0
shrinkage=0.05


Tree=173
num_leaves=15
num_cat=2
split_feature=1 8 10 6 6 5 6 10 2 2 6 6 2 8
split_gain=1.61039 8.37873 5.09612 4.55623 8.67889 5.37624 4.65096 4.59529 4.90051 4.38459 5.21675 7.57617 4.84948 4.32488
threshold=53.500000000000007 5.5000000000000009 0 1.0225000000000002 1.1550000000000005 2.7500000000000004 0.99500000000000022 1 13.500000000000002 33.500000000000007 1.2550000000000003 0.81458333333333355 14.500000000000002 27.500000000000004
decision_type=8 2 1 8 10 8 8 1 10 8 8 10 10 2
left_child=1 9 -3 5 -5 6 -4 8 -6 10 11 12 -1 -10
right_child=-2 2 3 4 7 -7 -8 -9 13 -11 -12 -13 -14 -15
leaf_value=-0.054498882146255236 0.00016936459729465501 0.012121393655579895 0.0070559769721847514 -0.033926777566363239 0.048334202259983826 -0.02395147699048417 0.051899024371621007 -0.007078419067208741 0.006685698416391635 -0.0036464421895237575 -0.030923013923322074 0.030768716799022041 -0.0019822622565799464 -0.040345075962324325
leaf_weight=7.3817587196826997 8731.3226536232978 71.43535135127604 116.31220957264304 23.984166022390127 6.6528304349631062 13.509938314557074 6.0846730768680564 171.99919338431209 78.035697819665074 67.0631381906569 49.316890321671963 10.088305115699766 10.867341019213198 5.214870933443307
leaf_count=39 47864 442 665 163 56 62 40 1213 627 342 331 53 59 50
internal_value=-7.82337e-06 -0.00243293 0.000670942 -0.00151967 -0.00513869 0.00598132 0.00928524 -0.00250238 0.006335 -0.0130116 -0.0210994 -0.00400302 -0.0232252 0.00373966
internal_weight=9369.27 637.946 493.229 421.794 285.887 135.907 122.397 261.903 89.9034 144.717 77.6543 28.3374 18.2491 83.2506
internal_count=52006 4142 3318 2876 2109 767 705 1946 733 824 482 151 98 677
cat_boundaries=0 1 2
cat_threshold=2 1048
is_linear=0
shrinkage=0.05


Tree=174
num_leaves=15
num_cat=1
split_feature=8 9 2 7 6 5 7 11 4 7 2 8 7 6
split_gain=1.61671 4.73819 5.89598 4.44068 8.24124 8.69545 4.91837 7.14504 4.85848 6.16442 4.81823 5.32033 5.49749 5.32367
threshold=24.500000000000004 1.0000000180025095e-35 19.500000000000004 41.690000000000012 2.3950000000000005 2.7500000000000004 42.063333333333347 0 9.1000000000000014 38.310000000000009 18.500000000000004 27.500000000000004 41.222500000000011 3.2450000000000006
decision_type=2 10 10 10 10 10 10 1 10 10 10 2 10 10
left_child=-1 2 -2 8 5 6 7 -5 9 -3 11 12 -11 -13
right_child=1 3 -4 4 -6 -7 -8 -9 -10 10 -12 13 -14 -15
leaf_value=0.00016481005793872897 -0.01112704451289552 0.029109241644739554 0.044000415515309053 0.049608322272925984 -0.0086486082506965246 0.0945038132585235 0.048047330118077949 -0.033174072423251787 -0.01787567074727147 -0.0056414883378901794 -0.014325009087960567 0.0052968772769364887 -0.039195574783062043 -0.032953324180747187
leaf_weight=8766.3647032631561 8.2234014235436934 14.542595773935316 11.82416472956538 4.0623086467385292 25.588338100351393 4.5384773463010779 7.8151232190430155 7.2737277001142555 61.538705034181476 137.58243091404438 90.00837230682373 206.67793168872595 13.395684517920015 9.5155100375413877
leaf_count=47075 73 86 77 32 297 37 58 58 932 952 636 1503 99 91
internal_value=-7.39269e-06 -0.00251258 0.0213874 -0.00333508 0.0110256 0.0322767 0.0175301 -0.00350871 -0.00466213 -0.00293835 -0.00395777 -0.00141634 -0.00861861 0.00361334
internal_weight=9368.95 602.587 20.0476 582.539 49.278 23.6896 19.1512 11.336 533.261 471.723 457.18 367.172 150.978 216.193
internal_count=52006 4931 150 4781 482 185 148 90 4299 3367 3281 2645 1051 1594
cat_boundaries=0 1
cat_threshold=4
is_linear=0
shrinkage=0.05


Tree=175
num_leaves=15
num_cat=1
split_feature=0 1 10 3 9 6 6 6 6 2 4 4 7 5
split_gain=1.61497 4.21816 4.6031 6.42337 4.98185 6.18631 9.40773 5.46482 6.23628 8.28015 4.9094 4.61482 4.28264 4.05121
threshold=7.5000000000000009 51.250000000000007 0 12.500000000000002 1.0000000180025095e-35 2.8050000000000002 2.2550000000000003 1.8145833333333334 1.0645833333333334 13.500000000000002 4.366666666666668 5.9000000000000012 38.64500000000001 0.87500000000000011
decision_type=2 10 1 8 8 8 10 10 10 10 10 10 10 8
left_child=-1 13 3 -3 -4 6 7 8 9 -6 -10 -12 -13 -2
right_child=1 2 4 -5 5 -7 -8 -9 10 -11 11 12 -14 -15
leaf_value=0.000175725290075434 0.055040940110887095 -0.0011334323723873017 -0.028311582275224286 0.048058111327725569 0.046138396133156873 -0.036623590473200032 0.043044431046679432 -0.038787265260650294 0.03736379611203676 -0.025123707233113059 -0.026433542118659104 -0.035859089213771449 0.020627169070390215 -6.3394907450008118e-05
leaf_weight=8692.0994604108855 6.199048709124324 497.10544209182262 32.008388666436076 6.7260314933955661 4.5938471257686606 14.794469022192059 10.41114587895572 11.841314019635318 11.871220409870146 36.17815313860774 11.177483089268206 3.9604889675974873 21.969348657876253 7.2204599268734464
leaf_count=47683 39 2976 241 33 36 169 83 104 54 236 63 36 207 46
internal_value=-7.36024e-06 -0.0023613 -0.00292334 -0.000467459 -0.0100525 -0.00623604 -0.00222215 -0.00686108 -0.00264887 -0.0170945 0.00937634 0.000422706 0.0119995 0.0253917
internal_weight=9368.16 676.057 662.637 503.831 158.806 126.797 112.003 101.592 89.7505 40.772 48.9785 37.1073 25.9298 13.4195
internal_count=52006 4323 4238 3009 1229 988 819 736 632 272 360 306 243 85
cat_boundaries=0 1
cat_threshold=1860
is_linear=0
shrinkage=0.05


Tree=176
num_leaves=15
num_cat=2
split_feature=7 10 7 3 2 2 2 5 6 5 11 0 5 4
split_gain=1.59 8.32169 5.52066 4.98242 9.46752 5.83254 7.14282 7.0853 5.50796 8.08783 5.4306 7.7603 5.83327 5.58216
threshold=38.290000000000013 0 37.190000000000012 5.5000000000000009 181.50000000000003 55.500000000000007 41.500000000000007 0.15000000000000005 1.4183333333333337 3.2500000000000004 1 4.5000000000000009 2.2500000000000004 2.3666666666666671
decision_type=8 1 10 10 10 10 10 8 10 8 1 2 10 10
left_child=1 2 -1 5 8 6 7 -3 9 -5 11 12 13 -9
right_child=-2 3 -4 4 -6 -7 -8 10 -10 -11 -12 -13 -14 -15
leaf_value=-0.017002344182545932 -0.00021976923627553226 -0.017969789788979913 0.013976990186511416 -0.005843798791639411 0.043201727277369567 -0.0074221178824170134 0.029973118374567943 0.038764140411631703 -0.020035877420745751 0.05013288859968288 0.011925560442992941 -0.010917261692212812 -0.023015543640698199 0.0041455550156188408
leaf_weight=15.64969842135906 8466.3075044909492 34.956371620297432 177.38043400272727 130.85767972841859 9.0639396235346776 118.63088782131672 27.218157812952995 21.741161093115807 73.499809760600328 6.7876561321318141 165.83063904196024 85.262923829257488 9.3600839674472791 25.074510231614113
leaf_count=69 47500 152 865 857 51 523 116 100 507 39 716 368 39 104
internal_value=-7.22723e-06 0.00198924 0.0109007 -0.000585049 -0.00683658 0.00222352 0.0053208 0.00336014 -0.0089846 -0.00308344 0.00578673 -0.00141079 0.013018 0.0202224
internal_weight=9367.62 901.314 193.03 708.284 220.209 488.075 369.444 342.226 211.145 137.645 307.269 141.439 56.1758 46.8157
internal_count=52006 4506 934 3572 1454 2118 1595 1479 1403 896 1327 611 243 204
cat_boundaries=0 1 2
cat_threshold=1537 4
is_linear=0
shrinkage=0.05


Tree=177
num_leaves=15
num_cat=2
split_feature=6 2 4 10 2 7 8 5 4 6 11 3 6 5
split_gain=1.5843 2.34702 2.1441 1.62308 7.48006 6.13839 13.5554 9.19535 6.98715 11.5876 9.26787 8.67439 6.7572 6.28067
threshold=9.1000000000000014 14.500000000000002 3.3666666666666671 0 90.500000000000014 40.963333333333345 1.5000000000000002 2.7500000000000004 4.9000000000000012 2.7050000000000005 1 1.5000000000000002 3.0450000000000004 2.2500000000000004
decision_type=10 8 10 1 10 10 2 8 10 10 1 8 10 10
left_child=3 -2 -3 4 5 7 -7 13 -9 11 -11 -10 -8 -1
right_child=1 2 -4 -5 -6 6 12 8 9 10 -12 -13 -14 -15
leaf_value=0.0023950477303546006 -0.045150891935153641 0.024275490144039725 -0.023422483839536337 -0.00025950118372566086 -0.013122313192573239 0.04958412400396122 -0.0003267109962995102 0.0069411862762760153 0.069783351325010332 0.015724104187924238 0.080871137630194573 0.0071555840759204292 -0.015273040552689122 -0.016731718314257668
leaf_weight=537.9188608340919 4.7954716598615024 4.232330858707428 5.314582135528326 7942.6211714455858 81.430548120290041 12.002783589065073 278.96517408825457 258.02189917117357 6.0731272995471945 9.2589253634214401 13.302754059433937 61.707718377932906 103.74180190823972 46.641884218901396
leaf_count=2787 43 19 55 44322 401 56 1624 1117 25 68 87 382 769 251
internal_value=-6.97211e-06 -0.0166122 -0.00227705 1.84948e-05 0.00157616 0.00248956 -0.00273732 0.00470099 0.0111313 0.0230983 0.0541359 0.012767 -0.00437827 0.00086893
internal_weight=9366.03 14.3424 9.54691 9351.69 1409.07 1327.63 394.71 932.925 348.364 90.3425 22.5617 67.7808 382.707 584.561
internal_count=52006 117 74 51889 7567 7166 2449 4717 1679 562 155 407 2393 3038
cat_boundaries=0 1 2
cat_threshold=288 4
is_linear=0
shrinkage=0.05


Tree=178
num_leaves=15
num_cat=2
split_feature=2 4 6 4 10 0 8 7 2 6 7 0 11 6
split_gain=1.5511 4.24512 3.77834 3.40551 3.61798 4.72614 3.86688 3.71433 4.03012 3.6778 3.46184 7.26093 6.82644 7.09479
threshold=10.500000000000002 1.1000000000000003 0.36458333333333343 9.9000000000000021 0 3.5000000000000004 12.500000000000002 38.790000000000013 6.5000000000000009 1.1050000000000002 39.090000000000011 4.5000000000000009 1 1.5450000000000002
decision_type=8 10 8 10 1 2 2 10 10 10 10 2 1 10
left_child=1 -1 -3 4 5 6 9 -6 -9 -4 -7 -12 13 -13
right_child=-2 2 3 -5 7 10 -8 8 -10 -11 11 12 -14 -15
leaf_value=0.04845927267186468 -0.00012559332283013295 -0.033679417464486654 0.0030586226890473478 -0.026892417031141702 0.044511632895161829 -0.006525046731739286 0.010314130508123411 0.041029386216097849 0.0064063430163597548 -0.047837617599779711 0.02744009678514436 0.0081450876483665762 0.016387156054710882 -0.042073153558786845
leaf_weight=5.1580747663974753 9056.7359119486064 6.9673643335700026 4.9562065675854745 8.8983733244240266 8.0589126236736757 57.900973528623581 7.1266527473926535 9.1802509687840921 99.501289224252105 12.504734829068182 33.725348990410566 12.975393489003183 26.04446535371244 15.35798569768667
leaf_count=33 50178 32 26 144 44 317 47 52 537 73 185 76 167 95
internal_value=-6.85954e-06 0.00348047 0.00271528 0.00357129 0.00451472 -0.000418571 -0.0207231 0.0108317 0.00933093 -0.033391 0.00297212 0.00921361 -0.00209053 -0.0190755
internal_weight=9365.09 308.356 303.198 296.231 287.332 170.592 24.5876 116.74 108.682 17.4609 146.004 88.1032 54.3778 28.3334
internal_count=52006 1828 1795 1763 1619 986 146 633 589 99 840 523 338 171
cat_boundaries=0 1 2
cat_threshold=1752 4
is_linear=0
shrinkage=0.05


Tree=179
num_leaves=15
num_cat=0
split_feature=0 5 7 8 6 0 3 6 3 4 1 8 6 0
split_gain=1.5456 4.38524 2.58123 2.72384 2.22536 1.87116 5.19578 3.5137 6.67578 4.87221 4.77462 7.10807 2.27475 2.00957
threshold=10.500000000000002 3.2500000000000004 39.190000000000012 19.500000000000004 1.2645833333333336 9.5000000000000018 8.5000000000000018 1.3050000000000004 3.5000000000000004 6.9000000000000012 56.250000000000007 17.500000000000004 2 7.5000000000000009
decision_type=2 8 10 2 10 2 10 8 8 8 8 2 8 2
left_child=5 2 -2 -4 -5 13 7 10 -9 -10 -7 -12 -8 -1
right_child=1 -3 3 4 -6 6 12 8 9 -11 11 -13 -14 -15
leaf_value=0.00016676096212464811 -0.025272534032400474 -0.058983555816784473 0.025309237168075108 0.015134796090210631 -0.03629677856458801 0.032498776738924186 -0.039122285407277746 0.072413878971561735 -0.011790251879027984 0.041369212680637535 -0.056593033577984266 0.016094079547505601 0.0087174391141946524 -0.0028565580305932939
leaf_weight=8689.9062586799264 9.276070021092897 4.14486633054912 9.6643045619130152 3.7815520986914617 4.738771753385663 8.0325606837868708 6.9562831334769699 6.6209755837917355 9.1061709523201007 8.184090316295622 6.0372164100408536 7.5941551551222801 3.8656790461391219 586.74689374305308
leaf_count=47683 68 48 60 25 49 41 56 29 53 55 29 44 51 3715
internal_value=-6.64276e-06 -0.0110449 -0.00380918 0.00713938 -0.01347 3.07375e-05 0.00911064 0.0165059 0.0297206 0.013372 0.00192047 -0.0160984 -0.0220336 -2.44635e-05
internal_weight=9364.66 31.6056 27.4607 18.1846 8.52032 9333.05 56.3971 45.5752 23.9112 17.2903 21.6639 13.6314 10.822 9276.65
internal_count=52006 250 202 134 74 51756 358 251 137 108 114 73 107 51398
is_linear=0
shrinkage=0.05


Tree=180
num_leaves=15
num_cat=2
split_feature=8 2 10 6 6 1 2 7 7 0 7 5 10 0
split_gain=1.52022 8.10098 5.83327 6.10196 8.53043 7.48969 5.89214 7.33087 11.8339 6.64512 9.71259 6.65668 6.4705 6.41013
threshold=15.500000000000002 99.500000000000014 0 1.7449999999999999 1.7225000000000004 51.250000000000007 19.500000000000004 41.845000000000006 42.022500000000008 4.5000000000000009 39.322500000000012 0.35000000000000003 1 7.5000000000000009
decision_type=2 10 1 10 10 8 10 10 10 2 10 10 1 2
left_child=-1 2 -2 4 -4 -5 7 -7 13 -8 -11 -12 -13 -9
right_child=1 -3 3 5 -6 6 9 8 -10 10 11 12 -14 -15
leaf_value=0.00039065488119046878 0.010759241319711356 -0.027068659772357881 0.00024269854038165182 0.040461477911918189 0.031253392439637574 -0.0043300384695360702 -0.023961632762584527 0.060456606619806647 0.0013180757154352292 -0.029440888814124516 -0.021484342124710523 -0.014379160925222068 0.010131050556882534 -0.015204541473443918
leaf_weight=6743.8911567535251 96.134947791695595 29.530281219631433 1542.3147059157491 9.2011579610407335 22.499746803194284 574.2513266922906 73.401773321442306 15.278780309483411 63.16706321388483 36.552747789770365 31.030562780797482 27.050975817255676 96.476667826995254 3.4273310825228682
leaf_count=34193 538 198 9720 82 148 4335 548 139 601 252 207 241 767 37
internal_value=-6.45434e-06 -0.00102849 -0.00073168 -0.00121277 0.000688587 -0.00442558 -0.00487419 -0.00233443 0.0116626 -0.0111741 -0.00626263 -0.000781018 0.00441973 0.046594
internal_weight=9364.21 2620.32 2590.79 2494.65 1564.81 929.838 920.637 656.125 81.8732 264.513 191.111 154.558 123.528 18.7061
internal_count=52006 17813 17615 17077 9868 7209 7127 5112 777 2015 1467 1215 1008 176
cat_boundaries=0 1 2
cat_threshold=64 1154
is_linear=0
shrinkage=0.05


Tree=181
num_leaves=15
num_cat=1
split_feature=7 10 2 5 6 7 5 0 3 4 8 6 7 7
split_gain=1.52594 2.99818 6.91937 3.73465 3.90715 4.843 5.65869 4.13734 3.39378 6.03011 3.03232 2.42263 2.37604 2.25665
threshold=43.070000000000014 0 51.500000000000007 0.62500000000000011 2.4950000000000006 43.190000000000019 4.5000000000000009 4.5000000000000009 8.5000000000000018 4.6333333333333337 2.5000000000000004 2.9050000000000007 43.745000000000012 42.955000000000005
decision_type=10 1 8 8 8 10 10 2 8 8 2 10 10 10
left_child=13 2 3 11 -5 -6 8 10 9 -7 -8 -2 -12 -1
right_child=1 -3 -4 4 5 6 7 -9 -10 -11 12 -13 -14 -15
leaf_value=2.1893017055196521e-05 -0.0083819267542002297 -0.018304222694237458 0.05110229893967895 -0.028433249466210505 -0.046741575029328769 0.062388436663564008 0.033682623111000086 -0.059845010403251568 0.071896088043863146 -0.0047833742248350741 0.010362879638626548 -0.059122096692769882 -0.056944293941938368 0.018790914151510563
leaf_weight=9264.0716419434175 4.7549266219139081 23.559279759414494 6.1517687663435927 8.8861785978078824 3.5487842485308638 5.4266416579484984 4.9505502525717002 3.1644869511947027 4.2714245636016122 8.6937405541539192 2.8316430654376745 4.6559605188667774 2.4419737625867128 16.042532192543149
leaf_count=51203 28 207 36 57 31 27 41 42 50 65 30 43 37 109
internal_value=-6.14834e-06 -0.00674178 0.000751446 -0.00488445 0.00120299 0.00865723 0.0148434 -0.00988477 0.0328447 0.0210316 0.00557845 -0.0334852 -0.020804 5.4339e-05
internal_weight=9363.45 83.3374 59.7781 53.6263 44.2154 35.3292 31.7805 13.3887 18.3918 14.1204 10.2242 9.41089 5.27362 9280.11
internal_count=52006 694 487 451 380 323 292 150 142 92 108 71 67 51312
cat_boundaries=0 1
cat_threshold=1427
is_linear=0
shrinkage=0.05


Tree=182
num_leaves=15
num_cat=2
split_feature=1 4 10 5 5 2 2 6 5 5 3 6 10 7
split_gain=1.52668 4.23223 11.5146 6.03931 5.50298 8.66239 6.16839 5.72443 9.72501 4.55746 4.52559 4.16614 9.46618 8.16646
threshold=55.500000000000007 8.7750000000000021 0 3.7500000000000004 0.15000000000000005 16.500000000000004 18.500000000000004 2.0450000000000004 1.3750000000000002 8.5000000000000018 5.5000000000000009 2.0950000000000002 1 41.510000000000012
decision_type=8 10 1 10 8 10 10 10 10 10 10 8 1 8
left_child=-1 11 3 4 6 7 -3 10 -9 -4 -6 -2 13 -13
right_child=1 2 9 -5 5 -7 -8 8 -10 -11 -12 12 -14 -15
leaf_value=-0.00064356576237089777 -0.0008123978372686294 0.03306713004946641 -0.00097692922588665191 -0.014239976471518052 0.05324015147245173 0.040414340240650382 -0.043602850719451455 0.10436307371160346 -0.0007589019875051165 -0.054795441769377964 -0.011838437721458829 0.013838881718411293 -0.00011282457243942605 -0.0015839903828517136
leaf_weight=4695.6572228716686 2962.9507402069867 4.6636609621345979 159.00196797028184 11.609526170417665 3.0379382222890881 54.167791102081537 5.9964943341910839 3.7257511392235738 5.3728164192289114 4.0334731517359605 22.141259003430605 278.37788543850183 1028.4649550803006 124.09135298803449
leaf_count=27028 14590 45 1688 176 15 510 57 46 70 85 234 1383 5414 665
internal_value=-7.02021e-06 0.000633347 0.00666523 0.0182327 0.0238763 0.0279667 -0.0100609 0.00829622 0.0422872 -0.00217499 -0.00398653 0.000257544 0.00247301 0.0088634
internal_weight=9363.29 4667.64 273.751 110.715 99.1057 88.4456 10.6602 34.2778 9.09857 163.035 25.1792 4393.88 1430.93 402.469
internal_count=52006 24978 2926 1153 977 875 102 365 116 1773 249 22052 7462 2048
cat_boundaries=0 1 2
cat_threshold=1224 432
is_linear=0
shrinkage=0.05


Tree=183
num_leaves=15
num_cat=1
split_feature=2 11 8 7 7 2 5 2 6 7 5 2 6 2
split_gain=1.49819 4.83242 7.38705 4.79041 3.61945 3.44857 6.68264 3.17002 3.09425 2.8207 2.79474 2.22924 7.67533 2.17121
threshold=243.50000000000003 0 5.5000000000000009 38.590000000000011 39.06333333333334 276.50000000000006 1.6250000000000002 272.50000000000006 1.4950000000000003 38.590000000000011 2.7500000000000004 231.50000000000003 1.6275000000000002 228.50000000000003
decision_type=10 1 2 10 10 10 8 10 10 10 8 10 8 10
left_child=11 3 7 -2 -4 10 -7 -3 -8 -9 -5 13 -13 -1
right_child=1 2 4 5 -6 6 8 9 -10 -11 -12 12 -14 -15
leaf_value=4.3999487701084131e-05 -0.045534442335996551 -0.0029713287131591152 0.010285869922106165 -0.007709249780822775 -0.041788034489433495 -0.0255066642245198 0.049920906553313486 0.058979089825644981 0.0039875750971319736 0.018295371537725529 -0.054179877519109826 0.055456469959224645 -0.017700387147206662 -0.031695384180895403
leaf_weight=9251.4760479433462 11.155471123754976 8.5083604604005831 5.3083437383174887 6.8278646618127796 8.9849260710179788 12.416155368089678 6.5405692160129538 6.9628162980079678 8.3433914780616742 10.977292008697985 6.1491357907652864 7.3453828319907162 7.00399273633957 5.3913547173142424
leaf_count=51458 52 42 28 33 51 59 29 32 42 52 32 33 34 29
internal_value=-7.02337e-06 -0.00635011 0.00651302 -0.0165395 -0.0224484 -0.00850882 0.00157825 0.0221643 0.0241724 0.0340853 -0.0297293 5.60395e-05 0.0197483 2.55139e-05
internal_weight=9363.39 92.1743 40.7417 51.4326 14.2933 40.2771 27.3001 26.4485 14.884 17.9401 12.977 9271.22 14.3494 9256.87
internal_count=52006 452 205 247 79 195 130 126 71 84 65 51554 67 51487
cat_boundaries=0 1
cat_threshold=4
is_linear=0
shrinkage=0.05


Tree=184
num_leaves=15
num_cat=1
split_feature=1 8 9 10 5 6 4 3 5 7 0 3 6 8
split_gain=1.47882 7.68675 5.14047 4.67811 6.96339 6.66019 6.30273 6.73014 6.03472 9.07479 8.25282 6.15629 5.7368 5.01798
threshold=53.500000000000007 5.5000000000000009 1.0000000180025095e-35 0 0.15000000000000005 0.91833333333333333 7.7750000000000012 2.5000000000000004 0.87500000000000011 38.64500000000001 4.5000000000000009 6.5000000000000009 1.1950000000000003 29.500000000000004
decision_type=8 2 10 1 8 8 10 10 10 10 2 10 10 2
left_child=1 -1 -3 4 -4 8 7 -6 10 -10 11 -5 -7 -8
right_child=-2 2 3 5 6 12 13 -9 9 -11 -12 -13 -14 -15
leaf_value=-0.012501154440125473 0.00016301975536048811 -0.012943935606408594 0.050076853421861411 0.0058003976484904034 -0.012276090369243589 -0.02201039877580336 -0.024793464620826929 0.020503171665849997 0.079302188321419234 0.01034198391387554 -0.017410080545773119 0.05662929232043945 -0.0014339494977787868 0.045485487121821058
leaf_weight=143.87165069766343 8726.1768804583699 61.07218598946929 10.488115709275005 18.331784248352054 20.01419298350811 41.112506583333015 20.075968045741323 71.962051421403885 7.4358124695718315 13.3102930188179 25.204985737800598 8.8249027729034406 192.39996835123748 2.9077879041433325
leaf_count=824 47864 426 59 82 83 269 229 386 40 74 139 67 1434 30
internal_value=-6.7569e-06 -0.00233246 0.000634213 0.00255346 0.0102584 -0.000903937 0.00751795 0.0133703 0.0122366 0.0350587 0.0031943 0.0223179 -0.00505667 -0.0159021
internal_weight=9363.19 637.012 493.141 432.068 125.448 306.62 114.96 91.9762 73.1078 20.7461 52.3617 27.1567 233.512 22.9838
internal_count=52006 4142 3318 2892 787 2105 728 469 402 114 288 149 1703 259
cat_boundaries=0 1
cat_threshold=146
is_linear=0
shrinkage=0.05


Tree=185
num_leaves=15
num_cat=1
split_feature=7 10 6 6 6 8 3 4 8 3 0 6 2 2
split_gain=1.44922 7.54843 5.10778 6.65752 4.9611 5.19304 5.18054 5.9329 5.99479 4.7716 4.29817 5.19159 4.04887 4.01371
threshold=38.290000000000013 0 2.7550000000000003 3.5050000000000003 0.43541666666666673 13.500000000000002 4.5000000000000009 4.291666666666667 7.5000000000000009 10.500000000000002 5.5000000000000009 1.1950000000000003 15.500000000000002 55.500000000000007
decision_type=8 1 8 8 10 2 10 10 2 10 2 10 10 10
left_child=1 2 4 -4 -1 6 -6 -8 -9 13 11 -11 -5 -3
right_child=-2 9 3 12 5 -7 7 8 -10 10 -12 -13 -14 -15
leaf_value=-0.01220818513729034 -0.00020955026713134745 0.0022389815472403352 -0.054099437191952017 0.040430386475290056 0.016147158922945878 0.0055573719602802314 0.087477844951632633 0.059121978058548713 0.0087867731522392849 0.028837411003475744 -0.042723087032995426 -0.044855415294119294 -0.0098400566373777962 -0.006953143312518297
leaf_weight=16.176598019897938 8462.7402698416263 531.17159751057625 6.3804976828396347 5.6456994041800526 61.127346023917198 60.37131517380476 5.694855913519862 10.484527565538885 13.572738464921711 6.3332086633890885 12.527362534776328 3.8384761027991772 13.786327563226221 152.95162111520767
leaf_count=78 47500 2601 33 32 261 308 24 54 78 64 136 44 66 727
internal_value=-6.68185e-06 0.00190077 0.0103807 -0.00978524 0.0141097 0.0169245 0.0244756 0.041587 0.0307236 -0.00055657 -0.0231177 0.00102804 0.00476531 0.000183869
internal_weight=9362.8 900.062 193.24 25.8125 167.427 151.251 90.8795 29.7521 24.0573 706.822 22.699 10.1717 19.432 684.123
internal_count=52006 4506 934 131 803 725 417 156 132 3572 244 108 98 3328
cat_boundaries=0 1
cat_threshold=1537
is_linear=0
shrinkage=0.05


Tree=186
num_leaves=15
num_cat=1
split_feature=2 2 10 0 7 6 6 0 5 4 0 2 8 2
split_gain=1.44467 2.44173 1.56554 9.18006 5.40898 8.92302 7.20846 6.03677 5.79928 6.13922 6.22263 7.26615 5.26407 6.11477
threshold=421.00000000000006 378.50000000000006 0 2.5000000000000004 38.290000000000013 0.49500000000000016 0.94500000000000017 3.5000000000000004 0.075000000000000025 2.5500000000000003 6.5000000000000009 27.500000000000004 11.500000000000002 19.500000000000004
decision_type=10 10 1 2 8 8 10 2 8 10 2 10 2 10
left_child=1 2 3 -1 5 7 8 -4 -7 -10 11 12 13 -11
right_child=-2 -3 4 -5 -6 6 -8 -9 9 10 -12 -13 -14 -15
leaf_value=0.016577079458229269 0.023644541210543542 -0.032244797110859112 -0.047989571063586908 0.00037249125671230996 -0.0011911335726548704 -0.026210074785435918 0.0019236424878591744 -0.0070690670099305929 0.0024386606437519056 0.057148537648956138 0.0039503675236050436 0.048831156954047265 0.0055211028316044936 -0.002192209513279544
leaf_weight=89.314082089811563 6.4522183984518042 5.8757081106305113 10.857210271060465 4077.4797851145267 4540.0482570901513 8.5477691143751127 399.32325607724488 53.056359648704529 56.153902038931847 13.681052684783937 32.182263672351837 31.356626369059086 31.409297941252589 6.3590944334864608
leaf_count=398 28 27 49 22347 25997 43 2019 260 251 61 165 152 176 33
internal_value=-6.48457e-06 -2.27958e-05 -2.54637e-06 0.000718109 -0.000582171 0.00370898 0.00566601 -0.0140204 0.0139826 0.0159901 0.0226078 0.029859 0.0182961 0.0383187
internal_weight=9362.1 9355.64 9349.77 4166.79 5182.98 642.927 579.013 63.9136 179.69 171.142 114.988 82.8061 51.4494 20.0401
internal_count=52006 51978 51951 22745 29206 3209 2900 309 881 838 587 422 270 94
cat_boundaries=0 1
cat_threshold=1444
is_linear=0
shrinkage=0.05


Tree=187
num_leaves=15
num_cat=3
split_feature=6 5 11 1 7 4 2 8 11 7 6 10 6 4
split_gain=1.4435 1.87804 4.21047 3.30476 2.49284 2.82501 1.59783 4.41027 6.40766 5.33938 3.21435 4.38039 4.14954 3.79876
threshold=7.5500000000000007 8.5000000000000018 0 56.750000000000007 40.245000000000012 3.2916666666666674 243.50000000000003 8.5000000000000018 1 37.590000000000011 2.145 2 0.75500000000000023 2.4500000000000006
decision_type=10 8 1 10 10 10 10 2 1 10 10 1 10 10
left_child=6 -2 4 -4 -3 -6 -1 8 -8 -10 11 12 -11 -13
right_child=1 2 3 -5 5 -7 7 -9 9 10 -12 13 -14 -15
leaf_value=9.5951060804843247e-05 0.0095968317288596637 0.042364784744113551 -0.057383589125830692 -0.0086608265800211023 0.024418775380758723 -0.035609237557316237 0.038857059171731469 -0.043452120858139653 -0.052970286225697466 0.029098589895132261 0.014170051327824019 -0.057773134238555228 -0.011846423646582871 -0.015929759526020253
leaf_weight=9237.1254473347217 8.8197859562933427 3.2711910158395767 7.726351385936141 6.3329495163634419 3.4717882424592972 4.5009884722530842 8.1372132301330566 7.4447436034679404 6.0317223370075217 12.309364944696432 18.108741194009781 7.7656031697988501 12.442632496356962 17.9891612008214
leaf_count=51307 58 17 57 50 17 58 37 45 28 56 94 33 58 91
internal_value=-6.28114e-06 -0.0102713 -0.0171966 -0.0354366 0.00561042 -0.00946972 3.12723e-05 -0.00659015 -0.00327518 -0.00786797 -0.0039032 -0.0103832 0.00606539 -0.0205625
internal_weight=9361.48 34.1231 25.3033 14.0593 11.244 7.97278 9327.35 90.2292 82.7844 74.6472 68.6155 50.5068 24.752 25.7548
internal_count=52006 257 199 107 92 75 51749 442 397 360 332 238 114 124
cat_boundaries=0 1 2 3
cat_threshold=2 1 1055
is_linear=0
shrinkage=0.05


Tree=188
num_leaves=15
num_cat=2
split_feature=1 10 8 3 9 8 2 10 7 6 7 5 0 0
split_gain=1.42415 5.52697 8.45168 5.02274 4.63142 4.61462 5.99683 6.04809 5.43659 10.373 6.35779 6.33852 5.63628 9.10851
threshold=56.250000000000007 0 8.5000000000000018 1.5000000000000002 1.0000000180025095e-35 10.500000000000002 17.500000000000004 1 41.890000000000015 3.9133333333333336 41.110000000000014 3.7500000000000004 6.5000000000000009 4.5000000000000009
decision_type=8 1 2 8 8 2 10 1 10 10 10 10 2 2
left_child=-1 2 3 -2 -5 8 -7 -8 9 -3 12 -12 13 -11
right_child=1 5 -4 4 -6 6 7 -9 -10 10 11 -13 -14 -15
leaf_value=-0.00038599146231167248 -0.039803996689097232 0.0027659584245454845 0.030586981778237023 -0.012994789579793956 0.024139522686260514 0.0010669324641462521 -0.00085031546278731469 -0.012008667426208685 -0.011481327427599887 0.023626728483048608 0.023036758139250459 0.097071722189803963 0.056427286879776731 -0.037717968054040728
leaf_weight=6785.871604683809 7.0799831598997107 952.11206653341651 41.221038212999701 15.972985327243805 17.702236637473106 930.79218435101211 293.52780788764358 206.87387417908758 60.737830616533756 22.37500532716513 6.0041007399559003 5.5759023427963257 7.1165629439055911 8.2941486760973913
leaf_count=38232 30 4300 221 82 83 5624 1663 1147 359 109 32 35 39 50
internal_value=-6.06502e-06 0.000995001 0.0130335 -0.00152259 0.00652581 0.000544753 -0.00130616 -0.00572033 0.00304374 0.00392466 0.0262724 0.0586854 0.0163389 0.0070367
internal_weight=9361.26 2575.39 81.9762 40.7552 33.6752 2493.41 1431.19 500.402 1062.22 1001.48 49.3657 11.58 37.7857 30.6692
internal_count=52006 13774 416 195 165 13358 8434 2810 4924 4565 265 67 198 159
cat_boundaries=0 1 2
cat_threshold=48 452
is_linear=0
shrinkage=0.05


Tree=189
num_leaves=15
num_cat=0
split_feature=6 1 2 3 5 5 3 0 2 7 4 0 7 1
split_gain=1.4323 4.12424 4.70985 6.00336 4.94799 3.64072 3.23718 4.17811 3.09291 5.5331 3.34019 2.74495 3.52959 3.05017
threshold=4.7562500000000005 56.250000000000007 96.500000000000014 4.5000000000000009 5.5000000000000009 6.5000000000000009 8.5000000000000018 5.5000000000000009 97.500000000000014 39.390000000000015 3.9000000000000004 4.5000000000000009 40.490000000000016 55.500000000000007
decision_type=10 8 10 10 8 8 10 2 10 10 10 2 10 10
left_child=-1 8 3 5 6 -3 -5 -8 11 -10 -11 13 -13 -2
right_child=1 2 -4 4 -6 -7 7 -9 9 10 -12 12 -14 -15
leaf_value=8.8449938434894226e-05 -0.0033116727219999484 0.0073666599122268021 -0.029011276686845274 0.039312378073691576 -0.029988465078346845 0.044226970149856687 -0.04260237646983215 0.047325512192564062 -0.035449373581223673 0.046339385723553048 0.002678601660572768 -0.0025664756437078968 -0.041724649335779157 -0.023235531956323847
leaf_weight=9144.4023801228032 84.902766932733357 11.590851217508318 7.7684115916490546 6.7603096067905444 11.111296349205075 15.872719816863535 3.7666447088122368 1.9656450152397154 5.4520237296819714 7.90582346916199 9.8238763473927957 9.4426180934533495 14.734171899035571 24.826665436848998
leaf_count=50331 648 51 41 49 165 73 53 33 27 35 72 73 199 156
internal_value=-6.59167e-06 -0.00403162 0.00725963 0.0127772 -0.00571472 0.0286703 0.0158751 -0.0117654 -0.00826065 0.00860136 0.0221473 -0.0111798 -0.0264308 -0.00781952
internal_weight=9360.33 215.924 58.8359 51.0675 23.6039 27.4636 12.4926 5.73229 157.088 23.1817 17.7297 133.906 24.1768 109.729
internal_count=52006 1675 465 424 300 124 135 86 1210 134 107 1076 272 804
is_linear=0
shrinkage=0.05


Tree=190
num_leaves=15
num_cat=0
split_feature=0 5 7 8 6 6 0 5 1 4 8 7 7 4
split_gain=1.39727 4.20075 2.36224 2.43993 2.07234 1.86752 1.68323 4.70876 3.57173 5.06744 4.96254 5.41453 3.05185 6.41398
threshold=10.500000000000002 3.2500000000000004 39.190000000000012 19.500000000000004 1.2645833333333336 1.1145833333333337 9.5000000000000018 1.0000000180025095e-35 56.250000000000007 7.6333333333333337 14.500000000000002 40.110000000000014 39.510000000000012 6.366666666666668
decision_type=2 8 10 2 10 8 2 10 8 8 2 10 10 10
left_child=6 2 5 -4 -5 -2 -1 -8 12 10 -10 -12 13 -9
right_child=1 -3 3 4 -6 -7 7 8 9 -11 11 -13 -14 -15
leaf_value=-2.3432473271035658e-05 -0.05029175225108206 -0.058631155874368381 0.023825240529593547 0.014396468256142032 -0.035450592172622308 -0.0046135275076562071 0.046202960166982103 0.036969429217938728 -0.024064813432400911 -0.04570585556151318 0.058415194476457981 -0.0072204731844313147 0.041995244409964688 -0.036804450725503424
leaf_weight=9271.9218832571059 3.9387736283242747 3.9675589920952907 9.7777775898575801 3.8079092875123006 4.6085467133671045 5.1808805987238893 7.2676917910575858 6.3474490791559237 9.3701216131448799 6.871466349810361 5.9898753687739354 6.6089803650975227 8.4970214478671533 5.4982287958264351
leaf_count=51398 27 48 60 25 49 41 32 31 47 66 36 41 70 35
internal_value=-6.40248e-06 -0.0105561 -0.00357281 0.00683748 -0.012898 -0.0243419 2.89745e-05 0.0086367 0.00308561 -0.00823069 0.00349081 0.0239847 0.0191291 0.00272693
internal_weight=9359.65 31.2814 27.3139 18.1942 8.41646 9.11965 9328.37 56.4508 49.1831 28.8404 21.969 12.5989 20.3427 11.8457
internal_count=52006 250 202 134 74 68 51756 358 326 190 124 77 136 66
is_linear=0
shrinkage=0.05


Tree=191
num_leaves=15
num_cat=3
split_feature=8 10 9 7 5 5 4 6 11 5 4 6 6 11
split_gain=1.38115 5.06398 5.39418 4.62009 4.06168 4.11715 6.67925 6.42513 3.87058 4.06274 4.07814 3.72974 3.73792 5.83321
threshold=21.500000000000004 0 1.0000000180025095e-35 40.545000000000009 9.5000000000000018 0.075000000000000025 7.366666666666668 1.1050000000000002 1 1.0000000180025095e-35 3.9000000000000004 0.3050000000000001 0.53875000000000017 2
decision_type=2 1 10 10 10 8 10 10 1 10 10 10 10 1
left_child=-1 2 3 -2 5 6 7 -3 9 -4 -11 -7 13 -13
right_child=1 4 8 -5 -6 11 -8 -9 -10 10 -12 12 -14 -15
leaf_value=0.00020664275428008052 -0.00099527616621510029 0.033033702866390048 0.024189947816505134 0.05955032561771622 -0.044807417882252829 -0.040629830174800409 -0.043693607543171614 -0.02164808393394663 -0.0053599574794452104 -0.049132034311444361 -0.017753824106871065 -0.0085180065522895993 0.00069114175202146392 0.042480913913517208
leaf_weight=8335.3374159513041 8.716761287301777 9.0693211182951945 4.7772013545036307 4.9344889037311068 5.0304384725168338 5.3426119200885287 13.740519676357506 13.177273489534853 100.71426064800471 12.666510030627249 56.74000040255487 9.6441660895943642 766.10933306254447 13.39391452819109
leaf_count=44080 66 53 23 36 89 33 134 77 902 62 477 65 5827 82
internal_value=-6.25268e-06 -0.00173912 -0.00890848 0.02089 -1.44125e-05 0.000256738 -0.0162848 0.000644168 -0.0117437 -0.0204105 -0.0234803 0.001006 0.00128788 0.0211318
internal_weight=9359.39 1024.06 188.549 13.6513 835.508 830.477 35.9871 22.2466 174.898 74.1837 69.4065 794.49 789.147 23.0381
internal_count=52006 7926 1566 102 6360 6271 264 130 1464 562 539 6007 5974 147
cat_boundaries=0 1 2 3
cat_threshold=17 4 2
is_linear=0
shrinkage=0.05


Tree=192
num_leaves=15
num_cat=2
split_feature=0 1 10 4 7 8 2 7 2 5 4 11 6 2
split_gain=1.35288 3.85331 4.03784 4.91107 7.71066 12.7564 4.75504 5.1379 5.73623 5.63521 4.56752 4.23896 4.07303 3.6633
threshold=7.5000000000000009 51.250000000000007 0 10.550000000000002 38.990000000000016 19.500000000000004 29.500000000000004 39.390000000000015 13.500000000000002 0.35000000000000003 7.9000000000000012 1 1.0775000000000003 20.500000000000004
decision_type=2 10 1 10 10 2 10 10 8 8 10 1 10 8
left_child=-1 -2 6 13 -5 -6 7 8 -3 11 12 -9 -10 -4
right_child=1 2 3 4 5 -7 -8 9 10 -11 -12 -13 -14 -15
leaf_value=0.00016117784906463726 0.024248621472417454 0.051473412308262981 -0.0050147175832339057 -0.037105313211379887 0.12876842443997913 -0.01627908976025956 -0.034417043966558092 0.047795223735342202 -0.01579193454927854 -0.027154651123722447 -0.046147477765746653 -0.017052771559334306 0.024110075008173634 0.0032611194143265668
leaf_weight=8685.5438346369192 13.529458368197082 6.0149860419332972 314.61108240298927 2.5357591211795789 3.5266954600811005 2.6584728341549635 19.795724494382739 4.9854519665241241 11.465255521237856 36.982952200807631 4.9055110942572346 5.0958858728408796 14.462975010275839 232.56293694861233
leaf_count=47683 85 42 1990 43 30 49 127 43 61 370 59 44 86 1294
internal_value=-6.17938e-06 -0.00216562 -0.00270741 -0.000887993 0.0363218 0.066425 -0.0112859 -0.00717407 0.00680837 -0.0181215 -0.0019048 0.015016 0.00646573 -0.00149728
internal_weight=9358.68 673.133 659.604 555.895 8.72093 6.18517 103.709 83.913 36.8487 47.0643 30.8337 10.0813 25.9282 547.174
internal_count=52006 4323 4238 3406 122 79 832 705 248 457 206 87 147 3284
cat_boundaries=0 1 2
cat_threshold=147 4
is_linear=0
shrinkage=0.05


Tree=193
num_leaves=15
num_cat=0
split_feature=4 8 7 2 6 1 7 7 9 2 4 5 5 4
split_gain=1.366 6.39422 7.75899 3.83903 6.00772 3.71204 3.44738 4.96432 3.25846 2.64804 2.63873 1.56346 1.52347 6.0062
threshold=11.100000000000001 12.500000000000002 39.622500000000009 15.500000000000002 2.0683333333333338 55.500000000000007 39.190000000000012 40.463333333333345 1.0000000180025095e-35 34.500000000000007 12.100000000000001 0.62500000000000011 0.35000000000000003 9.1000000000000014
decision_type=10 2 8 10 10 10 10 10 10 10 8 10 8 10
left_child=12 2 -2 4 6 -5 -3 -8 -4 10 -7 -10 13 -1
right_child=1 3 8 5 -6 9 7 -9 11 -11 -12 -13 -14 -15
leaf_value=-0.00061827055987594668 0.083349506481924351 0.084679380113778013 0.046285079332254717 -0.053161718485080327 -0.052127295652789833 -0.046579214024535243 -0.034579434797527904 0.07884696110251338 0.010826186050946667 0.033501463049836824 0.011639754642301561 -0.040497296618428658 0.00034669514423362667 -0.014027932303926431
leaf_weight=1698.9716239497066 3.598355203866956 2.1666480284184235 2.3791418233886352 10.863683870062232 3.0254052020609379 5.316702684387562 2.6380645185709 1.5207392536103723 2.3087940905243167 2.4846610724926004 3.0701912101358184 4.1529978578910232 7527.8748902147636 87.819655705243349
leaf_count=8820 54 37 31 261 90 91 46 34 40 27 58 108 41344 965
internal_value=-6.13166e-06 -0.00884327 0.0214522 -0.0209662 0.00582269 -0.0324912 0.0335396 0.00689691 -0.00374067 -0.0118356 -0.025267 -0.0221594 3.51623e-05 -0.00127735
internal_weight=9358.19 43.5254 12.4393 31.0861 9.35086 21.7352 6.32545 4.1588 8.84093 10.8716 8.38689 6.46179 9314.67 1786.79
internal_count=52006 877 233 644 207 437 117 80 179 176 149 148 51129 9785
is_linear=0
shrinkage=0.05


Tree=194
num_leaves=15
num_cat=2
split_feature=5 1 8 10 5 4 2 10 7 0 8 2 4 6
split_gain=1.37687 3.8639 3.90425 8.01765 5.40026 4.42689 3.56521 6.38589 7.48739 7.67852 6.91975 7.07682 6.36574 6.23259
threshold=1.8750000000000002 57.250000000000007 1.5000000000000002 0 7.5000000000000009 11.450000000000001 14.500000000000002 1 40.290000000000013 8.5000000000000018 5.5000000000000009 9.5000000000000018 8.7750000000000021 2.0050000000000003
decision_type=10 10 2 1 10 8 8 1 10 2 2 10 10 10
left_child=6 2 3 4 -2 -4 7 10 -9 -10 11 -1 -8 -14
right_child=1 -3 5 -5 -6 -7 12 8 9 -11 -12 -13 13 -15
leaf_value=0.015843363073802481 0.03477222064226048 -0.029891313602049347 -0.0012359448080248995 -0.0010731482121281407 -0.015364303070414521 -0.040362848042235916 -0.00085805786263963275 0.0057386143999202171 0.00018330862334577235 -0.028562891076546738 -0.0014124516722314941 -0.031843468866426611 0.011270589305806348 -0.006906057940409909
leaf_weight=9.7072335481643659 37.485671933740377 11.508453486487268 2422.3667449150234 115.72623088117689 6.2691261041909447 7.2508045053109518 4386.5411058627069 1098.291982524097 730.42364354617894 23.993501972407103 201.93871586211026 39.187698520720005 205.46213598176837 61.210792547091842
leaf_count=46 178 63 15279 639 41 209 21112 5818 4425 175 1145 194 1967 715
internal_value=-6.13158e-06 -0.000983755 -0.000855262 0.00672316 0.0224564 -0.00135271 0.000370146 0.00207837 0.00308757 -0.000730936 -0.00528807 -0.0223761 -0.000402077 0.00709841
internal_weight=9357.36 2600.61 2589.1 159.481 43.7548 2429.62 6756.76 2103.54 1852.71 754.417 250.834 48.8949 4653.21 266.673
internal_count=52006 16409 16346 858 219 15488 35597 11803 10418 4600 1385 240 23794 2682
cat_boundaries=0 1 2
cat_threshold=401 208
is_linear=0
shrinkage=0.05


Tree=195
num_leaves=15
num_cat=2
split_feature=2 2 3 8 2 5 6 0 2 11 11 8 2 6
split_gain=1.31998 2.14047 4.26811 3.18981 3.53536 4.89529 4.89816 3.51957 2.81067 2.69151 2.66406 2.10483 2.04187 6.82857
threshold=421.00000000000006 243.50000000000003 7.5000000000000009 6.5000000000000009 276.50000000000006 1.6250000000000002 0.89500000000000013 3.5000000000000004 278.50000000000006 0 1 3.5000000000000004 231.50000000000003 1.6275000000000002
decision_type=10 10 10 2 10 8 10 2 10 1 1 2 10 8
left_child=1 12 3 4 7 6 -6 -3 -5 -4 -9 -7 -1 -14
right_child=-2 2 9 8 5 11 -8 10 -10 -11 -12 -13 13 -15
leaf_value=2.1543682980857823e-05 0.022594649157626517 0.0021418624191566916 -0.0026260313983893341 -0.012643084166628231 0.010568477507340716 0.0055592348399895498 -0.046451848417049815 -0.061008589613417444 -0.055358597018622217 0.042315239114368991 -0.016106211266479431 0.039004087950226335 0.052248039326477924 -0.016739192215186625
leaf_weight=9251.3240394787863 6.4559942036867133 8.4515459761023539 7.2731557711958885 8.1251583993434888 7.3428430706262571 11.461748063564302 7.7323721051216125 6.7913511246442795 7.3209214732050887 6.1474313363432866 6.4315383434295637 7.9793810099363318 7.417782619595525 6.9457514435052881
leaf_count=51487 28 38 49 43 32 51 35 31 37 42 30 36 33 34
internal_value=-6.08573e-06 -2.16899e-05 -0.00791726 -0.0127651 -0.00723339 0.002705 -0.0186784 -0.0230602 -0.0328888 0.0179598 -0.0391683 0.0192863 5.07902e-05 0.018888
internal_weight=9357.2 9350.75 85.0574 71.6369 56.1908 34.5163 15.0752 21.6744 15.4461 13.4206 13.2229 19.4411 9265.69 14.3635
internal_count=52006 51978 424 333 253 154 67 99 80 91 61 87 51554 67
cat_boundaries=0 1 2
cat_threshold=4 4
is_linear=0
shrinkage=0.05


Tree=196
num_leaves=15
num_cat=1
split_feature=7 10 2 7 2 2 6 7 1 5 7 4 5 7
split_gain=1.31943 2.76947 6.24581 3.52899 4.61001 3.50585 3.60851 3.26531 2.93018 3.66546 2.17304 8.95303 6.33367 8.49061
threshold=43.070000000000014 0 51.500000000000007 44.220000000000006 14.500000000000002 27.500000000000004 4.205000000000001 43.410000000000011 55.500000000000007 1.6250000000000002 42.590000000000011 3.9000000000000004 2.7500000000000004 42.610000000000014
decision_type=10 1 8 10 10 8 8 8 10 8 10 10 8 10
left_child=10 2 3 5 -5 6 8 -8 9 -2 -1 -12 13 -13
right_child=1 -3 -4 4 -6 -7 7 -9 -10 -11 11 12 -14 -15
leaf_value=-2.3479285690547604e-05 0.02026837608304688 -0.017502974923002464 0.048323399786342383 -0.0181357722032424 0.043964271519108748 -0.052264186503001686 0.050080576203715893 -0.0060342438768912106 -0.039533003415752256 -0.026843187333526711 -0.02698111763346539 0.070432196064828173 0.032663716921757131 -0.0055576697331141834
leaf_weight=9189.5039667682722 7.9990732464939418 23.124185991473496 6.241595894098281 5.0234169960021955 7.3776366366073489 4.7010944383218876 4.5652513653039906 5.999122006818653 8.976536247879265 8.532990984618662 15.049187779426573 4.1014512926340094 30.459857696667314 35.431390728801489
leaf_count=50688 55 207 36 48 64 41 42 68 66 67 68 27 269 260
internal_value=-5.8658e-06 -0.00629955 0.000861486 -0.0045475 0.0188088 -0.0116511 -0.00635832 0.018215 -0.0165354 -0.00404816 5.01462e-05 0.00800601 0.0155286 0.00232612
internal_weight=9357.09 82.5409 59.4167 53.1751 12.4011 40.7741 36.073 10.5644 25.5086 16.5321 9274.55 85.0419 69.9927 39.5328
internal_count=52006 694 487 451 112 339 298 110 188 122 51312 624 556 287
cat_boundaries=0 1
cat_threshold=1427
is_linear=0
shrinkage=0.05


Tree=197
num_leaves=15
num_cat=0
split_feature=6 1 2 3 5 7 5 2 7 4 6 1 1 7
split_gain=1.33252 3.74194 4.27375 5.42455 4.52545 3.97284 3.29113 2.78752 4.97293 2.81165 3.95365 2.66674 3.27201 4.41541
threshold=4.7562500000000005 56.250000000000007 96.500000000000014 4.5000000000000009 5.5000000000000009 43.190000000000019 6.5000000000000009 97.500000000000014 39.590000000000011 3.4500000000000006 5.7166666666666677 53.500000000000007 55.500000000000007 41.810000000000009
decision_type=10 8 10 10 8 10 8 10 10 10 10 10 10 8
left_child=-1 7 3 6 5 -5 -3 11 -9 -10 -11 -2 -13 -14
right_child=1 2 -4 4 -6 -7 -8 8 9 10 -12 12 13 -15
leaf_value=8.4760097020369462e-05 -0.035356033273863378 0.006970673164138518 -0.027805577968763248 0.00035276878846804307 -0.029195766359951678 0.069209976116118996 0.042017790113351487 -0.028109372431132519 0.050045898652921722 -0.030773704763944473 0.032069132731126042 -0.0038762851360392143 -0.012121981765145534 -0.055944078394947652
leaf_weight=9142.3826111722738 10.152353524230419 11.596592932939531 7.7142861932516089 9.9468715731054562 10.852263872511683 2.6536571010947219 15.859493784606455 6.7498539015650776 6.02607333660126 4.1451445464044792 6.3168879933655262 91.159704443067312 24.26094363164157 7.5328438570722929
leaf_count=50331 124 51 41 112 165 23 73 33 26 27 48 723 154 75
internal_value=-6.73274e-06 -0.00389785 0.00687518 0.0121304 -0.00552905 0.014854 0.027215 -0.00793735 0.00804123 0.0228405 0.00717028 -0.0107269 -0.00869328 -0.0225047
internal_weight=9357.35 214.967 58.6232 50.9089 23.4528 12.6005 27.4561 156.344 23.238 16.4881 10.462 133.106 122.953 31.7938
internal_count=52006 1675 465 424 300 135 124 1210 134 101 75 1076 952 229
is_linear=0
shrinkage=0.05


Tree=198
num_leaves=15
num_cat=1
split_feature=2 6 6 1 1 3 3 6 5 3 8 11 4 7
split_gain=1.30642 4.02539 4.10531 4.09374 5.47812 7.96869 5.94462 4.1061 4.48704 6.31966 6.54504 6.33566 8.25586 10.1293
threshold=10.500000000000002 4.6050000000000013 0.3050000000000001 53.500000000000007 52.500000000000007 7.5000000000000009 5.5000000000000009 4.0050000000000008 0.87500000000000011 4.5000000000000009 10.500000000000002 0 4.4500000000000011 40.090000000000011
decision_type=8 8 10 10 8 10 8 8 8 10 2 1 10 10
left_child=1 2 -1 4 6 -6 -4 8 -5 11 -11 12 -10 -14
right_child=-2 -3 3 7 5 -7 -8 -9 9 10 -12 -13 13 -15
leaf_value=-0.041251128855275626 -0.00011556440615713453 0.031444091179981211 0.049689873890289192 -0.0025912022187043315 -0.056576637516140171 0.018053785397866406 -0.024478436033917611 -0.033035787976159268 0.062359306175793161 -0.024900324479100594 0.0089805936383662438 0.009118327095475328 0.050499365409867596 -0.032453482518149675
leaf_weight=5.3771179914474478 9048.5217443909496 12.114857816137372 5.3501187562942514 98.352868996560574 11.536601200699808 5.1840685661882153 5.4574977159500131 6.9953037351369849 16.916378930211071 18.312795106321573 64.31591341458261 43.494148425757885 7.7656779885292035 6.9948321878910065
leaf_count=24 50178 92 25 560 64 51 45 54 72 114 468 195 33 31
internal_value=-6.53192e-06 0.00319491 0.00203892 0.00283973 -0.015506 -0.0334383 0.0122373 0.0047589 0.00579104 0.0110155 0.00147165 0.0215062 0.0385154 0.011189
internal_weight=9356.69 308.168 296.053 290.676 27.5283 16.7207 10.8076 263.148 256.153 157.8 82.6287 75.171 31.6769 14.7605
internal_count=52006 1828 1736 1712 185 115 70 1527 1473 913 582 331 136 64
cat_boundaries=0 1
cat_threshold=2
is_linear=0
shrinkage=0.05


Tree=199
num_leaves=15
num_cat=2
split_feature=0 0 10 2 10 7 6 1 3 7 3 7 2 2
split_gain=1.31068 3.67106 7.9359 8.19511 7.622 10.7122 7.15442 6.2844 7.22148 7.3131 6.19564 8.77957 6.18768 10.1982
threshold=4.5000000000000009 3.5000000000000004 0 99.500000000000014 1 39.610000000000014 0.6050000000000002 57.250000000000007 7.5000000000000009 40.645000000000017 1.5000000000000002 38.010000000000012 33.500000000000007 89.500000000000014
decision_type=2 2 1 8 1 10 8 8 10 10 8 8 10 10
left_child=1 -1 10 7 6 -6 -5 -4 -9 -10 11 -3 -13 -14
right_child=-2 2 3 4 5 -7 -8 8 9 -11 -12 12 13 -15
leaf_value=-0.00086308246890124188 -0.00068227109326995852 0.040143727131584372 0.0019979094638703705 -0.045236395005147555 0.008183147903168481 0.040591764409804464 0.0052634195626544405 0.01019192097871904 0.015249810506953671 0.10043396167195534 -0.0043551926676123854 -0.0070861605067258221 0.043879439374602834 -0.01272719554878482
leaf_weight=2533.0866181934252 4059.6365255722776 18.179140821099281 1766.9456514399499 7.9163571447134009 53.310478709638119 48.872572235763073 61.495169773697853 35.415587082505226 5.0016462355852109 5.0771413818001747 666.67069376632571 61.871364071965218 18.736106246709824 13.829716786742209
leaf_count=13199 24395 85 9014 36 224 220 289 165 31 34 3918 258 81 57
internal_value=-6.31351e-06 0.0005118 0.00177213 0.00344176 0.0139028 0.0215725 -0.000433597 0.00247034 0.0208189 0.0581609 -0.00249087 0.00832441 0.0021992 0.0198403
internal_weight=9356.04 5296.41 2763.32 1984.03 171.595 102.183 69.4115 1812.44 45.4944 10.0788 779.287 112.616 94.4372 32.5658
internal_count=52006 27611 14412 10013 769 444 325 9244 230 65 4399 481 396 138
cat_boundaries=0 1 2
cat_threshold=680 336
is_linear=0
shrinkage=0.05


Tree=200
num_leaves=15
num_cat=1
split_feature=6 10 1 6 3 8 4 0 2 7 7 4 8 2
split_gain=1.31034 10.3299 8.83962 7.66644 10.0055 7.78423 6.61847 7.15247 7.0153 6.58539 6.38057 5.62857 9.71046 5.7217
threshold=0.75500000000000023 0 57.250000000000007 0.74500000000000022 5.5000000000000009 17.500000000000004 1.1000000000000003 3.5000000000000004 43.500000000000007 41.14500000000001 38.990000000000016 1.1000000000000003 3.5000000000000004 49.500000000000007
decision_type=10 1 8 10 10 2 8 2 8 10 10 8 2 10
left_child=1 6 3 5 -5 11 7 10 9 -8 -1 12 -3 -13
right_child=-2 2 -4 4 -6 -7 8 -9 -10 -11 -12 13 -14 -15
leaf_value=-0.074107577209045969 -0.00032427216972105005 0.0093289118901173328 -0.053470961627566475 0.011807721281530802 0.065798803796693658 -0.0072021146184439696 0.0038205039646472651 -0.0039794976159430442 -0.0063648587845640293 -0.019497009849359113 -0.019934463366488631 0.0058799352239794489 0.054936045265582413 -0.007199703289301417
leaf_weight=8.8524036705493945 7256.3444409631193 52.870305597782135 6.5545303449034682 37.393830239772797 11.136455804109572 137.92368428036571 473.35349711030722 30.862058326601982 428.80301678180695 32.349471405148506 14.081483945250509 754.72783787921071 14.977445200085638 94.030128471553326
leaf_count=39 42111 265 33 161 63 832 2333 143 1845 183 59 3416 83 440
internal_value=-6.07796e-06 0.0010945 0.004383 0.00476651 0.0241973 0.00387229 -0.00261553 -0.0196958 -0.00166028 0.0023289 -0.0408451 0.00553868 0.0193967 0.0044309
internal_weight=9354.26 2097.92 1109.61 1103.06 48.5303 1054.53 988.302 53.7959 934.506 505.703 22.9339 916.606 67.8478 848.758
internal_count=52006 9895 5293 5260 224 5036 4602 241 4361 2516 98 4204 348 3856
cat_boundaries=0 1
cat_threshold=534
is_linear=0
shrinkage=0.05


Tree=201
num_leaves=15
num_cat=1
split_feature=6 6 8 8 2 7 0 10 4 1 6 6 2 7
split_gain=1.30906 11.3168 5.18126 10.3718 6.95191 6.86495 5.95915 5.86114 10.8471 8.60289 5.32386 5.20795 5.78397 4.74233
threshold=1.0950000000000004 1.0225000000000002 18.500000000000004 21.500000000000004 15.500000000000002 40.745000000000012 5.5000000000000009 0 8.1000000000000014 54.250000000000007 1.0775000000000003 1.0450000000000002 15.500000000000002 37.822500000000012
decision_type=8 10 2 2 10 10 2 1 10 8 10 10 10 10
left_child=1 -1 7 4 6 10 -4 13 11 -10 -5 -9 -13 -3
right_child=-2 2 3 5 -6 -7 -8 8 9 -11 -12 12 -14 -15
leaf_value=0.00019628807775338977 0.00036986428630498837 -0.033293791906742524 0.078589702784824716 -0.036686249854550095 -0.00061900359466850695 0.027950709631871337 0.012047550475376645 -0.01130322841425265 0.089597880521360126 -0.0052081569830142223 0.0088894873364149599 -0.016400763593605223 -0.046239061873699722 -0.00073710400097426845
leaf_weight=2395.6020498629659 6664.9838262451813 12.603626258671282 8.0693071819841879 23.365197461098433 12.479099662974475 7.8535241335630408 5.7707554288208476 31.511555179953575 3.414607904851434 7.9964561760425577 8.8288925439119321 25.084745988249779 46.068215355277061 99.402889836579561
leaf_count=12243 38148 62 48 171 75 60 35 146 37 63 63 121 224 510
internal_value=-5.79437e-06 -0.000937235 -0.0102225 0.00206094 0.0264432 -0.013963 0.0508443 -0.0138283 -0.0212245 0.0231613 -0.0241876 -0.0282254 -0.0357197 -0.00403989
internal_weight=9353.03 2688.05 292.449 66.3668 26.3192 40.0476 13.8401 226.082 114.076 11.4111 32.1941 102.665 71.153 112.007
internal_count=52006 13858 1615 452 158 294 83 1163 591 100 234 491 345 572
cat_boundaries=0 1
cat_threshold=2000
is_linear=0
shrinkage=0.05


Tree=202
num_leaves=15
num_cat=1
split_feature=1 4 10 5 6 5 2 2 6 5 5 8 7 7
split_gain=1.27532 3.84586 10.3525 5.17515 4.79919 12.1395 5.68029 4.87162 11.0764 9.01832 4.40262 8.83189 6.61553 5.69328
threshold=55.500000000000007 8.7750000000000021 0 3.7500000000000004 2.6275000000000004 1.3750000000000002 21.500000000000004 16.500000000000004 2.0550000000000006 0.15000000000000005 1.3750000000000002 13.500000000000002 39.963333333333345 39.990000000000016
decision_type=8 10 1 10 8 10 10 10 10 8 10 2 10 10
left_child=-1 -2 3 4 7 6 -6 -3 9 -9 12 -12 -11 -13
right_child=1 2 -4 -5 5 -7 -8 8 -10 10 11 13 -14 -15
leaf_value=-0.00058801659437283677 0.00022069935556579169 0.0026989631602810887 -0.002096368432583135 -0.013231690007244057 0.1342097512098476 0.0043173086892024258 0.041696786725573282 -0.028988809475539636 -0.041539363593447585 0.04922257976921432 0.10100518745708385 -0.019399101529159069 -0.0010478806807883588 0.06596048221859438
leaf_weight=4689.5468842992559 4389.2963107042015 32.60418937727809 162.58155946154147 11.360368408262728 4.1128160469233972 7.283009460195899 2.7812643051147461 4.9833086580038062 5.2824801914393893 17.188736721873287 7.7808719351887685 3.6878345087170601 10.56842392683029 4.1535416059195995
leaf_count=27028 22052 326 1773 176 48 94 25 49 54 148 64 40 95 34
internal_value=-5.78323e-06 0.000579681 0.00632261 0.0172147 0.0223729 0.0493326 0.0968874 0.0179415 0.0272055 0.0347143 0.0420323 0.0632647 0.0300823 0.0258155
internal_weight=9353.21 4663.66 274.368 111.787 100.426 14.1771 6.89408 86.2494 53.6452 48.3627 43.3794 15.6222 27.7572 7.84138
internal_count=52006 24978 2926 1153 977 167 73 810 484 430 381 138 243 74
cat_boundaries=0 1
cat_threshold=1224
is_linear=0
shrinkage=0.05


Tree=203
num_leaves=15
num_cat=0
split_feature=4 8 7 2 6 7 7 1 9 0 4 5 0 1
split_gain=1.31186 5.67195 6.15236 3.6817 5.62181 3.45228 6.4107 3.04558 2.92792 2.74919 2.69636 1.45715 1.40438 3.72375
threshold=11.100000000000001 12.500000000000002 39.622500000000009 17.500000000000004 2.0683333333333338 40.522500000000015 39.163333333333348 55.500000000000007 1.0000000180025095e-35 7.5000000000000009 12.300000000000002 0.62500000000000011 7.5000000000000009 51.250000000000007
decision_type=10 2 8 10 10 10 10 10 10 2 10 10 2 10
left_child=12 2 -2 4 5 6 -3 -5 -4 10 -9 -10 -1 -14
right_child=1 3 8 7 -6 -7 -8 9 11 -11 -12 -13 13 -15
leaf_value=0.00020476123024336645 0.071516039568132184 0.069606315566323559 0.042609849916382878 -0.053060220977730159 -0.052082650417519 0.088144247283505658 -0.037901545028129757 -0.045992703551854475 0.0095391666331298211 0.032420013728627628 0.021722121101757568 -0.040030738186864478 0.023790434658897817 -0.0027167690191111523
leaf_weight=8644.4594532568008 3.9129701741039726 2.4256358258426207 2.451024633832275 9.7433250201866031 3.1978838723152876 1.7702857609838245 3.237272821366787 5.7095183106139302 2.3518528081476697 2.4334289329126477 1.9799068868160246 4.0109181646257639 13.524006504565476 652.29630532115698
leaf_count=46902 54 39 31 246 99 35 60 96 40 35 34 108 82 4145
internal_value=-6.01326e-06 -0.00869652 0.0193413 -0.020397 0.00335132 0.0271999 0.0081481 -0.0331055 -0.00382213 -0.0138989 -0.0285572 -0.0217084 3.43334e-05 -0.00217836
internal_weight=9353.5 43.224 12.7268 30.4973 10.6311 7.43319 5.66291 19.8662 8.8138 10.1229 7.68943 6.36277 9310.28 665.82
internal_count=52006 877 233 644 233 134 99 411 179 165 130 148 51129 4227
is_linear=0
shrinkage=0.05


Tree=204
num_leaves=15
num_cat=0
split_feature=7 3 7 3 5 7 0 5 0 6 7 7 5 6
split_gain=1.25819 2.49965 2.47877 2.95845 4.77929 4.13552 2.5818 2.34011 2.26789 2.21054 2.56703 2.05305 6.88044 2.04516
threshold=43.070000000000014 1.5000000000000002 46.290000000000013 6.5000000000000009 3.2500000000000004 43.745000000000012 4.5000000000000009 1.1250000000000002 4.5000000000000009 3.895 44.455000000000005 42.955000000000005 2.7500000000000004 2.5050000000000003
decision_type=10 10 8 10 10 8 2 10 2 8 10 10 10 10
left_child=11 -2 3 8 5 6 7 -5 -3 -6 -11 -1 13 -13
right_child=1 2 -4 4 9 -7 -8 -9 -10 10 -12 12 -14 -15
leaf_value=1.7513153368243361e-05 0.027703998428151258 -0.013156585382436976 0.032366959737565114 0.010326717943786432 -0.057601686834209367 0.046582554048906891 0.031462822398504078 -0.045573931578154814 -0.041755767023678732 0.0026402535940995182 -0.056077421394842612 0.013702296513125498 0.057439899494180935 -0.032331908691512361
leaf_weight=9254.6410554219037 5.1098078787326804 31.989187698811293 3.555655835196375 3.6071204915642756 3.2254975521936986 7.3454953879117957 3.9016140624880791 3.8923712596297264 8.8496296145021898 8.3722567968070489 2.3935120715759703 4.8948973864316958 6.5385771356523028 4.7579149678349495
leaf_count=51203 22 201 33 34 34 62 41 37 60 128 42 29 46 34
internal_value=-5.98478e-06 -0.00616312 -0.00840672 -0.0103771 0.000820932 0.0173251 -0.00152487 -0.0186867 -0.0193539 -0.0212927 -0.0104142 4.86355e-05 0.0178375 -0.00898817
internal_weight=9353.07 82.2421 77.1323 73.5767 32.7379 18.7466 11.4011 7.49949 40.8388 13.9913 10.7658 9270.83 16.1914 9.65281
internal_count=52006 694 672 639 378 174 112 71 261 204 170 51312 109 63
is_linear=0
shrinkage=0.05


Tree=205
num_leaves=15
num_cat=1
split_feature=6 7 2 3 2 8 1 6 7 1 10 8 2 4
split_gain=1.26036 3.32956 7.09709 6.99544 4.80814 3.21125 3.1704 2.70884 4.24435 4.52817 4.65696 6.0489 5.19865 4.08863
threshold=4.7562500000000005 39.010000000000012 36.500000000000007 2.5000000000000004 21.500000000000004 6.5000000000000009 56.750000000000007 5.4050000000000011 39.490000000000016 54.250000000000007 0 9.5000000000000018 76.500000000000014 8.7750000000000021
decision_type=10 10 10 10 10 2 10 10 10 8 1 2 10 10
left_child=-1 2 4 5 -2 6 -3 -5 -9 13 12 -12 -11 -10
right_child=1 3 -4 7 -6 -7 -8 8 9 10 11 -13 -14 -15
leaf_value=8.2993700075194115e-05 -0.022309223478487031 0.012869374010538309 -0.057500078477384045 -0.015615410307513395 0.030945590682559251 -0.0085050989647394368 0.045373865132528918 0.051177674034126243 -0.035146830497938618 -0.02704425205044312 0.028778256594755414 -0.018001926212412461 0.035901425882393728 0.018048754865186187
leaf_weight=9138.7833247967064 11.393144153058534 25.645776465535164 8.6665254980325681 55.629090612754226 6.7491275426000348 10.963434934616087 10.60354560613632 3.6707217246294013 16.646599493920807 19.861946398392323 26.399748520925641 9.3603359349071962 3.9290744923055163 4.6131669143214813
leaf_count=50331 59 108 44 527 35 49 46 20 143 222 197 119 26 80
internal_value=-5.85271e-06 -0.00379766 -0.0202785 -0.001439 -0.00249784 0.0152061 0.0223775 -0.00704788 -0.00140636 -0.00379492 0.00327689 0.0129203 -0.0117218 -0.0236039
internal_weight=9352.92 214.132 26.8088 187.323 18.1423 47.2128 36.2493 140.111 84.4816 80.8109 59.5511 35.7601 23.791 21.2598
internal_count=52006 1675 138 1537 94 203 154 1334 807 787 564 316 248 223
cat_boundaries=0 1
cat_threshold=1540
is_linear=0
shrinkage=0.05


Tree=206
num_leaves=15
num_cat=0
split_feature=0 5 7 4 1 0 3 6 3 4 1 8 6 0
split_gain=1.25655 4.02584 2.21364 2.26996 1.87424 1.63551 4.38369 3.12467 5.82888 4.36513 4.07297 6.36675 2.21166 1.51881
threshold=10.500000000000002 3.2500000000000004 39.190000000000012 5.5500000000000007 56.250000000000007 9.5000000000000018 8.5000000000000018 1.3050000000000004 3.5000000000000004 6.9000000000000012 56.250000000000007 20.500000000000004 2 7.5000000000000009
decision_type=2 8 10 10 8 2 10 8 8 8 8 2 8 2
left_child=5 2 4 -4 -2 13 7 10 -9 -10 -7 -12 -8 -1
right_child=1 -3 3 -5 -6 6 12 8 9 -11 11 -13 -14 -15
leaf_value=0.00014204286217094956 0.0020361259470292655 -0.058307744599986222 0.03161207251329063 -0.0058324379866769201 -0.043879985414617163 0.029364523320061588 -0.037874891108357289 0.06734426269251402 -0.011598504533132555 0.03853655539501815 -0.045387234622885457 0.023711970040302077 0.0098546389964661325 -0.0024929654476040595
leaf_weight=8681.3279518624768 3.9832593444734856 3.7940595652908078 6.0914769023656872 12.061942268162964 5.0276638790965089 8.1633593067526835 6.7058190815150711 6.6726322174072292 9.0787099301815051 8.3208775743842107 7.6648421585559827 5.8993078395724297 3.8038149718195209 583.62920015025884
leaf_count=47683 35 48 30 104 33 41 56 29 53 55 38 35 51 3715
internal_value=-5.71234e-06 -0.0100623 -0.00332383 0.00673227 -0.0235829 2.76883e-05 0.00852321 0.0152061 0.0276137 0.0123772 0.0014595 -0.0153347 -0.0205999 -2.39447e-05
internal_weight=9352.22 30.9584 27.1643 18.1534 9.01092 9321.27 56.3094 45.7997 24.0722 17.3996 21.7275 13.5641 10.5096 9264.96
internal_count=52006 250 202 134 68 51756 358 251 137 108 114 73 107 51398
is_linear=0
shrinkage=0.05


Tree=207
num_leaves=15
num_cat=1
split_feature=6 2 4 6 6 8 8 7 6 0 10 4 1 6
split_gain=1.24149 2.17355 1.75453 1.26505 10.2542 4.70239 9.3082 6.23757 6.16948 6.64122 5.3583 9.78197 7.14912 4.96065
threshold=9.1000000000000014 14.500000000000002 3.3666666666666671 1.0950000000000004 1.0225000000000002 18.500000000000004 21.500000000000004 40.745000000000012 1.0645833333333334 5.5000000000000009 0 8.1000000000000014 54.250000000000007 1.0775000000000003
decision_type=10 8 10 8 10 2 2 10 10 2 1 10 8 10
left_child=3 -2 -3 4 -1 10 8 13 9 -7 -6 -12 -13 -8
right_child=1 2 -4 -5 5 6 7 -9 -10 -11 11 12 -14 -15
leaf_value=0.00017875735816764811 -0.043332156748485465 0.022538245026823722 -0.021087243384792308 0.00038657442010025871 -0.0038416801534609055 0.066361260999105859 -0.035633778930606978 0.026096281929780613 -0.0087657833159521786 0.0032207227280226973 -0.02704808190814988 0.079199543217814361 -0.0051786648752942524 0.0084122097982835715
leaf_weight=2395.8500523362309 4.5395317543297979 4.250700332224369 5.0343828350305557 6650.4320050859824 111.85719257220626 10.824611110612755 22.869842117652301 7.9930645599961272 9.032910253852604 6.7687402218580237 101.79795256257057 3.6588377133011791 7.9973181150853643 8.8723719082772714
leaf_count=12243 43 19 55 38031 572 60 171 60 56 42 491 37 63 63
internal_value=-5.54703e-06 -0.014978 -0.00111555 1.66194e-05 -0.000898856 -0.00975055 0.00194753 -0.0133814 0.0248234 0.042069 -0.013196 -0.0202916 0.0213074 -0.0233223
internal_weight=9351.78 13.8246 9.28508 9337.95 2687.52 291.673 66.3615 39.7353 26.6263 17.5934 225.311 113.454 11.6562 31.7422
internal_count=52006 117 74 51889 13858 1615 452 294 158 102 1163 591 100 234
cat_boundaries=0 1
cat_threshold=2000
is_linear=0
shrinkage=0.05


Tree=208
num_leaves=15
num_cat=1
split_feature=7 10 3 8 7 8 4 6 9 4 7 6 6 7
split_gain=1.26579 4.73409 6.07478 9.55369 5.81932 5.36346 6.39725 6.60655 6.74035 5.92127 7.58387 5.35398 7.13834 7.73836
threshold=39.710000000000015 0 6.5000000000000009 9.5000000000000018 38.745000000000012 11.500000000000002 3.9000000000000004 0.6050000000000002 1.0000000180025095e-35 8.3666666666666689 39.610000000000014 3.5550000000000002 4.0550000000000006 39.010000000000012
decision_type=8 1 10 2 10 2 10 10 10 10 10 10 10 10
left_child=1 2 4 -4 -1 -5 -7 -8 -9 10 -10 -3 -13 -14
right_child=-2 11 3 5 -6 6 7 8 9 -11 -12 12 13 -15
leaf_value=0.012252194311034461 -0.00048377095245305209 -0.00059712696046010437 0.045837926460851594 -0.036960915806278576 -0.00030591166591794586 0.056782326343468761 -0.033865920774982787 0.05846678203734778 0.0062997735182133627 -0.020450338087810951 0.047444312624743877 0.024531990991368071 -0.017103360624715288 0.017118362362016359
leaf_weight=114.19199047982693 5581.8331212131307 2917.3449093699455 19.800501011312008 6.1872151941061011 480.07839716970921 7.1059223115444174 8.7425235733389837 7.0854816287755957 64.045860663056374 15.395092816092072 13.57326567173004 50.301088446751237 33.968509303405881 32.157305777072906
leaf_count=544 32564 15136 92 33 2183 32 62 35 433 177 88 266 186 175
internal_value=-5.70985e-06 0.000702108 0.00426888 0.0136204 0.00210719 0.00839733 0.0108177 0.00781687 0.0114574 0.00787636 0.0134947 -0.00017693 0.0103369 -0.00046117
internal_weight=9351.81 3769.98 736.206 141.936 594.27 122.135 115.948 108.842 100.1 93.0142 77.6191 3033.77 116.427 66.1258
internal_count=52006 19442 3679 952 2727 860 827 795 733 698 521 15763 627 361
cat_boundaries=0 1
cat_threshold=1281
is_linear=0
shrinkage=0.05


Tree=209
num_leaves=15
num_cat=0
split_feature=3 9 7 6 4 2 7 2 0 2 4 4 5 4
split_gain=1.21816 6.72675 7.16751 7.60677 6.71757 6.93398 8.0199 6.15197 6.25438 7.73054 16.0573 13.4121 15.9381 9.77655
threshold=10.500000000000002 1.0000000180025095e-35 38.245000000000012 0.86458333333333348 5.9000000000000012 22.500000000000004 40.110000000000014 14.500000000000002 5.5000000000000009 28.500000000000004 8.3666666666666689 10.900000000000002 0.62500000000000011 6.9000000000000012
decision_type=10 10 10 10 10 10 10 10 2 10 10 8 10 10
left_child=-1 7 -3 4 -4 -6 -7 -2 9 10 -9 12 -12 -11
right_child=1 2 3 -5 5 6 -8 8 -10 13 11 -13 -14 -15
leaf_value=0.00011077377947108108 -0.019312349134764664 -0.037337431561955639 -0.050598669500673182 -0.0078233983811410723 0.0066295812188240976 0.019075432338496508 0.1019769900688286 -0.0098459473598452706 -0.0035807360523646596 0.066973455135708695 0.01247569088459036 -0.010381777478189913 0.14141734705260475 -0.013782275114645715
leaf_weight=8977.5900800386444 15.109766551293431 17.618569634854794 3.4258710891008368 232.93523117620498 22.892200160771608 7.0174032151699048 4.9930602163076401 7.9504201337695148 25.870883306488395 4.9114419445395496 3.3909823037683937 3.3220728393644103 8.1723013781011087 15.818922750651835
leaf_count=47537 199 207 20 3131 249 61 45 60 207 29 29 49 72 111
internal_value=-5.61672e-06 -0.00280375 -0.00643417 -0.00442701 0.016214 0.022772 0.0535398 0.00960078 0.0158924 0.0274561 0.0475237 0.0781655 0.103605 0.00535039
internal_weight=9351.02 373.429 288.882 271.264 38.3285 34.9027 12.0105 84.5468 69.437 43.5661 22.8358 14.8854 11.5633 20.7304
internal_count=52006 4469 3713 3506 375 355 106 756 557 350 210 150 101 140
is_linear=0
shrinkage=0.05


Tree=210
num_leaves=15
num_cat=2
split_feature=7 10 7 6 8 4 6 4 4 6 2 6 10 7
split_gain=1.21494 6.69611 4.81975 4.41925 4.5584 4.36909 3.92304 3.87262 3.52774 5.50271 6.36144 6.86621 4.85199 6.82757
threshold=38.290000000000013 0 37.190000000000012 2.0950000000000002 3.5000000000000004 10.100000000000001 0.39500000000000007 3.9000000000000004 1.2916666666666667 3.4050000000000007 55.500000000000007 4.1050000000000013 1 37.590000000000011
decision_type=8 1 10 10 2 10 8 8 10 8 10 10 1 10
left_child=1 2 -1 6 -5 8 -4 -6 12 -10 11 -11 13 -3
right_child=-2 5 3 4 7 -7 -8 -9 9 10 -12 -13 -14 -15
leaf_value=-0.016364892440782815 -0.00019174087604348052 -0.032557575093639532 -0.011243944571758212 0.017416400485023298 -0.059366488411427734 -0.035146874643564738 0.018163735931977718 -0.0053766734635886035 -0.0021930645540864224 0.05073141903761489 -0.015743546567756891 -0.0092756184425936833 0.022969792055586621 0.020157593380941377
leaf_weight=15.651901707053183 8451.6754486924037 13.079895153641703 12.340080372989176 10.933240130543711 5.3010211139917347 9.0258183907717449 140.03682871162891 8.89400939270854 613.37187069281936 16.241069279611114 9.3789775893092138 6.7476584054529658 26.135010451078415 11.580684587359427
leaf_count=69 47500 57 60 49 23 130 676 57 3061 73 43 34 123 51
internal_value=-5.88674e-06 0.00174191 0.00972939 0.0125784 -0.00684908 -0.000574522 0.0157822 -0.0255387 -0.000134776 -0.00113278 0.0189598 0.0331181 0.0125523 -0.00555129
internal_weight=9350.39 898.718 193.157 177.505 25.1283 705.561 152.377 14.195 696.535 645.74 32.3677 22.9887 50.7956 24.6606
internal_count=52006 4506 934 865 129 3572 736 80 3442 3211 150 107 231 108
cat_boundaries=0 1 2
cat_threshold=1537 116
is_linear=0
shrinkage=0.05


Tree=211
num_leaves=15
num_cat=1
split_feature=5 10 6 7 5 8 2 1 7 8 6 2 7 4
split_gain=1.20319 5.34765 5.30846 5.32853 3.65387 3.82139 6.01292 3.97358 4.77088 4.25445 3.4874 3.18269 3.14539 3.13181
threshold=3.7500000000000004 0 1.9450000000000001 37.622500000000009 3.2500000000000004 9.5000000000000018 23.500000000000004 54.250000000000007 41.190000000000012 14.500000000000002 1.3450000000000004 189.50000000000003 39.710000000000015 8.9000000000000021
decision_type=10 1 10 10 10 2 10 8 8 2 10 10 10 8
left_child=4 10 3 -3 -1 6 -6 -7 9 -9 -2 -12 -11 -4
right_child=1 2 13 -5 5 7 -8 8 -10 12 11 -13 -14 -15
leaf_value=9.3974129949585413e-05 0.029819335187026459 0.03920848364529389 0.0023042318470252957 -0.010167660350376105 -0.024385934463835492 0.051523094298320471 0.022286303734961706 0.024849361741764553 0.049504396574002574 0.013690560725892623 -0.020656871012664401 0.025235575202684202 -0.038288247078731255 -0.010251513443494148
leaf_weight=8322.8575580846518 4.0183753035962573 5.6541342437267295 662.85187519341707 162.5141953676939 14.633315732702615 8.7787043377757055 13.059833634644745 11.104833859950309 7.0061524249613276 4.7866555377840978 66.842154024168849 4.0042309612035742 7.4253571927547455 53.687541635707021
leaf_count=44909 27 27 4112 1019 88 65 65 61 52 32 540 24 50 935
internal_value=-4.37785e-06 -0.00168157 -0.000507108 -0.00850754 0.000187452 0.0118351 -0.00237574 0.0218997 0.0133236 0.00245214 -0.0136673 -0.018063 -0.0179145 0.00136348
internal_weight=9349.22 959.573 884.708 168.168 8389.65 66.7949 27.6931 39.1017 30.323 23.3168 74.8648 70.8464 12.212 716.539
internal_count=52006 6684 6093 1046 45322 413 153 260 195 143 591 564 82 5047
cat_boundaries=0 1
cat_threshold=8
is_linear=0
shrinkage=0.05


Tree=212
num_leaves=15
num_cat=1
split_feature=1 6 6 6 11 4 7 7 3 1 5 8 3 4
split_gain=1.18533 7.30505 7.4627 7.86116 7.54814 6.02683 6.52579 6.37913 6.7524 4.72511 7.68235 7.11281 5.85202 5.3798
threshold=57.250000000000007 0.50500000000000023 1.4550000000000003 1.2550000000000003 0 6.5500000000000007 40.222500000000011 39.963333333333345 5.5000000000000009 58.250000000000007 1.6250000000000002 16.500000000000004 6.5000000000000009 4.4500000000000011
decision_type=8 8 8 10 1 10 10 10 10 8 10 2 8 8
left_child=-1 -2 3 5 9 7 -7 8 -3 10 13 12 -11 -4
right_child=1 2 4 -5 -6 6 -8 -9 -10 11 -12 -13 -14 -15
leaf_value=-8.1333711351168076e-05 -0.028219631588197815 0.0174740861318038 0.03088006505957739 0.055460924190921003 -0.017754342281955854 -0.050547105823206366 0.020819093840492266 -0.010662717220250455 0.072005236182667451 0.023102321536923154 -0.044647269652873051 -0.0083315096372792771 0.085942908167882193 -0.023446385945643661
leaf_weight=9177.0726176146418 15.855891682207583 16.994733124971393 13.937325701117521 12.989078983664511 40.508784731850028 6.9461690187454206 5.9445764347910881 10.467257916927336 8.5242994874715787 9.6129080951213837 7.9716576468199483 9.0710310302674753 6.0279803499579439 6.7709142714738837
leaf_count=51058 77 73 62 69 254 46 42 49 45 45 45 67 39 35
internal_value=-4.34099e-06 0.00411264 0.00740383 0.0208869 -0.00147944 0.0116988 -0.0176365 0.0222071 0.0356895 0.0108685 -0.00293867 0.0268926 0.047321 0.0131171
internal_weight=9348.7 171.623 155.767 61.8661 93.9006 48.877 12.8907 35.9863 25.519 53.3918 28.6799 24.7119 15.6409 20.7082
internal_count=52006 948 871 324 547 255 88 167 118 293 142 151 84 97
cat_boundaries=0 1
cat_threshold=4
is_linear=0
shrinkage=0.05


Tree=213
num_leaves=15
num_cat=0
split_feature=2 4 6 4 0 8 7 5 7 7 4 5 0 6
split_gain=1.18449 3.71766 3.16578 3.0649 3.40605 9.8441 6.50341 8.19623 3.68023 4.8211 5.5307 4.29536 5.51396 5.80993
threshold=10.500000000000002 1.1000000000000003 0.34500000000000008 9.9000000000000021 3.5000000000000004 4.5000000000000009 41.063333333333347 1.6250000000000002 39.090000000000011 39.310000000000009 1.6333333333333335 0.15000000000000005 4.5000000000000009 0.73541666666666683
decision_type=8 10 8 10 2 2 10 8 10 10 10 10 2 10
left_child=1 -1 -3 4 5 -4 -7 -8 -6 -10 -11 -12 -13 -14
right_child=-2 2 3 -5 8 6 7 -9 9 10 11 12 13 -15
leaf_value=0.046290480580281949 -0.00010814873836326523 -0.033305083469005368 0.023821093932815202 -0.026214527032436929 -0.0030059231223416977 -0.037163011374707566 0.040836819385631024 -0.03968403071581772 0.043110680338221616 -0.04521588293716311 0.028977997836614484 0.02048245239718403 0.045701520183690926 -0.0054909021201800662
leaf_weight=4.8911318257451049 9040.9215233507566 6.1006218343973151 17.320266498252749 8.6666080756112915 69.978813346475363 24.147716550156474 7.4673638194799397 5.4793616086244592 10.719176046550272 4.6593450009822837 25.058890704065561 43.886638026684523 5.9966338872909537 73.171993916854262
leaf_count=33 50178 28 85 144 381 139 46 40 56 22 125 240 34 455
internal_value=-4.34477e-06 0.00304719 0.00234834 0.0030818 0.00396374 -0.00730159 -0.0218335 0.00675848 0.00658933 0.0106963 0.00842202 0.0101093 0.00626695 -0.00161333
internal_weight=9348.47 307.545 302.653 296.553 287.886 54.4147 37.0944 12.9467 233.471 163.493 152.774 148.114 123.055 79.1686
internal_count=52006 1828 1795 1767 1623 310 225 86 1313 932 876 854 729 489
is_linear=0
shrinkage=0.05


Tree=214
num_leaves=15
num_cat=1
split_feature=8 2 10 2 3 5 7 1 4 8 7 6 6 1
split_gain=1.18284 7.5121 4.99468 5.10088 6.36514 12.2278 11.3934 5.08058 4.95907 7.7499 4.93967 4.9216 7.59683 6.56072
threshold=15.500000000000002 89.500000000000014 0 40.500000000000007 5.5000000000000009 2.2500000000000004 38.945000000000014 55.500000000000007 7.1000000000000005 18.500000000000004 41.14500000000001 1.7449999999999999 1.7225000000000004 51.250000000000007
decision_type=2 10 1 10 10 8 10 8 10 2 10 10 10 8
left_child=-1 2 3 4 5 6 -2 -5 -6 -10 -3 12 -4 -13
right_child=1 10 11 7 8 -7 -8 -9 9 -11 -12 13 -14 -15
leaf_value=0.00034612912582774675 -0.032634631937923375 -0.031120247780748039 0.00025830256819305936 7.4966179847139582e-05 -0.031631837315839843 0.054741056247967858 0.034211805288644113 0.055393846701794452 0.044677802642891597 -0.017291176609182207 0.01524713604459633 0.037634192904243392 0.029302380926619943 -0.0043536039495367896
leaf_weight=6734.4459367906675 13.854531511664392 31.792261511087418 1535.0572829861194 6.5364560186862972 15.005068749189375 15.174336537718771 11.806482106447218 11.37094749137759 8.0404559113085288 13.54409561306238 7.0105910673737517 9.3993408223614079 22.849354181438684 912.17670445796102
leaf_count=34193 62 208 9689 38 88 68 53 55 60 108 48 82 148 7106
internal_value=-4.25346e-06 -0.000907076 -0.000578006 0.0100939 0.00559046 0.0191609 -0.00187898 0.0352017 -0.00955466 0.00579287 -0.022743 -0.0010249 0.000684283 -0.00392536
internal_weight=9348.06 2613.62 2574.82 95.3324 77.425 40.8354 25.661 17.9074 36.5896 21.5846 38.8029 2479.48 1557.91 921.576
internal_count=52006 17813 17557 532 439 183 115 93 256 168 256 17025 9837 7188
cat_boundaries=0 1
cat_threshold=64
is_linear=0
shrinkage=0.05


Tree=215
num_leaves=15
num_cat=1
split_feature=10 0 7 6 6 0 4 5 7 4 4 6 6 8
split_gain=1.21318 8.32755 4.85664 7.90152 6.17881 5.35116 5.12565 5.58493 5.69587 8.52087 6.70596 6.16983 6.62882 6.44819
threshold=0 2.5000000000000004 38.290000000000013 0.49500000000000016 0.94500000000000017 3.5000000000000004 2.5500000000000003 0.075000000000000025 38.045000000000009 7.366666666666668 5.7750000000000012 0.53875000000000017 0.67250000000000021 13.500000000000002
decision_type=1 2 8 8 10 2 10 8 10 10 10 10 10 2
left_child=1 -1 3 5 6 -2 -5 -8 9 11 -10 -9 -13 -14
right_child=2 -3 -4 4 -6 -7 7 8 10 -11 -12 12 13 -15
leaf_value=0.015736400055682258 -0.045295816385195538 0.00030072737490607437 -0.0010922127828139486 0.00070578419939928191 0.001918455495930465 -0.0066304375156751184 -0.023857961956173065 0.049514852606010615 0.063542085582407232 -0.028253134921180381 0.01552078025055259 -0.015561776048708037 0.036898818823194873 -0.0016795426108969155
leaf_weight=89.292055251076818 10.777053236961363 4077.9084444344044 4536.6385089652613 57.181869313120842 399.3775638807565 52.735142480581999 7.2140968441963187 14.976311057806013 15.222442775964739 10.042075786739586 13.91605595871806 14.701422579586504 29.890148364007473 16.987411804497242
leaf_count=398 49 22375 26018 257 2023 260 38 65 66 80 90 69 138 80
internal_value=-4.30059e-06 0.000629961 -0.000514807 0.0035509 0.00538579 -0.0131914 0.0130734 0.0188253 0.0214858 0.0150516 0.0406079 0.0207321 0.013732 0.0229189
internal_weight=9346.86 4167.2 5179.66 643.022 579.509 63.5122 180.132 122.95 115.736 86.5974 29.1385 76.5553 61.579 46.8776
internal_count=52006 22773 29233 3215 2906 309 883 626 588 432 156 352 287 218
cat_boundaries=0 1
cat_threshold=1444
is_linear=0
shrinkage=0.05


Tree=216
num_leaves=15
num_cat=0
split_feature=1 4 3 6 6 6 8 7 6 3 3 3 4 6
split_gain=1.19509 6.96294 5.48387 4.52668 3.73657 7.77257 8.2913 3.66236 4.31183 3.18202 3.08188 3.05824 5.31552 2.39344
threshold=51.250000000000007 6.4500000000000011 5.5000000000000009 2.3183333333333338 3.2450000000000006 2.1275000000000004 12.500000000000002 40.563333333333347 1.3145833333333334 1.5000000000000002 4.5000000000000009 8.5000000000000018 9.5500000000000025 1.4387500000000002
decision_type=8 10 10 10 8 8 2 10 10 8 8 10 10 10
left_child=1 3 -3 9 5 7 -7 11 -9 -1 -11 -4 -13 -12
right_child=-2 2 4 -5 -6 6 -8 8 -10 10 13 12 -14 -15
leaf_value=-0.04322516628856013 5.5679312107054577e-05 0.051141899306583541 -0.041659274316387607 -0.05050707824370379 -0.042941768997896312 0.0081613891351456306 0.11269058448481717 0.06696026960650954 -0.0098406506304024467 0.0078956905199591438 -0.028574134145868443 0.029244319552842936 -0.053938196735256655 0.0047961666226205586
leaf_weight=6.6083333045244208 9242.3650388158858 6.8474227711558333 7.8979853615164854 8.2996420711278898 4.0468989592045537 4.5925962142646304 3.2322468422353268 3.1939967311918727 4.2717976998537779 21.178087562322617 17.043179228901867 5.7383589372038823 2.8866449426859617 7.8474260047078124
leaf_count=28 51270 39 58 53 63 52 34 30 51 95 89 52 46 46
internal_value=-4.20618e-06 -0.00534235 0.01014 -0.0161862 0.00231084 0.00806727 0.0513398 -0.00604769 0.0230161 -0.0107786 -0.00612435 -0.01918 0.00140452 -0.0180533
internal_weight=9346.05 103.685 42.7079 60.9767 35.8605 31.8136 7.82484 23.9888 7.46579 52.677 46.0687 16.523 8.625 24.8906
internal_count=52006 736 425 311 386 323 86 237 81 258 230 156 98 135
is_linear=0
shrinkage=0.05


Tree=217
num_leaves=15
num_cat=2
split_feature=6 7 7 7 4 4 2 8 11 7 6 10 6 4
split_gain=1.16937 2.00603 4.90642 3.68776 1.40777 1.58491 1.35112 3.91033 5.69445 4.86271 3.40941 3.47386 3.69417 3.57709
threshold=7.5500000000000007 40.890000000000015 42.090000000000011 39.490000000000016 3.4500000000000006 7.5500000000000007 243.50000000000003 8.5000000000000018 0 37.790000000000013 2.145 1 0.75500000000000023 2.4500000000000006
decision_type=10 10 10 10 10 10 10 2 1 10 10 1 10 10
left_child=6 3 -3 -2 -4 -6 -1 8 -8 -10 11 12 -11 -13
right_child=1 2 4 -5 5 -7 7 -9 9 10 -12 13 -14 -15
leaf_value=8.8594012245686221e-05 -0.0019296362931585803 0.0398680782002164 0.0045388936593384705 -0.052242725923126593 -0.046148639702380138 0.0021782566672640781 0.036594066064702863 -0.041344290660589256 -0.043264227297363705 0.026994213587640939 0.015983348759116795 -0.054923768767965092 -0.012240023478382463 -0.013625692137304033
leaf_weight=9223.0604492509738 8.7242615297436696 5.7785734292119768 5.0877567753195745 6.2519167754799119 4.9303170964121819 2.5866212351247668 8.1844219490885735 7.2271877676248542 8.3637620210647565 12.085080131888395 17.687786236405373 7.687896564602851 11.914743423461912 16.490057915449142
leaf_count=51307 42 39 26 39 60 51 37 45 40 55 92 33 56 84
internal_value=-4.25346e-06 -0.00934882 0.00171788 -0.0229332 -0.0157719 -0.0295191 2.92201e-05 -0.00607969 -0.0029872 -0.00735138 -0.00279108 -0.00968385 0.00530563 -0.0189285
internal_weight=9346.06 33.3594 18.3833 14.9762 12.6047 7.51694 9312.7 89.6409 82.4137 74.2293 65.8656 48.1778 23.9998 24.178
internal_count=52006 257 176 81 137 111 51749 442 397 360 320 228 111 117
cat_boundaries=0 1 2
cat_threshold=1 1055
is_linear=0
shrinkage=0.05


Tree=218
num_leaves=15
num_cat=1
split_feature=2 2 10 0 1 7 6 6 0 6 4 4 3 0
split_gain=1.175 1.94199 1.19655 7.52609 4.55306 4.32905 7.09208 5.64122 4.88593 4.78525 12.2546 5.1861 6.25927 5.21357
threshold=421.00000000000006 378.50000000000006 0 2.5000000000000004 55.500000000000007 38.290000000000013 0.49500000000000016 0.94500000000000017 3.5000000000000004 0.89500000000000013 5.1000000000000005 7.5500000000000007 3.5000000000000004 6.5000000000000009
decision_type=10 10 1 2 8 8 8 10 2 10 10 10 10 2
left_child=1 2 3 4 -1 6 8 9 -4 11 -11 12 -8 -14
right_child=-2 -3 5 -5 -6 -7 7 -9 -10 10 -12 -13 13 -15
leaf_value=0.021292073300055395 0.02132796915564876 -0.029143614402819158 -0.043346977100816642 0.00031578333358001906 -0.0052002031226250729 -0.0010538834519057561 0.0032162702642097732 0.0017552546606248644 -0.0062886259668471917 0.005882724742331237 0.086928270037886002 -0.019464182270071583 0.033529238447877537 0.0023223443974244333
leaf_weight=68.097407778725028 6.4507630914449683 5.7199972271919242 10.702208220958708 4071.950008300133 21.288379736244678 4530.390500461217 82.221853032708168 398.66916299238801 52.653599999845028 12.813860207796099 7.3337054997682563 14.069403704255818 44.35412472486496 19.167273342609406
leaf_count=304 28 27 49 22347 94 25997 361 2019 260 56 43 115 210 96
internal_value=-4.1346e-06 -1.88687e-05 -1.02015e-06 0.000629315 0.0149826 -0.000508378 0.00333325 0.0050722 -0.0125486 0.0124203 0.0353833 0.00952535 0.0123239 0.0241127
internal_weight=9345.88 9339.43 9333.71 4161.34 89.3858 5172.38 641.985 578.629 63.3558 179.96 20.1476 159.813 145.743 63.5214
internal_count=52006 51978 51951 22745 398 29206 3209 2900 309 881 99 782 667 306
cat_boundaries=0 1
cat_threshold=1444
is_linear=0
shrinkage=0.05


Tree=219
num_leaves=15
num_cat=0
split_feature=0 5 2 2 2 0 3 7 2 8 4 6 6 7
split_gain=1.18267 3.0122 2.72515 2.1867 1.62038 1.44495 3.89643 2.91422 4.31161 5.06268 2.58038 3.28191 2.12317 2.12798
threshold=10.500000000000002 1.6250000000000002 13.500000000000002 27.500000000000004 14.500000000000002 9.5000000000000018 8.5000000000000018 39.463333333333345 15.500000000000002 22.500000000000004 4.9000000000000012 1.4550000000000003 2.3354166666666671 39.745000000000012
decision_type=2 8 10 10 10 2 10 8 10 2 10 10 10 10
left_child=5 2 -2 -4 -3 -1 7 10 9 -9 -7 -12 13 -8
right_child=1 4 3 -5 -6 6 12 8 -10 -11 11 -13 -14 -15
leaf_value=-2.0338390348177895e-05 0.039485439008153572 -0.0084466575433614407 -0.023621526109943489 0.013963788224235156 -0.047062700200672714 0.025370006166161203 -0.0058616342199942851 0.036506925192731299 0.048815474488343995 -0.024701651114986938 -0.03325779038129744 0.015130004482417579 0.018245272143744381 -0.058722940426217653
leaf_weight=9258.3043613336049 3.8845724910497728 4.7346965856850129 8.8976294472813588 6.848407380282878 6.3733040113002062 7.0538454800844219 3.6758861169218999 6.9835506081581133 11.224663332104681 6.5438711419701576 7.8427265882492048 6.3346973359584808 2.7155643943697214 3.9492903240025043
leaf_count=51398 28 49 70 43 60 30 29 36 59 47 43 36 39 39
internal_value=-4.07725e-06 -0.00979547 0.00197845 -0.00727458 -0.0306029 2.82347e-05 0.00801246 0.0142488 0.0259065 0.00689736 0.000657914 -0.0116374 -0.0197195 -0.03324
internal_weight=9345.37 30.7386 19.6306 15.746 11.108 9314.63 56.3241 45.9834 24.7521 13.5274 21.2313 14.1774 10.3407 7.62518
internal_count=52006 250 141 113 109 51756 358 251 142 83 109 79 107 68
is_linear=0
shrinkage=0.05


Tree=220
num_leaves=15
num_cat=1
split_feature=6 6 6 1 10 7 6 0 4 8 3 5 8 6
split_gain=1.15975 9.22156 4.43866 10.8036 8.18804 9.6899 8.55852 12.8703 10.7227 9.70566 10.7374 9.28015 8.3083 6.9933
threshold=1.0950000000000004 1.0225000000000002 1.4450000000000003 50.500000000000007 0 40.263333333333343 1.3775000000000002 5.5000000000000009 3.9000000000000004 14.500000000000002 5.5000000000000009 3.7500000000000004 4.5000000000000009 1.185416666666667
decision_type=8 10 8 10 1 10 10 2 10 2 10 8 2 10
left_child=1 -1 3 -2 5 -5 11 8 -8 10 -9 -6 -7 -14
right_child=2 -3 -4 4 6 12 7 9 -10 -11 -12 -13 13 -15
leaf_value=0.00013954519906360962 0.041569564384411214 -0.0092905145843408515 -0.00031402622909595441 0.0021213977721614807 0.0044340790258773129 0.020566544681432861 0.027460990708266599 -0.017441497252573074 -0.0046687951371219083 0.049038792577298269 0.054843106751347952 -0.011470356714718044 0.0014494368056796056 -0.027090357807552718
leaf_weight=2395.5964307375252 17.794748075306416 290.70796461217105 5266.2775537827983 211.2746351249516 748.54790054820478 14.317819997668265 37.345921635627747 14.838916763663294 85.228891363367438 37.363684453070164 7.8580434508621684 104.52634517475963 28.755295157432556 84.656922854483128
leaf_count=12243 101 1615 30455 1148 4148 72 156 65 516 242 50 498 174 523
internal_value=-4.0001e-06 -0.000880962 0.000349786 0.00286023 0.00235917 -0.00432384 0.00454449 0.0144115 0.00512046 0.0333732 0.00758457 0.00248532 -0.0153232 -0.0198542
internal_weight=9345.09 2686.3 6658.79 1392.51 1374.71 339.005 1035.71 182.635 122.575 60.0606 22.697 853.074 127.73 113.412
internal_count=52006 13858 38148 7693 7592 1917 5675 1029 672 357 115 4646 769 697
cat_boundaries=0 1
cat_threshold=145
is_linear=0
shrinkage=0.05


Tree=221
num_leaves=15
num_cat=2
split_feature=0 0 3 6 7 4 10 2 5 8 6 6 8 10
split_gain=1.17346 3.25967 7.43886 6.33706 17.2447 6.40372 5.87426 6.75563 9.23289 7.03753 6.50548 6.51208 7.51508 5.5959
threshold=4.5000000000000009 3.5000000000000004 11.500000000000002 5.1050000000000013 40.490000000000016 2.1000000000000005 0 97.500000000000014 0.15000000000000005 1.5000000000000002 0.16833333333333336 2.6816666666666671 1.5000000000000002 1
decision_type=2 2 10 8 10 10 1 10 10 2 10 10 2 1
left_child=1 13 3 6 5 -5 10 9 -9 -8 -3 12 -12 -1
right_child=-2 2 -4 4 -6 -7 7 8 -10 -11 11 -13 -14 -15
leaf_value=0.0015399115522719479 -0.00064424737847769517 -0.043291760823089276 -0.020163830488846683 0.0082255320775046301 0.054660822401111524 -0.039020679263286992 -0.030176513603754052 -0.0087197163828753015 0.022104149260702113 0.0024398859188113214 0.049233036721341022 -0.01630093190416471 -0.00085790345324946956 -0.003146730185343781
leaf_weight=1264.8022902449593 4053.8396663945168 9.5990074425935727 38.452811283059418 95.06387472897768 20.720061866566539 7.7572008222341529 16.697166629135609 32.816461950540543 93.549739971756935 1737.072786571458 7.5776416286826125 70.260774069931358 631.64462623186409 1265.2592200310901
leaf_count=6552 24395 43 532 430 153 40 73 144 432 8731 34 457 3343 6647
internal_value=-4.1326e-06 0.000486283 0.00167422 0.00198263 0.013047 0.0046611 0.00145674 0.00291835 0.0140994 0.00212935 -0.00237243 -0.00185224 -0.000264102 -0.000810183
internal_weight=9345.11 5291.27 2761.21 2722.76 123.541 102.821 2599.22 1880.14 126.366 1753.77 719.082 709.483 639.222 2530.06
internal_count=52006 27611 14412 13880 623 470 13257 9380 576 8804 3877 3834 3377 13199
cat_boundaries=0 1 2
cat_threshold=680 696
is_linear=0
shrinkage=0.05


Tree=222
num_leaves=15
num_cat=0
split_feature=6 1 2 3 5 7 5 0 3 2 8 6 7 3
split_gain=1.19073 3.06714 3.85829 4.6496 3.9923 3.08913 2.96125 2.675 3.33352 2.63675 2.55999 2.43606 10.9422 6.2793
threshold=4.7562500000000005 56.250000000000007 96.500000000000014 4.5000000000000009 5.5000000000000009 43.190000000000019 6.5000000000000009 5.5000000000000009 8.5000000000000018 15.500000000000002 16.500000000000004 3.5550000000000002 40.663333333333348 11.500000000000002
decision_type=10 8 10 10 8 10 8 2 10 8 2 10 10 8
left_child=11 10 3 6 5 7 -3 8 -5 -6 -2 -1 -13 -14
right_child=1 2 -4 4 9 -7 -8 -9 -10 -11 -12 12 13 -15
leaf_value=-9.0184586679582766e-05 -0.0055801517775445637 0.0059123068618152363 -0.027049619812038041 0.01491901223172034 -0.055630453354619441 0.059693824027359635 0.039253626659908579 0.038677189690895335 -0.05535374534174186 -0.0053107412119975557 -0.030385313150568111 0.012197967644468708 -0.0060243379444913829 0.052442374068539147
leaf_weight=8742.34521744214 143.62738967780024 11.568134702742102 7.6290501505136481 3.6890603676438349 4.7679301118478152 2.8169153481721869 15.69502994418144 3.122273912653327 3.1105474960058928 5.7344091273844251 11.213531717658041 197.76976538356394 186.23273951280862 4.7084477962926021
leaf_count=47673 1041 51 41 25 85 23 73 39 48 80 169 1144 1418 96
internal_value=-4.17802e-06 -0.00369996 0.00609275 0.0110992 -0.00533219 0.013484 0.0251064 0.000364594 -0.017228 -0.0281553 -0.00737653 8.20231e-05 0.00395508 -0.0045826
internal_weight=9344.03 212.974 58.1334 50.5043 23.2411 12.7388 27.2632 9.92188 6.79961 10.5023 154.841 9131.06 388.711 190.941
internal_count=52006 1675 465 424 300 135 124 112 73 165 1210 50331 2658 1514
is_linear=0
shrinkage=0.05


Tree=223
num_leaves=15
num_cat=1
split_feature=1 8 9 10 5 6 7 3 7 3 4 3 8 3
split_gain=1.13162 6.81107 4.65282 4.23723 6.13648 5.80369 5.6638 6.74905 8.48207 6.80128 5.43823 5.9268 5.97058 5.43438
threshold=53.500000000000007 5.5000000000000009 1.0000000180025095e-35 0 0.15000000000000005 0.91833333333333333 37.722500000000018 7.5000000000000009 41.410000000000011 2.5000000000000004 4.7750000000000012 4.5000000000000009 11.500000000000002 6.5000000000000009
decision_type=8 2 10 1 8 8 10 10 10 10 10 10 2 10
left_child=1 -1 -3 4 -4 13 -6 9 -9 -8 11 12 -11 -5
right_child=-2 2 3 5 6 -7 7 8 -10 10 -12 -13 -14 -15
leaf_value=-0.011670416114555923 0.00014434970431225508 -0.012244765421038771 0.046940103121823451 0.0025091000911912869 -0.049003408414432181 -0.0046437767095194064 -0.0092191230574529826 -0.022426151438225586 0.05108039007581501 0.056974297283747477 0.011965959964046206 0.06962754286344737 -0.0049234060038065106 0.032098651563261409
leaf_weight=142.45346185751259 8709.0687326081097 60.454930612817407 10.672077268362044 51.16104818880558 4.2987858057022086 232.10754085239023 18.993870168924332 25.035280970856551 4.6541368123143902 6.918515712022784 35.017866920679808 11.213057175278662 8.917388439178465 22.272475078701973
leaf_count=824 47864 426 59 237 20 1703 79 249 60 30 199 53 38 165
internal_value=-4.13742e-06 -0.00204331 0.000745719 0.00256674 0.00988432 -0.000743393 0.00730613 0.00949179 -0.0109032 0.0169617 0.0249736 0.0418135 0.022119 0.0114836
internal_weight=9343.24 634.17 491.717 431.262 125.721 305.541 115.049 110.75 29.6894 81.0607 62.0668 27.049 15.8359 73.4335
internal_count=52006 4142 3318 2892 787 2105 728 708 309 399 320 121 68 402
cat_boundaries=0 1
cat_threshold=146
is_linear=0
shrinkage=0.05


Tree=224
num_leaves=15
num_cat=2
split_feature=5 2 9 10 8 3 7 4 10 6 0 0 6 2
split_gain=1.1353 4.44552 8.39287 6.10401 9.23116 8.69162 7.39684 5.56043 6.25002 10.9355 6.05592 5.82606 11.1117 11.5899
threshold=0.35000000000000003 19.500000000000004 1.0000000180025095e-35 0 22.500000000000004 11.500000000000002 38.445000000000014 4.9000000000000012 1 2.5550000000000002 4.5000000000000009 3.5000000000000004 1.3387500000000003 28.500000000000004
decision_type=8 10 10 1 2 10 10 10 1 10 2 2 10 10
left_child=1 2 -1 5 6 -4 -5 8 9 11 -10 -3 -13 -14
right_child=-2 7 3 4 -6 -7 -8 -9 10 -11 -12 12 13 -15
leaf_value=-0.014585191290106264 0.00026463630804243781 0.017904767401359982 0.0086242588461371041 -0.016144993628236261 -0.016651395117222245 -0.055428662066041134 0.0046637903142502822 -0.0079312287426523947 -0.015613363616304211 0.049521253617418617 0.0021424027328011941 0.0053648601958476731 -0.047591988110090022 0.00058098015394400168
leaf_weight=76.109513334929943 7547.715414530132 51.049022898077965 361.26408933475614 48.794427368789911 79.20059272274375 5.3749769069254389 342.28233973309398 409.41544950008392 99.779651716351509 13.087774761021135 92.578535914421082 165.97495578229427 23.016941472887993 27.28872974216938
leaf_count=466 42032 219 2051 246 595 71 1799 2694 424 57 410 720 102 120
internal_value=-4.16706e-06 -0.00113431 0.00131144 0.00275709 -0.00106241 0.00748119 0.00206749 -0.00366555 2.84555e-05 0.00472771 -0.00671856 0.00271158 -0.000874491 -0.0214602
internal_weight=9342.93 1795.22 913.026 836.916 470.277 366.639 391.077 882.191 472.776 280.417 192.358 267.33 216.281 50.3057
internal_count=52006 9974 5228 4762 2640 2122 2045 4746 2052 1218 834 1161 942 222
cat_boundaries=0 1 2
cat_threshold=534 1210
is_linear=0
shrinkage=0.05


Tree=225
num_leaves=15
num_cat=2
split_feature=10 2 8 5 2 7 8 5 4 6 6 11 5 0
split_gain=1.12858 6.35393 5.25012 6.60025 5.35087 5.14232 10.7867 7.39238 6.83148 11.9786 6.42021 6.39489 6.36198 6.32972
threshold=0 90.500000000000014 5.5000000000000009 0.15000000000000005 177.50000000000003 40.963333333333345 1.5000000000000002 2.7500000000000004 4.7750000000000012 2.7050000000000005 3.0450000000000004 1 0.075000000000000025 5.5000000000000009
decision_type=1 10 2 10 10 10 2 8 10 10 10 1 8 2
left_child=1 5 3 -3 -4 7 -7 -1 -9 13 12 -11 -8 -10
right_child=-2 2 4 -5 -6 6 10 8 9 11 -12 -13 -14 -15
leaf_value=0.00071655093577934175 -0.00023616294791178384 -0.035889540129817495 -0.028705347708362264 0.017785139491876968 0.018139947319105912 0.041514838694194735 0.033479356425194076 0.0055054452399137003 -0.0023242423086156051 0.0201626887804209 -0.014888793703863663 0.071309485988402518 -0.0019535735023836274 0.027127293912074409
leaf_weight=584.12467680685222 7933.3784930459224 7.6728886067867306 43.545927312225103 22.589304119348526 7.0880605503916732 13.354948010295628 13.304203193634747 249.76746536791325 40.855875862762332 10.253984095528722 102.66518839821219 15.126959063112736 265.04263781942427 32.962289713323116
leaf_count=3038 44419 34 226 107 36 66 75 1084 246 72 773 94 1549 187
internal_value=-4.19366e-06 0.00129499 -0.0123003 0.00417608 -0.0221477 0.00213325 -0.00265361 0.0041564 0.00991425 0.0210149 -0.00420177 0.050646 -0.000259978 0.0108269
internal_weight=9341.73 1408.35 80.8962 30.2622 50.634 1327.46 394.367 933.091 348.967 99.1991 381.012 25.3809 278.347 73.8182
internal_count=52006 7587 403 141 262 7184 2463 4721 1683 599 2397 166 1624 433
cat_boundaries=0 1 2
cat_threshold=288 4
is_linear=0
shrinkage=0.05


Tree=226
num_leaves=15
num_cat=2
split_feature=6 2 2 7 7 2 5 4 5 2 11 2 5 11
split_gain=1.1315 2.0745 1.72931 1.26302 3.75214 2.82852 2.67889 3.08766 2.91214 2.28331 1.5288 1.27211 3.79263 2.86939
threshold=9.1000000000000014 14.500000000000002 35.500000000000007 44.220000000000006 43.310000000000009 25.500000000000004 2.2500000000000004 7.7083333333333348 0.62500000000000011 44.500000000000007 0 243.50000000000003 3.7500000000000004 1
decision_type=10 8 10 10 10 10 8 8 10 10 1 10 10 1
left_child=3 -2 -3 4 11 10 7 8 -6 -8 -5 -1 13 -13
right_child=1 2 -4 5 6 -7 9 -9 -10 -11 -12 12 -14 -15
leaf_value=0.00011325109876464794 -0.042548199258175018 0.017870754561390204 -0.026088164560614482 -0.021145348269467408 -0.041366692632925861 0.043336838502885548 -0.035579635280570995 0.031879867104146628 0.0065278172680599128 0.010876971121635045 0.01464564552095492 0.017953938494682638 0.020974599759300515 -0.013133253715045486
leaf_weight=9182.3844923209399 4.4223794499412152 5.255811476148665 3.8954906407743692 5.0277335410937667 5.6676279529929179 5.4473951794207087 16.856666381470863 4.9605427868664256 7.2130144238471985 3.1371309272944918 7.3385876873508114 8.3073190078139323 11.465331993997095 69.712922278791666
leaf_count=50980 43 47 27 57 37 39 172 47 44 22 48 39 63 341
internal_value=-4.22815e-06 -0.0144298 -0.000841507 1.67643e-05 -8.68646e-06 0.0133177 -0.0157224 -0.00163803 -0.0145463 -0.0282904 9.42218e-05 5.54351e-05 -0.00587723 -0.0098232
internal_weight=9341.09 13.5737 9.1513 9327.52 9309.71 17.8137 37.835 17.8412 12.8806 19.9938 12.3663 9271.87 89.4856 78.0202
internal_count=52006 117 74 51889 51745 144 322 128 81 194 105 51423 443 380
cat_boundaries=0 1 2
cat_threshold=2 1
is_linear=0
shrinkage=0.05


Tree=227
num_leaves=15
num_cat=2
split_feature=5 8 10 5 4 2 6 10 6 2 4 7 4 6
split_gain=1.10848 3.38722 7.06052 4.44174 3.95326 2.94994 5.76062 6.35719 6.39301 7.94713 10.0989 6.28925 5.75344 7.798
threshold=1.8750000000000002 1.5000000000000002 0 7.5000000000000009 11.450000000000001 14.500000000000002 3.9133333333333336 1 4.5050000000000008 22.500000000000004 6.1000000000000005 41.763333333333343 8.7083333333333339 2.5275000000000003
decision_type=10 2 1 10 8 8 10 1 10 10 8 8 10 10
left_child=5 2 3 -2 -3 -1 12 -8 9 -9 -11 -10 -7 -14
right_child=1 4 -4 -5 -6 6 7 8 11 10 -12 -13 13 -15
leaf_value=0.0018878056876352495 0.032109660320536498 -0.0012387977938629995 -0.0011315278226622491 -0.013776740109571743 -0.039496731167107467 -0.0010660571051122958 -0.012508663240928232 0.0070223295796394275 0.014454407196885464 0.032796482378596059 0.10928154609038487 -0.035314627517962764 0.0096267667332040688 -0.01799559235762032
leaf_weight=2101.8538454584777 37.721570808440447 2426.856112155132 115.51481762342155 6.1309834476560345 6.7711530583910635 4287.7671878747642 18.086883191019297 17.10988375544548 31.583952113986015 17.132328763604168 5.7690623104572287 7.9444334991276255 231.9788584895432 28.713168868795037
leaf_count=11803 178 15340 641 41 209 20649 97 105 174 75 42 62 2234 356
internal_value=-4.12963e-06 -0.000882796 0.00617905 0.0209231 -0.00134524 0.000333511 -0.000369641 0.0116477 0.0166234 0.0328028 0.0520637 0.0044518 -0.000627577 0.00658438
internal_weight=9340.93 2592.99 159.367 43.8526 2433.63 6747.94 4646.09 97.6265 79.5397 40.0113 22.9014 39.5284 4548.46 260.692
internal_count=52006 16409 860 219 15549 35597 23794 555 458 222 117 236 23239 2590
cat_boundaries=0 1 2
cat_threshold=401 257
is_linear=0
shrinkage=0.05


Tree=228
num_leaves=15
num_cat=2
split_feature=2 2 8 2 10 6 6 7 8 7 6 1 10 3
split_gain=1.10787 1.74243 1.11335 6.89593 4.55849 4.641 6.77628 5.81061 5.72689 6.81391 5.68845 5.59055 5.24878 6.00313
threshold=421.00000000000006 378.50000000000006 15.500000000000002 99.500000000000014 0 1.7449999999999999 1.7225000000000004 39.010000000000012 21.500000000000004 40.363333333333344 1.4887500000000002 51.250000000000007 1 3.5000000000000004
decision_type=10 10 2 10 1 10 10 10 2 10 10 8 1 10
left_child=1 2 -1 4 -4 6 7 10 -8 -10 -6 -7 13 -9
right_child=-2 -3 3 -5 5 11 8 12 9 -11 -12 -13 -14 -15
leaf_value=0.00033811149247098553 0.020694910361085284 -0.027749189434432449 0.0095198745889461325 -0.025302840740731126 -0.0035863274253306503 0.033878828166216859 0.0039916977567533551 0.0089867390489059961 0.0077747102780484885 0.087659813408995382 -0.025585905111875286 -0.0042563896806617468 0.0033636393843745512 -0.0092258508524651322
leaf_weight=6718.2981999656186 6.4594622850418082 5.6615213230252257 96.708799546584487 28.58312357775867 273.06668916158378 9.7127472320571524 12.265733737498524 59.566513150930405 4.6366256475448591 6.2913000322878361 32.926704049110413 912.11657291138545 986.81610800512135 188.1909192185849
leaf_count=34138 28 27 538 198 1612 82 75 264 29 44 198 7127 6237 1409
internal_value=-4.90112e-06 -1.92248e-05 -2.39658e-06 -0.000878589 -0.00060824 -0.00103643 0.000618224 0.00021437 0.027443 0.0537652 -0.00595361 -0.00385458 0.00174313 -0.00465908
internal_weight=9341.3 9334.84 9329.18 2610.88 2582.3 2485.59 1563.76 1540.57 23.1937 10.9279 305.993 921.829 1234.57 247.757
internal_count=52006 51978 51951 17813 17615 17077 9868 9720 148 73 1810 7209 7910 1673
cat_boundaries=0 1 2
cat_threshold=64 17
is_linear=0
shrinkage=0.05


Tree=229
num_leaves=15
num_cat=2
split_feature=6 6 3 3 2 10 8 8 0 4 8 4 7 10
split_gain=1.1239 8.3231 4.36541 6.79572 6.24949 4.95316 6.80697 5.39422 4.58532 4.41115 5.04036 4.25944 4.8718 4.21985
threshold=1.0950000000000004 1.0225000000000002 6.5000000000000009 7.5000000000000009 55.500000000000007 0 17.500000000000004 24.500000000000004 6.5000000000000009 6.1000000000000005 19.500000000000004 4.7750000000000012 38.810000000000009 1
decision_type=8 10 10 10 10 1 2 2 2 10 2 10 10 1
left_child=1 -1 4 8 5 11 -7 9 -4 10 -8 12 -3 -5
right_child=-2 2 3 13 -6 6 7 -9 -10 -11 -12 -13 -14 -15
leaf_value=0.00010024404237864859 0.00034420856301089906 -0.016477656316390039 0.030583200473864591 0.0059848312224170964 -0.037563039608768334 -0.023228099671688967 0.0026092300372147306 -0.033880060212752298 -0.022521002331538219 -0.012523403592020225 0.063043837961186594 -0.014901129139416528 0.022828463249031195 -0.018449175151187391
leaf_weight=2395.6986265666783 6654.7527706813999 10.737242624163626 22.596703298389915 27.815725553780794 22.771134868264198 88.995888993144035 6.6347861438989693 6.8733407631516448 4.9565569013357154 8.0501991510391218 7.1876952350139618 22.151775151491165 29.659115821123123 31.197577953338623
leaf_count=12243 38148 45 138 237 108 399 30 44 32 44 34 113 125 266
internal_value=-4.20139e-06 -0.000867628 -0.00887352 0.000528059 -0.0128815 -0.00976414 -0.015112 0.00475775 0.0210303 0.0168994 0.0340352 0.00234411 0.012381 -0.00904441
internal_weight=9340.08 2685.33 289.628 86.5666 203.061 180.29 117.742 28.746 27.5533 21.8727 13.8225 62.5481 40.3964 59.0133
internal_count=52006 13858 1615 673 942 834 551 152 170 108 64 283 170 503
cat_boundaries=0 1 2
cat_threshold=1920 963
is_linear=0
shrinkage=0.05


Tree=230
num_leaves=15
num_cat=2
split_feature=6 10 2 5 2 2 1 7 2 6 7 7 8 11
split_gain=1.10652 4.89304 6.29653 7.81137 6.59132 6.59896 5.28149 5.19539 4.54241 3.97093 8.37858 9.00861 20.2108 5.97765
threshold=4.205000000000001 0 21.500000000000004 0.15000000000000005 188.50000000000003 132.50000000000003 55.500000000000007 42.410000000000011 252.50000000000003 3.7050000000000005 40.663333333333348 40.422500000000007 12.500000000000002 1
decision_type=10 1 10 10 10 8 8 10 10 10 8 10 2 1
left_child=9 2 3 -2 5 6 -4 -5 -3 -1 11 13 -13 -11
right_child=1 8 4 7 -6 -7 -8 -9 -10 10 -12 12 -14 -15
leaf_value=-6.1832488963113041e-05 0.036068629861061643 -0.0093894916239275362 0.033872740090667687 -0.018537736461437908 -0.028593223828668236 0.070016956107078129 0.00025879553045851238 0.015882401910857265 0.045843216678586172 0.022115312820999999 -0.0042565132458138354 0.011772740913741727 0.12221801186588484 -0.0030106639105811264
leaf_weight=8809.9392678933218 10.042866464704273 184.45761834084988 22.128723027184606 51.936265126802027 7.1119277998805037 6.4623250253498545 24.762285441160202 13.896440534852443 3.7991633117198935 48.125372868031263 91.901402319781482 12.785914350301029 6.1271906569600096 46.585372872650623
leaf_count=48167 56 1349 173 488 38 36 161 174 21 258 706 67 48 264
internal_value=-4.82176e-06 -0.00287294 0.00427255 -0.00500608 0.0166226 0.0226498 0.0161218 -0.0112721 -0.00785747 9.84434e-05 0.00696875 0.016048 0.0475532 0.0097566
internal_weight=9340.06 324.598 136.341 75.8756 60.4653 53.3533 46.891 65.8327 188.257 9015.46 205.525 113.624 18.9131 94.7107
internal_count=52006 2496 1126 718 408 370 334 662 1370 49510 1343 637 115 522
cat_boundaries=0 1 2
cat_threshold=526 4
is_linear=0
shrinkage=0.05


Tree=231
num_leaves=15
num_cat=0
split_feature=8 1 4 6 2 2 4 8 7 7 3 3 6 5
split_gain=1.10233 1.24069 5.81311 4.31146 3.88475 5.53579 6.20823 12.9031 5.42512 3.15864 2.84078 2.84462 2.52377 2.50005
threshold=38.500000000000007 51.250000000000007 6.4500000000000011 2.3183333333333338 31.500000000000004 19.500000000000004 9.3666666666666689 10.500000000000002 39.710000000000015 40.390000000000015 1.5000000000000002 4.5000000000000009 2.1050000000000009 1.1250000000000002
decision_type=2 8 10 10 8 10 10 2 8 10 8 8 8 10
left_child=1 2 3 10 5 8 7 -7 -4 -9 -1 -12 -10 -13
right_child=-2 -3 4 -5 -6 6 -8 9 12 -11 11 13 -14 -15
leaf_value=-0.040966673013568912 -0.018343869801921923 7.2227646339204568e-05 0.033850129122593477 -0.049387629414624906 -0.027752882336443515 -0.0078593073338241188 -0.0089722988916524343 0.059697308026473855 -0.04477306615434494 0.12005305629053882 0.0076684248517702421 -0.0063066682032693723 0.0093923714766952736 -0.040331064946164709
leaf_weight=6.551728516817092 8.186872370541094 9228.2573114428669 5.211768884211776 8.0893402770161611 6.2512772884219876 5.8077259715646532 6.4973381739109746 4.5584589391946775 7.2627538926899424 4.1332078762352467 21.188062250614166 16.69704204052687 3.0551793500781068 7.9788656756281844
leaf_count=28 61 51210 40 53 59 49 100 34 70 31 95 88 41 47
internal_value=-4.85457e-06 1.12349e-05 -0.00543844 -0.0154125 0.00866898 0.0149024 0.0316426 0.0498426 -0.00773108 0.0883987 -0.0101691 -0.00576967 -0.0287345 -0.0173083
internal_weight=9339.73 9331.54 103.283 60.505 42.7777 36.5264 20.9967 14.4994 15.5297 8.69167 52.4157 45.864 10.3179 24.6759
internal_count=52006 51945 735 311 424 365 214 114 151 65 258 230 111 135
is_linear=0
shrinkage=0.05


Tree=232
num_leaves=15
num_cat=3
split_feature=8 10 11 5 6 6 6 6 7 7 7 4 2 10
split_gain=1.08426 6.06192 4.08022 6.73187 4.43146 4.924 4.29543 3.75779 3.7225 6.60936 6.65134 5.76058 5.09495 5.82323
threshold=19.500000000000004 0 1 9.5000000000000018 0.74500000000000022 0.87750000000000006 0.47749999999999998 5.7166666666666677 37.722500000000018 38.510000000000012 38.445000000000014 2.3666666666666671 21.500000000000004 2
decision_type=2 1 1 8 10 10 10 8 10 10 8 10 10 1
left_child=-1 2 3 6 -4 -6 -2 8 -3 10 12 -11 13 -10
right_child=1 7 4 -5 5 -7 -8 -9 9 11 -12 -13 -14 -15
leaf_value=0.00022479179424629201 -0.063964332375380212 -0.016918245367375868 -0.025553300768431111 0.027425947971521494 0.03460339316210196 -0.0020838911753626797 -0.015907977380059207 -0.046515444086847525 0.016891193086646078 -0.034079659961551365 0.061907908150320524 0.00052405754338922985 0.038407313564901631 -0.016047143869444992
leaf_weight=7903.5497463494539 4.8519536219537249 29.791415356099606 18.388799663633108 8.8075241176411492 9.8750622123479825 123.86595754045993 111.66598424315453 4.2609115354716769 17.147855017334223 12.165289178490637 7.4651111476123324 1058.7800538600422 12.425112821161745 16.573850588873029
leaf_count=41370 33 192 135 50 70 1075 844 75 102 51 45 7772 79 113
internal_value=-4.84872e-06 -0.0012687 -0.00776289 -0.0147231 -0.00253932 0.000624995 -0.0179091 0.000350456 0.000526482 0.000988623 0.0181208 0.00013098 0.0110374 0.000952658
internal_weight=9339.61 1436.06 277.455 125.325 152.13 133.741 116.518 1158.61 1154.35 1124.56 53.6119 1070.95 46.1468 33.7217
internal_count=52006 10636 2207 927 1280 1145 877 8429 8354 8162 339 7823 294 215
cat_boundaries=0 1 2 3
cat_threshold=145 4 546
is_linear=0
shrinkage=0.05


Tree=233
num_leaves=15
num_cat=1
split_feature=1 2 10 4 7 6 7 7 8 6 5 2 4 2
split_gain=1.08606 3.75403 6.57617 9.83139 9.79271 9.01561 8.7026 8.12075 6.71328 6.7071 5.5379 6.80181 5.37551 6.83845
threshold=55.500000000000007 32.500000000000007 0 1.9000000000000001 40.990000000000016 2.4275000000000007 38.390000000000015 41.245000000000012 7.5000000000000009 1.1645833333333335 1.8750000000000002 76.500000000000014 7.1000000000000005 163.50000000000003
decision_type=8 10 1 10 10 10 10 10 2 8 10 10 10 8
left_child=1 -1 4 -4 -3 9 12 -7 -9 -6 -11 -12 -5 -14
right_child=-2 2 3 6 5 7 -8 8 -10 10 11 -13 13 -15
leaf_value=0.00013955032348073759 0.00053577166507343447 -0.0020599040903934974 -0.027334550935549817 0.013309018378659077 0.0023025195643222784 0.046203457281834642 -0.0082298203464850599 -0.046073819094308306 0.012579263929968072 0.064682759441656829 -0.024162033898578638 0.059339011117569986 -0.04975225141644013 0.028133585963724977
leaf_weight=3799.3426982015371 4657.790867025964 294.78741784580052 53.940326720476151 82.683106362819672 11.330545425415037 6.254243046045306 373.47260488849133 10.652198519557716 9.0008476404473168 17.713744625449184 4.8564775511622411 4.8990072011947632 7.9400456845760319 4.3689989820122728
leaf_count=22269 24978 1484 223 400 61 40 2152 72 72 105 33 27 61 29
internal_value=-4.77895e-06 -0.000542622 -0.00348151 -0.00698666 0.00175752 0.0194202 -0.00479289 -0.00341972 -0.0192114 0.0346709 0.0480222 0.0177705 0.00871979 -0.0221073
internal_weight=9339.03 4681.24 881.9 522.405 359.494 64.7071 468.465 25.9073 19.653 38.7998 27.4692 9.75548 94.9922 12.309
internal_count=52006 27028 4759 2865 1894 410 2642 184 144 226 165 60 490 90
cat_boundaries=0 1
cat_threshold=271
is_linear=0
shrinkage=0.05


Tree=234
num_leaves=15
num_cat=0
split_feature=5 4 4 8 7 7 8 7 6 3 2 7 7 4
split_gain=1.08437 4.14791 6.28643 5.77583 9.0312 6.71499 4.68844 5.25587 5.54307 4.62616 4.12052 3.87539 5.5916 3.79248
threshold=0.35000000000000003 9.1000000000000014 9.7750000000000021 29.500000000000004 41.363333333333344 39.322500000000012 33.500000000000007 40.522500000000015 0.95500000000000018 8.5000000000000018 287.50000000000006 38.710000000000015 39.010000000000012 4.9000000000000012
decision_type=8 10 10 2 8 10 2 10 10 10 10 10 10 10
left_child=1 3 -3 10 5 -5 7 8 -7 -4 13 -11 -13 -1
right_child=-2 2 9 4 -6 6 -8 -9 -10 11 -12 12 -14 -15
leaf_value=0.0014427119845248906 0.00025790974354767771 -0.027082343222029057 0.025029827771357871 -0.012404537424717539 -0.048758258847620806 0.034932848016682158 0.0057786881580325616 0.015865075327539349 0.10389138645802139 -0.047906742220481559 -0.041774884444133041 0.063851023568714735 -0.0082331864036633041 -0.003355817991506803
leaf_weight=876.0177359431982 7545.3731707651168 37.829903293401003 13.240996297448872 7.7333209589123717 4.3208723776042453 5.1761310547590309 6.8108127713203421 5.8604355603456488 6.6685897037386894 5.4907227382063857 6.1623070240020743 2.8919556215405455 38.57560289464891 776.96735721826553
leaf_count=3807 42032 398 108 51 34 37 52 42 51 70 29 35 543 4717
internal_value=-4.78223e-06 -0.00110979 -0.0111099 -0.00053169 0.0191236 0.0282187 0.0410328 0.0545944 0.0737566 -0.00107258 -0.000964923 -0.00843277 -0.00320602 -0.000812784
internal_weight=9339.12 1793.75 98.0292 1695.72 36.5702 32.2493 24.516 17.7052 11.8447 60.1993 1659.15 46.9583 41.4676 1652.99
internal_count=52006 9974 1154 8820 267 233 182 130 88 756 8553 648 578 8524
is_linear=0
shrinkage=0.05


Tree=235
num_leaves=15
num_cat=1
split_feature=0 5 2 2 5 0 5 1 11 4 6 8 8 5
split_gain=1.07288 2.78364 2.38896 2.00654 1.62319 1.25192 3.55531 3.00648 4.74029 6.50461 3.10797 2.92434 4.37002 3.20854
threshold=10.500000000000002 1.6250000000000002 13.500000000000002 27.500000000000004 3.2500000000000004 9.5000000000000018 1.0000000180025095e-35 56.250000000000007 0 7.4500000000000011 1.5950000000000004 14.500000000000002 21.500000000000004 0.62500000000000011
decision_type=2 8 10 10 8 2 10 8 1 8 8 2 2 8
left_child=5 2 -2 -4 -3 -1 -7 11 9 10 -9 13 -13 -8
right_child=1 4 3 -5 -6 6 7 8 -10 -11 -12 12 -14 -15
leaf_value=-1.9415097155439933e-05 0.036468941886368282 -0.016298494644629648 -0.02279973530352038 0.013269990968356939 -0.057583018925885437 0.039980052223542138 0.064458213793991373 0.0027373995813407778 -0.042640161010648783 -0.049244882389753858 0.048067853907509117 -0.036738412517337699 0.029074191860877154 0.0088631925047216731
leaf_weight=9251.2584602488205 3.9796374514699044 7.3611337579786751 8.7570847347378713 6.8887802772223941 3.5190671449527153 7.312333032488822 5.0409806370735177 10.903074592351919 7.3032785337418344 4.5051915049552909 5.7888764515519133 4.7681336589157564 5.3553211651742458 5.3490816429257402
leaf_count=51398 28 61 70 43 48 32 25 62 53 43 32 29 45 37
internal_value=-4.84978e-06 -0.00936631 0.0018796 -0.00691845 -0.0296515 2.58325e-05 0.00745748 0.00260548 -0.00790043 0.00406882 0.0184583 0.0172019 -0.00192346 0.0358364
internal_weight=9338.09 30.5057 19.6255 15.6459 10.8802 9307.58 56.3263 49.0139 28.5004 21.1971 16.692 20.5135 10.1235 10.3901
internal_count=52006 250 141 113 109 51756 358 326 190 137 94 136 74 62
cat_boundaries=0 1
cat_threshold=4
is_linear=0
shrinkage=0.05


Tree=236
num_leaves=15
num_cat=2
split_feature=10 8 10 7 2 2 7 4 6 6 3 8 1 7
split_gain=1.08026 7.02579 7.50654 8.17632 8.0751 7.11546 6.16141 5.83612 5.10431 5.27362 6.45137 6.77182 9.85159 10.6275
threshold=0 4.5000000000000009 1 40.790000000000013 211.50000000000003 120.50000000000001 40.463333333333345 2.9000000000000004 1.8950000000000002 1.2354166666666668 8.5000000000000018 22.500000000000004 56.750000000000007 40.090000000000011
decision_type=1 2 1 10 10 10 10 10 8 10 10 2 10 10
left_child=8 2 3 4 5 6 -2 -7 9 -1 -11 -12 13 -13
right_child=1 -3 -4 -5 -6 7 -8 -9 -10 10 11 12 -14 -15
leaf_value=-0.0012141741906123178 -0.0012126495854666748 -0.00043668869507062201 0.0067480072387697144 -0.016925980736725275 -0.041740971575248115 0.057510826742964406 0.02731022841282026 0.0044359119910315362 -0.0030511562176151995 0.0056044008270418333 -0.011410083162233936 0.080948505157629927 -0.029713763832191178 0.0019340162921774866
leaf_weight=1295.6324437111616 233.0801059640944 4642.280423942022 758.12860869057477 73.534704821184278 10.275435842573641 10.598136499524118 20.607626125216484 10.130331076681612 1394.4421926015057 752.05265661329031 112.28595717065036 7.9324128162115874 7.644056659191846 9.1810270063579065
leaf_count=6885 1018 26718 3446 415 47 46 93 45 8226 3716 1058 93 89 111
internal_value=-4.7421e-06 0.000419016 0.00398116 -0.00200679 0.00177628 0.00340577 0.00110433 0.0315723 -0.000685794 0.000820801 0.00378626 -0.00619112 0.0174791 0.0385588
internal_weight=9337.81 5758.64 1116.35 358.226 284.692 274.416 253.688 20.7285 3579.17 2184.73 889.096 137.043 24.7575 17.1134
internal_count=52006 31828 5110 1664 1249 1202 1111 91 20178 11952 5067 1351 293 204
cat_boundaries=0 1 2
cat_threshold=586 36
is_linear=0
shrinkage=0.05


Tree=237
num_leaves=15
num_cat=1
split_feature=8 1 8 9 2 2 7 10 5 7 0 6 0 7
split_gain=1.05443 4.2917 3.51206 5.40049 6.41236 4.49729 4.42976 4.1816 7.34275 4.82349 4.71047 4.61505 4.00637 6.45594
threshold=24.500000000000004 52.500000000000007 26.500000000000004 1.0000000180025095e-35 22.500000000000004 21.500000000000004 38.245000000000012 0 9.5000000000000018 41.490000000000016 5.5000000000000009 2.8354166666666671 8.5000000000000018 39.222500000000011
decision_type=2 8 2 10 10 10 10 1 8 10 2 8 2 10
left_child=-1 -2 -3 5 6 -4 -5 8 9 11 -11 -8 -9 -14
right_child=1 2 3 4 -6 -7 7 12 -10 10 -12 -13 13 -15
leaf_value=0.00013456375530602915 0.018808885952493332 -0.0088092084155891419 -0.0093973533035785831 0.041737858026713218 -0.021395296263627992 0.055640108043837767 -0.013243430323130169 0.0054434006503111176 0.048250887638848008 0.040134115180952432 -0.021626384124471383 -0.057283105469292411 0.052841881963607965 -0.03132884981027375
leaf_weight=8738.5580291077495 23.709823559969664 174.75829768553376 4.0675452146679145 6.4678722508251658 36.075389683246613 7.6706629730761051 74.945397160947323 226.52243132330477 5.301040541380643 7.9260559957474452 5.0571780484169722 6.4616760388016692 2.6706382259726551 15.500175621360539
leaf_count=47075 195 1384 39 46 300 47 622 1873 34 66 44 87 21 173
internal_value=-4.34258e-06 -0.00203712 -0.00289906 -0.000308296 -0.0013219 0.0331032 0.00074209 -2.785e-05 -0.00818809 -0.0122252 0.0160774 -0.0167391 0.00348879 -0.0189579
internal_weight=9335.69 597.134 573.424 398.666 386.928 11.7382 350.852 344.385 99.6913 94.3903 12.9832 81.4071 244.693 18.1708
internal_count=52006 4931 4736 3352 3266 86 2966 2920 853 819 110 709 2067 194
cat_boundaries=0 1
cat_threshold=833
is_linear=0
shrinkage=0.05


Tree=238
num_leaves=15
num_cat=1
split_feature=10 2 8 2 2 7 8 5 0 7 5 2 4 9
split_gain=1.04624 5.5732 4.73897 5.96601 4.92611 4.48075 9.52266 6.58278 6.29802 8.51116 6.78504 12.1386 6.55766 5.98895
threshold=0 90.500000000000014 5.5000000000000009 176.50000000000003 177.50000000000003 40.963333333333345 1.5000000000000002 2.7500000000000004 5.5000000000000009 38.545000000000009 3.2500000000000004 14.500000000000002 4.1000000000000005 1.0000000180025095e-35
decision_type=1 10 2 10 10 10 2 8 2 10 8 10 10 10
left_child=1 5 3 -3 -4 7 -7 13 -9 -10 -11 12 -12 -1
right_child=-2 2 4 -5 -6 6 -8 8 9 10 11 -13 -14 -15
leaf_value=0.009426340398085797 -0.00022779343564276167 0.019903264420650098 -0.027335783965303975 -0.027062597954417119 0.017611403419652071 0.038978480180057312 -0.0039115220833540942 0.0050038410380531823 0.057200793391769846 -0.011080153127752679 0.023150525329421277 0.0058213565434099349 0.074063354782141322 -0.0022591649202146438
leaf_weight=146.28421120904386 7928.0741490474902 20.082767799496654 43.005442153662443 10.194028243422506 7.1027062013745299 13.39844912663102 379.50550058111548 246.57432076893747 13.207277134060858 20.471990179270506 12.328743860125543 44.047502430155873 12.98683764412999 437.79189043864608
leaf_count=811 44419 93 226 48 36 66 2397 1162 67 113 58 214 69 2227
internal_value=-4.40083e-06 0.00124713 -0.0115278 0.00409012 -0.0209646 0.00203063 -0.00244893 0.00391565 0.00934204 0.0197231 0.0142133 0.0216784 0.0492687 0.000667517
internal_weight=9335.06 1406.98 80.3849 30.2768 50.1081 1326.6 392.904 933.693 349.617 103.042 89.8351 69.3631 25.3156 584.076
internal_count=52006 7587 403 141 262 7184 2463 4721 1683 521 454 341 127 3038
cat_boundaries=0 1
cat_threshold=288
is_linear=0
shrinkage=0.05


Tree=239
num_leaves=15
num_cat=0
split_feature=8 1 4 6 3 6 6 7 3 2 4 4 7 2
split_gain=1.04172 1.11508 5.30375 4.0127 3.68174 3.45638 6.32735 7.08211 3.50162 4.32262 9.61008 2.64388 4.31604 3.08454
threshold=38.500000000000007 51.250000000000007 6.4500000000000011 2.3183333333333338 5.5000000000000009 3.2450000000000006 2.1275000000000004 40.945000000000014 8.5000000000000018 19.500000000000004 9.5500000000000025 2.9000000000000004 38.863333333333337 15.500000000000002
decision_type=2 8 10 10 10 8 10 8 10 10 10 10 10 10
left_child=1 2 3 11 -4 6 8 -8 -6 -10 -11 -1 -13 -14
right_child=-2 -3 4 -5 5 -7 7 -9 9 10 -12 12 13 -15
leaf_value=-0.026528210531355068 -0.017904171318736364 6.9042029648051694e-05 0.041712036723797058 -0.048023523871088464 -0.027240416210174468 -0.042444713357849786 0.082780762433728394 -0.011817953170965869 -0.025889852023276524 0.073971749078090149 -0.037406022675943756 0.026091002877680819 0.017953886578890407 -0.022356315568167751
leaf_weight=16.173255145549774 8.1211099475622159 9222.9387780847028 6.9027604535222045 7.8749147430062285 10.583096254616978 3.9242693930864325 4.9554714225232575 3.2933632042258987 4.912107177078723 5.293835833668707 3.0540470853447914 9.813057675957678 6.2235988005995777 19.984817743301392
leaf_count=71 61 51210 38 53 82 63 49 37 56 47 52 47 33 107
internal_value=-4.32e-06 1.12674e-05 -0.00516263 -0.0147536 0.008261 0.00184987 0.00726631 0.045012 -0.00579233 0.0113259 0.0332245 -0.00973401 -0.0021936 -0.012784
internal_weight=9334.05 9325.93 102.989 60.0696 42.919 36.0162 32.0919 8.24883 23.8431 13.26 8.34788 52.1947 36.0215 26.2084
internal_count=52006 51945 735 311 424 386 323 86 237 155 99 258 187 140
is_linear=0
shrinkage=0.05


Tree=240
num_leaves=15
num_cat=1
split_feature=6 3 7 7 2 5 4 5 2 11 6 6 7 5
split_gain=1.03516 1.98143 1.13379 3.38489 2.54959 2.50172 2.77369 2.70189 2.17823 1.35069 1.21087 2.41291 1.20405 5.07499
threshold=9.1000000000000014 4.5000000000000009 44.220000000000006 43.310000000000009 25.500000000000004 2.2500000000000004 7.7083333333333348 0.62500000000000011 44.500000000000007 0 3.8450000000000002 4.6887500000000006 43.190000000000019 1.6250000000000002
decision_type=10 10 10 10 8 8 8 8 10 1 10 10 10 8
left_child=2 -2 3 12 9 6 7 -5 10 -4 -7 -12 -1 -14
right_child=1 -3 4 5 -6 8 -8 -9 -10 -11 11 -13 13 -15
leaf_value=3.2575819949880737e-05 -0.0012367980238831289 -0.043029709214033207 -0.020373212321518768 -0.040163675919561992 0.040757644322062234 -0.049393206805028039 0.029862275545213059 0.0062617973211513038 0.010858855423643184 0.013446926536770019 0.0090411483769846403 -0.043926156224154772 -0.024094340755501154 0.045433322025549706
leaf_weight=9254.4810293484479 9.3852519765496236 4.0641615577042094 4.9204365494661033 5.5388536304235467 5.5442189350724211 7.5420572683215203 5.057159822434186 7.2180823907256135 3.1288383118808261 7.3802066789940017 3.6513391938060504 5.2297083148732781 4.4713179524987909 6.3546246932819495
leaf_count=51338 50 67 57 37 39 62 47 44 22 48 38 72 31 54
internal_value=-4.34705e-06 -0.0138658 1.56549e-05 -8.4979e-06 0.0126067 -0.0150271 -0.00147323 -0.0138954 -0.0273763 -8.16219e-05 -0.0346606 -0.0221493 5.20707e-05 0.0167171
internal_weight=9333.97 13.4494 9320.52 9302.67 17.8449 37.366 17.8141 12.7569 19.5519 12.3006 16.4231 8.88105 9265.31 10.8259
internal_count=52006 117 51889 51745 144 322 128 81 194 105 172 110 51423 85
cat_boundaries=0 1
cat_threshold=2
is_linear=0
shrinkage=0.05


Tree=241
num_leaves=15
num_cat=2
split_feature=2 2 10 8 10 7 2 2 7 2 4 3 4 6
split_gain=1.01477 1.55267 1.0283 6.13005 7.11423 7.52208 8.11261 6.42875 5.54701 5.49379 4.49589 10.4415 5.76165 4.49464
threshold=421.00000000000006 378.50000000000006 0 4.5000000000000009 1 40.790000000000013 211.50000000000003 120.50000000000001 40.463333333333345 153.50000000000003 5.291666666666667 6.5000000000000009 7.4500000000000011 1.8950000000000002
decision_type=10 10 1 2 1 10 10 10 10 10 10 10 10 8
left_child=1 2 13 4 5 6 7 8 10 -9 -4 -12 -13 -1
right_child=-2 -3 3 -5 -6 -7 -8 9 -10 -11 11 12 -14 -15
leaf_value=0.0007470789197352582 0.01979400907101856 -0.026336098832868256 -0.0033060015046303981 -0.00038630128236377264 0.0064590238409430907 -0.016463546667400703 -0.042777455273139982 0.060044776711238201 0.025773502578638242 0.0078322646020286962 0.068745055780690886 -0.03647287832700212 0.035069600420678866 -0.002889460136127077
leaf_weight=2182.025436617434 6.467757672071456 5.6007972061634055 214.0733667910099 4638.3131266236305 752.5193873308599 72.906565230339766 9.9653451517224294 8.7536375522613543 20.696058668196201 11.869260787963865 7.3488715589046505 6.9139269813895208 4.7460403963923454 1391.566005108878
leaf_count=11938 28 27 901 26710 3421 414 46 39 93 52 35 41 41 8220
internal_value=-4.25678e-06 -1.79853e-05 -2.17251e-06 0.000411677 0.00375049 -0.00207711 0.00153827 0.00314768 0.000966011 0.0299945 -0.00123672 0.0220671 -0.00735243 -0.000667132
internal_weight=9333.77 9327.3 9321.7 5748.11 1109.79 357.273 284.367 274.401 253.778 20.6229 233.082 19.0088 11.66 3573.59
internal_count=52006 51978 51951 31793 5083 1662 1248 1202 1111 91 1018 117 82 20158
cat_boundaries=0 1 2
cat_threshold=586 36
is_linear=0
shrinkage=0.05


Tree=242
num_leaves=15
num_cat=2
split_feature=6 6 4 5 3 0 7 10 3 3 3 2 10 8
split_gain=1.01189 7.54963 4.1307 6.55143 6.55831 6.86994 10.4091 4.64429 4.18169 3.95422 6.10834 5.65199 4.48689 6.23773
threshold=1.0950000000000004 1.0225000000000002 8.9000000000000021 0.35000000000000003 8.5000000000000018 5.5000000000000009 39.510000000000012 0 9.5000000000000018 6.5000000000000009 7.5000000000000009 55.500000000000007 1 17.500000000000004
decision_type=8 10 10 8 10 2 10 1 10 10 10 10 1 2
left_child=1 2 -1 7 5 6 -5 8 -4 11 -11 12 -3 -14
right_child=-2 9 3 4 -6 -7 -8 -9 -10 10 -12 -13 13 -15
leaf_value=-0.00037183188667907216 0.00032689614943881112 0.0022067902470228914 0.0018176632739818389 0.1069415045341609 0.0079856715340179737 0.0075871816010657026 0.021036947734068671 -0.013820336230948591 0.06570100330541917 0.019758617989580729 -0.0086743389936547299 -0.035923011028439797 -0.02223519182681824 0.0045913256279187424
leaf_weight=2277.6883822083473 6649.6484679994173 62.43560104072094 5.5528642758727056 6.7652723863720912 49.479713886976242 9.7402520515024644 7.3655244186520576 32.662074320018291 4.7553673461079597 27.863071009516716 58.651594340801239 22.486459389328957 88.518468305468559 28.692836694419384
leaf_count=11099 38148 283 45 47 534 70 57 339 52 170 503 108 399 152
internal_value=-3.7966e-06 -0.000823503 9.75229e-05 0.00928798 0.0183702 0.0398951 0.0621647 -0.00621542 0.0158815 -0.00846237 0.000482831 -0.012291 -0.00933296 -0.0144365
internal_weight=9332.31 2682.66 2394.01 116.321 73.3508 23.871 14.1308 42.9703 10.3082 288.648 86.5147 202.133 179.647 117.211
internal_count=52006 13858 12243 1144 708 174 104 436 97 1615 673 942 834 551
cat_boundaries=0 1 2
cat_threshold=400 1920
is_linear=0
shrinkage=0.05


Tree=243
num_leaves=15
num_cat=1
split_feature=2 10 7 8 8 6 7 5 7 7 3 8 7 6
split_gain=1.00089 3.61097 4.19296 4.973 4.73217 3.98053 5.87521 5.53856 5.31694 10.9463 4.50943 9.14941 9.02944 8.5024
threshold=10.500000000000002 0 37.822500000000012 10.500000000000002 13.500000000000002 0.7645833333333335 38.963333333333345 0.35000000000000003 41.64500000000001 41.310000000000009 4.5000000000000009 15.500000000000002 39.64500000000001 1.7387500000000002
decision_type=8 1 10 2 2 10 10 10 10 8 8 2 8 10
left_child=1 -1 4 -4 -3 -5 7 -7 9 10 -8 12 -12 -14
right_child=-2 2 3 5 -6 6 8 -9 -10 -11 11 -13 13 -15
leaf_value=0.01027388379038183 -9.9973488205938688e-05 0.048151787600184098 -0.015017485871873347 0.025807132310704479 -0.0047918045754087937 -0.058515141130121809 0.020389271783848733 -0.0079730684686566359 -0.032725116540365327 0.083289719619468239 0.094371839557861187 -0.0206032525242653 -0.044651646137554339 0.041829962602306862
leaf_weight=96.112029166892171 9026.0049745254219 8.8093103468418139 60.819332454353571 15.792138054966925 8.1026118174195272 7.1577372476458576 28.743168547749519 22.331691924482584 8.2208884162828308 4.7287227772176257 3.7288224771618816 30.710910966619849 4.9553572237491608 6.6642163172364235
leaf_count=544 50178 42 327 86 48 36 128 139 72 34 23 266 32 51
internal_value=-4.49866e-06 0.00280365 -0.00104096 -0.00317336 0.0227862 0.00224145 -0.000932785 -0.0202407 0.00555573 0.0095127 0.0048488 -0.00484918 0.0266735 0.00494847
internal_weight=9332.88 306.877 210.765 193.853 16.9119 133.034 117.242 29.4894 87.7521 79.5312 74.8025 46.0593 15.3484 11.6196
internal_count=52006 1828 1284 1194 90 867 781 175 606 534 500 372 106 83
cat_boundaries=0 1
cat_threshold=289
is_linear=0
shrinkage=0.05


Tree=244
num_leaves=15
num_cat=1
split_feature=0 4 10 8 6 5 5 1 4 6 6 5 6 5
split_gain=1.00179 3.69923 7.63214 7.56506 11.1638 8.76613 6.3478 11.1651 6.29938 6.10574 5.65807 5.48037 6.15374 6.52313
threshold=7.5000000000000009 7.2250000000000005 0 19.500000000000004 1.3145833333333334 2.2500000000000004 3.2500000000000004 56.250000000000007 9.9000000000000021 1.8950000000000002 3.2450000000000006 1.6250000000000002 2.0225000000000004 0.62500000000000011
decision_type=2 8 1 2 8 8 10 8 10 10 8 8 10 8
left_child=-1 -2 -3 4 8 11 7 -7 -4 -9 -8 12 13 -6
right_child=1 2 3 -5 5 6 10 9 -10 -11 -12 -13 -14 -15
leaf_value=0.00013988197718660549 -0.0041026626310556105 -0.016726568129782633 -0.01657798989319088 -0.0041520462636481783 0.10259094074425455 -0.063391923826408444 0.069460328482417941 0.055142192363924251 0.046941510282721574 -0.020782490340902685 0.0032542956934822234 0.10359694355418059 0.015048093270028914 0.032442750726844764
leaf_weight=8664.5328064076602 491.11051171272993 27.077714842744172 24.671512223780159 61.814019709825516 6.1803699843585536 5.9220036901533666 6.8779736720025513 6.0801744833588582 4.6368036083877078 4.6908815577626228 6.0796315874904403 4.2023594193160525 11.495268218219278 7.1459100395441064
leaf_count=47683 2645 331 164 695 41 41 61 32 39 41 56 33 93 51
internal_value=-3.95451e-06 -0.00186968 0.00433043 0.0086743 0.0186716 0.0312593 0.0121383 -0.00824422 -0.00652871 0.0220764 0.0383969 0.0507932 0.0418533 0.0649756
internal_weight=9332.52 667.985 176.875 149.797 87.9829 58.6746 29.6507 16.6931 29.3083 10.7711 12.9576 29.0239 24.8215 13.3263
internal_count=52006 4323 1678 1347 652 449 231 114 203 73 117 218 185 92
cat_boundaries=0 1
cat_threshold=177
is_linear=0
shrinkage=0.05


Tree=245
num_leaves=15
num_cat=1
split_feature=7 10 3 6 8 8 7 5 6 6 7 6 6 4
split_gain=1.00649 4.3211 5.69492 8.35739 11.7792 5.35399 5.00393 6.9054 8.95206 6.91209 4.96081 11.6546 6.39288 11.3589
threshold=39.710000000000015 0 6.5000000000000009 0.6050000000000002 9.5000000000000018 31.500000000000004 38.822500000000012 2.7500000000000004 3.7550000000000003 0.52250000000000019 39.263333333333343 2.6050000000000009 1.4950000000000003 6.4500000000000011
decision_type=8 1 10 8 2 2 10 8 10 10 10 8 10 8
left_child=1 2 5 -4 -5 6 7 9 -9 -1 11 -8 13 -12
right_child=-2 -3 3 4 -6 -7 10 8 -10 -11 12 -13 -14 -15
leaf_value=-0.033540516483848877 -0.00043196508301079429 -0.00021312036607359073 -0.02331298099829935 0.056548173000263546 0.01128467903784184 -0.039616130914652145 -0.011849520940104091 0.030758175143456246 -0.031432938124849909 0.0076640932223303541 0.0078775331658594867 0.027261409676980125 -0.003913319281841284 0.069491395605885173
leaf_weight=12.191312298178671 5567.5536403474398 3030.4238523291424 14.19015287235379 16.506634011864662 111.22276021167636 7.6511614620685569 147.33361475169659 52.080454468727112 6.509621560573577 61.627584062516689 141.59692861139774 21.875708244740963 133.77858592569828 7.8975104317069045
leaf_count=56 32564 15763 88 76 788 46 668 269 29 278 631 109 598 43
internal_value=-4.97202e-06 0.00062647 0.00403857 0.0130899 0.0171341 0.00193884 0.00248244 0.0110317 0.0238485 0.000859084 -1.93265e-05 -0.00679318 0.00402695 0.0111325
internal_weight=9332.44 3764.89 734.462 141.92 127.729 592.542 584.891 132.409 58.5901 73.8189 452.482 169.209 283.273 149.494
internal_count=52006 19442 3679 952 864 2727 2681 632 298 334 2049 777 1272 674
cat_boundaries=0 1
cat_threshold=1281
is_linear=0
shrinkage=0.05


Tree=246
num_leaves=15
num_cat=4
split_feature=0 4 10 3 10 9 9 10 2 8 5 2 9 10
split_gain=0.984887 3.28388 8.65893 8.45394 8.37656 12.1449 7.81662 11.1437 9.78837 13.0358 7.39517 11.8075 7.21616 8.74198
threshold=4.5000000000000009 4.6333333333333337 0 1.5000000000000002 1 1.0000000180025095e-35 1.0000000180025095e-35 2 18.500000000000004 12.500000000000002 0.35000000000000003 18.500000000000004 1.0000000180025095e-35 3
decision_type=2 8 1 10 1 10 10 1 10 2 10 8 10 1
left_child=-1 4 3 10 -2 -6 7 8 -4 -10 11 -3 13 -5
right_child=1 2 6 12 5 -7 -8 -9 9 -11 -12 -13 -14 -15
leaf_value=0.00044463968028047717 -0.0072589467675842102 0.076476932911419437 -0.0084350552213696781 0.0012777821316441993 -0.015813462361857478 0.001961642513541269 -0.00037372756279641973 -0.018946584878164086 0.00069946374050673752 0.07338362982154327 -0.009748898587821294 0.01792692974876579 0.0011071435839770736 0.026834045836504606
leaf_weight=5285.1272100880742 552.89592830091715 11.186740726232527 40.777627335861325 82.642130430787802 106.35627144575119 996.21236254274845 1283.2951232818887 127.42531763669103 14.73288405314088 10.612146139144896 14.076151728630064 37.394986182451248 713.33610569592565 55.591243781149387
leaf_count=27611 2469 48 306 581 476 4437 9745 827 89 74 61 156 4841 285
internal_value=-4.82724e-06 -0.00059187 0.000593314 0.0043895 -0.00230369 0.000244795 -0.00177439 -0.011153 0.00584716 0.0311328 0.0221629 0.031409 0.0031333 0.013589
internal_weight=9331.66 4046.54 2391.07 914.227 1655.46 1102.57 1476.84 193.548 66.1227 25.345 62.6579 48.5817 851.569 138.233
internal_count=52006 24395 17013 5972 7382 4913 11041 1296 469 163 265 204 5707 866
cat_boundaries=0 1 2 3 4
cat_threshold=1376 1122 129 32
is_linear=0
shrinkage=0.05


Tree=247
num_leaves=15
num_cat=1
split_feature=1 4 10 5 6 5 5 5 2 7 6 3 4 0
split_gain=0.971645 3.46551 8.78636 4.33074 4.18185 10.0144 3.99346 3.90864 6.83441 6.13042 4.29996 3.88332 3.99473 3.64898
threshold=55.500000000000007 8.7750000000000021 0 3.7500000000000004 2.6275000000000004 1.3750000000000002 8.5000000000000018 0.35000000000000003 19.500000000000004 40.745000000000012 2.0450000000000004 10.500000000000002 9.5500000000000025 5.5000000000000009
decision_type=8 10 1 10 8 10 10 8 10 8 10 10 10 2
left_child=-1 -2 3 4 7 -6 -4 9 13 -3 -10 12 -5 -9
right_child=1 2 6 11 5 -7 -8 8 10 -11 -12 -13 -14 -15
leaf_value=-0.00051365916768304017 0.0001655478003945654 -0.015086519379022971 -0.00080299629601702366 -0.029398700435980508 0.086872460320238917 0.0039372663155503021 -0.054377925579552934 0.022441778863544166 0.043109639704481624 0.053174033121267089 -0.011564851989899752 -0.054447978906548712 0.044164135995466557 -0.012780860814954895
leaf_weight=4677.3306784364395 4380.120070265606 17.337826132774357 157.72226720117033 3.5827770307660085 7.2741912212222797 7.2853082716464996 3.5567337851971379 14.488037662580611 32.196444179862738 4.0592996142804614 4.0482963509857646 3.6667198650538921 3.8058986375108361 14.930859526619313
leaf_count=27028 22052 165 1688 44 73 94 85 138 264 44 43 78 54 156
internal_value=-4.7177e-06 0.000506767 0.00596234 0.0159239 0.0205703 0.0453732 -0.00186864 0.0164224 0.0224701 -0.00213665 0.0370029 -0.0123822 0.00849343 0.00456537
internal_weight=9331.41 4654.07 273.955 112.676 101.62 14.5595 161.279 87.0608 65.6636 21.3971 36.2447 11.0554 7.38868 29.4189
internal_count=52006 24978 2926 1153 977 167 1773 810 601 209 307 176 98 294
cat_boundaries=0 1
cat_threshold=1224
is_linear=0
shrinkage=0.05


Tree=248
num_leaves=15
num_cat=1
split_feature=4 5 11 3 5 5 7 2 7 8 0 2 4 1
split_gain=1.00663 5.36008 5.25734 5.2106 3.97469 8.22884 3.51312 2.07732 2.06451 2.13314 1.59236 1.55622 1.37656 6.36419
threshold=11.100000000000001 0.075000000000000025 0 9.5000000000000018 1.6250000000000002 0.87500000000000011 39.610000000000014 35.500000000000007 40.010000000000012 12.500000000000002 4.5000000000000009 14.500000000000002 10.900000000000002 54.250000000000007
decision_type=10 8 1 10 8 10 10 10 10 2 2 10 10 8
left_child=12 -2 8 -4 5 10 -7 -6 9 -3 -5 -11 -1 -14
right_child=1 2 3 4 7 6 -8 -9 -10 11 -12 -13 13 -15
leaf_value=2.1517840474096617e-06 0.062451031337156175 0.025381397643133755 0.074866965032111973 0.0070455412767797604 -0.052363822654531079 0.016843614265164893 0.097254122308894894 0.023706432189545004 -0.047705066143172437 0.0064037651512372645 -0.03734501135022341 -0.053372283564530568 -0.025624987999212614 0.03409636165810806
leaf_weight=9269.9032903555781 2.5560843162238589 2.4425209928303984 2.3093340136110809 3.266846891492607 4.9119407078251234 2.638185726478695 2.7999746240675449 1.0980875976383684 10.013690642081199 1.6897538825869558 5.2941126115620136 3.0616353303194046 6.8521442934870747 12.782879302278159
leaf_count=50854 39 39 34 51 145 34 41 15 295 37 79 68 114 161
internal_value=-4.78846e-06 -0.00772048 -0.0122584 0.0037534 -0.00445409 0.0101473 0.058245 -0.0384651 -0.0330258 -0.0125927 -0.0204057 -0.0321139 3.01641e-05 0.0132551
internal_weight=9331.62 42.0822 39.5261 22.3185 20.0091 13.9991 5.43816 6.01003 17.2076 7.19391 8.56096 4.75139 9289.54 19.635
internal_count=52006 877 838 399 365 205 75 160 439 144 130 105 51129 275
cat_boundaries=0 1
cat_threshold=2
is_linear=0
shrinkage=0.05


Tree=249
num_leaves=15
num_cat=1
split_feature=0 8 6 6 5 8 10 4 2 7 2 3 4 6
split_gain=0.972656 3.32876 6.38865 5.47242 7.15269 6.50809 5.71765 6.49206 5.84879 7.73757 5.15492 4.97016 5.94771 4.97641
threshold=7.5000000000000009 8.5000000000000018 0.68541666666666667 0.9275000000000001 1.6250000000000002 4.5000000000000009 0 5.2250000000000005 84.500000000000014 38.922500000000007 19.500000000000004 11.500000000000002 10.366666666666669 2.2050000000000005
decision_type=2 2 8 8 8 2 1 8 8 10 10 10 10 10
left_child=-1 3 -3 5 10 -2 7 -6 9 -8 -5 -4 13 -13
right_child=1 2 11 4 6 -7 8 -9 -10 -11 -12 12 -14 -15
leaf_value=0.00013688024103196205 0.023442910019369999 0.012057647817264469 -0.0061167207100402731 0.0014359137765624086 0.0043525086729563935 -0.03184845092709606 -0.037588167678911544 0.063411598201593741 -0.041460975812222932 0.035106892647708117 0.043239365224309725 -0.025919006175874976 0.062654041812595748 0.055998484207492955
leaf_weight=8663.888298837468 7.7579817995429066 59.730618622153997 484.78497538529336 10.810840494930742 14.31296329945326 16.949736312031746 6.3847461044788387 6.8946299701929084 13.321693427860735 8.578755619004367 23.201230756938457 6.399331405758856 5.8222045414149752 2.6101688360795379
leaf_count=47683 36 340 3247 54 68 81 35 35 70 51 113 68 88 37
internal_value=-4.81778e-06 -0.00184384 -0.00339681 0.00618344 0.0122996 -0.0144875 0.00016869 0.0160056 -0.0128287 0.00408879 0.029952 -0.00524444 0.0232668 -0.00218645
internal_weight=9331.45 667.56 559.347 108.213 83.5049 24.7077 49.4928 21.2076 28.2852 14.9635 34.0121 499.617 14.8317 9.0095
internal_count=52006 4323 3780 543 426 117 259 103 156 86 167 3440 193 105
cat_boundaries=0 1
cat_threshold=1280
is_linear=0
shrinkage=0.05


Tree=250
num_leaves=15
num_cat=0
split_feature=4 8 6 7 2 6 7 7 1 1 2 4 5 0
split_gain=0.9836 5.22809 5.02004 4.45223 3.72444 5.15665 2.96084 5.68418 2.69181 2.63016 2.27554 3.64078 1.83739 1.20161
threshold=11.100000000000001 12.500000000000002 1.7550000000000001 39.622500000000009 17.500000000000004 2.0683333333333338 40.522500000000015 39.163333333333348 55.500000000000007 55.500000000000007 34.500000000000007 12.500000000000002 0.87500000000000011 3.5000000000000004
decision_type=10 2 10 10 10 10 10 10 10 8 10 10 10 2
left_child=13 2 3 -2 5 6 7 -3 -6 -4 11 -10 -5 -1
right_child=1 4 9 12 8 -7 -8 -9 10 -11 -12 -13 -14 -15
leaf_value=-0.00090176468006976916 0.085532205799170896 0.064129832827998334 -0.052738569004817243 0.037525922474828201 -0.052766641492496685 -0.051973887787893108 0.08145621719052426 -0.037018357218081839 -0.047518450773191639 0.023427315156960282 0.026030121155495484 0.036584785506784269 -0.027208063007575528 0.00037688685637273596
leaf_weight=2522.2359937168658 3.4979672655463201 2.5295359771698731 2.7973953485488892 2.608896728605032 8.7980693150311708 2.8890636702999473 1.8551097493618725 3.0804291274398565 5.7773721925914288 1.9055325845256446 2.5402663107961416 1.6555284513160584 1.8904738742858169 6766.8798460736871
leaf_count=13103 41 39 83 34 246 99 35 60 109 36 27 29 39 38026
internal_value=-4.74716e-06 -0.00765512 0.0191149 0.0432211 -0.0193283 0.00474599 0.0266972 0.00858941 -0.0326076 -0.0218777 -0.0148239 -0.0287862 0.010327 2.96998e-05
internal_weight=9330.94 41.8256 12.7003 7.99734 29.1254 10.3541 7.46507 5.60997 18.7712 4.70293 9.97317 7.4329 4.49937 9289.12
internal_count=52006 877 233 114 644 233 134 99 411 119 165 138 73 51129
is_linear=0
shrinkage=0.05


Tree=251
num_leaves=15
num_cat=2
split_feature=8 10 11 5 6 6 5 7 4 4 4 7 3 7
split_gain=0.950549 5.36494 3.84593 5.98976 4.0515 4.04518 4.44486 5.74082 4.58577 5.54569 6.59491 11.9049 7.40564 4.19687
threshold=19.500000000000004 0 1 9.5000000000000018 0.47749999999999998 0.74500000000000022 2.2500000000000004 38.910000000000011 3.5500000000000003 7.366666666666668 6.5500000000000007 40.422500000000007 3.5000000000000004 41.522500000000015
decision_type=2 1 1 8 10 10 10 10 10 10 10 10 10 10
left_child=-1 2 3 4 -2 -4 7 -7 -9 10 12 -12 -10 -8
right_child=1 -3 5 -5 -6 6 13 8 9 -11 11 -13 -14 -15
leaf_value=0.00021023527564207226 -0.062992930848236803 0.00033050908588963833 -0.024460585176543523 0.025379863988603858 -0.015250553485198319 0.041687549988312894 -0.022812583194235295 -0.029976130230931531 0.047677830903568669 -0.0088614862659783921 0.00939609383733561 0.10764546527373385 -0.0080923418083791217 0.028599721768408838
leaf_weight=7897.3453781427816 4.6298130154609671 1157.9891343042254 18.042106371372938 8.9109634272754175 110.56197068840265 10.096709299832581 27.572070430032909 10.011011570692061 7.8575423061847678 35.659706809557974 7.9260107204318029 5.0462530180811882 24.551532484591007 4.6370353754609814
leaf_count=41370 33 8429 135 50 844 65 270 46 38 412 60 36 158 60
internal_value=-4.77236e-06 -0.00118929 -0.00732344 -0.0141143 -0.0171694 -0.00224071 0.000765432 0.00591652 0.00194989 0.00589372 0.017488 0.0476154 0.00542907 -0.0154109
internal_weight=9330.84 1433.49 275.503 124.103 115.192 151.4 133.358 101.149 91.0521 81.041 45.3813 12.9723 32.4091 32.2091
internal_count=52006 10636 2207 927 877 1280 1145 815 750 704 292 96 196 330
cat_boundaries=0 1 2
cat_threshold=145 4
is_linear=0
shrinkage=0.05


Tree=252
num_leaves=15
num_cat=1
split_feature=0 5 2 2 5 0 5 1 11 8 8 7 4 7
split_gain=0.937254 2.527 2.12365 1.78658 1.61002 1.12494 3.28302 2.56723 4.42126 2.5206 6.53112 2.463 4.53619 3.62039
threshold=10.500000000000002 1.6250000000000002 13.500000000000002 27.500000000000004 3.2500000000000004 9.5000000000000018 1.0000000180025095e-35 56.250000000000007 0 22.500000000000004 14.500000000000002 39.510000000000012 6.1000000000000005 40.445000000000014
decision_type=2 8 10 8 8 2 10 8 1 2 2 10 10 8
left_child=5 2 -2 -4 -3 -1 -7 11 9 10 -9 12 -8 -13
right_child=1 4 3 -5 -6 6 7 8 -10 -11 -12 13 -14 -15
leaf_value=-1.9126786017160497e-05 0.034077899992674819 -0.015202104663654374 -0.021803186100128283 0.012293215142099525 -0.057123630338962832 0.03837473373114586 0.031163146588051433 -0.016466780526094429 -0.041358752109122987 -0.018346911716522651 0.053776231300316071 0.071911047681788715 -0.030628335000486662 0.0072159652400592272
leaf_weight=9243.8164397734217 4.0493355579674306 7.2179973479360315 8.6020956486463511 6.9426658563315877 3.3548305854201326 7.2916886880993834 6.0813575536012667 6.8584162741899508 7.1520872414112118 7.8358603343367568 6.3945648968219757 3.8876792304217789 5.8055331632494926 4.8730892650783071
leaf_count=51398 28 61 70 43 48 32 29 37 53 63 37 28 37 42
internal_value=-4.79771e-06 -0.00880373 0.00182644 -0.00657491 -0.0285041 2.37439e-05 0.00707762 0.00240968 -0.00738735 0.00413374 0.0174255 0.0158096 0.000984313 0.0359251
internal_weight=9330.16 30.1669 19.5941 15.5448 10.5728 9300 56.1803 48.8886 28.2409 21.0888 13.253 20.6477 11.8869 8.76077
internal_count=52006 250 141 113 109 51756 358 326 190 137 74 136 66 70
cat_boundaries=0 1
cat_threshold=4
is_linear=0
shrinkage=0.05


Tree=253
num_leaves=15
num_cat=1
split_feature=8 1 6 4 4 9 10 6 8 6 7 5 6 7
split_gain=0.936458 1.03139 6.1686 6.93124 5.92975 5.2412 5.16974 7.83459 5.19406 4.85532 5.02733 4.5891 8.36878 6.21305
threshold=38.500000000000007 53.500000000000007 1.8550000000000002 2.2916666666666674 1.7750000000000001 1.0000000180025095e-35 0 1.6887500000000002 3.5000000000000004 2.145 38.010000000000012 0.87500000000000011 2.9316666666666671 40.622500000000009
decision_type=2 8 8 8 10 10 1 10 2 8 8 8 10 10
left_child=1 2 5 4 -4 -1 8 -8 -7 -5 -11 12 13 -12
right_child=-2 -3 3 9 -6 6 7 -9 -10 10 11 -13 -14 -15
leaf_value=-0.013423079513493542 -0.017090834242905913 0.00015180842203236971 -0.011631105635581399 -0.020630829638906587 -0.073356463332302085 -0.026800906268716271 0.0084638039169819337 0.052947916245317944 0.0012495230413617471 0.054351914181392305 0.063838645699723681 -0.007322867690112346 -0.016246285681302444 0.0033645949200467882
leaf_weight=49.027367431670427 8.0124722979962808 8690.1222076308914 8.316048324108122 45.375359013676643 7.3120252490043631 18.071919493377209 127.54541657119989 10.730724427849053 190.12029013596475 3.8331541046500197 9.5720294453203731 141.31353003252298 12.915952758863567 7.6349923610687247
leaf_count=319 61 47808 35 322 31 105 728 70 1190 21 70 1062 117 67
internal_value=-4.68421e-06 1.00019e-05 -0.00194058 -0.00833275 -0.040511 0.00187817 0.00404338 0.0111123 -0.00113104 -0.00605359 -0.00227971 -0.00354593 0.0141725 0.0370055
internal_weight=9329.9 9321.89 631.769 236.273 15.6281 395.496 346.468 138.276 208.192 220.645 175.27 171.437 30.123 17.207
internal_count=52006 51945 4137 1725 66 2412 2093 798 1295 1659 1337 1316 254 137
cat_boundaries=0 1
cat_threshold=1581
is_linear=0
shrinkage=0.05


Tree=254
num_leaves=15
num_cat=1
split_feature=0 8 2 6 7 10 7 7 4 7 4 4 3 7
split_gain=0.9359 2.9607 6.30636 11.2562 5.63556 5.469 6.52722 13.8807 6.85121 6.10337 8.75588 7.21186 5.52273 5.11175
threshold=4.5000000000000009 15.500000000000002 15.500000000000002 2.3550000000000009 37.722500000000018 0 41.845000000000006 41.963333333333345 6.9000000000000012 40.645000000000017 3.7750000000000004 9.1000000000000014 9.5000000000000018 42.345000000000006
decision_type=2 2 10 10 10 1 10 10 10 10 10 10 10 10
left_child=1 -1 4 -4 -3 6 -6 -8 -9 11 -11 -7 -13 -10
right_child=-2 2 3 -5 5 9 7 8 13 10 -12 12 -14 -15
leaf_value=0.00093732696319055253 -0.00057709267713900315 -0.033069690808981853 -0.0036533689386609985 -0.029189110899145762 -0.0041936090446827445 0.012613691606381296 0.098252478378866692 -0.035303865586541139 -0.010784874535651082 0.048512546636891828 -0.0098264882330837775 0.11460065620123526 0.017979303071486302 0.075234865731893058
leaf_weight=4473.8670951183885 4044.7353562042117 11.832499921321867 248.0520332083106 52.244948083534837 291.34937981329858 116.63372778892517 4.9325366988778141 6.7781973928213102 3.2196388952434063 7.2168411016464225 59.112915260251611 3.1412892118096343 2.7946746647357941 3.7255522981286049
leaf_count=22458 24395 58 1527 430 1798 625 36 44 39 33 448 27 50 38
internal_value=-4.6583e-06 0.000433447 -0.00234608 -0.00809602 0.0010347 0.00184355 -0.00228402 0.0263136 0.00045699 0.00829895 -0.00347906 0.0153498 0.069111 0.035358
internal_weight=9329.64 5284.9 811.034 300.297 510.737 498.905 310.005 18.6559 13.7234 188.899 66.3298 122.57 5.93596 6.94519
internal_count=52006 27611 5153 1957 3196 3138 1955 157 121 1183 481 702 77 77
cat_boundaries=0 1
cat_threshold=483
is_linear=0
shrinkage=0.05


Tree=255
num_leaves=15
num_cat=3
split_feature=0 10 8 2 2 6 11 4 4 7 5 2 7 11
split_gain=0.946072 5.43703 13.7305 8.76512 7.36489 6.87446 7.72478 11.1621 8.54901 6.84269 6.61702 6.34116 6.63565 10.0965
threshold=3.5000000000000004 0 2.5000000000000004 20.500000000000004 14.500000000000002 1.4725000000000004 1 3.1000000000000005 3.9000000000000004 39.763333333333343 0.62500000000000011 135.50000000000003 39.490000000000016 2
decision_type=2 1 2 8 10 8 1 10 10 10 8 10 10 1
left_child=1 11 3 4 10 6 8 -8 9 -4 -3 -1 -13 -14
right_child=-2 2 5 -5 -6 -7 7 -9 -10 -11 -12 12 13 -15
leaf_value=0.00036550736931197488 0.00030208828022124703 -0.01983498686569081 0.043363194173850539 -0.0024465530907560921 0.027893602418149206 -0.0048395789217744387 -0.056768099875501021 -0.017074823326638063 -0.01998776996311177 -0.0018927877064697071 0.011149815662122399 0.033572502320185472 -0.023296461573914046 0.027963734745923469
leaf_weight=1451.454554236494 6802.4617086364888 21.529041789472103 12.211636930704115 262.4136113524437 51.860502183437347 390.42303684912622 22.044647738337517 90.102004364132881 43.049376625567675 26.429837271571159 86.305294087156653 29.982296116650105 19.322436239570379 19.103420659899712
leaf_count=7550 38807 101 52 1135 247 2379 92 532 236 110 431 135 108 91
internal_value=-4.76115e-06 -0.000831024 -0.0036606 0.00317413 0.0124101 -0.00866111 -0.0163583 -0.0248773 -0.00466333 0.0124092 0.00496372 0.00105967 0.0159431 0.00218755
internal_weight=9328.69 2526.23 1006.37 422.108 159.695 584.261 193.838 112.147 81.6909 38.6415 107.834 1519.86 68.4082 38.4259
internal_count=52006 13199 5315 1914 779 3401 1022 624 398 162 532 7884 334 199
cat_boundaries=0 1 2 3
cat_threshold=700 4 2
is_linear=0
shrinkage=0.05


Tree=256
num_leaves=15
num_cat=1
split_feature=10 6 6 0 2 5 6 6 4 6 7 5 2 1
split_gain=0.949862 6.5049 10.6658 5.90849 5.28853 5.46954 5.24843 5.12082 5.00946 9.15542 5.70715 6.92811 10.5913 4.67721
threshold=0 1.4725000000000004 1.2354166666666668 2.5000000000000004 13.500000000000002 1.3750000000000002 6.9083333333333341 1.0050000000000006 8.1000000000000014 1.1275000000000002 38.490000000000016 1.1250000000000002 14.500000000000002 55.500000000000007
decision_type=1 8 10 2 8 8 10 10 10 10 10 8 8 8
left_child=1 2 7 4 -2 -6 -7 -1 -9 10 -10 12 -12 -11
right_child=3 -3 -4 -5 5 6 -8 8 9 13 11 -13 -14 -15
leaf_value=0.0016550274920724235 0.052245111144882186 -0.0032218135533572216 0.011407133058722738 6.2020907990914789e-05 -0.019503772536838784 0.013072905364516402 -0.027504796085935559 -0.010283229288902886 -0.019597753178342149 -0.045342683025554276 0.14542519062482367 -0.0022045485909950343 0.035156562137766224 0.011841199763263748
leaf_weight=647.63100532442331 6.935783799737691 1322.7641154839657 235.79179536178708 6730.6567870760337 16.637311853468418 138.7118048556149 8.4545253366231901 188.20064211636782 3.753139745444062 7.6393431760370705 3.346764817833896 4.3847489897161731 6.2337132543325433 6.7225858867168435
leaf_count=3369 40 7607 1341 37673 80 590 56 943 34 84 29 48 55 57
internal_value=-4.65921e-06 -0.00085353 0.00197707 0.000294606 0.00948051 0.00766977 0.0107418 -0.000584861 -0.00717018 0.0110927 0.035141 0.0498519 0.0736769 -0.0185758
internal_weight=9327.86 2426.47 1103.7 6901.4 170.739 163.804 147.166 867.912 220.281 32.0803 17.7184 13.9652 9.58048 14.3619
internal_count=52006 13567 5960 38439 766 726 646 4619 1250 307 166 132 84 141
cat_boundaries=0 1
cat_threshold=584
is_linear=0
shrinkage=0.05


Tree=257
num_leaves=15
num_cat=0
split_feature=2 4 6 4 0 8 7 5 7 8 7 7 6 6
split_gain=0.927297 3.33188 2.88078 2.70638 2.92137 8.54714 6.07573 7.24387 3.5861 3.2442 3.11423 4.16777 3.27777 6.31482
threshold=10.500000000000002 1.1000000000000003 0.34500000000000008 9.9000000000000021 3.5000000000000004 4.5000000000000009 41.063333333333347 1.6250000000000002 41.022500000000015 10.500000000000002 39.090000000000011 39.310000000000009 3.9950000000000006 2.7450000000000006
decision_type=8 10 8 10 2 2 10 8 10 2 10 10 10 10
left_child=1 -1 -3 4 5 8 9 -8 -4 -7 -6 -12 13 -13
right_child=-2 2 3 -5 10 6 7 -9 -10 -11 11 12 -14 -15
leaf_value=0.044580930641100018 -9.658627878944315e-05 -0.032084881184950224 0.039308645219661389 -0.025269673704852509 -0.0028706365920306248 -0.053119983739433087 0.038164240711372116 -0.038012912642335722 -0.0078289188449287735 -0.0160295092487205 0.039606647907404945 0.010002342527328775 0.037909967428077736 -0.020473684863856534
leaf_weight=4.6764305941760531 9021.0444264239632 6.0565858110785475 10.972027119249107 8.3740915982052666 69.624849606305361 12.541428402066233 7.6193065121769878 5.2857312560081491 6.381647551432251 11.125391969457267 10.911688201129435 124.86780906096101 8.4399877246469241 19.67580870911479
leaf_count=33 50178 28 51 144 381 73 46 40 34 66 56 690 57 129
internal_value=-4.68557e-06 0.00269971 0.00205092 0.00274981 0.0035661 -0.00692329 -0.0206354 0.0069631 0.0219743 -0.0356843 0.00598836 0.00975177 0.00762235 0.00585383
internal_weight=9327.6 306.553 301.876 295.82 287.446 53.9255 36.5719 12.905 17.3537 23.6668 233.52 163.895 152.984 144.544
internal_count=52006 1828 1795 1767 1623 310 225 86 85 139 1313 932 876 819
is_linear=0
shrinkage=0.05


Tree=258
num_leaves=15
num_cat=2
split_feature=6 6 10 6 6 10 4 5 3 9 7 4 8 4
split_gain=0.92263 6.68383 3.83853 5.19763 8.26105 6.75785 11.9934 9.05856 6.88765 5.8064 6.40189 5.66813 4.88059 4.50728
threshold=1.0950000000000004 1.0225000000000002 0 1.4275000000000004 1.3450000000000004 1 1.3666666666666669 1.1250000000000002 1.5000000000000002 1.0000000180025095e-35 40.890000000000015 2.5500000000000003 24.500000000000004 1.6333333333333335
decision_type=8 10 1 10 10 1 8 8 8 8 10 10 2 8
left_child=1 -1 13 4 5 6 -4 11 -8 -9 12 -7 -11 -2
right_child=2 -3 3 -5 -6 7 8 9 -10 10 -12 -13 -14 -15
leaf_value=7.811246804825128e-05 0.0081482435899131421 -0.0079867434906359027 -0.075545971204458384 -0.0027039397752859351 0.013682826392693311 -0.031326984768561682 0.036824395344369307 -0.019801730457847992 -0.0073222935193259968 0.0082536330997308657 0.039840175672958368 -0.0031007276034136343 -0.029901658232475301 0.00089273186346356954
leaf_weight=2393.7857207525522 227.19188418611884 287.79082826524973 6.2807831466197959 1794.493006917648 128.35995477624238 19.963582724332809 9.220858156681059 18.754729375243187 211.2241726629436 341.71751783415675 15.814696468412874 163.03974397853017 8.5918535646051151 3700.9195177117363
leaf_count=12243 1040 1615 27 10982 712 84 38 94 982 1577 93 961 59 21499
internal_value=-4.56671e-06 -0.00078742 0.000311325 -0.00113153 0.00191338 1.21609e-05 -0.0071035 0.00292662 -0.00547571 0.00733266 0.00872262 -0.00617989 0.00731782 0.00130904
internal_weight=9327.15 2681.58 6645.57 2717.46 922.968 794.608 226.726 567.882 220.445 384.879 366.124 183.003 350.309 3928.11
internal_count=52006 13858 38148 15609 4627 3915 1047 2868 1020 1823 1729 1045 1636 22539
cat_boundaries=0 1 2
cat_threshold=311 512
is_linear=0
shrinkage=0.05


Tree=259
num_leaves=15
num_cat=1
split_feature=7 10 2 7 2 7 4 3 2 6 4 7 4 2
split_gain=0.908242 2.83867 4.09826 2.44897 3.79144 2.9742 5.37381 4.49992 2.75442 2.15933 2.63288 2.13648 8.39628 6.10401
threshold=43.070000000000014 0 14.500000000000002 44.220000000000006 53.500000000000007 43.870000000000012 4.5500000000000007 7.5000000000000009 28.500000000000004 2.2316666666666669 3.9000000000000004 42.590000000000011 3.9000000000000004 14.500000000000002
decision_type=10 1 10 10 8 8 8 8 8 10 10 10 10 10
left_child=11 2 -2 4 5 6 -4 -8 -5 -3 -11 -1 -13 -14
right_child=1 9 3 8 -6 -7 7 -9 -10 10 -12 12 13 -15
leaf_value=-3.1581256468318291e-05 -0.011205541866430911 0.005890080141356932 0.053146178884638566 0.055376916802153481 0.051017562868423766 -0.040248078338970775 -0.05079996576620003 0.023863607292723566 0.0005191430226228422 -0.00099002539556126415 -0.048435336050244054 -0.026168893294507611 -0.00022415632179010188 0.029316078532115004
leaf_weight=9160.0923480046913 31.316713761538267 3.8916022665798691 4.2195333987474521 6.1945323627442095 3.637883845716714 4.4654466919600955 4.3811428397893897 3.7413589088246235 3.6285403594374666 3.9743854328989974 11.06437728460878 14.886576488614081 33.539479455910623 36.538777329958975
leaf_count=50688 276 23 22 53 22 37 33 51 24 20 133 68 269 287
internal_value=-4.42618e-06 -0.0052919 0.00126898 0.0145948 0.00473666 -0.00528057 0.00737095 -0.0164087 0.035113 -0.0178677 -0.0358967 4.16226e-05 0.00793376 0.0151781
internal_weight=9325.57 80.5155 61.5852 30.2684 20.4454 16.8075 12.342 8.1225 9.82307 18.9304 15.0388 9245.06 84.9648 70.0783
internal_count=52006 694 518 242 165 143 106 84 77 176 153 51312 624 556
cat_boundaries=0 1
cat_threshold=1938
is_linear=0
shrinkage=0.05


Tree=260
num_leaves=15
num_cat=1
split_feature=7 10 3 6 8 8 7 5 6 6 4 6 8 5
split_gain=0.906501 3.91787 5.08624 7.44574 10.1748 4.89553 4.43175 6.26046 7.13343 5.92077 6.10589 6.32746 5.10191 5.13997
threshold=39.710000000000015 0 6.5000000000000009 0.6050000000000002 9.5000000000000018 31.500000000000004 38.822500000000012 0.87500000000000011 3.7550000000000003 0.52250000000000019 4.1000000000000005 0.99500000000000022 17.500000000000004 2.2500000000000004
decision_type=8 1 10 8 2 2 10 8 10 10 8 10 2 8
left_child=1 2 5 -4 -5 6 7 9 12 -1 11 -11 -9 -14
right_child=-2 -3 3 4 -6 -7 -8 8 -10 10 -12 -13 13 -15
leaf_value=-0.037851790801314546 -0.00040986054324872851 -0.00020456987137072534 -0.022285040987382571 0.052531622545530482 0.010707140302910936 -0.038402708481111048 1.642439814334969e-05 0.026998915923318569 -0.032184276744775288 0.055327463414151345 -0.031840419075227715 -0.0035916574271791222 -0.035213325190171216 0.020192312485991751
leaf_weight=10.93812535703182 5562.6536133266054 3029.0780465872958 13.971856381744145 16.716159582138062 111.76609440520406 7.4564940333366385 452.10872486978769 70.772034887224436 6.7716005742549887 7.8914725333452287 7.6052370592951766 10.783458888530729 7.2950494885444668 9.8216606676578504
leaf_count=50 32564 15763 88 76 788 46 2049 356 30 34 37 45 36 44
internal_value=-4.40826e-06 0.000594955 0.00384529 0.0123791 0.0161487 0.00185486 0.00236888 0.0104336 0.0172645 -0.00694005 0.00592579 0.0213058 0.0210745 -0.00342127
internal_weight=9325.63 3762.98 733.898 142.454 128.482 591.444 583.987 131.879 94.6603 37.2183 26.2802 18.6749 87.8887 17.1167
internal_count=52006 19442 3679 952 864 2727 2681 632 466 166 116 79 436 80
cat_boundaries=0 1
cat_threshold=1281
is_linear=0
shrinkage=0.05


Tree=261
num_leaves=15
num_cat=3
split_feature=0 4 10 10 9 7 8 1 11 7 5 8 8 7
split_gain=0.92505 2.9805 7.87295 7.53878 10.8626 6.48014 7.21126 11.0929 10.409 9.54931 7.73918 7.39709 7.17251 13.7117
threshold=4.5000000000000009 4.6333333333333337 0 1 1.0000000180025095e-35 37.090000000000011 7.5000000000000009 56.250000000000007 2 39.363333333333344 6.5000000000000009 15.500000000000002 19.500000000000004 39.163333333333348
decision_type=2 8 1 1 10 10 2 8 1 10 8 2 2 10
left_child=-1 3 -3 5 -5 -2 10 8 11 12 -7 -8 13 -9
right_child=1 2 -4 4 -6 6 7 9 -10 -11 -12 -13 -14 -15
leaf_value=0.00043149083893626278 0.020363636970442953 0.0050803705015704777 -0.0012528186563238023 -0.015014055582495604 0.0018332535128706019 0.0087314583397019307 -0.077337193267367238 -0.010835887588009277 -0.016110800385535123 -0.01084215379601189 -0.016451294202695879 -0.012267695482517015 0.044839043707291741 0.053490575542443623
leaf_weight=5281.4000832466409 20.76602990925312 676.3966481089592 1713.2205938915722 105.84738211333752 995.87774991244078 103.61063757538795 12.583880230784418 35.893477618694305 181.9558143466711 122.36141709983349 43.241990216076374 6.6894040107727042 13.979490026831625 10.769963353872297
leaf_count=27611 90 4440 12573 476 4437 446 58 152 829 549 207 30 62 46
internal_value=-4.24712e-06 -0.000573427 0.000555849 -0.00220537 0.000212731 -0.0069115 -0.00810813 -0.0117101 -0.0198118 -0.00280147 0.00131619 -0.0547528 0.0134225 0.00401072
internal_weight=9324.59 4043.19 2389.62 1653.58 1101.73 551.852 531.086 384.233 201.229 183.004 146.853 19.2733 60.6429 46.6634
internal_count=52006 24395 17013 7382 4913 2469 2379 1726 917 809 653 88 260 198
cat_boundaries=0 1 2 3
cat_threshold=1120 1122 1
is_linear=0
shrinkage=0.05


Tree=262
num_leaves=15
num_cat=1
split_feature=0 1 5 10 4 8 6 6 5 9 6 9 6 6
split_gain=0.89725 3.19743 3.45775 3.19667 4.9062 8.06959 6.68139 8.41361 8.82105 5.83494 5.98776 4.29881 5.49968 8.27208
threshold=7.5000000000000009 51.250000000000007 0.87500000000000011 0 7.2250000000000005 19.500000000000004 1.3145833333333334 2.0225000000000004 0.62500000000000011 1.0000000180025095e-35 0.65500000000000025 1.0000000180025095e-35 2.8050000000000002 2.2550000000000003
decision_type=2 10 8 1 8 2 8 8 8 10 10 8 8 10
left_child=-1 2 -2 4 -3 6 -6 8 -8 -7 -11 -5 13 -13
right_child=1 3 -4 11 5 9 7 -9 -10 10 -12 12 -14 -15
leaf_value=0.00013205061363253233 0.048780192346044332 -0.003030104378655054 -0.0015215622905034791 -0.025632000968549819 -0.0038723389244124128 0.055252998060896168 0.10473843916826263 0.012872182163943188 0.032024662468768055 0.06686378567490181 -0.018160534198200524 -0.0053856204043887428 -0.034231990998442346 0.041367999748533467
leaf_weight=8658.347066600807 6.4459530748426888 378.07849637791514 7.2689795028418311 30.56597904721275 23.162367656826973 3.3278701044619075 6.0050003156065968 32.817809963598847 13.655584607273338 2.1880363523960105 38.614941452629864 99.618759468197823 13.985805268399416 10.453474203124641
leaf_count=47683 39 2020 46 241 147 18 36 252 92 16 428 736 169 83
internal_value=-3.99805e-06 -0.0017722 0.02212 -0.00227441 -0.000231753 0.00858235 0.0184955 0.028368 0.0542339 -0.00840892 -0.0136012 -0.00829951 -0.00469805 -0.000945466
internal_weight=9324.54 666.189 13.7149 652.474 497.85 119.772 75.6408 52.4784 19.6606 44.1308 40.803 154.624 124.058 110.072
internal_count=52006 4323 85 4238 3009 989 527 380 128 462 444 1229 988 819
cat_boundaries=0 1
cat_threshold=1860
is_linear=0
shrinkage=0.05


Tree=263
num_leaves=15
num_cat=2
split_feature=6 2 7 6 10 6 8 7 6 0 10 7 7 2
split_gain=0.883191 1.98847 1.62898 0.940182 5.5828 5.33148 5.82653 7.29979 6.18851 5.92747 5.44922 8.17501 6.25079 5.40775
threshold=9.1000000000000014 14.500000000000002 40.890000000000015 2.1887500000000006 0 2.3354166666666671 6.5000000000000009 41.763333333333343 2.4450000000000007 2.5000000000000004 1 42.263333333333343 41.545000000000009 13.500000000000002
decision_type=10 8 10 8 1 8 2 8 10 2 1 8 10 10
left_child=3 -2 -3 -1 5 10 7 -7 13 -9 11 12 -5 -8
right_child=1 2 -4 4 -6 6 8 9 -10 -11 -12 -13 -14 -15
leaf_value=-0.00033330651773286299 -0.041148680840453304 -0.022302388658887416 0.020352612713656171 0.0014291801886306332 -0.0017646781231251474 0.010060386350881308 0.014376658219544239 0.011542416539332766 0.00043975655811757811 -0.0037112349331236993 0.018141689948919858 0.056689346778594191 -0.041365997758574621 -0.017543815981106981
leaf_weight=6297.148681903258 4.2380902161821696 4.2062915582209826 4.7839777143672109 69.72094839066267 1276.6726111494936 355.19740170426667 15.662837710231541 83.461935397237539 747.30916013196111 268.82561882771552 94.412179684266448 6.0062716752290717 9.7225618436932546 86.792466415092349
leaf_count=34158 43 26 48 383 7524 1738 94 359 5225 1254 539 37 61 517
internal_value=-4.06163e-06 -0.0129144 0.000395549 1.42805e-05 0.000740546 0.00257706 0.0016505 0.00500237 -0.00114015 -9.74278e-05 0.0107425 0.000397612 -0.00380824 -0.012664
internal_weight=9324.16 13.2284 8.99027 9310.93 3013.78 1737.11 1557.25 707.485 849.764 352.288 179.862 85.4498 79.4435 102.455
internal_count=52006 117 74 51889 17731 10207 9187 3351 5836 1613 1020 481 444 611
cat_boundaries=0 1 2
cat_threshold=1429 1296
is_linear=0
shrinkage=0.05


Tree=264
num_leaves=15
num_cat=2
split_feature=0 10 8 2 4 1 4 2 6 11 4 4 7 3
split_gain=0.901033 5.22285 12.0624 7.92415 7.03597 6.28419 9.3187 10.557 6.25997 7.00284 9.9757 7.78998 6.16994 6.07263
threshold=3.5000000000000004 0 2.5000000000000004 20.500000000000004 7.9000000000000012 56.750000000000007 5.1000000000000005 13.500000000000002 1.4725000000000004 1 3.1000000000000005 3.9000000000000004 39.763333333333343 2.5000000000000004
decision_type=2 1 2 8 10 10 8 10 8 1 10 10 10 10
left_child=1 5 3 4 -3 -1 7 -7 9 11 -11 12 -4 -14
right_child=-2 2 8 -5 -6 6 -8 -9 -10 10 -12 -13 13 -15
leaf_value=-3.3716589163695661e-05 0.00029634008539452167 0.0089322653698991686 0.04119836445149358 -0.0025334805935730473 0.053003681369103973 0.068020988725828763 -0.0071864483940100067 0.013920319698276534 -0.004642606722980995 -0.054021649867789338 -0.016394355991587835 -0.019223063013792934 -0.028684027686745883 0.019568372476974006
leaf_weight=1364.5486092772335 6799.4451396171935 150.13223099894822 12.187339738011358 262.38739394024014 9.6376484315842372 9.9638747572898847 49.912570163607597 94.913478866219521 389.48488092981279 21.937422499060631 89.395253840833902 42.702887505292892 11.705659255385401 14.720105573534964
leaf_count=7181 38807 693 52 1135 86 43 257 403 2379 92 532 236 48 62
internal_value=-3.11852e-06 -0.000809953 -0.00358704 0.00281198 0.0115907 0.00104246 0.0105968 0.0190602 -0.00828916 -0.0156615 -0.0238086 -0.00450709 0.0117675 -0.0018057
internal_weight=9323.07 2523.63 1004.29 422.157 159.77 1519.34 154.79 104.877 582.134 192.649 111.333 81.316 38.6131 26.4258
internal_count=52006 13199 5315 1914 779 7884 703 446 3401 1022 624 398 162 110
cat_boundaries=0 1 2
cat_threshold=700 4
is_linear=0
shrinkage=0.05


Tree=265
num_leaves=15
num_cat=0
split_feature=6 1 2 3 5 7 5 2 2 7 0 7 0 5
split_gain=0.894636 2.78629 3.50454 3.95533 3.64009 2.65852 2.56914 2.53411 2.3805 4.73823 2.70151 3.85438 3.02816 2.81568
threshold=4.7562500000000005 56.250000000000007 96.500000000000014 4.5000000000000009 5.5000000000000009 43.190000000000019 6.5000000000000009 15.500000000000002 78.500000000000014 39.090000000000011 4.5000000000000009 40.490000000000016 5.5000000000000009 0.87500000000000011
decision_type=10 8 10 10 8 10 8 8 10 10 2 10 2 8
left_child=-1 8 3 6 5 -5 -3 -6 10 -10 13 12 -12 -2
right_child=1 2 -4 4 7 -7 -8 -9 9 -11 11 -13 -14 -15
leaf_value=7.1336075333924655e-05 0.025150735659119312 0.006019511366499016 -0.025679194527768057 0.0009409777497485875 -0.055303697604475732 0.055362537535630751 0.037170274912590541 -0.0047288472400411202 -0.041917342806144495 0.016140003263273445 -0.028848473006407496 -0.04291931811965783 0.028609557939817759 -0.0083740777763590176
leaf_weight=9111.7442323900759 6.6916647721081963 11.537042662501337 7.5053063556551924 9.7995141167193669 4.4019412202760551 2.9106052070856085 15.527108378708361 5.6634800359606752 4.1769281774759319 22.153574014082551 4.665805399417879 13.024502929765729 4.509143281262368 97.797968040220439
leaf_count=50331 61 51 41 112 85 23 73 80 23 134 31 193 41 727
internal_value=-3.08939e-06 -0.00322676 0.00617313 0.0109697 -0.00438478 0.0134035 0.0238912 -0.0268469 -0.00674942 0.0069301 -0.00959252 -0.025433 -0.000610005 -0.0062271
internal_weight=9322.11 210.365 57.345 49.8397 22.7755 12.7101 27.0642 10.0654 153.02 26.3305 126.689 22.1995 9.17495 104.49
internal_count=52006 1675 465 424 300 135 124 165 1210 157 1053 265 72 788
is_linear=0
shrinkage=0.05


Tree=266
num_leaves=15
num_cat=1
split_feature=0 5 7 8 7 5 7 10 6 6 3 2 6 5
split_gain=0.880712 2.33433 1.89084 2.26563 1.91133 1.59922 0.999628 6.56623 4.90508 5.65425 4.2815 9.03256 5.03019 6.86726
threshold=10.500000000000002 1.6250000000000002 39.245000000000012 18.500000000000004 40.310000000000009 2.7500000000000004 38.290000000000013 0 2.7550000000000003 3.5050000000000003 5.5000000000000009 181.50000000000003 1.4183333333333337 3.2500000000000004
decision_type=2 8 10 2 10 10 8 1 8 8 10 10 10 8
left_child=6 2 -2 -4 -5 -3 7 8 -1 -10 -9 12 13 -12
right_child=1 5 3 4 -6 -7 -8 10 9 -11 11 -13 -14 -15
leaf_value=0.013224731294554971 -0.019519887863947944 -0.045776123562136534 0.038961345993106328 0.019803855827986987 -0.030141870285208129 -0.0063581140138957055 -0.00014426508881508945 0.001922084414565864 -0.051623263639268696 0.0031405420268788928 -0.0056431189096874043 0.042438559029433963 -0.01943743865364813 0.04542656610351329
leaf_weight=165.26203801482916 6.8899606764316621 5.6261795889586192 5.0619909018278104 3.9971864148974419 3.6780347116291523 4.7417031591758132 8401.3477446101606 484.00366098061204 6.2634766362607506 19.044471055269241 128.42145046964288 9.0165146738290769 71.268919914960861 6.9382339045405379
leaf_count=789 49 46 30 25 37 63 47295 2108 33 98 846 50 499 38
internal_value=-3.0607e-06 -0.00855692 0.00158085 0.0129949 -0.00413058 -0.0277485 2.45529e-05 0.00161776 0.00958276 -0.010413 -0.00067901 -0.00654851 -0.00868613 -0.0030254
internal_weight=9321.56 29.9951 19.6272 12.7372 7.67522 10.3679 9291.57 890.219 190.57 25.3079 699.649 215.645 206.629 135.36
internal_count=52006 250 141 92 62 109 51756 4461 920 131 3541 1433 1383 884
cat_boundaries=0 1
cat_threshold=1537
is_linear=0
shrinkage=0.05


Tree=267
num_leaves=15
num_cat=1
split_feature=2 10 7 6 6 8 3 5 7 5 1 6 4 4
split_gain=0.872522 3.14174 3.87462 4.57839 4.42557 4.11415 3.80587 3.69206 3.22157 5.3731 3.12198 3.10645 7.40335 6.00375
threshold=10.500000000000002 0 37.822500000000012 0.36458333333333343 0.77750000000000019 13.500000000000002 2.5000000000000004 0.62500000000000011 38.445000000000014 0.35000000000000003 54.750000000000007 1.7449999999999999 5.366666666666668 3.6333333333333337
decision_type=8 1 10 10 10 2 10 8 10 10 10 10 10 10
left_child=1 6 5 -4 7 -3 -1 10 9 -6 -5 12 13 -8
right_child=-2 2 3 4 8 -7 11 -9 -10 -11 -12 -13 -14 -15
leaf_value=0.027975010365479658 -9.218793854300387e-05 0.045468549747727682 -0.052719603667529161 0.02951696971106545 -0.066345094224405154 -0.0039508971643951079 0.026487697819692537 0.046423676693620228 -0.0020200777646249275 -0.0071719191394669776 -0.021627977758683147 -0.0049648218567947275 0.038639616849620889 -0.033792565746492489
leaf_weight=23.710330590605736 9014.3848194284365 8.8494057506322878 4.5265048816800109 5.6931650340557116 5.3518172577023533 8.035349026322363 7.253789126873019 8.1027739048004133 149.64732061559334 13.547616887837647 6.2696903273463249 37.960070714354515 17.434486798942089 9.5935110747814161
leaf_count=124 50178 42 22 31 27 48 30 40 958 83 33 240 107 43
internal_value=-3.05927e-06 0.00262277 -0.000972334 -0.00302663 -0.00183405 0.0219501 0.00959339 0.0203634 -0.00447667 -0.0239282 0.00271208 0.00488835 0.0157987 -0.00783824
internal_weight=9320.36 305.976 210.024 193.139 188.612 16.8848 95.9522 20.0656 168.547 18.8994 11.9629 72.2419 34.2818 16.8473
internal_count=52006 1828 1284 1194 1172 90 544 104 1068 110 64 420 180 73
cat_boundaries=0 1
cat_threshold=289
is_linear=0
shrinkage=0.05


Tree=268
num_leaves=15
num_cat=0
split_feature=4 8 6 7 2 6 1 3 1 2 4 4 1 6
split_gain=0.864361 4.72097 4.35193 3.71524 3.50763 4.59788 3.17105 2.55768 2.4749 1.795 2.40931 1.21262 5.61052 3.13795
threshold=11.100000000000001 12.500000000000002 1.7550000000000001 39.863333333333337 15.500000000000002 2.0683333333333338 55.500000000000007 11.500000000000002 55.500000000000007 34.500000000000007 12.100000000000001 10.900000000000002 54.250000000000007 1.6387500000000002
decision_type=10 2 8 8 10 10 10 10 10 10 10 10 8 10
left_child=11 2 3 -2 5 7 -6 -3 -4 10 -8 -1 -13 -14
right_child=1 4 8 -5 6 -7 9 -9 -10 -11 -12 12 13 -15
leaf_value=2.7205775675360777e-06 0.068961358047005247 0.057115473517598804 -0.052584309623065734 0.0013014242274224641 -0.052610824637202062 -0.051801560104315997 -0.046035483376230035 -0.0049105063886114254 0.021737128069468054 0.024310262118683885 0.010471139196051457 -0.024861135857613757 0.0036701278545042135 0.053016070964734367
leaf_weight=9258.7904666112736 4.6791917495429471 3.5924206711351889 2.6448641694150874 3.5821382142603406 8.8755237581208348 2.4373752311803401 4.7923353631049395 3.0929965376853943 1.9430319499224422 2.5700113344937563 3.1109721958637238 6.6880188416689661 5.7269837819039804 7.3645901521667838
leaf_count=50854 52 60 83 62 261 90 91 57 36 27 58 114 65 96
internal_value=-2.99332e-06 -0.00721852 0.017939 0.0396238 -0.0185721 0.00698632 -0.0306227 0.0284193 -0.0211082 -0.011989 -0.0237928 2.914e-05 0.012396 0.0314294
internal_weight=9319.89 41.3209 12.8492 8.26133 28.4716 9.12279 19.3488 6.68542 4.5879 10.4733 7.90331 9278.57 19.7796 13.0916
internal_count=52006 877 233 114 644 207 437 117 119 176 149 51129 275 161
is_linear=0
shrinkage=0.05


Tree=269
num_leaves=15
num_cat=0
split_feature=1 8 6 2 5 7 2 7 3 2 7 8 4 6
split_gain=0.851289 6.54115 6.24411 6.53219 7.22501 6.03855 3.87383 3.83639 4.09618 3.74382 3.64702 7.02735 5.96783 7.51764
threshold=57.250000000000007 4.5000000000000009 0.46000000000000008 26.500000000000004 0.35000000000000003 39.590000000000011 21.500000000000004 38.922500000000007 4.5000000000000009 44.500000000000007 39.790000000000013 16.500000000000004 6.5500000000000007 1.4950000000000003
decision_type=8 2 8 10 8 10 10 10 10 8 10 2 10 10
left_child=-1 5 -3 6 -5 -2 10 -6 -9 -10 12 -12 13 -4
right_child=1 2 3 4 7 -7 -8 8 9 -11 11 -13 -14 -15
leaf_value=-6.8537985948346388e-05 0.0016020890532723821 -0.034708611731447438 0.029906818388930681 0.076266129066471899 0.040907670767039328 -0.045135244405070725 -0.032445659669066783 -0.01284075515785729 0.053015293459498729 -0.0044712204362616411 0.032387081916910317 -0.0051371468651959101 -0.037503451094204845 -0.026512180462044184
leaf_weight=9148.0666965334676 16.039008297026161 8.1439804434776288 14.645993843674662 6.2344077974557868 12.216990701854227 12.1436450779438 7.1548185404390088 12.847588896751406 6.5603604018688175 4.9837509961798796 26.23289052862674 23.793792424723506 10.7566035464406 9.8922560811042768
leaf_count=51058 75 40 68 34 60 63 42 56 38 35 143 175 71 48
internal_value=-3.08046e-06 0.00348555 0.00781169 0.0103707 0.0265104 -0.0185366 0.00289341 0.018037 0.00658188 0.0281976 0.00585684 0.0145397 -0.00645023 0.00716228
internal_weight=9319.71 171.646 143.463 135.319 42.8431 28.1827 92.4764 36.6087 24.3917 11.5441 85.3215 50.0267 35.2949 24.5382
internal_count=52006 948 810 770 223 138 547 189 129 73 505 318 187 116
is_linear=0
shrinkage=0.05


Tree=270
num_leaves=15
num_cat=0
split_feature=8 1 4 6 2 2 7 4 8 8 0 3 4 5
split_gain=0.84904 0.954832 4.76827 3.72377 3.43272 4.6734 4.65309 4.62423 10.3201 2.69657 2.43657 2.92654 2.85999 2.40705
threshold=38.500000000000007 51.250000000000007 6.4500000000000011 2.3183333333333338 31.500000000000004 19.500000000000004 39.722500000000011 9.3666666666666689 10.500000000000002 14.500000000000002 3.5000000000000004 5.5000000000000009 5.1000000000000005 0.35000000000000003
decision_type=2 8 10 10 10 10 10 10 2 2 2 8 8 10
left_child=1 2 3 10 5 6 -4 8 -7 -10 -1 -12 -13 -9
right_child=-2 -3 4 -5 -6 7 -8 13 9 -11 11 12 -14 -15
leaf_value=-0.029069693734855143 -0.016372152998933135 6.425293225488827e-05 0.030131988423625897 -0.046571720008857995 -0.026830605994382258 -0.0084601288271620497 -0.027579239379897331 -0.055809855377683452 0.10426448379673743 0.050541019485484721 0.0055707620422115901 0.0010746346988833122 -0.047725120973276962 0.012397845802381719
leaf_weight=11.853950470685957 7.9150032065808764 9209.2472621523775 5.370067983865737 7.6254557259380809 6.1009662002325049 5.8553649280220297 9.9905720418319088 1.8218620065599669 4.4661582261323911 4.8965607360005379 28.07732218503952 5.863018944859502 6.1536328643560418 4.4598393999040127
leaf_count=60 61 51210 40 53 59 49 111 24 30 35 127 32 39 76
internal_value=-3.08528e-06 1.08284e-05 -0.00478754 -0.013944 0.00790948 0.0136595 -0.00740344 0.028708 0.0436061 0.0761679 -0.00915457 -0.00326658 -0.0239153 -0.00738422
internal_weight=9319.7 9311.78 102.535 59.5734 42.9614 36.8604 15.3606 21.4998 15.2181 9.36272 51.9479 40.094 12.0167 6.2817
internal_count=52006 51945 735 311 424 365 151 214 114 65 258 198 71 100
is_linear=0
shrinkage=0.05


Tree=271
num_leaves=15
num_cat=2
split_feature=6 7 10 6 8 6 7 4 6 5 0 0 10 0
split_gain=0.851872 5.31335 4.44723 4.92688 5.12578 6.93739 8.97122 8.1155 6.87165 7.26984 5.93754 7.25911 7.6678 9.13168
threshold=2.1887500000000006 36.95000000000001 0 2.3354166666666671 6.5000000000000009 3.0550000000000002 39.210000000000015 5.366666666666668 2.9450000000000007 2.7500000000000004 2.5000000000000004 3.5000000000000004 1 5.5000000000000009
decision_type=8 8 1 8 2 8 8 10 8 10 2 2 1 2
left_child=-1 -2 3 -3 5 7 -7 -5 9 -9 -8 -12 -13 -14
right_child=1 2 -4 4 -6 6 10 8 -10 -11 11 12 13 -15
leaf_value=-0.00033449223509015425 -0.03113738288765119 0.010306552505320872 -0.0014213675922697489 0.008319076018606637 -0.0010583816369546138 0.021677683092023226 0.01104998515901924 0.040205817040538695 0.082160834390081483 -0.023367194697250616 -0.0081514940694256428 0.016302851464869521 0.0027207194434550989 -0.037029454243407194
leaf_weight=6294.9237630320713 13.059371706098316 179.93479932844639 1270.7366351252422 121.31647701561451 847.90553538734093 53.095414936542511 99.181188421323895 18.462612424045808 6.6189016029238692 5.944993417710065 240.72105654515326 73.188551239669323 76.587934877723455 17.807518180459738
leaf_count=34158 64 1018 7535 531 5836 280 444 112 39 41 1156 338 366 88
internal_value=-3.13443e-06 0.00068651 0.000824514 0.00245802 0.00156898 0.0046938 0.00212258 0.0141552 0.0369749 0.0247213 7.66456e-05 -0.00258888 0.00540136 -0.00432038
internal_weight=9319.48 3024.56 3011.5 1740.76 1560.83 712.925 560.582 152.343 31.0265 24.4076 507.486 408.305 167.584 94.3955
internal_count=52006 17848 17784 10249 9231 3395 2672 723 192 153 2392 1948 792 454
cat_boundaries=0 1 2
cat_threshold=1429 1281
is_linear=0
shrinkage=0.05


Tree=272
num_leaves=15
num_cat=0
split_feature=7 4 3 7 5 7 2 8 3 1 1 8 7 2
split_gain=0.843339 2.8211 2.68724 3.65085 3.95768 2.57736 2.27655 3.04145 2.64364 2.34735 4.47648 2.73572 2.10523 2.3395
threshold=43.25500000000001 2.5500000000000003 8.5000000000000018 43.745000000000012 4.5000000000000009 43.190000000000019 14.500000000000002 3.5000000000000004 4.5000000000000009 54.750000000000007 55.500000000000007 3.5000000000000004 43.070000000000014 19.500000000000004
decision_type=10 10 10 10 10 10 10 2 10 10 10 2 10 10
left_child=5 -2 6 -4 -5 12 7 -3 -9 -8 -11 -12 -1 -14
right_child=1 2 3 4 -6 -7 9 8 -10 10 11 -13 13 -15
leaf_value=4.1714157651008256e-05 0.023923517746611455 -0.062255216071639974 -0.01677663242637506 0.064439542930847735 -0.017185401137690067 0.032898270535679723 -0.034747520645998405 0.016251758722576296 -0.032815977345610085 0.029316727929473197 -0.00023934287433860773 -0.050544752942186334 -0.03984584982463088 0.0080260691518033115
leaf_weight=9238.3950658515096 7.1038242131471625 5.0391948428005007 6.2733848476782423 4.3386791665107012 2.2578344270586967 5.9630082873627535 5.6148745827376869 4.1647223830223075 8.0528438296169025 8.5467983111739176 7.5570218749344331 4.2072274778038263 6.8246586918830854 4.0765785546973348
leaf_count=51312 30 42 89 41 48 44 49 26 83 62 50 36 62 32
internal_value=-2.30542e-06 -0.00576049 -0.00952249 0.0105311 0.0365012 3.69875e-05 -0.0154991 -0.0295707 -0.0160898 -0.00613289 0.00177746 -0.01823 1.58019e-05 -0.0219439
internal_weight=9318.42 63.1564 56.0526 12.8699 6.59651 9255.26 43.1827 17.2568 12.2176 25.9259 20.311 11.7642 9249.3 10.9012
internal_count=52006 556 526 178 89 51450 348 151 109 197 148 86 51406 94
is_linear=0
shrinkage=0.05


Tree=273
num_leaves=15
num_cat=1
split_feature=6 10 1 2 7 2 3 6 7 7 4 4 3 8
split_gain=0.833132 4.90007 6.3857 4.16901 5.39192 6.17517 5.60589 4.51649 3.76689 3.9801 3.58175 5.30954 4.4377 3.30525
threshold=0.68541666666666667 0 58.250000000000007 33.500000000000007 40.663333333333348 81.500000000000014 6.5000000000000009 0.10500000000000002 41.690000000000012 42.136666666666677 2.9000000000000004 1.2916666666666667 2.5000000000000004 17.500000000000004
decision_type=8 1 8 10 10 10 10 10 10 8 10 10 10 2
left_child=1 -1 3 7 6 -6 10 -3 13 -10 11 -5 -12 -9
right_child=-2 2 -4 4 5 -7 -8 8 9 -11 12 -13 -14 -15
leaf_value=-0.0033012946273067605 -0.00017162232764312711 -0.013203834616493874 -0.046372683094414918 0.015731259725741971 -0.0084193402906773736 0.056827077833485867 -0.028171518920470557 0.010412698192641881 -0.048261626013068132 0.0099353810971950125 -0.015700845646266007 -0.017476353382758495 0.016109033110880799 0.0004651218724123812
leaf_weight=367.96386002376676 8259.3122628624551 27.712113454937935 6.2775616869330397 15.915955170989035 6.8293918520212156 7.7321701720356941 23.280834369361401 377.95103756338358 6.1385034471750233 5.6345632337033758 14.848092526197432 49.391130521893501 41.914955131709576 107.18635863438249
leaf_count=1818 46733 131 33 71 36 37 146 1812 33 31 62 206 199 658
internal_value=-2.34701e-06 0.00131814 0.00377188 0.00428684 -0.00278074 0.0262264 -0.00568674 0.00644114 0.00753671 -0.0204087 -0.00139852 -0.00938334 0.0077882 0.00821488
internal_weight=9318.09 1058.78 690.813 684.535 159.913 14.5616 145.351 524.623 496.91 11.7731 122.07 65.3071 56.763 485.137
internal_count=52006 5273 3455 3422 757 73 684 2665 2534 64 538 277 261 2470
cat_boundaries=0 1
cat_threshold=1106
is_linear=0
shrinkage=0.05


Tree=274
num_leaves=15
num_cat=1
split_feature=6 6 8 8 7 2 7 10 4 1 2 7 7 0
split_gain=0.856055 5.93526 3.54 8.22432 5.87704 5.62291 4.73986 5.55797 8.34715 6.39855 4.8295 4.67417 4.61387 5.41061
threshold=1.0950000000000004 1.0225000000000002 18.500000000000004 21.500000000000004 40.745000000000012 15.500000000000002 37.822500000000012 0 8.1000000000000014 54.250000000000007 56.500000000000007 41.345000000000013 39.990000000000016 4.5000000000000009
decision_type=8 10 2 2 10 10 10 1 10 8 10 8 10 2
left_child=1 -1 6 5 -5 -4 -3 8 10 -10 12 -9 13 -8
right_child=-2 2 3 4 -6 -7 7 11 9 -11 -12 -13 -14 -15
leaf_value=5.771487985703304e-05 0.0003019429365925555 -0.033934290241247105 0.045466121802406112 -0.02190772787979026 0.026246590454420723 -0.00056966442025020443 0.0077148257743692274 0.0038414955691080856 0.077533689836910669 -0.0026465936215039668 -0.053118685207677555 -0.041486736943275294 -0.03121215555622453 -0.027357902104648453
leaf_weight=2392.4469511434436 6638.6049774587154 19.781301520764828 14.251380896195771 30.869738364592195 7.9726155996322623 12.408083133399485 25.858513832092285 91.902220750227571 3.6795251332223389 7.6851206831634054 11.046859249472616 6.0624791458249083 36.02175984531641 19.132302895188332
leaf_count=12243 38148 99 83 234 60 75 118 473 35 62 56 37 188 95
internal_value=-2.51241e-06 -0.000756924 -0.00755557 0.0026542 -0.0120238 0.0240397 -0.0105793 -0.00828527 -0.0156059 0.0233133 -0.0221057 0.000940395 -0.0178768 -0.00719982
internal_weight=9317.72 2679.12 286.672 65.5018 38.8424 26.6595 221.17 201.389 103.424 11.3646 92.0594 97.9647 81.0126 44.9908
internal_count=52006 13858 1615 452 294 158 1163 1064 554 97 457 510 401 213
cat_boundaries=0 1
cat_threshold=47
is_linear=0
shrinkage=0.05


Tree=275
num_leaves=15
num_cat=2
split_feature=5 6 10 8 4 4 2 10 2 4 1 6 0 2
split_gain=0.831259 4.00619 6.07438 5.99763 5.38982 5.81362 4.9514 8.13686 10.4505 8.26402 6.97516 9.48022 7.00528 6.95999
threshold=0.35000000000000003 0.6050000000000002 0 29.500000000000004 4.9000000000000012 5.1000000000000005 20.500000000000004 1 22.500000000000004 2.9000000000000004 54.750000000000007 0.47749999999999998 3.5000000000000004 13.500000000000002
decision_type=8 10 1 2 10 10 10 1 10 10 10 10 2 10
left_child=1 3 -3 6 -4 -6 13 10 9 -9 11 -8 -12 -1
right_child=-2 2 4 -5 5 -7 7 8 -10 -11 12 -13 -14 -15
leaf_value=-0.0068211615509618786 0.00022761593037780412 -0.0087019494138124587 0.0032471726609593285 0.052841667635441153 -0.022869459842316114 -0.0024927159711484077 -0.023361509268306668 -0.092535139085594798 -0.0045678187303008653 -0.024140938848598054 0.06537356845065144 0.04003014221152499 0.013320609629067448 0.013999587952282944
leaf_weight=55.579837381839752 7528.4402243997902 279.24438667297363 506.17498385906219 6.0378299690783015 37.34746477752924 557.83781444095075 25.211727127432823 6.0310923755168941 94.869225613772869 16.499299935996532 7.5593149960041037 7.6988759599626055 44.592445101588964 144.46876063197851
leaf_count=284 42032 1730 2215 45 196 3793 129 25 454 89 34 40 216 724
internal_value=-2.61172e-06 -0.000971369 -0.00225843 0.00337799 -0.000540788 -0.00377134 0.00263601 -0.0028764 -0.0109085 -0.0424492 0.00849317 -0.00853211 0.0208656 0.00821492
internal_weight=9317.59 1789.15 1380.6 408.548 1101.36 595.185 402.511 202.462 117.4 22.5304 85.0624 32.9106 52.1518 200.049
internal_count=52006 9974 7934 2040 6204 3989 1995 987 568 114 419 169 250 1008
cat_boundaries=0 1 2
cat_threshold=9 1193
is_linear=0
shrinkage=0.05


Tree=276
num_leaves=15
num_cat=1
split_feature=1 8 7 6 2 5 6 11 7 6 6 2 7 3
split_gain=0.829585 5.83889 5.53939 5.37438 5.81195 6.17467 3.59664 6.03985 6.02142 4.37054 4.77812 3.86763 3.45792 3.6462
threshold=57.250000000000007 4.5000000000000009 39.590000000000011 0.46000000000000008 26.500000000000004 0.35000000000000003 1.4550000000000003 0 39.810000000000009 0.90500000000000014 0.65500000000000025 13.500000000000002 38.922500000000007 4.5000000000000009
decision_type=8 2 10 8 10 8 10 1 10 8 10 10 10 10
left_child=-1 2 -2 -3 6 -6 9 -8 -9 10 -5 -11 -7 -14
right_child=1 3 -4 4 5 12 7 8 -10 11 -12 -13 13 -15
leaf_value=-6.7737315464171813e-05 0.0018163901268281727 -0.032319688557710988 -0.043090831808879418 0.027491132177802042 0.070251243211791103 0.038745327201680224 0.0101243261899846 -0.06343561154880932 -0.0081461200656421633 -0.0046888987029394188 -0.029665213239574911 0.036971595915372059 -0.012147090533964932 0.026451280292418351
leaf_weight=9145.1241484060884 16.023813784122471 7.9956562966108313 12.016927137970923 5.9046604521572581 6.4178004562854758 12.29582220315933 25.994254657067358 7.0721115265041616 16.215377051383257 7.7463842481374767 9.6037342026829702 19.838377103209496 12.832535594701769 11.694183005020021
leaf_count=51058 75 40 63 31 34 60 156 44 117 44 47 108 56 73
internal_value=-3.09799e-06 0.00344071 -0.0174287 0.00751556 0.00986419 0.0249931 0.00278238 -0.0064434 -0.0249368 0.0133331 -0.00790353 0.0252724 0.0171051 0.00625637
internal_weight=9316.78 171.652 28.0407 143.611 135.615 43.2403 92.3749 49.2817 23.2875 43.0932 15.5084 27.5848 36.8225 24.5267
internal_count=52006 948 138 810 770 223 547 317 161 230 78 152 189 129
cat_boundaries=0 1
cat_threshold=4
is_linear=0
shrinkage=0.05


Tree=277
num_leaves=15
num_cat=0
split_feature=0 8 6 6 5 8 2 7 2 7 2 7 3 6
split_gain=0.829107 2.896 5.75057 4.87145 6.17157 5.79846 4.93977 4.50394 7.36868 6.15282 4.40726 4.30604 3.62214 4.13785
threshold=7.5000000000000009 8.5000000000000018 0.6050000000000002 0.9275000000000001 1.6250000000000002 4.5000000000000009 94.500000000000014 38.745000000000012 23.500000000000004 39.522500000000015 19.500000000000004 39.022500000000015 11.500000000000002 2.2050000000000005
decision_type=2 2 8 8 8 2 10 8 10 10 10 10 10 10
left_child=-1 3 -3 5 10 -2 7 -6 9 -9 -5 -12 -4 -14
right_child=1 2 12 4 6 -7 -8 8 -10 -11 11 -13 13 -15
leaf_value=0.00012767218667273769 0.022028610582176842 0.01363534766903159 -0.0054376488240169794 0.0013957044280180312 -0.025687251407938917 -0.03022621405261057 -0.026722757950391668 0.026956656913299223 0.054321920554378504 -0.029175443746887481 0.018347981689233742 0.061173969773736063 0.0022623335258474637 0.058861191201499442
leaf_weight=8651.8782484224066 7.751163303852084 46.706912245601416 494.87070720735937 10.793290950357912 7.2646510973572722 16.848636955022812 12.653288420289753 10.466380398720508 9.5537091959267837 9.149728272110222 11.610977426171305 11.869968794286249 10.80540315248072 4.6056475937366477
leaf_count=47683 36 261 3321 54 38 81 69 52 50 50 56 57 124 74
internal_value=-3.08957e-06 -0.00170447 -0.00315721 0.00579038 0.01156 -0.0137612 0.000192052 0.00953927 0.0183123 0.000774427 0.0278412 0.0399972 -0.00469426 0.0191771
internal_weight=9316.83 664.95 556.989 107.962 83.362 24.5998 49.0878 36.4345 29.1698 19.6161 34.2742 23.4809 510.282 15.4111
internal_count=52006 4323 3780 543 426 117 259 190 152 102 167 113 3519 198
is_linear=0
shrinkage=0.05


Tree=278
num_leaves=15
num_cat=0
split_feature=3 2 4 0 6 1 8 6 3 7 9 0 8 5
split_gain=0.848454 5.91215 6.14284 6.30598 6.83883 9.55813 8.72233 8.16198 7.89544 6.51477 5.33385 6.40434 5.95491 5.86936
threshold=10.500000000000002 37.500000000000007 5.9000000000000012 3.5000000000000004 1.4887500000000002 54.750000000000007 8.5000000000000018 2.0550000000000006 11.500000000000002 40.845000000000006 1.0000000180025095e-35 5.5000000000000009 23.500000000000004 0.35000000000000003
decision_type=10 10 10 2 10 10 2 10 10 8 10 2 2 8
left_child=-1 2 -2 4 5 -4 -6 -8 -7 -9 11 13 -13 -5
right_child=1 -3 3 10 6 8 7 9 -10 -11 -12 12 -14 -15
leaf_value=9.3813817371482229e-05 -0.033757999366196764 0.010689267516876509 -0.0056877636250923704 -0.018141496618936184 -0.025422348157354269 0.02139676848076048 -0.023574295500312981 0.092618142588205221 0.10700810593680275 0.017933380164542666 -0.011171809499987709 -0.025089701397599924 0.050469207292438839 0.038603031098526558
leaf_weight=8947.569840292912 17.97990594804287 70.317194792442024 7.9085862822830704 5.9999281894415644 18.383879388682544 5.0951809138059598 6.206349944695833 4.7528492752462599 5.7125203087925911 7.571655211970211 180.20797454146668 16.570620197337124 3.0945946983993045 18.94943050481379
leaf_count=47537 127 580 92 64 265 52 80 72 50 127 2552 174 30 204
internal_value=-3.05317e-06 -0.00235349 -0.00542663 -0.00361031 0.0114619 0.0360822 -0.0010209 0.023187 0.0666475 0.046735 -0.00733984 0.00813832 -0.0131995 0.0249569
internal_weight=9316.32 368.751 298.433 280.454 55.631 18.7163 36.9147 18.5309 10.8077 12.3245 224.823 44.6146 19.6652 24.9494
internal_count=52006 4469 3889 3762 738 194 544 279 102 199 3024 472 204 268
is_linear=0
shrinkage=0.05


Tree=279
num_leaves=15
num_cat=1
split_feature=0 10 8 4 7 6 4 1 5 6 6 8 5 9
split_gain=0.833417 4.74164 10.8743 7.32254 6.93011 7.14064 6.73785 7.67416 6.57037 6.22106 5.798 7.0308 6.87379 5.81732
threshold=3.5000000000000004 0 2.5000000000000004 7.9000000000000012 40.090000000000011 2.2816666666666672 4.291666666666667 56.250000000000007 0.87500000000000011 2.7550000000000003 1.4050000000000005 12.500000000000002 2.7500000000000004 1.0000000180025095e-35
decision_type=2 1 2 10 10 10 10 8 10 10 10 2 8 10
left_child=1 2 3 -1 10 -6 7 9 -5 -7 -4 13 -13 -12
right_child=-2 -3 4 8 5 6 -8 -9 -10 -11 11 12 -14 -15
leaf_value=0.0011138791592773323 0.00028474307557494664 0.00077557470590825189 -0.012002469078539116 0.093462524348554066 -0.020105664835423823 0.045877703740839507 -0.01344940970468962 -0.026327374665564781 0.01665897210193298 0.0048969043521922967 0.044565065988745031 0.06539962283664813 -0.0017356050571970623 -0.0028253177606174049
leaf_weight=366.66426263004541 6794.4500816613436 1668.6105726538226 66.493685968220234 3.8724206089973441 171.72518959082663 14.598719149827955 84.683143213391304 11.594274118542669 9.9129595160484296 25.32669173181057 7.0872604995965949 9.2557035349309409 6.4834738969802865 75.0376409702003
leaf_count=1616 38807 8682 319 28 1022 64 720 52 87 118 33 56 36 366
internal_value=-3.34835e-06 -0.000779689 -0.00378767 0.00245889 -0.00889978 -0.0133247 -0.00477528 0.00948242 0.0382337 0.0198815 -0.00060954 0.00713138 0.0377445 0.0012644
internal_weight=9315.8 2521.35 852.735 380.45 472.286 307.928 136.203 51.5197 13.7854 39.9254 164.358 97.8641 15.7392 82.1249
internal_count=52006 13199 4517 1731 2786 1976 954 234 115 182 810 491 92 399
cat_boundaries=0 1
cat_threshold=323
is_linear=0
shrinkage=0.05


Tree=280
num_leaves=15
num_cat=1
split_feature=10 2 6 8 8 6 8 3 8 6 7 7 2 5
split_gain=0.825769 5.24411 4.4373 8.23042 6.74391 4.28409 6.95071 4.19005 4.18912 4.04724 3.59138 5.1916 5.97712 5.24098
threshold=0 90.500000000000014 4.205000000000001 11.500000000000002 17.500000000000004 0.56833333333333347 4.5000000000000009 1.5000000000000002 20.500000000000004 1.5450000000000002 40.245000000000012 40.890000000000015 15.500000000000002 0.87500000000000011
decision_type=1 10 10 2 2 10 2 8 2 10 10 10 10 10
left_child=1 2 7 -4 -5 -3 9 10 -6 -7 -1 12 -12 -13
right_child=-2 5 3 4 8 6 -8 -9 -10 -11 11 13 -14 -15
leaf_value=0.016936506698936381 -0.00020204560451816887 -0.046348405867496771 0.002900577986544316 -0.058976842659146204 0.024782116719464887 0.050564984757248292 -0.01679279699407854 0.0015206997994468084 -0.032791995460965589 0.0018741796874815948 -0.039360723759597427 -0.0028600567640317889 0.011497154331573632 0.040511077110725789
leaf_weight=87.081584222614765 7911.5683047575876 7.8696469813585272 42.457707513123751 12.637212775647642 5.6322376467287523 6.4698077440261867 53.03296959772706 1116.1928251199424 7.1960999630391598 12.539460264146326 13.200783312320711 17.375719711184505 10.273063108325003 11.626085340976713
leaf_count=400 44419 38 255 98 53 29 276 6078 76 60 58 74 43 49
internal_value=-3.40037e-06 0.00110983 0.00186867 -0.0105788 -0.0330524 -0.0113209 -0.00749456 0.00254196 -0.00751428 0.0184461 0.0107101 0.000377476 -0.0171033 0.0145263
internal_weight=9315.15 1403.59 1323.67 67.9233 25.4656 79.9119 72.0422 1255.75 12.8283 19.0093 139.557 52.4757 23.4738 29.0018
internal_count=52006 7587 7184 482 227 403 365 6702 129 89 624 224 101 123
cat_boundaries=0 1
cat_threshold=288
is_linear=0
shrinkage=0.05


Tree=281
num_leaves=15
num_cat=2
split_feature=4 9 0 10 6 8 7 6 2 7 2 10 6 8
split_gain=0.817578 8.5664 4.05652 9.53147 10.2189 8.25509 8.07089 7.87048 7.86755 7.53847 7.15193 7.47084 6.78942 6.6012
threshold=2.6333333333333337 1.0000000180025095e-35 5.5000000000000009 0 1.0050000000000006 8.5000000000000018 40.090000000000011 1.6450000000000002 139.50000000000003 39.310000000000009 106.50000000000001 1 0.95500000000000018 7.5000000000000009
decision_type=10 8 2 1 10 2 10 10 10 8 10 1 10 2
left_child=1 -1 9 8 12 6 7 -6 -4 -3 11 -11 -5 -12
right_child=-2 2 3 4 5 -7 -8 -9 -10 10 13 -13 -14 -15
leaf_value=-0.01245625592136757 0.000266987268093056 0.0060717765908439606 -0.011578836044101882 0.0090573860385566099 -0.038417494634261924 -0.018263059903422519 0.041757977091985282 0.013188291334824638 -0.047303656374828869 -0.0055237914610187892 0.024165190640147969 0.002129658338605879 0.054649205374218669 -0.018301273100604143
leaf_weight=147.98218594491482 6987.5830585360527 510.93405500054359 102.57729947566986 94.228414669632912 11.331746265292166 77.469140015542507 13.057540655136107 21.230771109461784 18.136081010103226 655.83136512339115 47.423018902540207 606.23625249415636 8.9405913501977903 11.339104101061819
leaf_count=619 42138 2239 426 428 50 327 55 96 77 2738 200 2526 39 48
internal_value=-3.32624e-06 -0.00081513 -2.44515e-05 -0.00498161 0.0013424 -0.00832654 0.00854705 -0.00477051 -0.0156497 0.00091453 -0.00108044 -0.00187434 0.0130084 0.0159706
internal_weight=9314.3 2326.72 2178.74 346.972 226.258 123.089 45.6201 32.5625 120.713 1831.76 1320.83 1262.07 103.169 58.7621
internal_count=52006 9868 9249 1498 995 528 201 146 503 7751 5512 5264 467 248
cat_boundaries=0 1 2
cat_threshold=214 519
is_linear=0
shrinkage=0.05


Tree=282
num_leaves=15
num_cat=0
split_feature=6 6 2 6 5 6 8 5 8 4 4 4 4 4
split_gain=0.854283 5.25125 3.63438 6.03984 5.26733 7.52638 5.99035 5.35079 4.34024 6.6982 9.59461 5.88293 10.6096 6.28736
threshold=1.0950000000000004 1.0225000000000002 13.500000000000002 0.47749999999999998 0.62500000000000011 0.41458333333333341 8.5000000000000018 0.15000000000000005 19.500000000000004 7.7750000000000012 10.100000000000001 8.4500000000000011 10.225000000000001 9.9000000000000021
decision_type=8 10 10 10 10 10 2 10 2 10 10 10 10 10
left_child=1 2 3 4 5 6 -1 -8 11 -10 -11 -4 13 -13
right_child=-2 -3 8 -5 -6 -7 7 -9 9 10 -12 12 -14 -15
leaf_value=-0.024609582401358684 0.00030086082870056598 -0.0071643593832928969 -0.00056198849795024227 0.0078178935652786878 0.032246241535776141 -0.053067318656344779 0.040330030158903712 -0.0081716115885016871 -0.0022841531729962681 -0.02779347109985076 0.030175253241870988 0.014277779495320903 -0.020418507230047289 0.05254728012998211
leaf_weight=21.694756805896759 6635.9652991783805 285.6746549140662 1675.5073256790638 285.05069149658084 6.773208685219287 10.283483088016508 9.6807595826685446 13.782164983451365 211.12935529649258 57.383208621293306 8.1521175038069469 60.075982466340065 19.469160130247474 13.066960114985703
leaf_count=102 38148 1615 7811 1523 33 53 50 72 1194 504 116 453 220 112
internal_value=-3.32636e-06 -0.000757166 8.02376e-06 0.00473728 -0.00937729 -0.0144624 -0.00567115 0.0118401 -0.000795145 -0.00661862 -0.0205826 0.000116077 0.0123834 0.0211146
internal_weight=9313.69 2677.72 2392.05 347.265 62.2144 55.4412 45.1577 23.4629 2044.78 276.665 65.5353 1768.12 92.6121 73.1429
internal_count=52006 13858 12243 1833 310 277 224 122 10410 1814 620 8596 785 565
is_linear=0
shrinkage=0.05


Tree=283
num_leaves=15
num_cat=1
split_feature=2 2 4 10 7 9 2 5 3 4 4 6 8 0
split_gain=0.82693 1.42123 0.957933 5.89856 4.71832 3.54759 6.99871 5.56137 4.82415 2.88067 5.71185 2.80168 5.48381 2.58535
threshold=421.00000000000006 378.50000000000006 10.225000000000001 0 38.163333333333348 1.0000000180025095e-35 28.500000000000004 2.2500000000000004 9.5000000000000018 10.550000000000002 10.900000000000002 3.895 25.500000000000004 3.5000000000000004
decision_type=10 10 10 1 10 10 8 8 10 10 10 8 2 2
left_child=1 2 -1 4 -4 6 -6 8 9 -7 -11 -9 -13 -5
right_child=-2 -3 3 13 5 7 -8 11 -10 10 -12 12 -14 -15
leaf_value=5.9862501417785334e-05 0.017887442843544599 -0.025357995761792054 -0.054713521542903577 0.013580916489224238 0.083805026046154182 0.080250354750312294 0.0071020069490945808 -0.035586414564585361 0.0023535028339959343 -0.012019472429168048 0.077617563293568226 -0.02590945832047406 0.12739945927827614 -0.021471023521009248
leaf_weight=9170.6291687320918 6.4542343169450751 5.5291740968823424 3.0931499786674967 5.8818586729466906 4.3298083767294857 3.2438245192170125 9.497003810480237 11.247990000061687 33.682045144028962 4.4532342478632927 2.9575347434729338 1.920926376245917 0.83764854352921236 49.806300224270672
leaf_count=49775 28 27 56 93 34 33 57 275 594 49 37 70 30 848
internal_value=-3.42865e-06 -1.58355e-05 -7.71256e-07 -0.004247 0.00508262 0.0083497 0.0311212 0.00295305 0.0116297 0.0409541 0.0237534 -0.0245121 0.0206432 -0.0150638
internal_weight=9313.56 9307.11 9301.58 130.951 75.2632 72.17 13.8268 58.3432 44.3366 10.6546 7.41077 14.0066 2.75857 55.6882
internal_count=52006 51978 51951 2176 1235 1179 91 1088 713 119 86 375 100 941
cat_boundaries=0 1
cat_threshold=1355
is_linear=0
shrinkage=0.05


end of trees

feature_importances:
avg5_last3f=548
avg5_margin=520
avg5_ninki=471
days_since_last=442
n_past_races=389
競馬場=372
last_margin=324
last_ninki=301
齢=222
kinryo=215
same_track_as_last=113
性=59

parameters:
[boosting: gbdt]
[objective: binary]
[metric: auc]
[tree_learner: serial]
[device_type: cpu]
[data_sample_strategy: bagging]
[data: ]
[valid: ]
[num_iterations: 284]
[learning_rate: 0.05]
[num_leaves: 15]
[num_threads: 0]
[seed: 0]
[deterministic: 0]
[force_col_wise: 0]
[force_row_wise: 0]
[histogram_pool_size: -1]
[max_depth: -1]
[min_data_in_leaf: 30]
[min_sum_hessian_in_leaf: 0.001]
[bagging_fraction: 1]
[pos_bagging_fraction: 1]
[neg_bagging_fraction: 1]
[bagging_freq: 0]
[bagging_seed: 3]
[bagging_by_query: 0]
[feature_fraction: 1]
[feature_fraction_bynode: 1]
[feature_fraction_seed: 2]
[extra_trees: 0]
[extra_seed: 6]
[early_stopping_round: 0]
[early_stopping_min_delta: 0]
[first_metric_only: 0]
[max_delta_step: 0]
[lambda_l1: 0]
[lambda_l2: 0]
[linear_lambda: 0]
[min_gain_to_split: 0]
[drop_rate: 0.1]
[max_drop: 50]
[skip_drop: 0.5]
[xgboost_dart_mode: 0]
[uniform_drop: 0]
[drop_seed: 4]
[top_rate: 0.2]
[other_rate: 0.1]
[min_data_per_group: 100]
[max_cat_threshold: 32]
[cat_l2: 10]
[cat_smooth: 10]
[max_cat_to_onehot: 4]
[top_k: 20]
[monotone_constraints: ]
[monotone_constraints_method: basic]
[monotone_penalty: 0]
[feature_contri: ]
[forcedsplits_filename: ]
[refit_decay_rate: 0.9]
[cegb_tradeoff: 1]
[cegb_penalty_split: 0]
[cegb_penalty_feature_lazy: ]
[cegb_penalty_feature_coupled: ]
[path_smooth: 0]
[interaction_constraints: ]
[verbosity: -1]
[saved_feature_importance_type: 0]
[use_quantized_grad: 0]
[num_grad_quant_bins: 4]
[quant_train_renew_leaf: 0]
[stochastic_rounding: 1]
[linear_tree: 0]
[max_bin: 255]
[max_bin_by_feature: ]
[min_data_in_bin: 3]
[bin_construct_sample_cnt: 200000]
[data_random_seed: 1]
[is_enable_sparse: 1]
[enable_bundle: 1]
[use_missing: 1]
[zero_as_missing: 0]
[feature_pre_filter: 1]
[pre_partition: 0]
[two_round: 0]
[header: 0]
[label_column: ]
[weight_column: ]
[group_column: ]
[ignore_column: ]
[categorical_feature: 10,11]
[forcedbins_filename: ]
[precise_float_parser: 0]
[parser_config_file: ]
[objective_seed: 5]
[num_class: 1]
[is_unbalance: 0]
[scale_pos_weight: 1]
[sigmoid: 1]
[boost_from_average: 1]
[reg_sqrt: 0]
[alpha: 0.9]
[fair_c: 1]
[poisson_max_delta_step: 0.7]
[tweedie_variance_power: 1.5]
[lambdarank_truncation_level: 30]
[lambdarank_norm: 1]
[label_gain: ]
[lambdarank_position_bias_regularization: 0]
[eval_at: ]
[multi_error_top_k: 1]
[auc_mu_weights: ]
[num_machines: 1]
[local_listen_port: 12400]
[time_out: 120]
[machine_list_filename: ]
[machines: ]
[gpu_platform_id: -1]
[gpu_device_id: -1]
[gpu_device_id_list: ]
[gpu_use_dp: 0]
[num_gpu: 1]

end of parameters

pandas_categorical:[["\u4f50\u8cc0", "\u540d\u53e4\u5c4b", "\u5712\u7530", "\u5927\u4e95", "\u5ddd\u5d0e", "\u6d66\u548c", "\u76db\u5ca1", "\u8239\u6a4b", "\u91d1\u6ca2", "\u9580\u5225", "\u9ad8\u77e5"], ["\u30bb", "\u725d", "\u7261"]]
