tree
version=v4
num_class=1
num_tree_per_iteration=1
label_index=0
max_feature_idx=12
objective=binary sigmoid:1
feature_names=齢_num 斤量_num days_since_last last_ninki avg5_ninki last_margin avg5_margin avg5_last3f n_past_races same_track_as_last 人気_num 場所 sei
feature_infos=[2:16] [49:60] [4:735] [0:18] [0:17] [-3.2999999999999998:57.5] [-2.5:12.859999999999999] [0:52.5] [0:5] [0:1] [0:16] -1:2:0:3:6:4:8:7:5 -1:2:3:1:0
tree_sizes=1721 1741 1757 1756 1749 1763 1783 1751 1763 1784 1769 1769 1770 1768 1788 1770 1777 1771 1765 1757 1791 1801 1796 1777 1776 1766 1793 1799 1783 1779 1789 1744 1796 1762 1783 1781 1774 1788 1784 1773 1775 1777 1774 1793 1769 1773 1794 1770 1782 1788 1795 1789 1801 1810 1766 1780 1792 1790 1789 1808 1795 1774 1803 1763 1795 1790 1774 1785 1803 1775 1776 1774 1809 1804 1802 1810 1799 1807 1795 1796 1787 1800 1781 1766 1799 1779 1774 1783 1782 1789 1767 1803 1782 1792 1798 1771 1789 1800 1780 1786 1785 1784 1768 1798 1736 1753 1783 1763 1777

Tree=0
num_leaves=15
num_cat=0
split_feature=10 10 10 10 10 10 10 10 0 0 4 0 2 6
split_gain=19713.1 3251.39 1604.13 650.21 238.446 212.3 143.147 55.8866 38.3255 34.8347 45.5899 29.5472 27.1456 24.7204
threshold=4.5000000000000009 2.5000000000000004 7.5000000000000009 1.5000000000000002 5.5000000000000009 3.5000000000000004 9.5000000000000018 6.5000000000000009 2.5000000000000004 3.5000000000000004 1.9000000000000001 3.5000000000000004 8.5000000000000018 1.93875
decision_type=8 10 8 10 10 10 8 10 2 2 8 2 10 8
left_child=1 3 4 9 -2 8 -4 13 -3 -1 -11 -5 -7 -6
right_child=2 5 6 11 7 12 -8 -9 -10 10 -12 -13 -14 -15
leaf_value=-0.83921095812724211 -0.96931429862714646 -0.90065532894060396 -1.0118816657825171 -0.88182241582075904 -0.9807385063746572 -0.93951821537024671 -1.0259942056665441 -0.99759934653679194 -0.92548906916042184 -0.83788862925606256 -0.86123967384983002 -0.89524732558286446 -0.95191972767559152 -0.99278249744354929
leaf_weight=753.75164794921875 1857.4309015274048 173.86591243743896 3294.269980430603 723.6095666885376 1162.3664846420288 729.3984432220459 4019.2768621444702 1800.1409854888916 1685.5611534118652 329.16749668121338 781.69794845581055 1135.6178827285767 1129.8290061950684 677.09893798828125
leaf_count=3776 9305 871 16503 3625 5823 3654 20135 9018 8444 1649 3916 5689 5660 3392
internal_value=-0.966708 -0.901995 -1.00431 -0.868974 -0.983894 -0.935078 -1.01964 -0.991331 -0.923133 -0.848082 -0.854211 -0.88998 -0.947042 -0.985184
internal_weight=20253.1 7442.5 12810.6 3723.84 5497.04 3718.65 7313.55 3639.61 1859.43 1864.62 1110.87 1859.23 1859.23 1839.47
internal_count=101460 37284 64176 18655 27538 18629 36638 18233 9315 9341 5565 9314 9314 9215
is_linear=0
shrinkage=1


Tree=1
num_leaves=15
num_cat=0
split_feature=10 10 10 10 10 10 10 10 0 0 4 0 2 6
split_gain=17581.2 2692.38 1523.53 516.508 219.749 183.53 139.314 52.2241 32.369 26.6955 35.316 26.6383 23.8199 22.9389
threshold=4.5000000000000009 2.5000000000000004 7.5000000000000009 1.5000000000000002 5.5000000000000009 3.5000000000000004 9.5000000000000018 6.5000000000000009 2.5000000000000004 3.5000000000000004 1.9000000000000001 2.5000000000000004 8.5000000000000018 1.93875
decision_type=8 10 8 10 10 10 8 10 2 2 8 2 10 8
left_child=1 3 4 9 -2 8 -4 13 -3 -1 -11 -5 -7 -6
right_child=2 5 6 11 7 12 -8 -9 -10 10 -12 -13 -14 -15
leaf_value=0.11460986592485466 -0.0024790504467095799 0.060951631222586559 -0.043835847888308278 0.089318835213174574 -0.013416505523869955 0.025514788470301222 -0.057922510881075674 -0.029773794942912497 0.038436173235149973 0.11575735687757382 0.095671861694390306 0.068447238307138086 0.013954792181627332 -0.025075080409647666
leaf_weight=795.51825714111328 1855.2563703805208 178.94127680361271 3226.8305625915527 180.35647134482861 1155.0228380262852 738.24676135182381 3910.9939736872911 1775.0124426484108 1716.455694258213 347.58930818736553 817.7533592581749 1741.6984426826239 1137.3049545288086 669.12889194488525
leaf_count=3776 9305 871 16503 871 5823 3654 20135 9018 8444 1649 3916 8443 5660 3392
internal_value=-3.45978e-05 0.0597242 -0.0363592 0.0889447 -0.0164595 0.0296204 -0.0515613 -0.0236634 0.0405928 0.107027 0.101757 0.0704512 0.0185162 -0.0177045
internal_weight=20246.1 7653.86 12592.2 3882.92 5454.42 3770.95 7137.82 3599.16 1895.4 1960.86 1165.34 1922.05 1875.55 1824.15
internal_count=101460 37284 64176 18655 27538 18629 36638 18233 9315 9341 5565 9314 9314 9215
is_linear=0
shrinkage=0.05


Tree=2
num_leaves=15
num_cat=0
split_feature=10 10 10 10 10 10 10 10 0 6 0 2 6 0
split_gain=15733.3 2265.58 1448.29 423.23 202.443 159.426 136.017 48.7911 27.6185 23.0071 22.0688 22.4854 21.7638 21.4384
threshold=4.5000000000000009 2.5000000000000004 7.5000000000000009 1.5000000000000002 5.5000000000000009 3.5000000000000004 9.5000000000000018 6.5000000000000009 2.5000000000000004 2.3050000000000006 3.5000000000000004 7.5000000000000009 2.5225000000000009 3.5000000000000004
decision_type=8 10 8 10 10 10 8 10 2 10 2 10 8 2
left_child=1 3 4 13 -2 8 9 12 -3 -4 11 -5 -6 -1
right_child=2 5 6 10 7 -7 -8 -9 -10 -11 -12 -13 -14 -15
leaf_value=0.10422484922193845 -0.0023578642470983725 0.05646320704654792 -0.039923051563487209 0.081425735259761267 -0.013982507530772573 0.017445943226622934 -0.056630301953324406 -0.028692163782077854 0.035909319069127019 -0.04972508801512579 0.060589364635763643 0.063561760383062701 -0.027119884724232129 0.092911858232737593
leaf_weight=830.177414894104 1853.1856920570135 183.46424572169781 2320.0014764815569 353.01666866242886 1400.8542880266905 1890.7574954032898 3803.0006188899279 1750.5025792121887 1744.6889019608498 840.29438537359238 1204.4190718531609 419.92660883069038 408.4913008660078 1211.3386714160442
leaf_count=3776 9305 871 12115 1655 7120 9314 20135 9018 8444 4388 5689 1970 2095 5565
internal_value=-6.22217e-05 0.0553647 -0.0351651 0.0815663 -0.0157615 0.0277769 -0.0502444 -0.0227365 0.0378933 -0.0425442 0.0650116 0.0718152 -0.0169618 0.097561
internal_weight=20214.1 7837.79 12376.3 4018.88 5413.03 3818.91 6963.3 3559.85 1928.15 3160.3 1977.36 772.943 1809.35 2041.52
internal_count=101460 37284 64176 18655 27538 18629 36638 18233 9315 16503 9314 3625 9215 9341
is_linear=0
shrinkage=0.05


Tree=3
num_leaves=15
num_cat=0
split_feature=10 10 10 10 10 10 10 10 0 6 2 6 0 10
split_gain=14118.8 1931.78 1377.73 355.336 186.425 139.09 133.14 45.5696 23.7719 22.2382 20.8244 20.3764 20.182 19.8193
threshold=4.5000000000000009 2.5000000000000004 7.5000000000000009 1.5000000000000002 5.5000000000000009 3.5000000000000004 9.5000000000000018 6.5000000000000009 2.5000000000000004 2.3050000000000006 8.5000000000000018 2.7550000000000012 2.5000000000000004 11.500000000000002
decision_type=8 10 8 10 10 10 8 10 2 10 10 8 2 8
left_child=1 3 4 -1 -2 8 9 11 -3 -4 -7 -6 -5 -8
right_child=2 5 6 12 7 10 13 -9 -10 -11 -12 -13 -14 -15
leaf_value=0.089652948441038161 -0.0022424800453886293 0.052477816216964304 -0.038698474994485851 0.076146111432985622 -0.013627844663030325 0.022923525258308403 -0.052371925888598229 -0.027644751018525905 0.033604519208005973 -0.048443985464781132 0.012206899791483379 -0.027155253030069205 0.058541757019865005 -0.06010690599163835
leaf_weight=2108.7944946289062 1851.2142909318209 187.49424962699413 2274.9363797158003 191.84795528650284 1449.3454006165266 751.98768916726112 2255.8227263391018 1726.6408241093159 1770.5089042186737 819.93780082464218 1153.006554543972 345.71476358175278 1834.1125450730324 1439.9454262107611
leaf_count=9341 9305 871 12115 871 7419 3654 12290 9018 8444 4388 5660 1796 8443 7845
internal_value=-8.4741e-05 0.0515124 -0.0340122 0.0752619 -0.0150903 0.0260793 -0.0489793 -0.0218413 0.0354377 -0.0412952 0.016447 -0.0162468 0.0602455 -0.0554011
internal_weight=20161.3 7997.75 12163.6 4134.75 5372.92 3863 6790.64 3521.7 1958 3094.87 1904.99 1795.06 2025.96 3695.77
internal_count=101460 37284 64176 18655 27538 18629 36638 18233 9315 16503 9314 9215 9314 20135
is_linear=0
shrinkage=0.05


Tree=4
num_leaves=15
num_cat=0
split_feature=10 10 10 10 10 10 10 10 0 6 10 4 0 6
split_gain=12699 1665.12 1311.28 304.359 171.601 130.614 121.794 42.5436 21.7313 21.5303 19.641 19.322 28.0952 19.3121
threshold=4.5000000000000009 2.5000000000000004 7.5000000000000009 1.5000000000000002 5.5000000000000009 9.5000000000000018 3.5000000000000004 6.5000000000000009 3.5000000000000004 2.3050000000000006 11.500000000000002 1.9000000000000001 3.5000000000000004 1.93875
decision_type=8 10 8 10 10 8 10 10 2 10 8 10 2 8
left_child=1 3 4 11 -2 9 8 13 -3 -4 -7 -1 -13 -6
right_child=2 6 5 -5 7 10 -8 -9 -10 -11 -12 12 -14 -15
leaf_value=0.089550751916037882 -0.0021326366788843036 0.039932739334148502 -0.03751032174054128 0.056023459014967282 -0.011604116955000339 -0.051177520766940536 0.015514719547176432 -0.026630048946967896 0.029048388261876942 -0.047208371111451007 -0.05898647335568169 0.087776020994798282 0.072677677147991046 -0.022445903762121789
leaf_weight=788.41850961744785 1849.337452724576 752.86787471175194 2230.8141784369946 2068.6868724375963 1133.3085199445486 2194.6332032978535 1918.2321960330009 1703.4498873353004 1232.355010509491 799.8687852025032 1395.091747418046 576.6799019575119 799.37842194736004 647.97380508482456
leaf_count=3391 9305 3515 12115 9314 5823 12290 9314 9018 5800 4388 7845 2473 3477 3392
internal_value=-0.000103476 0.0480764 -0.0328976 0.0697942 -0.014445 -0.0477604 0.0245123 -0.0209767 0.0331942 -0.0400846 -0.0542279 0.0829236 0.0790643 -0.0155584
internal_weight=20091.1 8136.62 11954.5 4233.16 5334.07 6620.41 3903.46 3484.73 1985.22 3030.68 3589.72 2164.48 1376.06 1781.28
internal_count=101460 37284 64176 18655 27538 36638 18629 18233 9315 16503 20135 9341 5950 9215
is_linear=0
shrinkage=0.05


Tree=5
num_leaves=15
num_cat=0
split_feature=10 10 10 10 10 10 10 10 6 10 0 2 6 3
split_gain=11444 1448.95 1248.42 265.412 157.885 128.363 106.996 39.6997 20.8715 19.5332 19.4299 18.2974 18.1178 17.5336
threshold=4.5000000000000009 2.5000000000000004 7.5000000000000009 1.5000000000000002 5.5000000000000009 9.5000000000000018 3.5000000000000004 6.5000000000000009 2.3050000000000006 11.500000000000002 2.5000000000000004 8.5000000000000018 2.7550000000000012 1.5000000000000002
decision_type=8 10 8 10 10 8 10 10 10 8 2 10 8 10
left_child=1 3 4 13 -2 8 10 12 -4 -7 -3 -8 -6 -1
right_child=2 6 5 -5 7 9 11 -9 -10 -11 -12 -13 -14 -15
leaf_value=0.082035066410012306 -0.0020280725677037093 0.046279776247468443 -0.036355872096887155 0.05224930035005524 -0.012421695361070538 -0.050026762150115561 0.020659008311182236 -0.025646725218607572 -0.046013339265147959 -0.057926127268148879 0.029495413225448682 0.010687359075046704 -0.025316948164278111 0.07253872139333771
leaf_weight=1059.6669422239065 1847.5508791208267 193.7048923522234 2187.7115968614817 2106.2647978812456 1430.5654172152281 2134.4218057394028 764.0069445669651 1680.9456255733967 780.14173990488052 1350.7440101355314 1816.4267778992653 1166.6591846942902 337.42883044481277 1150.0402942150831
leaf_count=4471 9305 871 12115 9314 7419 12290 3654 9018 4388 7845 8444 5660 1796 4870
internal_value=-0.000118493 0.0449892 -0.0318183 0.0650016 -0.0138246 -0.0465826 0.0230606 -0.0201415 -0.0389091 -0.0531041 0.031135 0.014642 -0.0148957 0.0771277
internal_weight=20006.3 8256.77 11749.5 4315.97 5296.49 6453.02 3940.8 3448.94 2967.85 3485.17 2010.13 1930.67 1767.99 2209.71
internal_count=101460 37284 64176 18655 27538 36638 18629 18233 16503 20135 9315 9314 9215 9341
is_linear=0
shrinkage=0.05


Tree=6
num_leaves=15
num_cat=1
split_feature=10 10 10 10 10 10 10 10 10 10 0 0 2 11
split_gain=10329.3 1270.45 1188.74 234.484 145.198 126.324 94.2743 37.0253 20.7794 19.484 17.8248 17.4824 18.1926 17.4076
threshold=4.5000000000000009 2.5000000000000004 7.5000000000000009 1.5000000000000002 5.5000000000000009 9.5000000000000018 3.5000000000000004 6.5000000000000009 8.5000000000000018 11.500000000000002 3.5000000000000004 3.5000000000000004 7.5000000000000009 0
decision_type=8 10 8 10 10 8 10 10 10 8 2 2 10 9
left_child=1 3 4 -1 -2 8 10 -6 -4 -7 -3 12 -5 -8
right_child=2 6 5 11 7 9 13 -9 -10 -11 -12 -13 -14 -15
leaf_value=0.072051788792479379 -0.0019285413983528229 0.035256001246030941 -0.033646416611436407 0.06281392029987698 -0.014258079428801435 -0.048914640032670535 0.021278707618641743 -0.024693618909730992 -0.042221726231902061 -0.056919027510605825 0.025524924814485012 0.045109332224812143 0.047563936892925061 0.010496923517146959
leaf_weight=2246.2285656183958 1845.8504104614258 773.11681492626667 1514.668242752552 383.5222822278738 1755.2089342325926 2075.3354081511497 568.49250012636185 1659.1386547386646 1391.822896361351 1307.0405066013336 1259.7014665603638 1301.7823897302151 453.88468644022942 1373.7240080535412
leaf_count=9341 9305 3515 8597 1655 9215 12290 2711 9018 7906 7845 5800 5689 1970 6603
internal_value=-0.000130825 0.042195 -0.0307718 0.0607498 -0.0132283 -0.0454413 0.0217145 -0.0193348 -0.037766 -0.0520237 0.0292413 0.0488541 0.0546148 0.0138256
internal_weight=19909.5 8360.45 11549.1 4385.42 5260.2 6288.87 3975.03 3414.35 2906.49 3382.38 2032.82 2139.19 837.407 1942.22
internal_count=101460 37284 64176 18655 27538 36638 18629 18233 16503 20135 9315 9314 3625 9314
cat_boundaries=0 1
cat_threshold=416
is_linear=0
shrinkage=0.05


Tree=7
num_leaves=15
num_cat=0
split_feature=10 10 10 10 10 10 10 10 6 10 0 4 7 6
split_gain=9336.32 1131.93 1121.17 209.317 133.453 124.465 83.1647 34.5212 20.7636 19.4832 17.2989 25.3858 18.211 17.2183
threshold=4.5000000000000009 7.5000000000000009 2.5000000000000004 1.5000000000000002 5.5000000000000009 9.5000000000000018 3.5000000000000004 6.5000000000000009 2.3050000000000006 11.500000000000002 3.5000000000000004 1.9000000000000001 39.522500000000015 1.93875
decision_type=8 8 10 10 10 8 10 10 10 8 2 8 10 8
left_child=2 4 3 10 -2 8 -4 13 -3 -7 -1 12 -12 -6
right_child=1 5 6 -5 7 9 -8 -9 -10 -11 11 -13 -14 -15
leaf_value=0.073069991850730612 -0.0018338155462770116 -0.034064236062174055 0.027492050245864371 0.045785759220086514 -0.0098880771200157667 -0.04783674795830925 0.013069209716972367 -0.023769683965398102 -0.04389930541765772 -0.055959156385757207 0.081501144976672116 0.059082110771065691 0.05675385160468828 -0.020246904554483549
leaf_weight=923.99644301831722 1844.2320257425308 2101.9888605177402 2053.6099260598421 2167.822623744607 1112.7562184929848 2017.49451354146 1952.9237735420465 1638.0347531139851 744.75562351942062 1264.0967336297035 286.84229010343552 947.84509953856468 116.38963502645493 630.22321154177189
leaf_count=3776 9305 12115 9315 9314 5823 12290 9314 9018 4388 7845 1173 3916 476 3392
internal_value=-0.000139835 -0.0297557 0.0396541 0.0569483 -0.0126547 -0.0443322 0.0204669 -0.0185548 -0.0366518 -0.0509817 0.0675598 0.0637401 0.0745161 -0.0136431
internal_weight=19803 11353.6 8449.43 4442.9 5225.25 6128.34 4006.53 3381.01 2846.74 3281.59 2275.07 1351.08 403.232 1742.98
internal_count=101460 64176 37284 18655 27538 36638 18629 18233 16503 20135 9341 5565 1649 9215
is_linear=0
shrinkage=0.05


Tree=8
num_leaves=15
num_cat=0
split_feature=10 10 10 10 10 10 10 10 10 10 0 6 0 1
split_gain=8447.9 1077.67 995.54 188.933 122.706 122.609 73.6161 32.1556 20.4547 19.522 16.4041 16.2124 16.1422 15.7209
threshold=4.5000000000000009 7.5000000000000009 2.5000000000000004 1.5000000000000002 9.5000000000000018 5.5000000000000009 3.5000000000000004 6.5000000000000009 8.5000000000000018 11.500000000000002 2.5000000000000004 2.7550000000000012 2.5000000000000004 52.500000000000007
decision_type=8 8 10 10 8 10 10 10 10 8 2 8 2 10
left_child=2 5 3 13 8 -2 12 11 -3 -6 -5 -7 -4 -1
right_child=1 4 6 10 9 7 -8 -9 -10 -11 -12 -13 -14 -15
leaf_value=0.042454867966706555 -0.0017436666221117047 -0.031410034324598726 0.039423472413994548 0.056593697004792311 -0.046789209986788448 -0.010702777377493727 0.012349900421225643 -0.022874002276249389 -0.040085471002710676 -0.055041154830377859 0.041533793889435559 -0.023070022427894354 0.024400782849282224 0.064429482844493444
leaf_weight=92.561902642250061 1842.6919812709093 1456.7792133390903 200.31506490707397 207.8335904031992 1960.9969161450863 1403.8543927520514 1963.1249827742577 1617.6355332434177 1331.7826658785343 1222.0081982016563 1985.1091119199991 327.29716897010803 1872.4153480529785 2204.2883758693933
leaf_count=377 9305 8597 871 871 12290 7419 9314 9018 7906 7845 8443 1796 8444 8964
internal_value=-0.000147598 -0.0287691 0.0373269 0.0535244 -0.0432528 -0.0121039 0.0192987 -0.0178024 -0.0355662 -0.0499736 0.0429862 -0.0130529 0.0258709 0.0635628
internal_weight=19688.7 11163 8525.65 4489.79 5971.57 5191.48 4035.86 3348.79 2788.56 3183.01 2192.94 1731.15 2072.73 2296.85
internal_count=101460 64176 37284 18655 36638 27538 18629 18233 16503 20135 9314 9215 9315 9341
is_linear=0
shrinkage=0.05


Tree=9
num_leaves=15
num_cat=1
split_feature=10 10 10 10 10 10 10 10 6 10 0 4 7 11
split_gain=7651.07 1025.73 887.973 171.577 121.041 112.591 65.3233 29.9308 20.6458 19.5925 16.0021 23.1409 16.0849 15.6566
threshold=4.5000000000000009 7.5000000000000009 2.5000000000000004 1.5000000000000002 9.5000000000000018 5.5000000000000009 3.5000000000000004 6.5000000000000009 2.3050000000000006 11.500000000000002 3.5000000000000004 1.9000000000000001 39.522500000000015 0
decision_type=8 8 10 10 8 10 10 10 10 8 2 8 10 9
left_child=2 5 3 10 8 -2 -4 -7 -3 -6 -1 12 -12 -8
right_child=1 4 6 -5 9 7 13 -9 -10 -11 11 -13 -14 -15
leaf_value=0.065178240778863999 -0.0016578816664269533 -0.031885236372075021 0.024369564683882152 0.04042754629564041 -0.045768611024797845 -0.012485574456451563 0.018629702405012084 -0.022005743357328224 -0.041898736877413661 -0.054160250413482297 0.072992848692028017 0.051959528170424207 0.050028814724574655 0.0085786140958338912
leaf_weight=938.23877237737179 1841.2265333533287 2021.0165774077177 2090.0759265869856 2214.691204816103 1905.9200821816921 1719.795694604516 578.98114906251431 1597.938979446888 711.08484029769897 1180.8528723567724 291.55349043011665 965.22129392623901 118.06102812290192 1393.702040553093
leaf_count=3776 9305 12115 9315 9314 12290 9215 2711 9018 4388 7845 1173 3916 476 6603
internal_value=-0.000153881 -0.0278098 0.0351868 0.0504129 -0.0421993 -0.0115747 0.0182098 -0.0170761 -0.0345058 -0.0489954 0.0599519 0.0563404 0.066512 0.0116744
internal_weight=19568.4 10977.8 8590.52 4527.77 5818.87 5158.96 4062.76 3317.73 2732.1 3086.77 2313.07 1374.84 409.615 1972.68
internal_count=101460 64176 37284 18655 36638 27538 18629 18233 16503 20135 9341 5565 1649 9314
cat_boundaries=0 1
cat_threshold=416
is_linear=0
shrinkage=0.05


Tree=10
num_leaves=15
num_cat=0
split_feature=10 10 10 10 10 10 10 5 10 10 10 2 7 0
split_gain=6935.39 975.996 795.266 157.035 119.409 103.328 57.9652 28.3906 20.1316 19.6882 17.7991 15.3118 17.8018 14.735
threshold=4.5000000000000009 7.5000000000000009 2.5000000000000004 1.5000000000000002 9.5000000000000018 5.5000000000000009 3.5000000000000004 2.1500000000000008 8.5000000000000018 11.500000000000002 6.5000000000000009 14.500000000000002 39.410000000000011 3.5000000000000004
decision_type=8 8 10 10 8 10 10 10 10 8 10 10 8 2
left_child=2 5 3 -1 8 -2 13 10 -3 -6 -7 -5 -13 -4
right_child=1 4 6 11 9 7 -8 -9 -10 -11 -12 12 -14 -15
leaf_value=0.056687831685087411 -0.0015762585326045851 -0.029279986525089802 0.028326574959360085 0.04252777280896166 -0.044771933031745148 -0.0096811310927080885 0.011047589869155782 -0.024401887227891168 -0.038054038368369764 -0.053312174319447174 -0.018216292121145939 0.040354549649017912 0.027937037421283412 0.019657189109699838
leaf_weight=2323.8642361611128 1839.8322156071663 1402.3902967125177 802.08079592883587 1050.7849766910076 1852.3240800201893 1312.2620170712471 1981.4727169573307 825.68207158148289 1274.8986134827137 1140.6931804865599 1149.9754608869553 582.60757899284363 600.26326867938042 1304.046505689621
leaf_count=9341 9305 8597 3515 4374 12290 7056 9314 4609 7906 7845 6568 2433 2507 5800
internal_value=-0.000157787 -0.0268766 0.0332142 0.0475747 -0.0411699 -0.011066 0.017195 -0.0163741 -0.0334708 -0.0480435 -0.0136732 0.0380724 0.034082 0.0229706
internal_weight=19443.2 10798.1 8645.12 4557.52 5670.31 5127.75 4087.6 3287.92 2677.29 2993.02 2462.24 2233.66 1182.87 2106.13
internal_count=101460 64176 37284 18655 36638 27538 18629 18233 16503 20135 13624 9314 4940 9315
is_linear=0
shrinkage=0.05


Tree=11
num_leaves=15
num_cat=0
split_feature=10 10 10 10 10 10 10 10 6 10 0 4 6 0
split_gain=6290.15 928.219 714.672 144.206 117.809 94.7828 51.6057 26.4774 20.499 19.8027 15.0917 21.5888 15.0098 14.6391
threshold=4.5000000000000009 7.5000000000000009 2.5000000000000004 1.5000000000000002 9.5000000000000018 5.5000000000000009 3.5000000000000004 6.5000000000000009 2.3050000000000006 11.500000000000002 3.5000000000000004 1.9000000000000001 2.7550000000000012 3.5000000000000004
decision_type=8 8 10 10 8 10 10 10 10 8 2 8 8 2
left_child=2 5 3 10 8 -2 -4 12 -3 -6 -1 -12 -7 -5
right_child=1 4 6 13 9 7 -8 -9 -10 -11 11 -13 -14 -15
leaf_value=0.058727979201920612 -0.0014985967321195911 -0.029807341446738262 0.021668955130693487 0.041001708969420694 -0.043796532933341098 -0.0090907117085924291 0.01044997745421878 -0.020397681547373848 -0.039993630965356575 -0.052493088114592079 0.059994691994810403 0.046042745638619986 -0.021136121337973116 0.032597374884857325
leaf_weight=943.70760823786259 1838.5057003051043 1944.9972689896822 2120.7326651960611 880.17894044518471 1800.2534115314484 1378.932781457901 1989.8834546804428 1561.7282961606979 679.24991375207901 1101.5782204270363 412.05838079750538 974.88020727038383 318.62602061033249 1369.7985157668591
leaf_count=3776 9305 12115 9315 3625 12290 7419 9314 9018 4388 7845 1649 3916 1796 5689
internal_value=-0.000161576 -0.0259683 0.031383 0.0449641 -0.0401617 -0.0105776 0.0162419 -0.0156969 -0.0324582 -0.0471148 0.0536935 0.0502281 -0.0113627 0.0359019
internal_weight=19315.1 10623.9 8691.24 4580.62 5526.08 5097.79 4110.62 3259.29 2624.25 2901.83 2330.65 1386.94 1697.56 2249.98
internal_count=101460 64176 37284 18655 36638 27538 18629 18233 16503 20135 9341 5565 9215 9314
is_linear=0
shrinkage=0.05


Tree=12
num_leaves=15
num_cat=0
split_feature=10 10 10 10 10 10 10 5 10 6 10 3 2 0
split_gain=5708.27 882.291 644.379 133.128 116.191 86.9068 45.9975 26.3841 19.9307 19.8418 15.049 14.6373 14.4106 14.0005
threshold=4.5000000000000009 7.5000000000000009 2.5000000000000004 1.5000000000000002 9.5000000000000018 5.5000000000000009 3.5000000000000004 2.1500000000000008 11.500000000000002 2.3050000000000006 6.5000000000000009 1.5000000000000002 8.5000000000000018 2.5000000000000004
decision_type=8 8 10 10 8 10 10 10 8 10 10 10 10 2
left_child=2 5 3 11 9 -2 -4 10 -6 -3 -7 -1 -8 -5
right_child=1 4 6 13 8 7 12 -9 -10 -11 -12 -13 -14 -15
leaf_value=0.055205840046299026 -0.0014247143575021597 -0.028844468272389956 0.020452321249922356 0.046206707911011086 -0.042840085031375624 -0.008747923885448523 0.015119423241551438 -0.022874900842586351 -0.051699547070813562 -0.038979585836333527 -0.016660055900022792 0.047005487540240802 0.0064331451019374562 0.032583110709615004
leaf_weight=1117.0888086110353 1837.2436597198248 1910.356691852212 2134.2427592873573 214.20702032744884 1749.7390265762806 1298.4757100492716 793.13364362716675 807.52334769070148 1063.545049354434 662.52968561649323 1125.6312671899796 1216.1751002818346 1204.6425547450781 2049.7681715339422
leaf_count=4471 9305 12115 9315 871 12290 7056 3654 4609 7845 4388 6568 4870 5660 8443
internal_value=-0.000164129 -0.0250846 0.0296826 0.0425605 -0.0391735 -0.010109 0.015348 -0.0150442 -0.0462065 -0.0314684 -0.0124273 0.0509535 0.00988751 0.0338919
internal_weight=19184.3 10455 8729.26 4597.24 5386.17 5068.87 4132.02 3231.63 2813.28 2572.89 2424.11 2333.26 1997.78 2263.98
internal_count=101460 64176 37284 18655 36638 27538 18629 18233 20135 16503 13624 9341 9314 9314
is_linear=0
shrinkage=0.05


Tree=13
num_leaves=15
num_cat=0
split_feature=10 10 10 10 10 10 10 5 10 10 0 4 7 10
split_gain=5182.38 838.142 582.291 123.194 114.547 79.6394 41.0452 24.5098 20.2 20.0672 14.3695 19.7832 15.0274 13.9019
threshold=4.5000000000000009 7.5000000000000009 2.5000000000000004 1.5000000000000002 9.5000000000000018 5.5000000000000009 3.5000000000000004 2.1500000000000008 8.5000000000000018 11.500000000000002 3.5000000000000004 1.9000000000000001 39.522500000000015 6.5000000000000009
decision_type=8 8 10 10 8 10 10 10 10 8 2 8 10 10
left_child=2 5 3 10 8 -2 -4 13 -3 -6 -1 12 -12 -7
right_child=1 4 6 -5 9 7 -8 -9 -10 -11 11 -13 -14 -15
leaf_value=0.053310168730885767 -0.0013544248785962692 -0.026198923053225971 0.019314967863965901 0.032025263100438718 -0.041900547826224682 -0.0083493345036769473 0.0093584040825143884 -0.022014565123490652 -0.03523639552455015 -0.050928444399251815 0.060593450853657652 0.041081717433705096 0.038780202536749714 -0.015980905374903535
leaf_weight=942.64440308511257 1836.0431820899248 1325.814131885767 2146.6499558091164 2275.9466966986656 1700.8001543581486 1292.6412249952555 2005.0818245708942 797.42876574397087 1197.4365348517895 1026.620320379734 292.64032842218876 978.68103182315826 118.94579146802425 1115.1109362840652
leaf_count=3776 9305 8597 9315 9314 12290 7056 9314 4609 7906 7845 1173 3916 476 6568
internal_value=-0.000165928 -0.0242239 0.0280968 0.0403303 -0.0382033 -0.00965897 0.0145098 -0.0144142 -0.0305 -0.0453161 0.0484153 0.0450605 0.0543988 -0.0118889
internal_weight=19052.5 10291.9 8760.59 4608.86 5250.67 5041.22 4151.73 3205.18 2523.25 2727.42 2332.91 1390.27 411.586 2407.75
internal_count=101460 64176 37284 18655 36638 27538 18629 18233 16503 20135 9341 5565 1649 13624
is_linear=0
shrinkage=0.05


Tree=14
num_leaves=15
num_cat=1
split_feature=10 10 10 10 10 10 10 5 10 6 1 0 11 0
split_gain=4706.72 795.63 527.414 114.473 112.877 72.9437 36.674 22.7533 20.2076 19.6458 13.9836 13.683 13.5666 13.4008
threshold=4.5000000000000009 7.5000000000000009 2.5000000000000004 1.5000000000000002 9.5000000000000018 5.5000000000000009 3.5000000000000004 2.1500000000000008 11.500000000000002 2.3050000000000006 52.500000000000007 2.5000000000000004 0 5.5000000000000009
decision_type=8 8 10 10 8 10 10 10 8 10 10 2 9 2
left_child=2 5 3 10 9 -2 11 -7 -6 -3 -1 -4 -8 -5
right_child=1 4 6 13 8 7 12 -9 -10 -11 -12 -13 -14 -15
leaf_value=0.026713303972347377 -0.001287557648253396 -0.026903385937719588 0.030457473191894138 0.032123968561288678 -0.040976151416323783 -0.011371153349700987 0.015205227153835986 -0.021180040581055923 -0.050176949216765014 -0.037193977858611768 0.046872377413162622 0.016932742334563652 0.0060529456898291865 0.022154862254105033
leaf_weight=94.125006556510925 1834.9013556540012 1841.7983362078667 208.06385140120983 1861.8475976139307 1653.446134775877 2392.0773562192917 592.33971880376339 787.69838014245033 990.82191914319992 633.59472018480301 2235.2864699959755 1949.9878192543983 1419.7020466774702 424.41288793087006
leaf_count=377 9305 12115 871 7580 12290 13624 2711 4609 7845 4388 8964 8444 6603 1734
internal_value=-0.000166766 -0.0233856 0.0266156 0.0382588 -0.0372491 -0.00922718 0.0137223 -0.0138069 -0.0444414 -0.0295513 0.0460696 0.0182502 0.00885917 0.0302838
internal_weight=18920.1 10134.3 8785.77 4615.67 5119.66 5014.68 4170.09 3179.78 2644.27 2475.39 2329.41 2158.05 2012.04 2286.26
internal_count=101460 64176 37284 18655 36638 27538 18629 18233 20135 16503 9341 9315 9314 9314
cat_boundaries=0 1
cat_threshold=416
is_linear=0
shrinkage=0.05


Tree=15
num_leaves=15
num_cat=0
split_feature=10 10 10 10 10 10 10 10 5 6 2 4 0 6
split_gain=4276.03 755.709 478.212 152.645 106.421 45.741 32.7696 22.1654 19.6736 15.4319 13.7206 17.0297 14.5409 13.5863
threshold=4.5000000000000009 8.5000000000000018 2.5000000000000004 6.5000000000000009 1.5000000000000002 10.500000000000002 3.5000000000000004 5.5000000000000009 3.1500000000000008 2.1816666666666671 9.5000000000000018 1.9000000000000001 2.5000000000000004 2.7775000000000007
decision_type=8 8 10 10 10 8 10 10 10 10 10 10 2 8
left_child=2 3 4 7 10 9 -4 -2 -5 -3 -1 -12 -13 -9
right_child=1 5 6 8 -6 -7 -8 13 -10 -11 11 12 -14 -15
leaf_value=0.048909585991881006 -0.0012239596122874637 -0.032286952687506108 0.017254230422279002 -0.019039780056290881 0.028659189668331694 -0.046605567497174614 0.0083945774588271137 -0.0070427140189679082 -0.03139489382124129 -0.041708624601283516 0.048536702670342852 0.058162939500688883 0.034949686550104934 -0.018728652106743727
leaf_weight=879.67058423161507 1833.815268650651 1375.9740147292614 2168.353321775794 2406.3003434538841 2294.9342106580734 1672.0928793922067 2018.4207654893398 1350.1571334898472 374.74303193390369 664.59488496184349 483.54262912273407 74.970274388790131 885.7796995639801 304.76835882663727
leaf_count=3536 9305 9821 9315 15184 9314 13318 9314 7436 2431 4902 1950 302 3553 1779
internal_value=-0.000166525 -0.0225687 0.0252292 -0.0119792 0.0363216 -0.0404439 0.0129861 -0.00501131 -0.0207153 -0.0353744 0.0438728 0.0407734 0.0368197 -0.00920479
internal_weight=18788.1 9982.45 8805.67 6269.78 4618.9 3712.66 4186.77 3488.74 2781.04 2040.57 2323.96 1444.29 960.75 1654.93
internal_count=101460 64176 37284 36135 18655 28041 18629 18520 17615 14723 9341 5805 3855 9215
is_linear=0
shrinkage=0.05


Tree=16
num_leaves=15
num_cat=1
split_feature=10 10 10 10 10 10 10 10 5 6 0 4 7 12
split_gain=3885.99 724.226 448.103 99.1883 92.4023 51.0896 45.5721 29.3369 18.6119 15.1075 13.7232 18.0902 14.2197 13.4646
threshold=5.5000000000000009 2.5000000000000004 8.5000000000000018 1.5000000000000002 4.5000000000000009 6.5000000000000009 10.500000000000002 3.5000000000000004 3.1500000000000008 2.1816666666666671 3.5000000000000004 1.9000000000000001 39.522500000000015 0
decision_type=8 10 8 10 10 10 8 10 10 10 2 8 10 1
left_child=1 3 5 10 7 -2 9 13 -7 -4 -1 12 -12 -3
right_child=2 4 6 -5 -6 8 -8 -9 -10 -11 11 -13 -14 -15
leaf_value=0.046609225581874879 -0.0087901657711336109 0.020262492125285747 -0.031357053500033871 0.027137784795299248 -0.0011634695981927938 -0.018303442895925403 -0.045806398309655993 0.007950191132080087 -0.030430408093382568 -0.040797026170050779 0.053576212754279311 0.034790133166721693 0.03241337148236003 0.011816700285966314
leaf_weight=932.62889923155308 1646.748535066843 1120.798238620162 1346.723468542099 2302.2720139473677 1832.7824252843857 2378.7069341242313 1617.6093972101808 2024.5742567032576 367.50785419344902 645.9721110612154 288.83200354874134 976.76682333648205 118.08745226264 1057.2020789384842
leaf_count=3776 9215 4795 9821 9314 9305 15184 13318 9314 2431 4902 1173 3916 476 4520
internal_value=-0.000166173 0.0196108 -0.0264924 0.0345109 0.00820459 -0.0157613 -0.0395419 0.0122894 -0.0199368 -0.0344361 0.0418245 0.0385681 0.0475293 0.0163174
internal_weight=18657.2 10653.9 8003.27 4618.59 6035.36 4392.96 3610.3 4202.57 2746.21 1992.7 2316.32 1383.69 406.919 2178
internal_count=101460 46589 54871 18655 27934 26830 28041 18629 17615 14723 9341 5565 1649 9315
cat_boundaries=0 1
cat_threshold=9
is_linear=0
shrinkage=0.05


Tree=17
num_leaves=15
num_cat=0
split_feature=10 10 10 10 10 10 10 10 5 6 5 1 2 7
split_gain=3544.86 656.254 430.302 92.6028 82.9718 47.5102 45.3692 26.3397 17.8258 14.7823 13.3771 15.8333 13.3599 15.6262
threshold=5.5000000000000009 2.5000000000000004 8.5000000000000018 1.5000000000000002 4.5000000000000009 6.5000000000000009 10.500000000000002 3.5000000000000004 4.0500000000000007 2.1816666666666671 -0.6499999999999998 58.250000000000007 14.500000000000002 39.410000000000011
decision_type=8 10 8 10 10 10 8 10 10 10 10 8 10 8
left_child=1 3 5 10 7 -2 9 -3 -7 -4 -1 -12 -5 -14
right_child=2 4 6 12 -6 8 -8 -9 -10 -11 11 -13 13 -15
leaf_value=0.045287781902514618 -0.0083912709066807974 0.015445539937134434 -0.030443194745097459 0.029776085672043481 -0.0011059318229483005 -0.018070441353183475 -0.045018485896088228 0.0075307891669309044 -0.034175014103241842 -0.039898153349063603 0.037894187366412896 0.0049716808382290435 0.027829360115433379 0.016463950448225285
leaf_weight=789.4941932708025 1639.0280128270388 2186.7980024665594 1318.5491668134928 1085.3205764591694 1831.8000524491072 2527.7661151885986 1564.9847458004951 2030.3620119541883 184.98658446967602 627.98245068639517 1479.4590667784214 37.776960447430611 602.75011624395847 620.30775591731071
leaf_count=3203 9215 9315 9821 4374 9305 16362 13318 9314 1253 4902 5986 152 2433 2507
internal_value=-0.000164362 0.0186153 -0.0256321 0.0328135 0.00777898 -0.01512 -0.0386517 0.0116377 -0.0191808 -0.0335124 0.0399064 0.0370783 0.0257115 0.0220832
internal_weight=18527.4 10664.1 7863.3 4615.11 6048.96 4351.78 3511.52 4217.16 2712.75 1946.53 2306.73 1517.24 2308.38 1223.06
internal_count=101460 46589 54871 18655 27934 26830 28041 18629 17615 14723 9341 6138 9314 4940
is_linear=0
shrinkage=0.05


Tree=18
num_leaves=15
num_cat=0
split_feature=10 10 10 10 10 10 10 10 5 6 0 4 7 0
split_gain=3233.44 595.267 412.805 86.3886 74.4864 45.1271 44.1422 23.6173 16.9929 14.5324 13.0945 17.1263 13.318 12.7321
threshold=5.5000000000000009 2.5000000000000004 8.5000000000000018 1.5000000000000002 4.5000000000000009 10.500000000000002 6.5000000000000009 3.5000000000000004 3.1500000000000008 1.9600000000000002 3.5000000000000004 1.9000000000000001 39.522500000000015 2.5000000000000004
decision_type=8 10 8 10 10 8 10 10 10 10 2 8 10 2
left_child=1 3 6 10 7 9 -2 -3 -8 -4 -1 12 -12 -5
right_child=2 4 5 13 -6 -7 8 -9 -10 -11 11 -13 -14 -15
leaf_value=0.042782977781523096 -0.0080089375643791587 0.014617437903343317 -0.029035439473128501 0.035956164953110763 -0.0010512168878130171 -0.044240163418215232 -0.016878481510646495 0.0071348021014009701 -0.028662185028759508 -0.038117433516359094 0.049572425458465331 0.03124932104926292 0.029055534096786524 0.023155601181551771
leaf_weight=922.08119986951351 1631.6497256010771 2194.9891247153282 1158.7612963318825 217.50432409346104 1830.865793004632 1514.2052982524037 2326.1363853812218 2035.8079270720482 354.50772368907928 743.29362852871418 284.87117211520672 972.01560707390308 117.18759252130985 2095.7900543361902
leaf_count=3776 9215 9315 8808 871 9305 13318 15184 9314 2431 5915 1173 3916 476 8443
internal_value=-0.000163188 0.017674 -0.0247908 0.0312144 0.00737403 -0.0377723 -0.0145003 0.0110194 -0.018447 -0.0326027 0.0380921 0.0349155 0.0436793 0.0243742
internal_weight=18399.7 10671.1 7728.55 4609.45 6061.66 3416.26 4312.29 4230.8 2680.64 1902.05 2296.16 1374.07 402.059 2313.29
internal_count=101460 46589 54871 18655 27934 28041 26830 18629 17615 14723 9341 5565 1649 9314
is_linear=0
shrinkage=0.05


Tree=19
num_leaves=15
num_cat=0
split_feature=10 10 10 10 10 10 10 10 5 6 2 4 6 0
split_gain=2949.45 540.528 395.606 80.7282 66.8945 44.8428 40.9766 21.1903 16.3523 14.2282 12.8379 15.1732 12.783 12.4379
threshold=5.5000000000000009 2.5000000000000004 8.5000000000000018 1.5000000000000002 4.5000000000000009 10.500000000000002 6.5000000000000009 3.5000000000000004 4.0500000000000007 2.1816666666666671 9.5000000000000018 1.3666666666666669 1.93875 3.5000000000000004
decision_type=8 10 8 10 10 8 10 10 10 10 10 10 8 2
left_child=1 3 6 10 7 9 12 13 -8 -4 -1 -12 -2 -3
right_child=2 4 5 -5 -6 -7 8 -9 -10 -11 11 -13 -14 -15
leaf_value=0.041273827258012867 -0.0043418181387958558 0.018637702112846759 -0.02864954556700194 0.023116475439059859 -0.00099918163348763954 -0.043469932258220163 -0.016668964636238893 0.0067607719078837452 -0.032393974659907454 -0.038153981097926129 0.043354286553418803 0.030617488218953704 -0.01360944999556624 0.010878826337446169
leaf_weight=863.86494034528732 1047.0917927920818 838.02364313602448 1264.9823898971081 2317.2216382026672 1829.9774284660816 1465.2506177276373 2472.1882406175137 2040.9343708604574 177.62814177572727 594.26381188631058 305.94435855746269 1114.1989355832338 577.50909253954887 1364.5178526937962
leaf_count=3536 5823 3515 9821 9314 9305 13318 16362 9314 1253 4902 1265 4540 3392 5800
internal_value=-0.000161398 0.0167863 -0.023968 0.0297111 0.00699129 -0.0369026 -0.0139017 0.0104366 -0.0177349 -0.0317063 0.0363886 0.03339 -0.0076426 0.013838
internal_weight=18273.6 10674.7 7598.91 4601.23 6073.45 3324.5 4274.42 4243.48 2649.82 1859.25 2284.01 1420.14 1624.6 2202.54
internal_count=101460 46589 54871 18655 27934 28041 26830 18629 17615 14723 9341 5805 9215 9315
is_linear=0
shrinkage=0.05


Tree=20
num_leaves=15
num_cat=1
split_feature=10 10 10 10 10 10 10 10 5 6 10 12 0 0
split_gain=2690.25 490.975 378.693 75.4116 60.1023 44.5098 38.5502 19.0296 18.9039 13.9161 12.9273 12.512 14.7781 12.4384
threshold=5.5000000000000009 2.5000000000000004 8.5000000000000018 1.5000000000000002 4.5000000000000009 10.500000000000002 7.5000000000000009 3.5000000000000004 2.1500000000000008 1.8354166666666669 13.500000000000002 0 3.5000000000000004 3.5000000000000004
decision_type=8 10 8 10 10 8 10 10 10 10 8 1 2 2
left_child=1 3 6 13 7 9 8 11 -2 -4 -7 12 -3 -1
right_child=2 4 5 -5 -6 10 -8 -9 -10 -11 -12 -13 -14 -15
leaf_value=0.039366561992048112 -0.0080665892556081257 0.024734128230165717 -0.026931516699190451 0.021929745181369618 -0.0009497002061865979 -0.040286289723679161 -0.020901656014359164 0.0064073519831319625 -0.01725253702979369 -0.035874110733767575 -0.052734993857649175 0.0089098207306446044 0.012754330635653625 0.031673501847967168
leaf_weight=909.54768793284893 2293.4767465591431 398.28861245512962 1030.4490462318063 2320.4536071717739 1829.1327403485775 1146.4411468729377 1202.4112071096897 2045.7618655115366 742.13796639442444 787.61012691259384 271.65334363281727 1071.4043152928352 739.68623042106628 1361.7550615668297
leaf_count=3776 13624 1662 8152 9314 9305 10684 8597 9314 4609 6571 2634 4520 3133 5565
internal_value=-0.000159552 0.0159464 -0.0231642 0.0282874 0.00662966 -0.0360421 -0.0133245 0.00988721 -0.0103173 -0.0308232 -0.0427065 0.013105 0.0168176 0.0347702
internal_weight=18150.2 10676 7474.18 4591.76 6084.27 3236.15 4238.03 4255.14 3035.61 1818.06 1418.09 2209.38 1137.97 2271.3
internal_count=101460 46589 54871 18655 27934 28041 26830 18629 18233 14723 13318 9315 4795 9341
cat_boundaries=0 1
cat_threshold=9
is_linear=0
shrinkage=0.05


Tree=21
num_leaves=15
num_cat=1
split_feature=10 10 10 10 10 10 10 11 2 5 6 10 5 1
split_gain=2453.69 446.149 362.143 70.4414 54.0306 44.1426 36.7217 18.0937 17.1005 15.3812 13.7035 13.0648 12.3496 14.4768
threshold=5.5000000000000009 2.5000000000000004 8.5000000000000018 1.5000000000000002 4.5000000000000009 10.500000000000002 6.5000000000000009 0 7.5000000000000009 4.0500000000000007 2.1816666666666671 13.500000000000002 -0.6499999999999998 58.250000000000007
decision_type=8 10 8 10 10 8 10 9 8 10 10 8 10 8
left_child=1 3 6 12 7 10 -2 8 -3 -8 -4 -7 -1 -14
right_child=2 4 5 -5 -6 11 9 -9 -10 -11 -12 -13 13 -15
leaf_value=0.038444969379889879 -0.0068255464088104907 0.020768985647648296 -0.026909491621875493 0.020810716648833362 -0.00090264830101716717 -0.039492875904042844 -0.015409537899414872 0.0069400890817632168 0.0096408412424291712 -0.030909334560211218 -0.036460212191525322 -0.052236357415913162 0.031303694902666469 -0.00020291841323463939
leaf_weight=770.60438717901707 1608.7413104921579 570.40376809239388 1215.3063174337149 2322.9526194930077 1828.329648822546 1111.9032510370016 2422.8765001296997 2814.1996981203556 881.35603041946888 171.66575466096401 563.17377266287804 260.81839688122272 1449.8455432802439 37.386152565479279
leaf_count=3203 9215 2469 9821 9314 9305 10684 16362 12312 3848 1253 4902 2634 5986 152
internal_value=-0.000157341 0.0151522 -0.0223783 0.0269407 0.00628847 -0.0351907 -0.0127668 0.00936997 0.0139286 -0.0164466 -0.0299526 -0.0419504 0.0332354 0.0305121
internal_weight=18029.6 10675.1 7354.49 4580.79 6094.29 3151.2 4203.28 4265.96 1451.76 2594.54 1778.48 1372.72 2257.84 1487.23
internal_count=101460 46589 54871 18655 27934 28041 26830 18629 6317 17615 14723 13318 9341 6138
cat_boundaries=0 1
cat_threshold=448
is_linear=0
shrinkage=0.05


Tree=22
num_leaves=15
num_cat=1
split_feature=10 10 10 10 10 10 10 6 5 10 6 11 0 5
split_gain=2237.63 405.649 345.917 65.7794 49.6474 44.1393 34.8643 24.4829 17.213 16.0743 12.1863 12.3061 12.0735 15.5932
threshold=5.5000000000000009 2.5000000000000004 8.5000000000000018 1.5000000000000002 3.5000000000000004 11.500000000000002 7.5000000000000009 2.1816666666666671 2.1500000000000008 4.5000000000000009 0.58166666666666689 0 4.5000000000000009 0.8500000000000002
decision_type=8 10 8 10 10 8 10 10 10 10 8 9 2 10
left_child=1 3 6 12 -3 7 8 -4 -2 10 -6 -12 13 -1
right_child=2 4 5 -5 9 -7 -8 -9 -10 -11 11 -13 -14 -15
leaf_value=0.037282469672487543 -0.0072108413100328075 0.011927193423876473 -0.027223068342306742 0.019754393599183635 0.015813833384894501 -0.044876723774769083 -0.019537848922034695 -0.038221443213610817 -0.016047839308870309 -0.00085790802656698537 0.012848197066534263 0.0021402644267531877 0.025854649102513894 0.026264258923292334
leaf_weight=1141.1297541111708 2268.6645129919052 2220.0858956426382 1545.2511460855603 2324.8112786114216 254.21089741587639 755.60104362666607 1172.6656241863966 768.67127713561058 728.68545101583004 1827.5659354031086 320.71983616054058 1481.9026544690132 638.2929717451334 464.4556241184473
leaf_count=4775 13624 9315 13190 9314 1154 7845 8597 7006 4609 9305 1433 6727 2632 1934
internal_value=-0.000155009 0.0143988 -0.0216106 0.0256648 0.00596442 -0.0343477 -0.0122289 -0.0308916 -0.00936384 0.00255426 0.00558503 0.00413457 0.0317768 0.0341135
internal_weight=17912.7 10673.2 7239.54 4568.69 6104.49 3069.52 4170.02 2313.92 2997.35 3884.4 2056.83 1802.62 2243.88 1605.59
internal_count=101460 46589 54871 18655 27934 28041 26830 20196 18233 18619 9314 8160 9341 6709
cat_boundaries=0 1
cat_threshold=288
is_linear=0
shrinkage=0.05


Tree=23
num_leaves=15
num_cat=0
split_feature=10 10 10 10 10 10 10 6 4 5 2 10 6 5
split_gain=2040.43 368.878 329.996 61.4182 44.598 43.8889 32.803 14.6087 15.0428 14.4325 14.1208 13.4903 12.9903 12.5575
threshold=5.5000000000000009 2.5000000000000004 8.5000000000000018 1.5000000000000002 3.5000000000000004 10.500000000000002 6.5000000000000009 0.5225000000000003 2.7083333333333335 4.0500000000000007 18.500000000000004 13.500000000000002 1.8354166666666669 3.8500000000000001
decision_type=8 10 8 10 10 8 10 8 8 10 10 8 10 10
left_child=1 3 6 -1 -3 12 -2 10 -9 -8 -6 -7 -4 -10
right_child=2 4 5 -5 7 11 9 8 13 -11 -12 -13 -14 -15
leaf_value=0.030390144491343064 -0.006082164855034787 0.011301816420521141 -0.024359984264735915 0.018756316332995474 0.023431113385101957 -0.037942702231763485 -0.014227472680064204 -0.0085155511171089524 0.0033496163077792553 -0.029478168243735128 0.0036341131799854398 -0.051339515017570274 -0.033289286713624161 -0.0091762436106553567
leaf_weight=2229.4755976200104 1594.5244138985872 2225.6927112191916 972.70610170811415 2326.1121640205383 153.17424064874649 1047.5378965362906 2377.5538140237331 342.18907116353512 2960.7358120381832 166.0982687920332 217.72782418131828 241.63901196420193 729.20655906200409 213.63370737433434
leaf_count=9341 9215 9315 8152 9314 722 10684 16362 1629 14195 1253 1042 2634 6571 1031
internal_value=-0.000151997 0.0136868 -0.0208603 0.0244553 0.00565928 -0.0335113 -0.0117103 0.00242668 0.0014296 -0.0152345 0.0118509 -0.0404916 -0.0282032 0.00250401
internal_weight=17798 10668.7 7129.27 4555.59 6113.15 2991.09 4138.18 3887.46 3516.56 2543.65 370.902 1289.18 1701.91 3174.37
internal_count=101460 46589 54871 18655 27934 28041 26830 18619 16855 17615 1764 13318 14723 15226
is_linear=0
shrinkage=0.05


Tree=24
num_leaves=15
num_cat=2
split_feature=10 10 10 10 10 10 10 6 11 5 2 11 0 1
split_gain=1860.21 335.567 314.448 57.286 43.8586 41.4435 31.4244 23.8718 16.0119 15.635 14.9861 12.7142 11.985 17.3678
threshold=5.5000000000000009 2.5000000000000004 8.5000000000000018 1.5000000000000002 11.500000000000002 4.5000000000000009 7.5000000000000009 2.1816666666666671 0 2.1500000000000008 7.5000000000000009 1 3.5000000000000004 55.250000000000007
decision_type=8 10 8 10 8 10 10 10 9 10 8 9 2 10
left_child=1 3 6 12 7 8 9 -4 10 -2 -3 -5 -1 -14
right_child=2 5 4 11 -6 -7 -8 -9 -10 -11 -12 -13 13 -15
leaf_value=0.033633836970648097 -0.006430272741137541 0.018676410108284597 -0.025514007383024978 0.029217256739791777 -0.043573831286768144 -0.00093450423269542246 -0.018243508955139206 -0.036644099045519102 0.0057831024599018259 -0.014916868889876981 0.0083046174879393749 0.016239956122435943 0.018934516484040105 0.030675177656564329
leaf_weight=882.05213406682014 2246.2298472523689 575.87444135546684 1483.175775192678 244.80623193085194 705.12878309190273 1828.8618997782469 1145.2320517599583 727.46132180839777 2830.2421792894602 716.25333991646767 887.02099435031414 2082.1223499625921 530.59537734091282 802.31252598762512
leaf_count=3776 13624 2469 13190 980 7845 9305 8597 7006 12312 4609 3848 8334 2209 3356
internal_value=-0.000149642 0.0130094 -0.0201283 0.0233054 -0.0326834 0.00536825 -0.0112105 -0.0291915 0.0080528 -0.00848646 0.0123134 0.0178125 0.0290654 0.0260192
internal_weight=17687.4 10663.9 7023.48 4541.89 2915.77 6122 4107.72 2210.64 4293.14 2962.48 1462.9 2326.93 2214.96 1332.91
internal_count=101460 46589 54871 18655 28041 27934 26830 20196 18629 18233 6317 9314 9341 5565
cat_boundaries=0 1 2
cat_threshold=448 256
is_linear=0
shrinkage=0.05


Tree=25
num_leaves=15
num_cat=0
split_feature=10 10 10 10 10 10 10 6 6 6 4 2 6 2
split_gain=1695.94 305.556 299.24 53.3419 43.4743 38.0794 29.204 23.2413 13.6546 13.0504 13.9084 12.4032 12.0106 11.9164
threshold=5.5000000000000009 2.5000000000000004 8.5000000000000018 1.5000000000000002 11.500000000000002 3.5000000000000004 6.5000000000000009 2.1816666666666671 4.0050000000000017 0.5225000000000003 2.1000000000000005 18.500000000000004 2.7775000000000007 14.500000000000002
decision_type=8 10 8 10 8 10 10 10 10 8 8 10 8 10
left_child=1 3 6 -1 7 -3 12 -4 -8 11 -11 -7 -2 -5
right_child=2 5 4 13 -6 9 8 -9 -10 10 -12 -13 -14 -15
leaf_value=0.027806813668490721 -0.0033496396662502739 0.010295348593127675 -0.024714117584597389 0.020741922197534898 -0.042911244200342917 0.02176792504759513 -0.01335181466663455 -0.035832455550693879 -0.032692521491552502 -0.012178134524889007 0.0019037280237121984 0.003280152854086216 -0.014638678720087579 0.01354167257831794
leaf_weight=2200.001155719161 1294.3837364315987 2234.4199371933937 1455.3720907345414 1092.8153784871101 680.85013896971941 154.76674929261208 2402.4285684302449 707.28226544708014 94.434664197266102 184.06985601782799 3338.7009853571653 218.27825731039047 287.33099940419197 1234.4379271417856
leaf_count=9341 7436 9315 13190 4374 7845 722 16902 7006 713 880 15975 1042 1779 4940
internal_value=-0.000145184 0.0123703 -0.0194135 0.0222206 -0.031862 0.00509334 -0.010729 -0.0283652 -0.0140961 0.00210789 0.00116468 0.0109879 -0.00540834 0.0169302
internal_weight=17579.6 10657.5 6922.08 4527.25 2843.5 6130.24 4078.58 2162.65 2496.86 3895.82 3522.77 373.045 1581.71 2327.25
internal_count=101460 46589 54871 18655 28041 27934 26830 20196 17615 18619 16855 1764 9215 9314
is_linear=0
shrinkage=0.05


Tree=26
num_leaves=15
num_cat=1
split_feature=10 10 10 10 10 10 10 11 10 5 2 5 0 2
split_gain=1545.66 284.395 278.053 49.6901 43.3951 35.3575 28.2557 14.3647 14.3061 14.1823 13.2949 12.994 12.1558 11.9553
threshold=5.5000000000000009 8.5000000000000018 2.5000000000000004 1.5000000000000002 10.500000000000002 4.5000000000000009 7.5000000000000009 0 10.500000000000002 2.1500000000000008 8.5000000000000018 1.7250000000000003 2.5000000000000004 9.5000000000000018
decision_type=8 8 10 10 8 10 10 9 10 8 8 8 2 10
left_child=2 6 3 13 11 7 9 10 -6 -2 -4 -3 -11 -1
right_child=1 4 5 -5 8 -7 -8 -9 -10 12 -12 -13 -14 -15
leaf_value=0.031393601783005112 -0.0051338123823571578 -0.020981293650208219 0.017256106869002998 0.016084726298827012 -0.054523552345880438 -0.00099017117536324799 -0.017019953071502402 0.0051620575874011037 -0.036369525775087883 -0.026201508544028765 0.0075263989089649173 -0.030087591406549666 -0.010257028892365922 0.023677209075004174
leaf_weight=824.09519191086292 1910.5293261259794 781.77433657646179 584.22333686053753 2327.2079428732395 125.57080551981926 1829.7901559174061 1120.0439044460654 2838.653215020895 1051.2423209398985 138.06691475212574 885.22847345471382 815.609738714993 882.02397339046001 1361.1349912583828
leaf_count=3536 11649 7063 2490 9314 1530 9305 8597 12312 11788 895 3827 7660 5689 5805
internal_value=-0.000142461 -0.0187168 0.0117609 0.0211818 -0.0310479 0.00483248 -0.010266 0.0073052 -0.0383513 -0.00767985 0.0113268 -0.0256468 -0.0124386 0.0266002
internal_weight=17475.2 6824.86 10650.3 4512.44 2774.2 6137.9 4050.66 4308.11 1176.81 2930.62 1469.45 1597.38 1020.09 2185.23
internal_count=101460 54871 46589 18655 28041 27934 26830 18629 13318 18233 6317 14723 6584 9341
cat_boundaries=0 1
cat_threshold=448
is_linear=0
shrinkage=0.05


Tree=27
num_leaves=15
num_cat=1
split_feature=10 10 10 10 10 10 10 6 6 6 0 7 12 2
split_gain=1412.21 348.756 164.587 70.8556 46.2794 24.1977 22.3281 15.8257 14.9561 14.9284 13.3141 12.5395 12.4086 12.1133
threshold=6.5000000000000009 2.5000000000000004 9.5000000000000018 4.5000000000000009 1.5000000000000002 7.5000000000000009 13.500000000000002 2.3050000000000006 2.4225000000000008 2.2225000000000006 3.5000000000000004 39.145000000000017 0 12.500000000000002
decision_type=8 10 8 8 10 10 8 10 8 10 2 8 1 10
left_child=1 4 5 10 -1 -2 9 -7 -5 -4 12 13 -3 -12
right_child=2 3 6 8 -6 7 -8 -9 -10 -11 11 -13 -14 -15
leaf_value=0.025448541996543467 -0.010279547456922411 0.0060904278037330461 -0.028537830074503091 -0.00087333739455516259 0.015282646335450187 -0.016420498619377374 -0.049684280658764089 -0.026834962360668221 -0.0086696159251422687 -0.038764083439368165 0.017665768107482088 0.0023560843544819638 0.015165504867700444 0.0054817293046748594
leaf_weight=2170.4137804210186 1347.139781281352 839.48757968842983 1047.8732401877642 2593.3940661251545 2326.9376904070377 1510.313378252089 207.99171383678913 485.61040833592415 805.55829708278179 562.92804303020239 305.09770022332668 1794.4471098482609 760.93990652263165 616.10051581263542
leaf_count=9341 9018 3607 11200 13999 9314 12115 2634 4388 4521 6301 1307 7774 3259 2682
internal_value=-0.000139515 0.00912812 -0.0220632 0.00267609 0.0201933 -0.0154701 -0.0341667 -0.0189665 -0.00272308 -0.0321334 0.00692764 0.00479284 0.0105448 0.00953182
internal_weight=17374.2 12212.4 5161.86 7715.03 4497.35 3343.06 1818.79 1995.92 3398.95 1610.8 4316.07 2715.65 1600.43 921.198
internal_count=101460 55804 45656 37149 18655 25521 20135 16503 18520 17501 18629 11763 6866 3989
cat_boundaries=0 1
cat_threshold=4
is_linear=0
shrinkage=0.05


Tree=28
num_leaves=15
num_cat=2
split_feature=10 10 10 10 10 10 10 5 6 6 11 11 3 0
split_gain=1291.39 316.663 158.141 63.8804 43.0613 22.6424 22.3603 15.1932 14.6707 13.5908 12.747 12.3355 12.0627 12.0416
threshold=6.5000000000000009 2.5000000000000004 9.5000000000000018 4.5000000000000009 1.5000000000000002 7.5000000000000009 13.500000000000002 4.0500000000000007 2.2225000000000006 2.4225000000000008 0 1 1.5000000000000002 2.5000000000000004
decision_type=8 10 8 10 10 10 8 10 10 8 9 9 10 2
left_child=1 4 5 10 12 -2 8 -7 -4 -5 -3 -6 -1 -14
right_child=2 3 6 9 11 7 -8 -9 -10 -11 -12 -13 13 -15
leaf_value=0.028314523214283169 -0.0098315793989721817 0.010348171561463141 -0.027747482415411313 -0.00083006162147420705 0.025481918205348356 -0.017022046377410147 -0.049244446247554599 -0.033908549086896125 -0.038024286898487324 -0.0082752701884316084 0.0045601014337547574 0.01303969310581405 0.038018899307117437 0.019181655595551558
leaf_weight=1020.8521654456854 1338.3699057102203 1476.0645451545715 1024.4662992879748 2592.252962231636 244.31614477932453 1824.774337798357 199.57921251654625 144.04767133295536 545.6478369385004 801.89243845641613 2847.3465991616249 2082.0864530354738 92.787891998887062 1042.077006816864
leaf_count=4471 9018 6317 11200 13999 980 15164 2634 1339 6301 4521 12312 8334 409 4461
internal_value=-0.000136027 0.00868248 -0.0213243 0.00254271 0.0192513 -0.0148616 -0.0333866 -0.0182741 -0.0313408 -0.00259097 0.00657263 0.0145223 0.0243458 0.0207539
internal_weight=17276.6 12199.7 5076.89 7717.56 4482.12 3307.19 1769.69 1968.82 1570.11 3394.15 4323.41 2326.4 2155.72 1134.86
internal_count=101460 55804 45656 37149 18655 25521 20135 16503 17501 18520 18629 9314 9341 4870
cat_boundaries=0 1 2
cat_threshold=448 256
is_linear=0
shrinkage=0.05


Tree=29
num_leaves=15
num_cat=0
split_feature=10 10 10 10 10 10 5 10 6 6 1 0 0 7
split_gain=1180.73 287.779 151.731 57.5849 39.9902 22.3715 21.6816 18.0071 14.4008 12.3466 11.8852 11.8689 11.7242 14.3995
threshold=6.5000000000000009 2.5000000000000004 9.5000000000000018 4.5000000000000009 1.5000000000000002 13.500000000000002 4.0500000000000007 7.5000000000000009 2.2225000000000006 2.4225000000000008 52.500000000000007 3.5000000000000004 5.5000000000000009 40.245000000000012
decision_type=8 10 8 10 10 8 10 10 10 8 10 2 2 10
left_child=1 4 6 11 10 8 7 -2 -4 -5 -1 -3 13 -6
right_child=2 3 5 9 12 -7 -8 -9 -10 -11 -12 -13 -14 -15
leaf_value=0.0053011109158232102 -0.0085577924296312332 0.0096428206105632977 -0.026965719257553974 -0.00078891278064976685 0.017867159984094702 -0.048808788796259009 -0.02948049055268976 -0.016375801581845116 -0.037285612936330675 -0.0078973807173763535 0.024068743210798924 0.004222222014932232 0.0063726456169691638 0.0074134692776533966
leaf_weight=88.6482844799757 1252.0621430575848 1606.9228993356228 1002.0650548189878 2591.1680251508951 1464.5249107182026 191.50625395774841 218.33342362940311 1802.564093478024 529.07875799387693 798.38909558951855 2052.2900877296925 2723.5273823440075 433.43972635269165 427.60272808372974
leaf_count=377 8438 6866 11200 13999 5868 2634 1919 15164 6301 4521 8964 11763 1734 1712
internal_value=-0.000131322 0.00826063 -0.0206006 0.00241554 0.0183606 -0.0326103 -0.0142715 -0.0131751 -0.0305537 -0.0024651 0.0232945 0.00623543 0.0138104 0.0155099
internal_weight=17182.1 12186.5 4995.61 7720.01 4466.51 1722.65 3272.96 3054.63 1531.14 3389.56 2140.94 4330.45 2325.57 1892.13
internal_count=101460 55804 45656 37149 18655 20135 25521 23602 17501 18520 9341 18629 9314 7580
is_linear=0
shrinkage=0.05


Tree=30
num_leaves=15
num_cat=1
split_feature=10 10 10 10 10 10 5 10 11 4 0 6 2 5
split_gain=1079.07 261.384 145.367 51.8949 37.1515 22.3892 20.5153 15.944 12.3748 17.4053 13.6294 12.3238 11.5994 14.6947
threshold=6.5000000000000009 2.5000000000000004 9.5000000000000018 4.5000000000000009 1.5000000000000002 11.500000000000002 3.5500000000000003 7.5000000000000009 0 2.1000000000000005 3.5000000000000004 2.5612500000000007 11.500000000000002 3.1500000000000008
decision_type=8 10 8 10 10 8 10 10 9 10 2 10 10 10
left_child=1 4 6 12 8 11 7 -2 -1 -10 -11 -4 13 -3
right_child=2 3 5 -5 -6 -7 -8 -9 9 10 -12 -13 -14 -15
leaf_value=0.034182938625892841 -0.0079038137428438845 0.0099589277465902525 -0.024502594219139005 -0.0023452061121526312 0.013126729138352711 -0.039828939408498396 -0.025309559715854538 -0.015443597489793501 0.02587845512557152 0.023197577352657046 0.011455536802729429 -0.036954026648583875 0.0037819424348684225 -0.013966940116224659
leaf_weight=237.5766292065382 1199.4790756851435 1687.6103957146406 828.80299135297537 3385.17891921103 2324.4999803304672 579.95284363627434 340.44402865320444 1700.3051449507475 855.19451041519642 415.61957135796547 618.09064181149006 268.84017418324947 2583.5726814717054 65.864630922675133
leaf_count=1042 8111 7184 9104 18520 9314 7845 2983 14427 3812 1857 2630 3186 11164 281
internal_value=-0.000128366 0.00785703 -0.0198924 0.0022939 0.0175061 -0.0318378 -0.0136999 -0.0123286 0.0222849 0.0204819 0.0161945 -0.0275831 0.00591454 0.00905277
internal_weight=17091 12173.2 4917.82 7722.23 4450.98 1677.6 3240.23 2899.78 2126.48 1888.9 1033.71 1097.64 4337.05 1753.48
internal_count=101460 55804 45656 37149 18655 20135 25521 22538 9341 8299 4487 12290 18629 7465
cat_boundaries=0 1
cat_threshold=128
is_linear=0
shrinkage=0.05


Tree=31
num_leaves=15
num_cat=4
split_feature=10 10 10 10 10 10 6 11 6 11 4 0 11 11
split_gain=986.005 237.564 139.074 46.7669 34.5902 22.7158 19.9307 15.319 14.3076 11.6046 16.0697 12.9764 11.5361 11.2813
threshold=6.5000000000000009 2.5000000000000004 9.5000000000000018 4.5000000000000009 1.5000000000000002 13.500000000000002 1.93875 0 3.3775000000000008 1 2.1000000000000005 4.5000000000000009 2 3
decision_type=8 10 8 10 10 8 10 9 10 9 10 2 9 9
left_child=1 4 6 13 9 8 -2 -8 -4 -1 -11 -12 -6 -3
right_child=2 3 5 -5 12 -7 7 -9 -10 10 11 -13 -14 -15
leaf_value=0.032878778750719664 -0.010337979768201977 0.0091462327066932896 -0.027111222479824778 -0.0022307256082425807 0.022964733477040953 -0.048021992761274113 -0.026902049049829686 -0.013501449010562164 -0.042588402323763264 0.024797786132799572 0.019110897549105235 0.0067943777398232251 0.011074630792180217 0.0037277465850699774
leaf_weight=235.14924232661724 2132.5048512816429 1484.0439926534891 1284.3347653821111 3381.117571502924 243.53968419134617 177.63305376470089 385.42451703548431 691.02621483802795 172.44536909461021 848.06872832775116 723.15589222311974 305.6557060033083 2079.8570339530706 2859.1947740018368
leaf_count=1042 16438 6317 15305 18520 980 2634 3238 5845 2196 3812 3185 1302 8334 12312
internal_value=-0.000124122 0.0074749 -0.0191999 0.00217839 0.0166963 -0.0310699 -0.0131463 -0.0186951 -0.0289713 0.02133 0.019587 0.0154619 0.0124767 0.00561051
internal_weight=17003.2 12159.8 4843.37 7724.36 4435.43 1634.41 3208.96 1076.45 1456.78 2112.03 1876.88 1028.81 2323.4 4343.24
internal_count=101460 55804 45656 37149 18655 20135 25521 9083 17501 9341 8299 4487 9314 18629
cat_boundaries=0 1 2 3 4
cat_threshold=416 128 256 448
is_linear=0
shrinkage=0.05


Tree=32
num_leaves=15
num_cat=1
split_feature=10 10 10 10 12 10 0 10 5 6 6 4 5 6
split_gain=901.047 217.792 132.805 64.1297 23.6118 22.6494 20.2866 20.0768 15.8853 14.4974 14.0995 13.1885 12.3103 12.2737
threshold=6.5000000000000009 3.5000000000000004 9.5000000000000018 1.5000000000000002 0 13.500000000000002 3.5000000000000004 8.5000000000000018 2.4500000000000006 0.44500000000000012 2.2225000000000006 9.7083333333333339 1.7250000000000003 4.0050000000000017
decision_type=8 10 8 10 1 8 2 10 10 10 10 10 8 10
left_child=1 3 7 -1 6 10 9 13 -3 -5 -4 -6 -9 -2
right_child=2 8 5 4 11 -7 -8 12 -10 -11 -12 -13 -14 -15
leaf_value=0.020413685484877073 -0.0095241556944890421 0.00096066570366010358 -0.024561513277827782 0.029933446765256628 0.0052528354756669953 -0.047592534730751916 0.0098786762613891719 -0.013177308857804246 -0.0061232979942741376 0.015403928394209194 -0.035169759686093434 0.026934995526723283 -0.025383244749341879 -0.028750098516250717
leaf_weight=2097.9043130278587 2260.0676254332066 4513.2001354545355 937.47693522274494 238.89217390120029 2089.2766938656569 170.46501579880714 1551.1991044431925 418.88075786083937 958.6068489998579 625.55065673589706 485.23123393207788 71.65042607486248 415.37886226177216 85.480827175080776
leaf_count=9341 16902 22790 11200 967 8514 2634 6321 3847 5044 2535 6301 292 4059 713
internal_value=-0.000119677 0.00711349 -0.0185243 0.0131749 0.00985294 -0.0303051 0.0132553 -0.0126141 -0.000281267 0.0194492 -0.0282017 0.00595633 -0.0192778 -0.0102368
internal_weight=16919.3 12146.3 4772.98 6674.47 4576.57 1593.17 2415.64 3179.81 5471.81 864.443 1422.71 2160.93 834.26 2345.55
internal_count=101460 55804 45656 27970 18629 20135 9823 25521 27834 3502 17501 8806 7906 17615
cat_boundaries=0 1
cat_threshold=9
is_linear=0
shrinkage=0.05


Tree=33
num_leaves=15
num_cat=0
split_feature=10 10 10 10 10 10 5 10 6 0 1 2 4 6
split_gain=822.76 198.422 126.67 39.1997 29.0902 22.5559 19.087 15.4984 14.1572 11.3748 20.5062 15.913 12.7096 11.015
threshold=6.5000000000000009 2.5000000000000004 9.5000000000000018 4.5000000000000009 1.5000000000000002 13.500000000000002 4.0500000000000007 8.5000000000000018 3.3775000000000008 2.5000000000000004 55.250000000000007 13.500000000000002 1.3666666666666669 2.4225000000000008
decision_type=8 10 8 10 10 8 10 10 10 2 10 8 8 8
left_child=1 4 6 -3 9 8 7 -2 -4 -1 11 -11 -12 -5
right_child=2 3 5 13 -6 -7 -8 -9 -10 10 12 -13 -14 -15
leaf_value=0.031270573347280207 -0.0089178467917970933 0.0050736483335375344 -0.025566121501999328 -0.0005221667463435407 0.011374012784004217 -0.047163480130409212 -0.026863144923260071 -0.01721011223861665 -0.041430014341693515 0.023637996050806853 0.034931124545530656 0.008033532333007954 0.02037717712267487 -0.0072575707086608571
leaf_weight=188.54966302216053 2185.9242062941194 4352.5024041682482 1228.4700460582972 2584.0976563841105 2320.8143710643053 163.59828811883926 204.11710917949677 761.29464302957058 161.62418929487467 225.45697537064552 182.7929265499115 593.6833772957325 893.83280667662621 792.45470766723156
leaf_count=873 16362 18629 15305 13999 9314 2634 1919 7240 2196 1008 846 2641 3973 4521
internal_value=-0.000116696 0.00676546 -0.0178633 0.00193786 0.0152334 -0.029545 -0.0120964 -0.0110649 -0.027439 0.0195232 0.0183389 0.012352 0.0228783 -0.0021046
internal_weight=16839.2 12134.2 4705.03 7729.05 4405.13 1553.69 3151.34 2947.22 1390.09 2084.32 1895.77 819.14 1076.63 3376.55
internal_count=101460 55804 45656 37149 18655 20135 25521 23602 17501 9341 8468 3649 4819 18520
is_linear=0
shrinkage=0.05


Tree=34
num_leaves=15
num_cat=2
split_feature=10 10 10 10 10 12 0 5 5 6 10 11 4 6
split_gain=751.079 180.912 120.642 53.9972 22.7263 21.3038 18.3315 18.0589 14.0925 13.0975 12.4004 12.2306 11.9078 11.8298
threshold=6.5000000000000009 3.5000000000000004 9.5000000000000018 1.5000000000000002 11.500000000000002 0 3.5000000000000004 2.1500000000000008 2.4500000000000006 0.44500000000000012 7.5000000000000009 1 9.7083333333333339 2.5612500000000007
decision_type=8 10 8 10 8 1 2 10 10 10 10 9 10 10
left_child=1 3 7 -1 13 6 9 10 -3 -5 -2 -9 -7 -4
right_child=2 8 4 5 -6 12 -8 11 -10 -11 -12 -13 -14 -15
leaf_value=0.01867504540164085 -0.0048781888058397806 0.00086779053520640807 -0.021257235254610294 0.028021313106200402 -0.037377015622837823 0.0045785556915528781 0.008961085676146785 -0.0040644887481930533 -0.0058137662906011774 0.014213710774248376 -0.012407417697534836 -0.020333348631710244 0.025162586537378774 -0.034095051522252805
leaf_weight=2070.7653758525848 955.31678576767445 4515.2835436761379 762.77787309139967 238.82027043402195 513.45128536969423 2090.341521859169 1552.683759316802 161.47994669526815 955.27196989953518 625.81449949741364 1284.3868980705738 722.94089443981647 71.773197531700134 239.73557221889496
leaf_count=9341 6568 22790 9104 967 7845 8514 6321 1412 5044 2535 11215 6326 292 3186
internal_value=-0.000113455 0.00643542 -0.017218 0.0119751 -0.0287893 0.00894208 0.0121698 -0.0115957 -0.000299797 0.0180555 -0.00919953 -0.0176464 0.00524891 -0.0243581
internal_weight=16760.8 12120.8 4640.09 6650.2 1515.96 4579.43 2417.32 3124.12 5470.56 864.635 2239.7 884.421 2162.11 1002.51
internal_count=101460 55804 45656 27970 20135 18629 9823 25521 27834 3502 17783 7738 8806 12290
cat_boundaries=0 1 2
cat_threshold=9 72
is_linear=0
shrinkage=0.05


Tree=35
num_leaves=15
num_cat=2
split_feature=10 10 10 10 10 6 10 6 11 4 0 11 6 1
split_gain=687.2 172.947 117.443 38.8808 24.4054 20.0498 16.4022 15.807 12.1707 15.0485 14.8247 10.8222 21.0474 11.0984
threshold=5.5000000000000009 8.5000000000000018 2.5000000000000004 11.500000000000002 1.5000000000000002 2.1816666666666671 3.5000000000000004 3.7550000000000003 0 1.7750000000000001 4.5000000000000009 1 1.1612500000000003 54.250000000000007
decision_type=8 8 10 8 10 10 10 10 9 10 2 9 8 10
left_child=2 7 4 5 8 -3 -4 11 -1 -10 -11 12 -2 -13
right_child=1 3 6 -5 -6 -7 -8 -9 9 10 -12 13 -14 -15
leaf_value=0.029386778356689177 0.0050403418564497733 -0.017255696843814904 0.0065716417471248824 -0.036701350469242236 0.010364639614226831 -0.028728260748140888 0.0012243907844119398 -0.02180106827182764 0.022331594087805405 0.01648523056576956 0.0041829837023198866 -0.0080514277057433595 -0.021474531600179654 -0.0022409983178884232
leaf_weight=228.12155513465405 101.05701976269484 1226.8312430977821 2263.1079847365618 497.19280430674553 2317.9893942028284 558.02439667284489 3913.6104359775782 170.44584138691425 653.71276408433914 827.09416170418262 348.90256235003471 1729.8762446716428 283.94826450198889 1566.8324248120189
leaf_count=1042 662 13190 9315 7845 9314 7006 18619 1351 3047 3736 1516 11998 2012 10807
internal_value=-0.000111042 -0.0134182 0.00762495 -0.0243233 0.013891 -0.0208566 0.00318433 -0.00695325 0.0178561 0.0161545 0.012842 -0.00626013 -0.0141532 -0.00527541
internal_weight=16686.7 6134.21 10552.5 2282.05 4375.82 1784.86 6176.72 3852.16 2057.83 1829.71 1176 3681.71 385.005 3296.71
internal_count=101460 54871 46589 28041 18655 20196 27934 26830 9341 8299 5252 25479 2674 22805
cat_boundaries=0 1 2
cat_threshold=128 256
is_linear=0
shrinkage=0.05


Tree=36
num_leaves=15
num_cat=3
split_feature=10 10 10 10 10 10 5 6 10 11 4 11 4 11
split_gain=628.748 149.675 109.307 29.7193 22.8841 22.6453 17.2658 13.9201 13.0146 11.3843 13.996 12.4325 10.9702 10.8872
threshold=6.5000000000000009 2.5000000000000004 9.5000000000000018 4.5000000000000009 9.5000000000000018 1.5000000000000002 4.0500000000000007 3.3775000000000008 7.5000000000000009 0 2.1000000000000005 1 10.100000000000001 2
decision_type=8 10 8 10 10 10 10 10 10 9 10 9 10 9
left_child=1 5 6 -3 -4 9 8 12 -2 -1 -11 -12 -6 -7
right_child=2 3 4 -5 7 13 -8 -9 -10 10 11 -13 -14 -15
leaf_value=0.02827242575571659 -0.0057124249047564093 0.0043849056119681399 -0.05251449215990666 -0.0018666663554217904 -0.021269100891692247 0.019914805679395953 -0.025048985001039553 -0.039851087854583252 -0.012536173881420774 0.020385637531315573 0.015600367439723237 0.0036151286712208224 -0.032811955822219241 0.0085329303826439471
leaf_weight=225.752151876688 1202.1456663012505 4363.9486144930124 84.898363687098026 3367.1343899071217 936.49874921888113 242.08855570852757 194.94896889477968 156.02599368989468 1677.2770624682307 817.06565867364407 646.22401207685471 355.89691215753555 269.80763129517436 2074.3811041414738
leaf_count=1042 8438 18629 1530 18520 12442 980 1919 2347 15164 3812 2914 1573 3816 8334
internal_value=-0.000106977 0.00584091 -0.0160117 0.00166226 -0.0273396 0.013246 -0.010672 -0.0257334 -0.00969026 0.0170825 0.0154389 0.0115433 -0.0238759 0.00985326
internal_weight=16614.1 12092.5 4521.6 7731.08 1447.23 4361.41 3074.37 1362.33 2879.42 2044.94 1819.19 1002.12 1206.31 2316.47
internal_count=101460 55804 45656 37149 20135 18655 25521 18605 23602 9341 8299 4487 16258 9314
cat_boundaries=0 1 2 3
cat_threshold=128 297 256
is_linear=0
shrinkage=0.05


Tree=37
num_leaves=15
num_cat=2
split_feature=10 10 10 10 10 12 6 11 7 7 10 2 6 7
split_gain=573.666 136.096 103.669 26.7961 22.8072 22.1124 17.8578 17.7059 16.7506 15.7652 14.7954 14.0907 13.7323 10.5966
threshold=6.5000000000000009 2.5000000000000004 9.5000000000000018 4.5000000000000009 13.500000000000002 0 1.0000000180025095e-35 1 42.190000000000012 40.25500000000001 7.5000000000000009 14.500000000000002 3.3775000000000008 41.610000000000014
decision_type=8 10 8 10 8 1 10 9 10 10 10 10 10 10
left_child=1 5 8 13 12 6 -1 -7 10 -9 -2 -8 -4 -3
right_child=2 3 4 -5 -6 7 11 9 -10 -11 -12 -13 -14 -15
leaf_value=0.024817865784889398 -0.0052140418949625277 0.004759387861002177 -0.022560191243339776 -0.0017751113513839055 -0.045650891779190267 0.017638790716521923 0.019057984861055085 0.0086525955078609797 -0.027745607817382376 -0.0035896497517826881 -0.012438829112289164 0.010353486935418613 -0.039118686367668451 -0.0059657670869447928
leaf_weight=458.4483065456152 1216.4068890661001 4125.3256239593029 1129.9511061646044 3363.8989795595407 141.74820467084646 413.89096239209175 776.08974559605122 1189.9114202708006 129.78492327034473 336.89305341243744 1704.3905159682035 1172.1432410925627 142.55870074778795 243.08621427416801
leaf_count=2041 8637 17587 15305 18520 2634 1788 3326 5088 1181 1417 15703 4995 2196 1042
internal_value=-0.00010167 0.0055588 -0.015414 0.00157883 -0.0266007 0.0126356 0.0158658 0.00849831 -0.0102207 0.00591204 -0.00943278 0.013829 -0.0244445 0.00416134
internal_weight=16544.5 12079.7 4464.84 7732.31 1414.26 4347.38 2406.68 1940.7 3050.58 1526.8 2920.8 1948.23 1272.51 4368.41
internal_count=101460 55804 45656 37149 20135 18655 10362 8293 25521 6505 24340 8321 17501 18629
cat_boundaries=0 1 2
cat_threshold=9 384
is_linear=0
shrinkage=0.05


Tree=38
num_leaves=15
num_cat=2
split_feature=10 10 10 10 10 0 6 10 11 11 6 6 2 0
split_gain=524.668 167.769 62.5904 40.219 20.5039 19.3359 17.2761 16.6924 14.5605 13.1131 11.326 11.2907 11.2118 10.8758
threshold=7.5000000000000009 3.5000000000000004 10.500000000000002 1.5000000000000002 5.5000000000000009 2.5000000000000004 3.2162500000000005 10.500000000000002 0 1 2.0450000000000008 4.7550000000000017 20.500000000000004 3.5000000000000004
decision_type=8 10 8 10 10 2 10 10 9 9 10 10 10 2
left_child=1 3 6 13 -3 -5 -2 -4 12 -6 -9 -11 -7 -1
right_child=2 4 7 5 9 8 -8 10 -10 11 -12 -13 -14 -15
leaf_value=0.020345402747135172 -0.012741286843505652 0.0010174886368205394 -0.052169682489737551 0.017391580166089993 -0.0097528494264310876 0.015941421859642726 -0.027527086483158787 -0.022710666265260072 0.0047347711193335973 -0.0017778437496075964 -0.03522797925477069 -0.029677291821833974 0.0028030083419439298 0.012805695013457827
leaf_weight=793.041579246521 2081.3149200156331 3917.9153096526861 77.815975025296211 429.64849120378494 844.01767871528864 595.91604936122894 218.38509039580822 462.99177965894341 3331.8267936557531 1928.6407532021403 308.40800386294723 35.965141452848911 223.7279641777277 1229.8272057175636
leaf_count=3776 20730 18619 1530 1742 5488 2421 2590 6893 13557 12475 4895 270 909 5565
internal_value=-9.82465e-05 0.00423811 -0.0184512 0.0098985 -0.0013198 0.00730291 -0.0141567 -0.0300502 0.00625486 -0.00457943 -0.0277543 -0.00229177 0.0122141 0.0157701
internal_weight=16479.4 13330.5 3148.92 6603.99 6726.54 4581.12 2299.7 849.216 4151.47 2808.62 771.4 1964.61 819.644 2022.87
internal_count=101460 64822 36638 27970 36852 18629 23320 13318 16887 18233 11788 12745 3330 9341
cat_boundaries=0 1 2
cat_threshold=384 260
is_linear=0
shrinkage=0.05


Tree=39
num_leaves=15
num_cat=3
split_feature=10 10 10 10 10 12 10 6 0 11 6 3 5 11
split_gain=479.966 151.778 59.9262 36.9779 18.5817 18.2671 16.7282 16.3446 15.7988 11.9767 11.3141 11.1886 10.8873 12.6309
threshold=7.5000000000000009 3.5000000000000004 10.500000000000002 1.5000000000000002 5.5000000000000009 0 10.500000000000002 3.2162500000000005 3.5000000000000004 1 0.44500000000000012 8.5000000000000018 -0.6499999999999998 2
decision_type=8 10 8 10 10 1 10 10 2 9 10 8 10 9
left_child=1 3 7 12 -3 8 -4 -2 10 -6 -5 -8 -1 -14
right_child=2 4 6 5 9 -7 11 -9 -10 -11 -12 -13 13 -15
leaf_value=0.020241653261690931 -0.012226482144487377 0.00096624080758499957 -0.051995609571481742 0.024658316985401954 -0.0093279137072747789 0.0035411160509112266 -0.017652852990919676 -0.026759180616434924 0.0069402938712726479 -0.0021813944981212969 0.011818225622184335 -0.031058405285176456 0.0032297867546316507 0.015086823216201648
leaf_weight=677.84658156335354 2061.0726577043533 3919.4422405362129 74.265675432980061 237.99946179986 838.97668472677469 2163.9412934333086 228.36435122042894 213.57227299362421 1554.5089107453823 1961.794213116169 625.42617100477219 524.87159787118435 314.52131246030331 1018.716950148344
leaf_count=3203 20730 18619 1530 967 5488 8806 3479 2590 6321 12745 2535 8309 1437 4701
internal_value=-9.57101e-05 0.00403161 -0.0178041 0.00942097 -0.0012563 0.00693756 -0.0293242 -0.0136022 0.00991886 -0.00436579 0.015382 -0.0270229 0.0150727 0.0124315
internal_weight=16415.3 13313.2 3102.15 6592.96 6720.21 4581.88 827.502 2274.64 2417.93 2800.77 863.426 753.236 2011.08 1333.24
internal_count=101460 64822 36638 27970 36852 18629 13318 23320 9823 18233 3502 11788 9341 6138
cat_boundaries=0 1 2 3
cat_threshold=9 260 68
is_linear=0
shrinkage=0.05


Tree=40
num_leaves=15
num_cat=2
split_feature=10 10 10 10 5 0 10 6 12 2 11 7 6 2
split_gain=438.937 137.341 57.2795 34.0092 17.5137 17.2251 16.7481 15.7014 14.1107 14.2599 13.9198 11.6889 11.3092 11.0484
threshold=7.5000000000000009 3.5000000000000004 10.500000000000002 1.5000000000000002 2.1500000000000008 4.5000000000000009 10.500000000000002 1.93875 0 14.500000000000002 1 38.045000000000009 2.0450000000000008 8.5000000000000018
decision_type=8 10 8 10 10 2 10 10 1 10 9 10 10 8
left_child=1 3 7 -1 13 8 -4 -2 -5 -10 -9 -11 -8 -3
right_child=2 4 6 5 -6 -7 12 10 9 11 -12 -13 -14 -15
leaf_value=0.014407548212163755 -0.0099415791004535195 0.0037675991297941823 -0.051827845628109985 0.0050363658644396814 -0.0061602051257462808 0.0022818593181152353 -0.021174982327542349 -0.028200793871387214 0.017121977710670457 0.023510166331314964 -0.013116898279308531 0.0055246625576198588 -0.033978935078916299 -0.0013068666061853171
leaf_weight=1999.8282604068518 1447.6498616933823 1490.2777482271194 70.869763456285 1432.5186575353146 1403.8407647833228 1540.8598890453577 443.83149325102568 266.94130479544401 746.28682616353035 101.72071215510368 536.14896559715271 761.04463957250118 292.06619720906019 3820.1077166944742
leaf_count=9341 14173 7960 1530 5826 8201 6269 6893 2991 3034 413 6156 3087 4895 20691
internal_value=-9.25061e-05 0.00383578 -0.0171715 0.00896752 -0.00119568 0.00659079 -0.0286001 -0.0130641 0.00877223 0.0119873 -0.0186734 0.00766993 -0.0262959 0.000117645
internal_weight=16354 13296.5 3057.51 6582.26 6714.23 4582.43 806.767 2250.74 3041.57 1609.05 803.09 862.765 735.898 5310.39
internal_count=101460 64822 36638 27970 36852 18629 13318 23320 12360 6534 9147 3500 11788 28651
cat_boundaries=0 1 2
cat_threshold=4 416
is_linear=0
shrinkage=0.05


Tree=41
num_leaves=15
num_cat=3
split_feature=10 10 10 10 10 10 0 6 11 11 7 0 6 11
split_gain=401.507 124.22 54.6137 31.2083 16.7532 16.7495 16.3203 15.5825 13.015 11.2929 13.1646 12.1873 11.0433 10.9042
threshold=7.5000000000000009 3.5000000000000004 10.500000000000002 1.5000000000000002 5.5000000000000009 10.500000000000002 2.5000000000000004 3.6050000000000009 0 1 40.545000000000009 4.5000000000000009 2.1950000000000007 2
decision_type=8 10 8 10 10 10 2 10 9 9 10 2 10 9
left_child=1 3 7 9 -3 -4 -5 -2 -8 -1 11 -11 -7 -6
right_child=2 4 5 6 13 12 8 -9 -10 10 -12 -13 -14 -15
leaf_value=0.024778886898781216 -0.011480310002381117 0.00097149375954388322 -0.051665862336848105 0.015539812626992087 -0.0088500825822133405 -0.020918891896763277 0.010924471568431633 -0.029021036238208717 0.0038701100856774807 0.016735500646587281 0.0011505044996057093 0.0068532827145800224 -0.034018555796927939 -0.0020143063261122765
leaf_weight=217.93593387305737 2093.9265573918819 3919.1349574178457 67.622493803501129 428.83308030664921 833.30023840814829 465.89254688471556 819.99496188759804 134.33812125772238 3333.9956824481487 1100.8507428914309 232.13954129815102 438.09671559929848 253.44732125848532 1957.535184442997
leaf_count=1042 21614 18619 1530 1742 5488 7376 3330 1706 13557 5236 1066 1997 4412 12745
internal_value=-9.0918e-05 0.00364866 -0.0165592 0.00853412 -0.00113679 -0.0278798 0.00626185 -0.0125504 0.00530054 0.0137638 0.0121866 0.0139286 -0.0255752 -0.00409672
internal_weight=16297 13281.8 3015.23 6571.85 6709.97 786.962 4582.82 2228.26 4153.99 1989.02 1771.09 1538.95 719.34 2790.84
internal_count=101460 64822 36638 27970 36852 13318 18629 23320 16887 9341 8299 7233 11788 18233
cat_boundaries=0 1 2 3
cat_threshold=384 128 260
is_linear=0
shrinkage=0.05


Tree=42
num_leaves=15
num_cat=2
split_feature=10 10 10 12 10 10 5 6 7 0 6 11 3 8
split_gain=366.953 112.438 52.045 28.7852 18.7828 16.7327 15.8242 14.738 14.0991 13.2999 12.6444 11.5913 11.2552 10.3444
threshold=7.5000000000000009 3.5000000000000004 10.500000000000002 0 1.5000000000000002 10.500000000000002 2.1500000000000008 3.6050000000000009 39.355000000000011 2.5000000000000004 1.0000000180025095e-35 1 8.5000000000000018 2.5000000000000004
decision_type=8 10 8 1 10 10 10 10 10 2 10 9 8 2
left_child=1 3 7 4 10 -4 -3 -2 11 13 -1 -5 -7 -6
right_child=2 6 5 8 9 12 -8 -9 -10 -11 -12 -13 -14 -15
leaf_value=0.02621131792748322 -0.011006659982437422 0.00016524313627397317 -0.051509172473707746 0.016237529212487112 0.0294015224501607 -0.015225380154255215 -0.0058123906862325922 -0.02826045991211339 0.00091861976595563385 0.0075257651396876861 0.013611459287094257 0.0054569954423925099 -0.029070856200720793 0.0076641356506023843
leaf_weight=260.51936833560467 2075.3605423793197 5306.4297350943089 64.518218077719212 315.8131957501173 129.98777328431606 215.33952543511987 1398.0171515345573 131.16453458741307 1439.7900142222643 2192.5931157767773 864.59331642091274 1262.6442172080278 488.19467959925532 95.59421069920063
leaf_count=1280 21614 28651 1530 1362 530 3479 8201 1706 6048 8904 4054 5403 8309 389
internal_value=-8.71943e-05 0.00347197 -0.0159562 0.00812449 0.01118 -0.0271632 -0.0010819 -0.0120446 0.00448311 0.00872199 0.0165496 0.0077602 -0.0248606 0.0202644
internal_weight=16240.6 13266 2974.58 6561.54 3543.29 768.052 6704.45 2206.53 3018.25 2418.18 1125.11 1578.46 703.534 225.582
internal_count=101460 64822 36638 27970 15157 13318 36852 23320 12813 9823 5334 6765 11788 919
cat_boundaries=0 1 2
cat_threshold=9 129
is_linear=0
shrinkage=0.05


Tree=43
num_leaves=15
num_cat=2
split_feature=10 10 10 10 0 7 12 6 7 6 6 2 11 5
split_gain=336.619 79.845 76.3986 21.579 17.7687 21.9843 16.9007 15.515 15.0424 12.9121 12.6443 12.2105 11.9603 11.0874
threshold=6.5000000000000009 2.5000000000000004 9.5000000000000018 9.5000000000000018 4.5000000000000009 40.310000000000009 0 2.5225000000000009 42.190000000000012 3.3775000000000008 0.40500000000000008 10.500000000000002 1 2.1500000000000008
decision_type=8 10 8 10 2 10 1 8 10 10 10 10 9 10
left_child=1 4 8 -4 5 11 7 12 13 -5 -7 -1 -3 -2
right_child=2 6 3 9 -6 10 -8 -9 -10 -11 -12 -13 -14 -15
leaf_value=0.018022620536384603 -0.0052236752151909099 0.0038304286456811096 -0.051357311914170846 -0.019247868702683659 0.0048639206514036228 0.026106914844818602 0.0033196998148501385 -0.0076590050724985054 -0.025064533253089868 -0.036088559360418923 0.0004975074263708026 0.010775353363581248 -0.0026594924937872184 -0.012339677253556131
leaf_weight=1032.5374933928251 2062.2998801320791 1309.8696589022875 61.551418974995613 1065.0429246947169 1333.5499368906021 52.242383509874344 4127.9541506618261 769.00195513665676 121.02677000313997 128.39187466725707 509.27295255661011 1346.4098784923553 1524.0591015815735 745.90669371932745
leaf_count=4612 17299 6239 1530 16258 5689 231 19750 3803 1181 2347 2184 5939 7357 7041
internal_value=-8.36129e-05 0.00417299 -0.0122943 -0.0226126 0.00965632 0.0118274 0.00114069 -0.00136152 -0.00786734 -0.0210883 0.00292234 0.0139271 0.000344636 -0.00711752
internal_weight=16189.1 12004.9 4184.22 1254.99 4274.01 2940.46 7730.88 3602.93 2929.23 1193.43 561.515 2378.95 2833.93 2808.21
internal_count=101460 55804 45656 20135 18655 12966 37149 17399 25521 18605 2415 10551 13596 24340
cat_boundaries=0 1 2
cat_threshold=4 432
is_linear=0
shrinkage=0.05


Tree=44
num_leaves=15
num_cat=3
split_feature=10 10 10 10 6 0 10 2 12 2 10 11 12 4
split_gain=308.224 93.6213 47.7776 25.6158 21.7564 14.2022 13.9279 11.6525 11.5304 12.0491 11.0661 10.795 12.168 13.5469
threshold=7.5000000000000009 3.5000000000000004 11.500000000000002 1.5000000000000002 2.3050000000000006 4.5000000000000009 5.5000000000000009 20.500000000000004 0 14.500000000000002 11.500000000000002 1 2 1.2916666666666667
decision_type=8 10 8 10 10 2 10 10 1 10 10 9 1 8
left_child=1 3 4 11 -2 8 -3 -6 -5 -10 -4 -1 -13 -14
right_child=2 6 10 5 7 -7 -8 -9 9 -11 -12 12 13 -15
leaf_value=0.022953932163880673 -0.0096028688173052136 0.00091651856030420121 -0.051209824654563266 0.0039772621038412165 -0.025608359064644117 0.0014480289774656502 -0.0037114450526590467 -0.011490807507097115 0.014963221587838539 0.0062727420004090586 -0.027420320437597762 0.0051892229021021493 0.027147373785356706 0.011706296934439099
leaf_weight=213.6653940230608 1881.9872029945254 3920.6026981621981 58.716715984046459 1431.8964163810015 394.07076778262854 1541.8142753243446 2776.0412518903613 236.26332960650325 744.96766816079617 862.64446310698986 330.11001133546233 674.98976764082909 168.67345817387104 903.99059495329857
leaf_count=1042 20348 18619 1530 5826 5270 6269 18233 3175 3034 3500 6315 3178 845 4276
internal_value=-8.09147e-05 0.00315376 -0.0148382 0.00740708 -0.0123047 0.00535805 -0.00100224 -0.0203434 0.00734031 0.010243 -0.0311349 0.0121881 0.0106673 0.0140267
internal_weight=16140.4 13239.3 2901.15 6542.64 2512.32 4581.32 6696.64 630.334 3039.51 1607.61 388.827 1961.32 1747.65 1072.66
internal_count=101460 64822 36638 27970 28793 18629 36852 8445 12360 6534 7845 9341 8299 5121
cat_boundaries=0 1 2 3
cat_threshold=4 128 4
is_linear=0
shrinkage=0.05


Tree=45
num_leaves=15
num_cat=3
split_feature=10 10 10 12 10 0 6 4 11 7 6 11 4 10
split_gain=282.706 106.222 29.1026 23.6583 20.3056 16.6221 15.8397 15.3431 13.0097 12.6058 11.5227 11.4129 11.2108 11.1274
threshold=8.5000000000000018 3.5000000000000004 11.500000000000002 0 5.5000000000000009 3.5000000000000004 2.1816666666666671 1.1000000000000003 1 40.322500000000012 3.7550000000000003 2 9.7750000000000021 11.500000000000002
decision_type=8 10 8 1 10 2 10 8 9 10 10 9 10 10
left_child=1 3 6 5 -3 -1 -2 -7 -5 12 -6 -9 -10 -4
right_child=2 4 13 8 10 7 -8 11 9 -11 -12 -13 -14 -15
leaf_value=0.01444137006542205 -0.011645361443556299 0.0008703917565837532 -0.051066287092595003 0.0099838787183128344 -0.0037041198701256934 0.023644633257607836 -0.022682886719415093 0.011785717375366088 0.0033843536674375979 -0.0046193295117687699 -0.017553155578656689 0.0037368360820958114 0.028326601410402094 -0.026712072763534541
leaf_weight=1266.8668015897274 1089.8772226125002 3921.9758894443512 56.008853986859322 647.39349769055843 3545.7945677936077 133.79464420676231 465.73941553011537 638.76177987456322 1768.0202401131392 549.04185515642166 155.94152270257473 1483.8665459603071 45.255641907453537 322.15094774588943
leaf_count=5533 13190 18619 1530 2779 25479 631 7006 2715 7543 2298 1351 6278 193 6315
internal_value=-7.7142e-05 0.00237274 -0.0180041 0.00705091 -0.00163653 0.00982966 -0.0149624 0.00727872 0.00375069 0.00200413 -0.00429212 0.00623649 0.00402213 -0.0304443
internal_weight=16090.5 14156.7 1933.78 6533 7623.71 3523.29 1555.62 2256.42 3009.71 2362.32 3701.74 2122.63 1813.28 378.16
internal_count=101460 73419 28041 27970 45449 15157 20196 9624 12813 10034 26830 8993 7736 7845
cat_boundaries=0 1 2 3
cat_threshold=9 384 400
is_linear=0
shrinkage=0.05


Tree=46
num_leaves=15
num_cat=1
split_feature=10 10 10 10 10 6 0 10 11 6 1 7 0 4
split_gain=259.004 96.0396 27.9426 23.3931 18.3919 14.9524 12.6773 11.176 10.7533 21.0495 10.3451 13.5912 10.5434 13.3093
threshold=8.5000000000000018 3.5000000000000004 11.500000000000002 1.5000000000000002 5.5000000000000009 2.1816666666666671 2.5000000000000004 11.500000000000002 0 1.1612500000000003 56.750000000000007 37.155000000000008 4.5000000000000009 5.2250000000000005
decision_type=8 10 8 10 10 10 2 10 9 8 10 8 2 10
left_child=1 3 5 -1 -3 -2 -5 -4 9 -6 12 -12 -8 -14
right_child=2 4 7 6 8 -7 10 -9 -10 -11 11 -13 13 -15
leaf_value=0.011301219495817461 -0.011171593153461877 0.00082660157943241312 -0.05092629000097687 0.012953275735882244 0.0075557013524495328 -0.021983210168841291 0.0051276308293062654 -0.026007374943494335 -0.0031420944457209578 -0.019309324360644607 -0.024892489568605378 0.014866491079947339 -0.0034909517497460785 0.0073882568413557795
leaf_weight=1945.3661743998528 1079.602633304894 3923.2791116088629 53.422726057469845 426.79683218896389 98.016328245401382 456.7978115901351 2444.1324409395456 314.55870045721531 3314.6269459947944 278.62419585883617 22.145505473017693 319.97664706408978 973.84300059080124 394.05216494202614
leaf_count=9341 13190 18619 1530 1742 662 7006 9935 6315 24049 2119 90 1301 3956 1605
internal_value=-7.38162e-05 0.00225783 -0.0173794 0.00670822 -0.00155693 -0.0143983 0.0047557 -0.0297533 -0.0040898 -0.0119988 0.00391057 0.0122279 0.0031611 -0.00035385
internal_weight=16045.2 14140.9 1904.38 6526.31 7614.55 1536.4 4580.95 367.981 3691.27 376.641 4154.15 342.122 3812.03 1367.9
internal_count=101460 73419 28041 27970 45449 20196 18629 7845 26830 2781 16887 1391 15496 5561
cat_boundaries=0 1
cat_threshold=256
is_linear=0
shrinkage=0.05


Tree=47
num_leaves=15
num_cat=0
split_feature=10 10 10 10 10 5 0 10 6 0 1 2 4 6
split_gain=237.162 86.8239 26.7851 21.3868 16.66 14.413 11.4699 11.2118 10.625 10.2361 16.0552 14.1089 10.981 10.0775
threshold=8.5000000000000018 3.5000000000000004 11.500000000000002 1.5000000000000002 5.5000000000000009 1.7250000000000003 2.5000000000000004 11.500000000000002 3.7550000000000003 2.5000000000000004 55.250000000000007 13.500000000000002 1.3666666666666669 0.5225000000000003
decision_type=8 10 8 10 8 8 2 10 10 2 10 8 8 8
left_child=1 3 5 9 13 -2 -5 -4 -6 -1 11 -11 -12 -3
right_child=2 4 7 6 8 -7 -8 -9 -10 10 12 -13 -14 -15
leaf_value=0.022438872652275572 -0.008901321735430694 0.0085283954508455842 -0.050789457891520673 0.012320042811933584 -0.0033339292244886996 -0.018665272225214146 0.0037147775407108431 -0.025306812202071951 -0.016733505447077284 0.015243620555156177 0.025625639344742074 6.3874678288486771e-05 0.01147294734239971 -4.3794574751981056e-05
leaf_weight=171.34128545224667 750.18223743140697 378.55300027132034 50.95336776226759 426.35967309772968 3527.8326011821628 767.89873197674751 4154.4104105830193 307.31758933886886 153.50539790838957 209.6547090113163 164.45881685614586 560.05717125535011 830.99643364548683 3545.9630626738071
leaf_count=873 9481 1764 1530 1742 25479 10715 16887 6315 1351 1008 846 2641 3973 16855
internal_value=-7.16864e-05 0.00214756 -0.016768 0.00638222 -0.00148138 -0.0138493 0.00451824 -0.0290622 -0.00389706 0.0107868 0.00964372 0.00421296 0.0138345 0.000785028
internal_weight=15999.5 14123.1 1876.35 6517.28 7605.85 1518.08 4580.77 358.271 3681.34 1936.51 1765.17 769.712 995.455 3924.52
internal_count=101460 73419 28041 27970 45449 20196 18629 7845 26830 9341 8468 3649 4819 18619
is_linear=0
shrinkage=0.05


Tree=48
num_leaves=15
num_cat=3
split_feature=10 10 10 12 5 6 6 11 2 0 1 11 7 10
split_gain=217.072 78.5025 25.6369 20.5602 16.0616 14.9034 13.9649 11.9519 11.9211 13.8759 11.7857 11.3577 11.3192 11.2342
threshold=8.5000000000000018 3.5000000000000004 11.500000000000002 0 2.0500000000000003 3.8600000000000008 3.2162500000000005 1 14.500000000000002 4.5000000000000009 52.500000000000007 2 40.322500000000012 11.500000000000002
decision_type=8 10 8 1 10 8 10 9 10 2 10 9 10 10
left_child=1 3 6 5 10 8 -2 -6 9 -1 -3 -5 -13 -4
right_child=2 4 13 11 7 -7 -8 -9 -10 -11 -12 12 -14 -15
leaf_value=0.01493880421002935 -0.011669520181232738 -0.0066819284936832845 -0.050655403125280302 0.0088314237547063162 0.00088414638182524518 0.015838560332114376 -0.027576716681605291 -0.0082658912041989694 0.0044836387427625085 0.0037434606286260198 0.0006108460950245715 0.0032846936852284347 -0.004908639431305593 -0.024610980134055507
leaf_weight=783.55122065544128 1347.1172685772181 618.40008851885796 48.595968559384346 644.77023509144783 506.16910894215107 603.92020133137703 153.57237632572651 1226.7517018020153 1689.4690984785557 428.93880093097687 5246.1386286169291 1809.0567001700401 548.55564711987972 300.41249658539891
leaf_count=3413 17606 3715 1530 2779 3272 2706 2590 8088 7223 1815 30374 7736 2298 6315
internal_value=-6.91115e-05 0.00204314 -0.0161695 0.00607281 -0.00140916 0.00866968 -0.0133147 -0.00563686 0.00720271 0.0109846 -0.000159166 0.00299972 0.00137123 -0.0283718
internal_weight=15955.4 14105.7 1849.7 6508.26 7597.46 3505.88 1500.69 1732.92 2901.96 1212.49 5864.54 3002.38 2357.61 349.008
internal_count=101460 73419 28041 27970 45449 15157 20196 11360 12451 5228 34089 12813 10034 7845
cat_boundaries=0 1 2 3
cat_threshold=9 88 384
is_linear=0
shrinkage=0.05


Tree=49
num_leaves=15
num_cat=1
split_feature=10 10 10 10 10 5 0 4 1 7 4 6 11 7
split_gain=199.762 60.802 37.5349 15.6518 14.7845 14.2806 15.6311 14.7981 14.0589 12.85 13.3191 11.9371 11.8561 12.4918
threshold=7.5000000000000009 2.5000000000000004 10.500000000000002 10.500000000000002 4.5000000000000009 -0.6499999999999998 2.5000000000000004 7.9000000000000012 55.250000000000007 39.663333333333348 1.2916666666666667 3.6050000000000009 0 41.377500000000012
decision_type=8 10 8 10 10 8 2 10 10 10 8 10 9 8
left_child=1 5 11 -4 -3 -1 7 -7 12 10 -10 -2 13 -8
right_child=2 4 3 -5 -6 6 8 -9 9 -11 -12 -13 -14 -15
leaf_value=0.023036455894176574 -0.0080869970697344268 0.0022300654132990615 -0.050523779610651791 -0.020502524432787588 -0.0018333516482078888 0.018636657451792944 0.0063574997774875769 -0.037043619139279053 0.025224236116634657 0.0032768076269163639 0.0098111052588757183 -0.024491485644264066 -0.00049837417181418191 0.035356911230843772
leaf_weight=141.03242389857769 1964.2492185533047 4392.5307828634977 46.34586039930582 618.64410065859556 4562.864843390882 351.76674188673496 578.9636744260788 11.447685346007345 159.64517092704773 690.07026609778404 1134.9471656382084 116.86695712059736 1109.7386934012175 38.767737701535225
leaf_count=661 21614 18629 1530 11788 27538 1626 2530 52 785 3000 5038 1706 4796 167
internal_value=-6.68371e-05 0.0024909 -0.0123315 -0.0226675 0.00015974 0.00744097 0.00689575 0.0167849 0.00592389 0.00879382 0.0117298 -0.00901953 0.0026235 0.00810073
internal_weight=15917.9 13171.8 2746.11 664.99 8955.4 4216.38 4075.35 363.214 3712.13 1984.66 1294.59 2081.12 1727.47 617.731
internal_count=101460 64822 36638 13318 46167 18655 17994 1678 16316 8823 5823 23320 7493 2697
cat_boundaries=0 1
cat_threshold=385
is_linear=0
shrinkage=0.05


Tree=50
num_leaves=15
num_cat=2
split_feature=10 10 10 10 5 7 0 4 2 11 6 12 3 4
split_gain=183.307 65.6182 23.5212 22.2297 18.7444 13.3052 17.3066 12.9244 10.6067 9.89462 19.2463 9.73995 9.88768 9.45987
threshold=8.5000000000000018 2.5000000000000004 13.500000000000002 5.5000000000000009 1.7250000000000003 40.322500000000012 4.5000000000000009 9.9000000000000021 10.500000000000002 0 1.6816666666666671 1 1.5000000000000002 4.5500000000000007
decision_type=8 10 8 10 8 10 2 10 10 9 8 1 8 10
left_child=1 5 4 11 7 6 8 -2 -1 10 -5 12 -3 -7
right_child=2 3 -4 9 -6 13 -8 -9 -10 -11 -12 -13 -14 -15
leaf_value=0.01471634601556214 -0.0051031497586462088 -0.010651661965616184 -0.040104928067614565 0.00044945582822705234 -0.018908974525419626 -0.0031901602817835406 0.0031599515784374262 -0.019947153259847521 0.0079067854589847577 -0.0025556776742763241 -0.022313899177457575 0.0032804355852046581 0.00017399289097160878 0.0077994871892628258
leaf_weight=1012.155615195632 655.75049014389515 228.21898514032364 88.476951126009226 178.36286603659391 869.76350051164627 476.83630645275116 1062.121984615922 188.32732542976737 1325.3350966721773 3287.306713566184 192.60956943780184 3339.5650034099817 2642.3230579793453 330.83081729710102
leaf_count=4627 8911 1000 2634 1245 13555 2063 4599 2941 5948 24049 1536 14961 11973 1418
internal_value=-6.42933e-05 0.00185845 -0.0150732 -0.000370774 -0.0137583 0.00708607 0.00845624 -0.00843477 0.0108604 -0.00346215 -0.0110991 0.00145057 -0.000687703 0.00131542
internal_weight=15878 14075.7 1802.32 9868.39 1713.84 4207.28 3399.61 844.078 2337.49 3658.28 370.972 6210.11 2870.54 807.667
internal_count=101460 73419 28041 54764 25407 18655 15174 11852 10575 26830 2781 27934 12973 3481
cat_boundaries=0 1 2
cat_threshold=256 4
is_linear=0
shrinkage=0.05


Tree=51
num_leaves=15
num_cat=1
split_feature=10 10 10 10 6 5 0 4 1 4 10 11 7 5
split_gain=167.559 59.3757 23.0304 20.1083 13.215 13.0074 13.8335 13.4374 12.929 11.7886 11.155 10.447 11.6272 10.3064
threshold=8.5000000000000018 2.5000000000000004 11.500000000000002 5.5000000000000009 2.1816666666666671 -0.6499999999999998 2.5000000000000004 7.9000000000000012 55.250000000000007 1.2916666666666667 11.500000000000002 0 41.377500000000012 -1.0000000180025095e-35
decision_type=8 10 8 10 10 8 2 10 10 8 10 9 8 8
left_child=1 5 4 -3 -2 -1 7 13 11 -10 -4 12 -8 -7
right_child=2 3 10 -5 -6 6 8 -9 9 -11 -12 -13 -14 -15
leaf_value=0.021712437740303701 -0.0087290439020293164 0.0013776172236838018 -0.050292425750490623 -0.0032978455474352319 -0.019228642502189749 -0.024123778514631756 0.0056135141907700491 -0.035501723993185734 0.018898730478373885 0.0066899085259199634 -0.022782797320614202 -0.00077820562253694573 0.033704257467227543 0.019109043468010758
leaf_weight=139.48651324212551 1028.9572680778801 6212.6648848205805 42.560608014464378 3649.8770479410887 424.18187654390931 13.550468951463698 576.7871026545763 11.541662886738775 222.3864144384861 1753.7316310405731 283.4993552826345 1108.2545840591192 38.425439119338989 334.81477861106396
leaf_count=661 13190 27934 1530 26830 7006 65 2530 52 1084 7739 6315 4796 167 1561
internal_value=-6.22144e-05 0.00176733 -0.0145145 -0.000352812 -0.0118051 0.006746 0.00622653 0.0155742 0.00531319 0.00807272 -0.0265164 0.00214629 0.00730139 0.0173632
internal_weight=15840.7 14061.5 1779.2 9862.54 1453.14 4198.98 4059.49 359.907 3699.59 1976.12 326.06 1723.47 615.213 348.365
internal_count=101460 73419 28041 54764 20196 18655 17994 1678 16316 8823 7845 7493 2697 1626
cat_boundaries=0 1
cat_threshold=385
is_linear=0
shrinkage=0.05


Tree=52
num_leaves=15
num_cat=1
split_feature=10 10 10 10 5 4 2 0 6 5 5 11 6 7
split_gain=153.127 53.7551 22.6532 22.2513 18.0793 12.6854 12.0216 13.2388 14.0939 11.4507 11.2646 16.9343 11.9152 10.0449
threshold=8.5000000000000018 4.5000000000000009 1.5000000000000002 8.5000000000000018 1.7250000000000003 9.9000000000000021 8.5000000000000018 4.5000000000000009 1.3354166666666669 3.2500000000000004 2.1500000000000008 0 4.6450000000000014 39.263333333333343
decision_type=8 10 10 10 8 10 10 2 10 10 10 9 10 8
left_child=1 2 -1 -2 5 -5 7 9 13 -4 -3 12 -12 -9
right_child=3 10 6 4 -6 -7 -8 8 -10 -11 11 -13 -14 -15
leaf_value=0.008959141381311795 -0.050165781278588742 -0.00095575078253044745 0.0084580315554089666 -0.004553909075544686 -0.018173328850018121 -0.019065791382282246 0.001075922505486092 0.0040927674144174957 0.010509061561773439 -0.014487076548804063 0.005921553302208362 -0.010077638478190301 -0.021299378157676838 -0.0095823735588038954
leaf_weight=1902.7666616588831 40.587006267160177 4203.770000256598 1771.4027120769024 655.89742052555084 865.67206585034728 194.87862909585238 4069.7580351531506 219.80673676729202 226.49294200539589 55.216576188802719 331.51122845709324 879.91958110034466 44.741827823221684 342.31766031682491
leaf_count=9341 1530 26992 7378 9149 14106 3256 17053 910 946 232 2339 6451 353 1424
internal_value=-5.99625e-05 0.00168093 0.00414696 -0.0139716 -0.0130871 -0.00789648 0.00277612 0.00542049 5.88878e-06 0.00775688 -0.00219786 -0.00635048 0.00256863 -0.00423723
internal_weight=15804.7 14047.7 8587.76 1757.04 1716.45 850.776 6684.99 2615.24 788.617 1826.62 5459.94 1256.17 376.253 562.124
internal_count=101460 73419 37284 28041 26511 12405 27943 10890 3280 7610 36135 9143 2692 2334
cat_boundaries=0 1
cat_threshold=88
is_linear=0
shrinkage=0.05


Tree=53
num_leaves=15
num_cat=1
split_feature=10 10 10 6 12 7 0 5 7 4 2 10 4 2
split_gain=140.245 41.2714 31.0294 16.8427 13.1854 12.0589 14.9135 11.9069 12.588 14.6168 12.7375 10.9147 9.74026 9.6641
threshold=7.5000000000000009 2.5000000000000004 11.500000000000002 3.2162500000000005 0 40.322500000000012 4.5000000000000009 2.0500000000000003 39.063333333333347 3.2916666666666674 8.5000000000000018 11.500000000000002 10.633333333333335 8.5000000000000018
decision_type=8 10 8 10 1 10 2 10 8 8 10 10 10 8
left_child=1 5 3 4 -2 6 -1 8 10 13 -3 -4 -13 -10
right_child=2 7 11 -5 -6 -7 -8 -9 9 -11 -12 12 -14 -15
leaf_value=0.0097116190284278273 -0.0029698982737326775 0.0097987800185369914 -0.050040313281645425 -0.021971554503785629 -0.010951875567894842 0.00065676610507040564 0.0025463228341918165 -0.0034506920106973449 0.0034002849282466531 0.00093336914722339567 0.0015198412561277833 -0.01577197753169212 -0.037041990409913343 -0.0091922887244539082
leaf_weight=2319.2425488680601 1010.2008254528046 706.08994759619236 38.704374488443136 212.25135740637779 1109.9804804101586 804.86020493507385 1058.3176680803299 1833.4160341024399 198.19987332820892 4197.6883442103863 1356.0764410793781 199.51248762011528 74.519302930682898 651.44306962192059
leaf_count=10575 11989 3472 1530 3425 13379 3481 4599 10181 922 21746 6769 4529 1786 3077
internal_value=-5.84559e-05 0.00205845 -0.0105594 -0.00856899 -0.00721754 0.00615763 0.00746788 0.000140875 0.00106743 -0.000277554 0.00435794 -0.0253292 -0.0216697 -0.00625422
internal_weight=15770.5 13125.3 2645.17 2332.43 2120.18 4182.42 3377.56 8942.91 7109.5 5047.33 2062.17 312.736 274.032 849.643
internal_count=101460 64822 36638 28793 25368 18655 15174 46167 35986 25745 10241 7845 6315 3999
cat_boundaries=0 1
cat_threshold=10
is_linear=0
shrinkage=0.05


Tree=54
num_leaves=15
num_cat=4
split_feature=10 10 10 5 12 6 11 6 4 7 10 11 5 11
split_gain=129.319 45.3407 21.0732 16.8222 16.5538 12.4669 16.8254 12.2876 11.4947 10.9015 10.8625 10.5473 12.0792 10.2238
threshold=8.5000000000000018 3.5000000000000004 8.5000000000000018 1.7250000000000003 0 2.0816666666666674 1 3.8600000000000008 9.9000000000000021 38.563333333333347 5.5000000000000009 2 1.9500000000000002 3
decision_type=8 10 10 8 1 10 9 8 10 8 10 9 8 9
left_child=1 4 -2 8 7 11 10 13 -4 -9 -7 12 -3 -1
right_child=2 5 3 -5 -6 6 -8 9 -10 -11 -12 -13 -14 -15
leaf_value=0.0024811255208074829 -0.04991571959663104 0.0049833319968121369 -0.0039519522040748845 -0.017141454141543458 0.0018504130086902625 -0.0044245490202387662 -0.001718743635802265 0.03175174870365112 -0.017937707515184458 0.010965293408356384 -0.019859482470761306 -0.0017114678319910658 -0.0029344711602024903 0.0084933924048394265
leaf_weight=1400.8643259257078 36.908771339803934 1618.1113796681166 648.77405827492476 843.64489183574915 2986.7926080226898 202.61722533404827 1210.3411569818854 71.243253335356712 189.27137895300984 523.53224232792854 261.72261235117912 3581.0952882692218 684.90718134492636 1480.2958728075027
leaf_count=5999 1530 9150 9149 14106 12813 968 7876 345 3256 2361 2175 21126 4154 6452
internal_value=-5.71337e-05 0.00152984 -0.0129981 -0.0121587 0.00460444 -0.00109918 -0.00490405 0.0069444 -0.00712823 0.0135042 -0.0128717 -1.5626e-05 0.002617 0.00561009
internal_weight=15740.1 14021.5 1718.6 1681.69 6462.73 7558.79 1674.68 3475.94 838.045 594.775 464.34 5884.11 2303.02 2881.16
internal_count=101460 73419 28041 26511 27970 45449 11019 15157 12405 2706 3143 34430 13304 12451
cat_boundaries=0 1 2 3 4
cat_threshold=9 384 432 108
is_linear=0
shrinkage=0.05


Tree=55
num_leaves=15
num_cat=2
split_feature=10 10 10 10 6 4 5 4 11 0 2 11 4 3
split_gain=118.04 41.6533 20.5235 18.5694 16.4774 11.3817 10.9053 10.7414 10.3206 13.2133 11.2143 10.1964 10.2043 10.183
threshold=8.5000000000000018 4.5000000000000009 8.5000000000000018 1.5000000000000002 3.2400000000000007 11.450000000000001 1.7250000000000003 4.4500000000000011 0 2.5000000000000004 20.500000000000004 1 2.1000000000000005 13.500000000000002
decision_type=8 10 10 10 10 10 8 10 9 2 10 9 10 10
left_child=1 3 -2 11 5 6 -4 -6 10 -10 -5 -1 -13 -11
right_child=2 -3 4 8 7 -7 -8 -9 9 13 -12 12 -14 -15
leaf_value=0.01847260695660469 -0.0497917002265858 -0.0019659867071978717 -0.0048181798223566556 0.0086975467880556004 0.029040392569422535 -0.028352645729407662 -0.013620155882840185 -0.029165249119354777 0.010493871069948563 0.00046679074486044391 -0.001356775651100988 0.010994112695608807 0.0031530879780447491 0.028873657855349927
leaf_weight=202.85776679217815 35.196395125240088 5441.9698489680886 753.31248068064451 1086.8999569565058 7.5578591227531424 79.076310224831104 662.26164086908102 162.04275072738528 365.8323892802 4828.1529268175364 371.89677402377129 744.51683945953846 938.36372157931328 30.755792856216431
leaf_count=1042 1530 36135 10914 4515 142 1480 10603 3372 1541 20208 1550 3812 4487 129
internal_value=-5.49166e-05 0.00145477 -0.0124952 0.00362712 -0.011677 -0.00998797 -0.0089428 -0.0264164 0.0023901 0.0013409 0.00609344 0.00800784 0.00658736 0.000652504
internal_weight=15710.7 14011.2 1699.45 8569.28 1664.25 1494.65 1415.57 169.601 6683.54 5224.74 1458.8 1885.74 1682.88 4858.91
internal_count=101460 73419 28041 37284 26511 22997 21517 3514 27943 21878 6065 9341 8299 20337
cat_boundaries=0 1 2
cat_threshold=384 128
is_linear=0
shrinkage=0.05


Tree=56
num_leaves=15
num_cat=3
split_feature=10 10 10 12 10 7 3 6 6 11 5 4 4 11
split_gain=108.086 36.6446 25.5427 14.9509 13.8809 12.5084 11.4497 11.7128 11.4302 10.2102 11.5217 10.3597 9.61693 9.42831
threshold=6.5000000000000009 10.500000000000002 1.5000000000000002 0 10.500000000000002 42.190000000000012 8.5000000000000018 2.1950000000000007 2.5450000000000008 1 1.5500000000000003 9.4500000000000011 2.9000000000000004 2
decision_type=8 8 10 1 10 10 8 10 8 9 8 10 8 9
left_child=2 5 13 8 -3 9 -6 -8 12 10 -2 -11 -4 -1
right_child=1 4 3 -5 6 -7 7 -9 -10 11 -12 -13 -14 -15
leaf_value=0.017745630297574526 -0.0023221879702122312 -0.049667968694945504 -0.0050865605850523013 0.0030547077376393006 -0.0062889942958411068 -0.020197873239611714 -0.015037948119894125 -0.033320093117878424 -0.0056549597356299304 -0.00097638551155875301 -0.012955420234952636 -0.010985253021557027 0.0016738060986934541 0.0062774644900541968
leaf_weight=201.10590912401676 428.33346807584167 33.563592340797186 638.87063324451447 5444.3334705680609 176.99724732711911 133.63317577913404 245.29107654839754 138.3936959169805 964.77009646594524 1706.9237869754434 629.53514226898551 303.73505553603172 2956.8078971207142 1677.9180763363838
leaf_count=1042 3911 1530 2812 25130 3479 1620 5027 3282 4620 16583 6824 3400 13901 8299
internal_value=-5.22656e-05 -0.00739578 0.00229412 0.00128917 -0.0187896 -0.00527614 -0.0168561 -0.0217017 -0.000823663 -0.00461994 -0.00857527 -0.00248073 0.000471562 0.00764143
internal_weight=15680.2 3796.41 11883.8 10004.8 594.246 3202.16 560.682 383.685 4560.45 3068.53 1057.87 2010.66 3595.68 1879.02
internal_count=101460 45656 55804 46463 13318 32338 11788 8309 21333 30718 10735 19983 16713 9341
cat_boundaries=0 1 2 3
cat_threshold=4 385 128
is_linear=0
shrinkage=0.05


Tree=57
num_leaves=15
num_cat=2
split_feature=10 10 10 6 12 5 2 5 0 4 6 5 11 4
split_gain=99.5638 35.6434 19.3449 15.1214 13.1677 13.3068 12.0434 11.4155 11.7486 12.2101 10.6728 11.0755 12.3925 12.5391
threshold=8.5000000000000018 2.5000000000000004 8.5000000000000018 3.2400000000000007 0 3.1500000000000008 26.500000000000004 -0.6499999999999998 2.5000000000000004 7.9000000000000012 2.3612500000000005 0.25000000000000006 1 3.3666666666666671
decision_type=8 10 10 10 1 8 8 8 2 10 10 10 9 10
left_child=1 7 -2 -4 5 10 -7 -1 9 -9 11 -3 -13 -14
right_child=2 4 3 -5 -6 6 -8 8 -10 -11 -12 12 13 -15
leaf_value=0.019382279757322287 -0.049544244150134767 -0.0051229772774363603 -0.009214144462400686 -0.025244890918874625 0.0014097759947954861 -0.014566058374630389 -0.0031446026457461933 0.01515533659482121 0.0038805171415328488 -0.035207841198898415 -0.0080270036917353248 -0.0034283705475793508 -0.0053094052025652663 0.0062103838358301645
leaf_weight=136.46833308041096 32.006846275180578 754.93000858277082 1470.8697173930705 163.00123295933008 5205.8512930050492 367.168402813375 620.64571011811495 342.01516877114773 3664.9175848215818 11.548269376158713 453.49523331969976 767.27301984280348 284.16914734244347 1379.789944075048
leaf_count=661 1530 4014 22997 3514 28656 2353 3471 1626 16316 52 2781 4286 1400 7803
internal_value=-4.99256e-05 0.00132644 -0.011601 -0.0108279 -0.000314297 -0.00225192 -0.00740037 0.00520863 0.00472259 0.0134157 -0.000859158 0.00016326 0.00180614 0.00421572
internal_weight=15654.1 13988.3 1665.88 1633.87 9833.32 4627.47 987.814 4154.95 4018.48 353.563 3639.66 3186.16 2431.23 1663.96
internal_count=101460 73419 28041 26511 54764 26108 5824 18655 17994 1678 20284 17503 13489 9203
cat_boundaries=0 1 2
cat_threshold=4 9
is_linear=0
shrinkage=0.05


Tree=58
num_leaves=15
num_cat=2
split_feature=10 10 10 10 12 7 3 6 2 6 1 11 5 4
split_gain=91.2899 32.3872 21.6326 13.2941 12.42 11.3561 10.8838 10.6571 12.1515 9.68962 9.39028 9.3188 10.4015 9.31282
threshold=6.5000000000000009 10.500000000000002 1.5000000000000002 10.500000000000002 0 42.190000000000012 8.5000000000000018 2.5816666666666674 6.5000000000000009 2.5450000000000008 54.750000000000007 1 1.5500000000000003 9.5500000000000025
decision_type=8 8 10 10 1 10 10 10 10 8 8 9 8 10
left_child=2 5 -1 -3 9 11 10 8 -8 -4 -5 12 -2 -13
right_child=1 3 4 6 -6 -7 7 -9 -10 -11 -12 13 -14 -15
leaf_value=0.0070384520257220492 -0.0020967787566590177 -0.049420253573035755 0.00044207903546370706 -0.01970644613450534 0.002786137569603199 -0.019244376782339721 0.054363752522438052 -0.035598835854031861 -0.01749750735607462 -0.0052068506088163652 0.0015080355378987772 -0.00080401178965133324 -0.012239501771493067 -0.0105080359240245
leaf_weight=1868.2112949937582 426.77424740046263 30.522777009755373 3594.9477747678757 86.544963393360376 5448.8094261735678 130.60785875841975 5.0861846730113021 95.626117289066315 230.69883304089308 961.2955885976553 128.73876746557653 1712.9368634968996 620.69593715667725 287.98672273755074
leaf_count=9341 3911 1530 16713 1738 25130 1620 100 2424 4927 4620 2599 16712 6824 3271
internal_value=-4.84177e-05 -0.00684125 0.00210096 -0.0177277 0.00117838 -0.00485963 -0.0158713 -0.0215488 -0.0157243 -0.000748994 -0.00707196 -0.0042372 -0.00803631 -0.00219427
internal_weight=15629.5 3756.22 11873.3 577.218 10005.1 3179 546.695 331.411 235.785 4556.24 215.284 3048.39 1047.47 2000.92
internal_count=101460 45656 55804 13318 46463 32338 11788 7451 5027 21333 4337 30718 10735 19983
cat_boundaries=0 1 2
cat_threshold=4 385
is_linear=0
shrinkage=0.05


Tree=59
num_leaves=15
num_cat=1
split_feature=10 10 10 0 2 6 7 4 1 4 5 11 6 4
split_gain=83.792 31.0259 18.1865 16.8716 20.6309 13.7622 12.9568 10.3989 10.2533 10.1354 9.90122 9.6096 16.3466 9.78451
threshold=8.5000000000000018 4.5000000000000009 8.5000000000000018 4.5000000000000009 10.500000000000002 3.2400000000000007 40.163333333333348 11.450000000000001 55.250000000000007 4.9000000000000012 2.8500000000000001 0 1.7800000000000005 2.7750000000000004
decision_type=8 10 10 2 10 10 10 10 8 10 10 9 8 8
left_child=1 3 -2 4 10 7 -6 8 -4 -7 -1 12 -3 -13
right_child=2 11 5 -5 6 9 -8 -9 -10 -11 -12 13 -14 -15
leaf_value=0.0088925426146151693 -0.049295724223851707 -0.00061267890901965801 -0.011846868535706453 -2.5307650950258262e-05 0.0042054003901275012 0.024442284196784174 -0.0025848623532466952 -0.026590667909402739 -0.003207723430394153 -0.027284857156914963 -0.007405534813580303 -0.0093360809122962941 -0.017947952901370662 -0.00042582287070769081
leaf_weight=2273.4427962899208 29.10813856869936 316.30442988872528 680.90458896383643 2888.5359546095133 2271.329373255372 9.3608871437609178 1016.1352139562368 74.381799500435591 694.02360755205154 147.42646055668592 96.44515985250473 329.54416387528181 237.64891491830349 4540.4449230358005
leaf_count=10028 1530 1989 10710 12417 10047 179 4379 1480 10807 3335 413 1996 1772 30378
internal_value=-4.69605e-05 0.00120682 -0.0107524 0.0030839 0.00467112 -0.0100236 0.00210642 -0.00848945 -0.00749158 -0.0240612 0.00822643 -0.00175071 -0.00792573 -0.00102845
internal_weight=15605 13969.8 1635.21 8545.89 5657.35 1606.1 3287.46 1449.31 1374.93 156.787 2369.89 5423.94 553.953 4869.99
internal_count=101460 73419 28041 37284 24867 26511 14426 22997 21517 3514 10441 36135 3761 32374
cat_boundaries=0 1
cat_threshold=256
is_linear=0
shrinkage=0.05


Tree=60
num_leaves=15
num_cat=1
split_feature=10 10 10 6 12 5 7 0 5 4 10 4 7 7
split_gain=76.6991 23.5144 22.7394 12.7875 11.355 10.3663 10.52 11.4637 11.7235 10.8571 9.65225 9.3095 8.86438 8.62002
threshold=7.5000000000000009 2.5000000000000004 11.500000000000002 3.6050000000000009 0 -1.2499999999999998 40.322500000000012 3.5000000000000004 3.5500000000000003 1.9000000000000001 11.500000000000002 10.633333333333335 41.610000000000014 39.622500000000009
decision_type=8 10 8 10 1 8 10 2 10 8 10 10 10 10
left_child=1 5 3 4 -2 -1 7 8 -7 13 -4 -12 -3 -9
right_child=2 12 10 -5 -6 6 -8 9 -10 -11 11 -13 -14 -15
leaf_value=0.029284804650176268 -0.0015360117696155678 0.00045937020613339406 -0.049170397682254612 -0.021887198464244417 -0.0089172766678904721 0.010256625573534194 -0.00081340450129331523 0.013506403948977359 -0.013459966848688673 0.0012759263556302856 -0.012418705906542357 -0.034477592527575193 -0.005993032669666617 -0.0043120906110864724
leaf_weight=41.155472636222839 1008.7202426791191 8364.3668685853481 27.759813219308853 124.39811658486724 1102.7780541628599 1239.9357992857695 794.12273727357388 358.2183942347765 53.55643655359745 1567.7773301452398 183.63812178187072 64.80493101477623 567.45758252590895 83.179492846131325
leaf_count=208 12453 43036 1530 2281 14059 5826 3454 1744 241 6801 4529 1786 3131 381
internal_value=-4.56279e-05 0.00149246 -0.00804532 -0.00636721 -0.00544292 0.00460785 0.00435287 0.00559496 0.00926501 0.00322877 -0.0215578 -0.0182878 4.88105e-05 0.0101464
internal_weight=15581.9 13069.8 2512.1 2235.9 2111.5 4137.95 4096.79 3302.67 1293.49 2009.18 276.203 248.443 8931.82 441.398
internal_count=101460 64822 36638 28793 26512 18655 18447 14993 6067 8926 7845 6315 46167 2125
cat_boundaries=0 1
cat_threshold=10
is_linear=0
shrinkage=0.05


Tree=61
num_leaves=15
num_cat=4
split_feature=10 10 10 0 5 11 12 2 2 3 11 11 6 4
split_gain=70.4472 26.0689 17.0509 14.9553 13.5758 12.2497 15.8894 10.0062 9.9175 9.84735 9.42891 8.76607 15.0539 8.96128
threshold=8.5000000000000018 4.5000000000000009 8.5000000000000018 3.5000000000000004 1.7250000000000003 0 1 14.500000000000002 22.500000000000004 1.0000000180025095e-35 2 3 1.7800000000000005 2.7750000000000004
decision_type=8 10 10 2 8 9 1 10 8 10 9 9 10 8
left_child=1 3 -2 7 8 6 -5 -1 10 -8 -4 12 -3 -13
right_child=2 11 4 5 -6 -7 9 -9 -10 -11 -12 13 -14 -15
leaf_value=0.0081284124413904344 -0.049044016049521494 -0.0013518434343897851 0.012961245053451557 0.023548076078241942 -0.013953320819853824 9.4620830491790801e-05 -0.035533893289223385 0.0025412410534240782 -0.012574442751579215 0.0046498312591067665 -0.0038210302826140147 -0.0089007902594748552 -0.018474869311796774 -0.00035144673418635168
leaf_weight=1708.5445806831121 26.474808622151613 348.26785030961037 91.661475069820881 108.82751566171646 781.14585490338504 4411.9312781840563 14.558348223567007 1510.9037677943707 264.76548903435469 782.41941326856613 443.2270447127521 327.73367565125227 202.4441155642271 4535.5109530761838
leaf_count=7607 1530 2214 1390 471 14106 19101 63 6660 4076 3382 6939 1996 1547 30378
internal_value=-4.43989e-05 0.00109783 -0.00995343 0.00281888 -0.00926816 0.00119016 0.00644807 0.00550793 -0.00467973 0.00382426 -0.000755744 -0.0016161 -0.0075319 -0.000927391
internal_weight=15558.4 13951.1 1607.27 8537.18 1580.8 5317.74 905.805 3219.45 799.654 796.978 534.889 5413.96 550.712 4863.24
internal_count=101460 73419 28041 37284 26511 23017 3916 14267 12405 3445 8329 36135 3761 32374
cat_boundaries=0 1 2 3 4
cat_threshold=384 1 40 256
is_linear=0
shrinkage=0.05


Tree=62
num_leaves=15
num_cat=1
split_feature=10 10 10 0 2 1 7 5 11 1 3 6 3 5
split_gain=65.3055 29.3284 14.1704 13.9652 17.2552 11.82 10.881 10.12 13.8322 13.7793 9.28272 9.21738 8.922 8.77421
threshold=9.5000000000000018 4.5000000000000009 9.5000000000000018 4.5000000000000009 10.500000000000002 55.250000000000007 40.163333333333348 2.1500000000000008 0 54.750000000000007 1.5000000000000002 3.7550000000000003 6.5000000000000009 2.8500000000000001
decision_type=8 10 10 2 10 8 10 8 9 10 8 10 8 10
left_child=1 3 -2 4 13 12 -6 10 -9 -10 -3 -11 -4 -1
right_child=2 7 5 -5 6 -7 -8 8 9 11 -12 -13 -14 -15
leaf_value=0.0080102589172099843 -0.048916325083976121 -0.013166284543195534 -0.0026654192372732974 -0.00014868493049809925 0.0037057676835965565 -0.0061144439861087439 -0.002518694468138918 -0.011360730250206414 -0.0065714407838052451 0.0046988420015020987 6.4620504090098061e-05 -0.016362276755351499 -0.020644819215441288 -0.0073328751368841889
leaf_weight=2268.0046001821756 25.250260680913925 136.32346694916487 84.953026598319411 2887.5320925563574 2267.6419371813536 483.51937415450811 1015.9663574695587 557.28711319342256 817.75942246988416 640.11222581192851 3827.244416307658 55.554536934942007 374.05814497359097 96.421416163444519
leaf_count=10028 1530 833 1517 12417 10047 9453 4379 4711 6449 4703 26848 497 7635 413
internal_value=-4.19453e-05 0.000793843 -0.0126125 0.00267989 0.00412576 -0.0115891 0.0017797 -0.001874 -0.00470599 -0.00216036 -0.000393651 0.00299587 -0.0173302 0.00738173
internal_weight=15537.6 14569.8 967.781 8535.57 5648.03 942.531 3283.61 6034.28 2070.71 1513.43 3963.57 695.667 459.011 2364.43
internal_count=101460 81325 20135 37284 24867 18605 14426 44041 16360 11649 27681 5200 9152 10441
cat_boundaries=0 1
cat_threshold=416
is_linear=0
shrinkage=0.05


Tree=63
num_leaves=15
num_cat=4
split_feature=10 10 12 10 10 11 5 3 6 7 4 5 11 11
split_gain=59.6595 23.9561 17.932 13.1969 11.7142 10.2359 15.0974 10.0854 10.906 9.94379 9.02612 8.98124 8.24515 8.16055
threshold=6.5000000000000009 10.500000000000002 0 1.5000000000000002 10.500000000000002 1 3.7500000000000004 8.5000000000000018 2.1950000000000007 42.190000000000012 1.2916666666666667 3.3500000000000001 2 3
decision_type=8 8 1 10 10 9 10 8 10 10 8 8 9 9
left_child=2 9 5 10 -3 6 -1 -6 -9 13 11 -4 -12 -2
right_child=1 4 3 -5 7 -7 -8 8 -10 -11 12 -13 -14 -15
leaf_value=0.0074720199531551207 -0.00041865558453515225 -0.048787082335467774 0.0061327049159264554 0.0024130395903766695 -0.0035514554631030414 -0.0013116342110871329 -0.023290332861505166 -0.011934705584753546 -0.030508777918931963 -0.01765049398186103 0.012523746279395476 0.029905003044523107 0.0028159170179916891 -0.0056724545117364349
leaf_weight=602.72635315358639 1341.0370499119163 24.08341359347105 72.611518383026123 5447.8014380037785 167.67816573567688 4635.0409611165524 41.741640582680702 227.7697963938117 122.06080970354378 125.71165528148413 349.14535589516163 88.475936204195023 610.28439220786095 1661.1653355099261
leaf_count=2838 13492 1530 396 25130 3479 21896 212 5027 3282 1620 1774 496 3062 17226
internal_value=-4.11418e-05 -0.00561105 0.0016843 0.00342516 -0.0153108 -0.000487348 0.00536348 -0.0136618 -0.0184839 -0.00392719 0.00836997 0.0192934 0.00651776 -0.00334687
internal_weight=15517.3 3669.51 11847.8 6568.32 541.592 5279.51 644.468 517.509 349.831 3127.91 1120.52 161.087 959.43 3002.2
internal_count=101460 45656 55804 30858 13318 24946 3050 11788 8309 32338 5728 892 4836 30718
cat_boundaries=0 1 2 3 4
cat_threshold=4 128 145 120
is_linear=0
shrinkage=0.05


Tree=64
num_leaves=15
num_cat=2
split_feature=10 10 10 10 10 1 6 7 7 3 12 5 7 11
split_gain=58.4305 50.8249 20.8095 15.7237 13.7591 11.0812 9.556 9.74827 11.4811 8.17023 7.6615 8.06148 8.40236 7.96664
threshold=1.0000000180025095e-35 5.5000000000000009 9.5000000000000018 1.5000000000000002 1.0000000180025095e-35 55.250000000000007 3.7550000000000003 40.522500000000015 39.963333333333345 6.5000000000000009 0 -0.34999999999999992 39.33666666666668 1
decision_type=10 10 10 10 8 8 10 10 10 8 1 8 10 9
left_child=4 3 6 -2 -1 9 -3 8 -8 -4 11 12 -5 -13
right_child=1 2 5 10 -6 -7 7 -9 -10 -11 -12 13 -14 -15
leaf_value=-0.13439308380375328 0.0063059032753658931 -0.0019866646999667139 -0.0023541075673071646 -0.0010830274832166916 -0.048656038621928195 -0.0054353860656911118 -0.014844398664947332 -0.021662537087604121 0.033521407314839213 -0.019642482335212201 0.0025656797465802893 0.0024532388774795837 -0.032188829942701121 -0.0021694534102364486
leaf_weight=5.8436600714921978 1838.9045285284519 4039.0564065985382 84.463318763300776 47.101841062307358 22.971636950969696 476.99120493046939 29.609915170818567 120.59480389207602 19.504519186913967 363.64081262797117 4662.6748889833689 1676.2671144753695 39.386803284287453 2071.2399200946093
leaf_count=27 9314 32878 1517 200 1530 9453 297 1353 208 7635 20341 7360 168 9179
internal_value=-3.94785e-05 9.52926e-05 -0.00397071 0.00211514 -0.0699676 -0.0107567 -0.00247694 -0.0140654 0.00464845 -0.0163963 0.00120751 -0.000449975 -0.0154546 -0.000100854
internal_weight=15498.3 15469.4 5133.86 10335.6 28.8153 925.095 4208.77 169.709 49.1144 448.104 8496.67 3834 86.4886 3747.51
internal_count=101460 99903 53341 46562 1557 18605 34736 1858 505 9152 37248 16907 368 16539
cat_boundaries=0 1 2
cat_threshold=4 432
is_linear=0
shrinkage=0.05


Tree=65
num_leaves=15
num_cat=3
split_feature=10 10 3 10 5 11 10 12 6 2 6 5 11 6
split_gain=54.6959 46.3109 17.8748 16.8506 16.47 12.4343 10.4519 9.42476 9.09599 12.1664 8.56547 8.40306 9.60383 8.92842
threshold=1.0000000180025095e-35 6.5000000000000009 7.5000000000000009 1.5000000000000002 4.1500000000000012 0 1.0000000180025095e-35 1 1.7800000000000005 26.500000000000004 2.5450000000000008 -0.34999999999999992 2 2.3225000000000007
decision_type=10 10 10 10 10 9 8 1 8 10 8 8 9 10
left_child=6 3 -3 -2 5 8 -1 10 -4 -10 11 -5 -13 -14
right_child=1 2 4 7 -6 -7 -8 -9 9 -11 -12 12 13 -15
leaf_value=-0.12372098030330979 0.0060082080366028467 -0.0015256389703468482 -0.007626756391549804 -0.014843489460605958 -0.025318305287515993 -0.003526477823113132 -0.048522964451004055 0.0021949216865827432 -0.023817601995063956 0.012035965767017359 -0.0050866669911829726 0.0040292669742593738 -0.0020647578862002065 0.013458135973352251
leaf_weight=6.1092298626899746 1833.7038149982691 1903.499996971339 342.6284091360867 89.098671391606331 134.30457779765129 981.68850293196738 21.912404363974929 5451.2376747429371 227.91042780689895 25.780624194070697 957.37524308264256 1290.4735835045576 2116.0401445478201 95.881255373358727
leaf_count=27 9314 20288 4474 389 2521 12996 1530 25130 3470 377 4620 5973 9890 461
internal_value=-3.85712e-05 9.02429e-05 -0.00486132 0.00160347 -0.0085664 -0.00712551 -0.0686157 0.000795264 -0.0127619 -0.0201411 -0.00088504 0.000233618 0.000621297 -0.00137987
internal_weight=15477.6 15449.6 3615.81 11833.8 1712.31 1578.01 28.0216 10000.1 596.319 253.691 4548.87 3591.49 3502.39 2211.92
internal_count=101460 99903 44126 55777 23838 21317 1557 46463 8321 3847 21333 16713 16324 10351
cat_boundaries=0 1 2 3
cat_threshold=388 4 400
is_linear=0
shrinkage=0.05


Tree=66
num_leaves=15
num_cat=3
split_feature=10 10 10 10 1 6 11 1 6 7 2 5 11 11
split_gain=51.253 42.2876 18.3419 12.8326 10.384 8.6425 24.1888 11.0632 10.1362 10.5358 9.51691 11.0723 8.35384 8.23063
threshold=1.0000000180025095e-35 5.5000000000000009 9.5000000000000018 1.5000000000000002 55.250000000000007 1.93875 0 54.250000000000007 2.1450000000000009 42.363333333333337 14.500000000000002 2.1500000000000008 1 2
decision_type=10 10 10 10 8 8 9 10 10 10 8 8 9 9
left_child=-1 3 5 -2 -4 10 -7 8 -8 -10 11 13 -9 -3
right_child=1 2 4 -5 -6 6 7 12 9 -11 -12 -13 -14 -15
leaf_value=-0.067356680328240326 0.0057238667795174994 0.011485760192658276 -0.015590871269730411 0.0011075768711982688 -0.0048989990167812554 -0.016123739134354564 -0.013454990841253112 0.011779482428696947 0.0020540822522023346 -0.024099341389900199 -0.0030193414227009099 -0.0076019063983310767 -0.001146596395370869 0.0015724109557958346
leaf_weight=27.222147477790713 1828.7358258962631 335.00987469404936 439.10429564118385 8498.9829558730125 471.97545698471367 371.351558201015 264.85667561739683 191.57975549250841 350.71876930445433 42.243514034897089 1550.9732542335987 198.10969027876854 327.79621891304851 560.65757014602423
leaf_count=1557 9314 2482 9152 37248 9453 3566 2162 1632 3397 475 12120 1679 2909 4314
internal_value=-3.76768e-05 8.54304e-05 -0.00363716 0.00192546 -0.0100635 -0.00223884 -0.00520404 -0.00159819 -0.0059148 -0.000811451 -0.000501364 0.00306862 0.00383919 0.00543464
internal_weight=15459.3 15432.1 5104.38 10327.7 911.08 4193.3 1548.55 1177.19 657.819 392.962 2644.75 1093.78 519.376 895.667
internal_count=101460 99903 53341 46562 18605 34736 14141 10575 6034 3872 20595 8475 4541 6796
cat_boundaries=0 1 2 3
cat_threshold=384 72 184
is_linear=0
shrinkage=0.05


Tree=67
num_leaves=15
num_cat=1
split_feature=10 10 10 10 1 6 7 7 3 8 2 11 2 0
split_gain=48.6509 38.2604 16.8086 11.6355 9.64162 8.36505 8.88708 10.343 7.57819 7.55136 10.1582 7.48227 10.025 7.74689
threshold=1.0000000180025095e-35 5.5000000000000009 9.5000000000000018 1.5000000000000002 55.250000000000007 3.7550000000000003 40.522500000000015 39.963333333333345 6.5000000000000009 3.5000000000000004 20.500000000000004 0 34.500000000000007 2.5000000000000004
decision_type=10 10 10 10 8 10 10 10 8 2 10 9 10 2
left_child=-1 3 5 11 8 -3 7 -7 -4 -9 -11 12 -2 -13
right_child=1 2 4 -5 -6 6 -8 9 -10 10 -12 13 -14 -15
leaf_value=-0.067102695906309795 0.019625721622300717 -0.001674640708616498 -0.0014239907738779287 0.0010520051624915612 -0.0046753328743996811 -0.014100542483406043 -0.020505795494046131 -0.0021771554634535881 -0.018239265323693053 0.0033489218938788454 0.098120770727173623 0.015242848386261373 -0.014251806762960634 0.0031901163200694217
leaf_weight=25.993836725130677 168.97292366623878 4020.0542461872101 83.031898347660899 8500.5536239296198 469.92834139801562 29.167868334800005 117.32446520030499 9.131606038659811 350.00200045853853 4.9831113778054714 5.7653809040784836 145.61125591397285 24.324555188417435 1485.0828247815371
leaf_count=1557 914 32878 1517 37248 9453 297 1353 95 7635 60 53 810 128 7462
internal_value=-3.65506e-05 8.08946e-05 -0.00346676 0.00182985 -0.00965021 -0.00213108 -0.0130841 0.00472387 -0.0150257 0.0316954 0.0582084 0.00545234 0.0145617 0.004249
internal_weight=15439.9 15413.9 5089.39 10324.5 902.962 4186.43 166.372 49.048 433.034 19.8801 10.7485 1823.99 193.297 1630.69
internal_count=101460 99903 53341 46562 18605 34736 1858 505 9152 208 113 9314 1042 8272
cat_boundaries=0 1
cat_threshold=128
is_linear=0
shrinkage=0.05


Tree=68
num_leaves=15
num_cat=1
split_feature=10 10 10 3 5 12 10 5 0 5 4 5 4 7
split_gain=46.1511 35.0616 14.7569 13.6186 13.7308 10.7854 9.10298 9.07009 8.68032 11.7774 9.0771 8.82992 8.61659 8.60179
threshold=1.0000000180025095e-35 7.5000000000000009 2.5000000000000004 8.5000000000000018 4.2500000000000009 0 11.500000000000002 -0.6499999999999998 2.5000000000000004 -1.0000000180025095e-35 5.9000000000000012 1.1500000000000001 2.7083333333333335 39.163333333333348
decision_type=10 10 10 10 8 1 10 8 2 8 10 8 8 10
left_child=-1 2 7 5 6 -3 -5 -2 9 -9 -11 -12 13 -4
right_child=1 3 12 4 -6 -7 -8 8 -10 10 11 -13 -14 -15
leaf_value=-0.066801242364493862 0.016417575415007758 0.0022142803916501302 0.0011882803936367975 -0.0060667554058581917 -0.029082353429544957 -0.0065322105518873632 -0.020259971224599303 -0.032994977716246154 0.0024270739500693579 0.015673661141792649 0.013992081159871501 -0.032406207257608642 0.00052545777426859694 -0.0080327423553236479
leaf_weight=24.83936395868659 132.26004882156849 679.16704993695021 424.72768048197031 775.10958296433091 84.993135029450059 715.3343979138881 131.66586800292134 13.826093629002569 3615.0301271826029 291.73942485451698 19.322271063923836 19.873564705252647 7870.1478579714894 623.36612406373024
leaf_count=1557 661 8836 1978 11055 1879 9605 3733 68 16289 1425 93 92 41229 2960
internal_value=-3.5139e-05 7.69066e-05 0.00109887 -0.0054931 -0.00996925 -0.0023048 -0.00814769 0.00358442 0.00315174 0.0107214 0.0126417 -0.0097543 -4.18794e-05 -0.00429846
internal_weight=15421.4 15396.6 13010.3 2386.27 991.769 1394.5 906.775 4092.05 3959.79 344.761 330.935 39.1958 8918.24 1048.09
internal_count=101460 99903 64795 35108 16667 18441 14788 18628 17967 1678 1610 185 46167 4938
cat_boundaries=0 1
cat_threshold=10
is_linear=0
shrinkage=0.05


Tree=69
num_leaves=15
num_cat=4
split_feature=10 10 3 5 12 11 7 6 2 11 5 5 5 11
split_gain=43.7513 32.1545 14.6349 14.4609 13.6403 11.3896 10.0556 8.24803 11.4247 8.20242 13.3162 7.51521 8.61002 10.5114
threshold=1.0000000180025095e-35 6.5000000000000009 7.5000000000000009 4.1500000000000012 0 1 38.345000000000013 1.7800000000000005 26.500000000000004 2 3.7500000000000004 0.45000000000000007 1.5500000000000003 3
decision_type=10 10 10 10 1 9 10 8 10 9 10 8 8 9
left_child=-1 4 11 5 9 7 -6 -4 -9 10 -2 -3 -13 -14
right_child=1 2 3 -5 6 -7 -8 8 -10 -11 -12 12 13 -15
leaf_value=-0.066454558490357057 0.0066438798154613192 -0.0080033708903676695 -0.0066948788516278876 -0.023620880876869775 0.006232366220621146 -0.0027046665098576848 0.001717186558952111 -0.022452765847763529 0.012436251027243793 -0.0013075218945974674 -0.022371397577516154 0.0050400072460356441 0.005804846272600723 -0.0057400543961646953
leaf_weight=23.75326419621706 601.89606226980686 322.86862180940807 336.59206256270409 127.39944868348539 1646.7618393599987 967.12905539758503 4905.245421603322 219.52620431222022 25.619837367907166 4620.1910503581166 41.348908238112926 603.68374066613615 263.95237096399069 698.77306418120861
leaf_count=1557 2838 3238 4474 2521 7763 12996 23082 3470 377 21882 212 6000 3056 7994
internal_value=-3.4353e-05 7.25351e-05 -0.00408839 -0.00748774 0.00132842 -0.00614635 0.00284845 -0.011608 -0.0187709 -0.000568254 0.00467434 -0.00106995 0.000363358 -0.00257135
internal_weight=15404.7 15381 3565.54 1676.27 11815.4 1548.87 6552.01 581.738 245.146 5263.44 643.245 1889.28 1566.41 962.725
internal_count=101460 99903 44126 23838 55777 21317 30845 8321 3847 24932 3050 20288 17050 11050
cat_boundaries=0 1 2 3 4
cat_threshold=4 388 128 72
is_linear=0
shrinkage=0.05


Tree=70
num_leaves=15
num_cat=3
split_feature=10 10 10 11 6 12 7 4 5 4 2 2 11 1
split_gain=41.4515 29.6463 13.7991 10.9653 20.1332 9.98135 10.3375 9.49057 9.35131 7.83125 9.09845 7.58764 10.3722 10.1472
threshold=1.0000000180025095e-35 5.5000000000000009 10.500000000000002 0 1.7050000000000003 1 38.310000000000009 7.5500000000000007 1.6500000000000001 9.2916666666666696 83.500000000000014 14.500000000000002 2 57.250000000000007
decision_type=10 10 10 9 8 1 10 10 10 8 10 10 9 8
left_child=-1 5 3 4 7 -2 -7 -3 9 10 -4 12 13 -8
right_child=1 2 8 -5 -6 6 11 -9 -10 -11 -12 -13 -14 -15
leaf_value=-0.066065471187544841 -0.00014831596817262846 0.00554217912593235 0.0065783204331362616 -0.0014027755562103614 -0.020500396695547742 0.0066006601261346838 -0.0046889246298376487 -0.02334359642397113 -0.018757184829967653 -0.01362124514741227 -0.046577441916726359 4.9770295920063931e-05 0.0064657004395955679 0.032030492790507493
leaf_weight=22.730342864990234 4550.2579239457846 180.88080251216888 132.27346480451524 4133.7793813943863 219.63206635415554 1473.8779146820307 372.81079073250294 32.707096647471189 217.35585294105113 129.49323319457471 7.5722921397536984 2597.8600238263607 1302.2551686167717 18.81835313141346
leaf_count=1557 20506 1435 2801 37492 2339 6749 1666 287 5652 3175 160 11682 5874 85
internal_value=-3.36812e-05 6.82663e-05 -0.0030688 -0.00221455 -0.00968411 0.00160525 0.00298404 0.00103068 -0.0110638 -0.00480893 0.00338981 0.00174771 0.00435023 -0.0027767
internal_weight=15392.3 15369.6 5053.69 4567 433.22 10315.9 5765.62 213.588 486.695 269.339 139.846 4291.74 1693.88 391.629
internal_count=101460 99903 53341 41553 4061 46562 26056 1722 11788 6136 2961 19307 7625 1751
cat_boundaries=0 1 2 3
cat_threshold=256 4 44
is_linear=0
shrinkage=0.05


Tree=71
num_leaves=15
num_cat=3
split_feature=10 10 10 5 2 5 11 11 7 6 11 2 4 6
split_gain=39.2511 27.403 14.3189 10.5262 9.76944 8.54657 8.08378 8.03353 7.46904 9.70988 11.775 9.59853 8.86922 11.4505
threshold=1.0000000180025095e-35 8.5000000000000018 2.5000000000000004 1.7250000000000003 22.500000000000004 -1.2499999999999998 0 1 40.322500000000012 0.48875000000000007 2 109.50000000000001 4.5500000000000007 0.40500000000000008
decision_type=10 10 10 8 8 8 9 9 10 8 9 10 10 10
left_child=-1 2 5 4 7 -2 -5 -3 9 10 -7 -12 13 -10
right_child=1 3 -4 6 -6 8 -8 -9 12 -11 11 -13 -14 -15
leaf_value=-0.06563728941200174 0.026102699102720242 0.014366553887528622 -0.00028097849509782123 0.0032758666942573102 -0.010318583799212841 -0.015648717453093656 -0.012597821698511645 -0.0013364185354885118 0.014219466160840383 0.0052988390431789063 0.0036779914564446601 -0.02860309034641775 0.0050387939731321683 -0.0088087620785427794
leaf_weight=21.765698539093137 39.50209042429924 89.615051906555891 9784.7925700396299 92.917863767594099 252.08612445928156 111.86325815320015 632.04426087066531 423.04184332303703 61.347067952156067 2707.7939101010561 413.7336178123951 23.38518463075161 320.2840825766325 404.79900425672531
leaf_count=1557 208 1390 54764 1766 4076 508 12340 6939 280 12412 1950 107 1396 1767
internal_value=-3.27513e-05 6.44975e-05 0.000756907 -0.00637725 -0.00228022 0.00324381 -0.01069 0.00168484 0.00301408 0.00406986 -0.00199053 0.00184749 -0.00135778 -0.00575418
internal_weight=15379 15357.2 13867.5 1489.71 764.743 4082.71 724.962 512.657 4043.21 3256.78 548.982 437.119 786.43 466.146
internal_count=101460 99903 73392 26511 12405 18628 14106 8329 18420 14977 2565 2057 3443 2047
cat_boundaries=0 1 2 3
cat_threshold=8 40 96
is_linear=0
shrinkage=0.05


Tree=72
num_leaves=15
num_cat=1
split_feature=10 10 6 11 3 2 2 10 7 7 5 2 5 0
split_gain=37.1486 24.9669 13.4214 10.2465 10.9993 10.7055 9.71995 9.03083 8.39228 7.92169 7.04386 8.68756 6.84067 8.48174
threshold=1.0000000180025095e-35 5.5000000000000009 3.7550000000000003 0 9.5000000000000018 34.500000000000007 99.500000000000014 1.5000000000000002 40.522500000000015 39.922500000000007 2.1500000000000008 18.500000000000004 0.45000000000000007 4.5000000000000009
decision_type=10 10 10 9 8 8 10 10 10 10 10 8 10 2
left_child=-1 7 3 4 10 -5 8 12 9 -4 -3 -12 13 -2
right_child=1 2 6 5 -6 -7 -8 -9 -10 -11 11 -13 -14 -15
leaf_value=-0.065173683936868607 0.01011714997039366 -0.00061242868168786017 -0.017617127611492815 0.0018332591300759264 -0.010278669986595098 -0.0053447305895567912 0.026601940216350442 0.00078693097112222563 -0.023822897772220235 0.019477850373036846 -0.014273769433244042 0.0012007133003065866 0.0010231139034330894 0.00025199458693034885
leaf_weight=20.85473982617259 752.15801882743835 1183.5444294828922 31.362457165494561 1888.0074477791786 645.15312950871885 715.46598820574582 12.364223662763832 8501.3363726884127 147.94865359552205 24.921846160665154 237.83948967978358 145.99658399261534 750.72008270025253 306.63914451003075
leaf_count=1557 4028 10735 421 18858 8774 7024 177 37248 2506 385 2830 1631 3768 1518
internal_value=-3.19705e-05 6.08113e-05 -0.00282582 -0.00227651 -0.00476704 -0.000140096 -0.0149731 0.00146988 -0.0176074 -0.00113874 -0.00252368 -0.00840004 0.00467625 0.00726303
internal_weight=15364.3 15343.5 5032.6 4816.01 2212.53 2603.47 216.597 10310.9 204.233 56.2843 1567.38 383.836 1809.52 1058.8
internal_count=101460 99903 53341 49852 23970 25882 3489 46562 3312 806 15196 4461 9314 5546
cat_boundaries=0 1
cat_threshold=261
is_linear=0
shrinkage=0.05


Tree=73
num_leaves=15
num_cat=1
split_feature=10 10 12 7 10 1 4 7 6 5 1 5 5 4
split_gain=35.1429 23.7727 13.8048 10.7604 9.10667 8.89298 8.49316 13.4865 12.578 14.7539 8.10577 10.2101 9.78912 8.37008
threshold=1.0000000180025095e-35 9.5000000000000018 0 41.810000000000009 1.5000000000000002 55.250000000000007 2.1000000000000005 38.110000000000014 0.73541666666666683 0.77500000000000013 50.500000000000007 6.9500000000000011 3.1500000000000008 2.9000000000000004
decision_type=10 10 1 10 10 8 8 10 10 8 10 10 10 10
left_child=-1 2 10 4 6 -3 7 -4 -9 -10 11 -2 13 -12
right_child=1 5 3 -5 -6 -7 -8 8 9 -11 12 -13 -14 -15
leaf_value=-0.064678546658252636 -0.0085437100589040079 -0.013252037559592514 0.030560028207858244 -0.0069794371955566748 0.0016279307813721932 -0.0031316935510501223 0.0034647898918174175 0.017115122315956719 -0.038231706294751693 0.0044408847892708474 -0.003310969983685708 0.036706154908703569 -0.0074125716691655873 0.001091678655921927
leaf_weight=19.993201090022922 473.46738217398524 414.68776759319007 82.227587342262268 322.66138919442892 6509.8459856957197 456.01617159880698 714.76299151778221 150.19577966630459 24.607205271720886 96.178754866123199 1461.8283347077668 11.830569699406622 491.93236590176821 4119.18541720137
leaf_count=1557 2894 9152 460 2049 36013 9453 3671 832 128 507 7313 92 3548 23791
internal_value=-3.10049e-05 5.75242e-05 0.000540938 0.00194703 0.00233056 -0.00796135 0.00660793 0.0129407 0.00750156 -0.00449516 -0.00115418 -0.0073674 -0.000658445 -6.18885e-05
internal_weight=15349.4 15329.4 14458.7 7900.48 7577.82 870.704 1067.97 353.209 270.982 120.786 6558.24 485.298 6072.95 5581.01
internal_count=101460 99903 81298 43660 41611 18605 5598 1927 1467 635 37638 2986 34652 31104
cat_boundaries=0 1
cat_threshold=4
is_linear=0
shrinkage=0.05


Tree=74
num_leaves=15
num_cat=1
split_feature=10 10 10 6 4 2 4 4 5 4 3 5 11 6
split_gain=33.2324 21.6964 11.3725 9.83176 9.35897 9.01875 8.96519 8.14724 7.71939 7.14017 8.34647 8.63729 11.9917 13.7001
threshold=1.0000000180025095e-35 8.5000000000000018 2.5000000000000004 3.2400000000000007 4.9000000000000012 36.500000000000007 11.450000000000001 13.100000000000001 -1.2499999999999998 2.7083333333333335 8.5000000000000018 3.1500000000000008 0 3.9050000000000007
decision_type=10 10 10 10 10 10 10 10 8 8 8 10 9 10
left_child=-1 2 8 6 5 -5 -3 -6 -2 -4 11 -11 13 -13
right_child=1 3 9 4 7 -7 -8 -9 -10 10 -12 12 -14 -15
leaf_value=-0.064155928767857792 0.024794231230330838 -0.0034862749459598132 -0.004104635391494472 -0.0052850784682054773 -0.024113086423368985 0.094611493801213919 -0.022412088730292924 0.057432002975181119 0.0026710922748366533 0.0017483478206266425 -0.0022993862992492712 0.015157963194022562 -0.0098925761601429841 -0.012359902463266622
leaf_weight=19.177134424448013 38.836916133761406 1272.4199704490602 1072.2118295095861 6.4126816093921644 121.99200508743525 2.4088715501129627 64.867426354438066 2.2187353558838359 4032.0257962793112 5754.5504226088524 2388.7321917265654 126.95711478590965 367.63507925346494 69.054365504533052
leaf_count=1557 208 21517 5188 130 3267 49 1480 68 18420 31306 14591 773 2455 451
internal_value=-2.97733e-05 5.46784e-05 0.000667892 -0.00571816 -0.0186337 0.028849 -0.00442036 -0.0222094 0.00288819 -0.000256574 0.000217711 0.00116957 -0.00473211 0.00518669
internal_weight=15339.5 15320.3 13850 1470.32 133.032 8.82155 1337.29 124.211 4070.86 9779.14 8706.93 6318.2 563.647 196.011
internal_count=101460 99903 73392 26511 3514 179 22997 3335 18628 54764 49576 34985 3679 1224
cat_boundaries=0 1
cat_threshold=88
is_linear=0
shrinkage=0.05


Tree=75
num_leaves=15
num_cat=1
split_feature=10 10 11 6 1 4 4 4 0 6 2 7 6 2
split_gain=31.4147 20.0295 11.6149 20.6661 10.2471 13.0736 11.3577 9.43602 8.57778 8.04696 8.2584 9.87475 7.86414 10.1353
threshold=1.0000000180025095e-35 5.5000000000000009 0 1.1612500000000003 54.250000000000007 10.100000000000001 3.1000000000000005 6.2250000000000005 3.5000000000000004 2.0816666666666674 7.5000000000000009 39.763333333333343 3.7550000000000003 99.500000000000014
decision_type=10 10 9 8 10 8 10 10 2 10 8 10 10 10
left_child=-1 8 3 -3 5 6 -4 -8 9 10 -2 -12 -6 -14
right_child=1 2 4 -5 12 -7 7 -9 -10 -11 11 -13 13 -15
leaf_value=-0.063609859039270369 0.0089041630013660684 0.0081506674580088864 -0.016274902522921211 -0.016450739946058664 0.0013572798168325765 -0.012130607985130003 0.0029948353082226466 -0.0042535494839556686 0.00020301259124581373 -0.00078387360229071267 0.0049857930392360828 -0.0027036955352675585 -0.018763631157295318 0.047378732850786164
leaf_weight=18.402922852896154 778.71112067997456 113.16502524167299 135.15300090238452 340.15814938955009 2064.0900941826403 409.87782665528357 754.58138032630086 1105.7770768813789 6472.8240824043751 956.12280157208443 1518.1322264373302 575.01747462153435 79.234801072627306 5.2948248218744984
leaf_count=1557 3561 887 1096 3842 20788 5822 6864 12696 29027 4367 7014 2593 1274 72
internal_value=-2.88325e-05 5.17524e-05 -0.00254198 -0.010083 -0.00176326 -0.00400806 -0.00233445 -0.0013135 0.00131272 0.0031886 0.00451097 0.0028731 0.000742294 -0.0141151
internal_weight=15326.5 15308.1 5007.33 453.323 4554.01 2405.39 1995.51 1860.36 10300.8 3827.98 2871.86 2093.15 2148.62 84.5296
internal_count=101460 99903 53341 4729 48612 26478 20656 19560 46562 17535 13168 9607 22134 1346
cat_boundaries=0 1
cat_threshold=256
is_linear=0
shrinkage=0.05


Tree=76
num_leaves=15
num_cat=1
split_feature=10 10 12 7 6 7 4 10 4 7 6 5 1 1
split_gain=29.6877 19.094 12.033 9.35152 8.02906 7.84852 9.12082 7.69015 7.86405 12.546 11.4655 13.2468 7.51697 7.16427
threshold=1.0000000180025095e-35 9.5000000000000018 0 41.810000000000009 3.4050000000000007 41.845000000000013 3.3666666666666671 1.5000000000000002 2.1000000000000005 38.110000000000014 0.73541666666666683 0.65000000000000002 55.250000000000007 50.500000000000007
decision_type=10 10 1 10 10 10 10 10 8 10 10 8 8 10
left_child=-1 2 13 7 12 -5 -7 8 9 -4 -11 -12 -3 -2
right_child=1 4 3 5 -6 6 -8 -9 -10 10 11 -13 -14 -15
leaf_value=-0.063044306000820116 -0.0069598345896444164 -0.010905263469349178 0.02939276969137284 -0.042106713050232336 -0.023047870472181823 -0.021063329122981665 -0.00026605400629959984 0.0015053674639032082 0.0030677557911338218 0.016242071003119914 -0.044951321812054273 0.0022502076834175866 -0.001103425558677943 -0.00063909460069846004
leaf_weight=17.667265802621841 483.12670854851604 368.33064968697727 80.713322833180428 13.821846827864645 72.205137260258198 66.493652131408453 240.93578612804413 6510.5599382780492 711.9523564428091 148.51589813828468 16.313145965337753 104.51804405450821 416.35656544938684 6063.8519338741899
leaf_count=1557 2986 7964 460 88 2270 340 1621 36013 3671 832 83 552 8371 34652
internal_value=-2.8006e-05 4.88875e-05 0.000479394 0.00179242 -0.00719833 -0.00654802 -0.00481799 0.00214943 0.00609267 0.0122185 0.00698227 -0.00443902 -0.00571241 -0.00110483
internal_weight=15315.4 15297.7 14440.8 7893.82 856.892 321.251 307.429 7572.57 1062.01 350.06 269.347 120.831 784.687 6546.98
internal_count=101460 99903 81298 43660 18605 2049 1961 41611 5598 1927 1467 635 16335 37638
cat_boundaries=0 1
cat_threshold=4
is_linear=0
shrinkage=0.05


Tree=77
num_leaves=15
num_cat=2
split_feature=10 10 5 11 6 4 6 1 7 3 10 11 6 5
split_gain=28.049 17.3778 9.96662 9.20681 12.2708 9.32259 9.2829 9.04154 8.45797 7.80969 8.5523 9.68454 8.06132 8.01601
threshold=1.0000000180025095e-35 7.5000000000000009 4.1500000000000012 0 1.8400000000000005 11.29166666666667 0.42250000000000015 54.250000000000007 39.34500000000002 3.5000000000000004 1.5000000000000002 1 0.27750000000000014 -0.14999999999999999
decision_type=10 10 10 9 10 10 8 10 10 10 10 9 10 10
left_child=-1 8 3 4 -3 6 -5 -8 -2 10 11 -10 -13 -11
right_child=1 2 -4 5 -6 -7 7 -9 9 13 -12 12 -14 -15
leaf_value=-0.062463065444342492 0.0021083559115615317 -0.0012409832906713234 -0.01645129929385367 -0.018178247833794559 -0.021148889679129795 -0.016616567764513805 -0.0035121583362115842 0.0038209279625213825 0.017354702470914522 -0.010311643386786635 -0.0039613583053960564 0.014757566541067925 -0.0033827316340361646 0.0013123515710857564
leaf_weight=16.967169724404812 6124.7802276089787 153.75421254150569 148.03917393647134 73.232391837984324 155.14520373940468 98.346450829878449 905.62541490234435 782.7055226508528 87.406158909201622 152.94886191189289 2135.8822670802474 73.614826992154121 340.74226503074169 4056.8156900331378
leaf_count=1557 30114 1849 3222 958 2487 2100 13535 10957 474 743 9882 385 1680 21517
internal_value=-2.72656e-05 4.61038e-05 -0.00394166 -0.00308059 -0.0109233 -0.00170502 -0.000873242 -0.000112311 0.000758572 -0.000448896 -0.00258164 0.00328767 -0.000129042 0.000887681
internal_weight=15306 15289 2316.85 2168.81 308.899 1859.91 1761.56 1688.33 12972.2 6847.41 2637.65 501.763 414.357 4209.76
internal_count=101460 99903 35108 31886 4336 27550 25450 24492 64795 34681 12421 2539 2065 22260
cat_boundaries=0 1 2
cat_threshold=384 384
is_linear=0
shrinkage=0.05


Tree=78
num_leaves=15
num_cat=1
split_feature=10 10 0 2 11 6 4 10 4 4 7 7 2 4
split_gain=26.4964 16.6344 11.3927 13.07 10.9268 19.0536 9.2281 8.45501 10.1277 8.74151 8.96149 8.32149 7.94364 7.62183
threshold=1.0000000180025095e-35 4.5000000000000009 4.5000000000000009 10.500000000000002 0 1.7800000000000005 7.5500000000000007 11.500000000000002 10.633333333333335 2.7083333333333335 38.963333333333345 30.820000000000004 26.500000000000004 1.5500000000000003
decision_type=10 10 2 10 9 10 10 10 10 8 10 8 8 10
left_child=-1 2 3 -2 5 6 -3 9 -9 10 12 -11 13 -6
right_child=1 4 -4 -5 7 -7 -8 8 -10 11 -12 -13 -14 -15
leaf_value=-0.061869723248565982 0.0056819276850930958 0.0018753194559076006 -0.0010368903407482139 0.00078633837017275804 -0.02198359843998874 -0.018957819005654575 -0.019985382086531438 -0.0045224238090338636 -0.029926330820172604 0.03880406058522369 -0.014080229636081422 -0.0004309799624285995 -0.012042190304038629 0.024958304388767869
leaf_weight=16.299931621178985 2343.3636275082827 337.82384273409843 2874.4020315408707 3258.9602321833372 9.8145743571221811 246.40417916513979 55.300575725734234 151.87428675405681 52.123339295387268 12.546919669955967 230.58278753235936 5620.2137950640172 42.954378180205822 45.2905318364501
leaf_count=1557 10439 2449 12403 14415 60 2779 481 4285 1769 97 1531 48613 290 292
internal_value=-2.60457e-05 4.3963e-05 0.00152192 0.00283473 -0.00179705 -0.0079628 -0.00124272 -0.00114153 -0.0111277 -0.000799914 -0.00871386 -0.000336712 0.00391969 0.0163548
internal_weight=15298 15281.7 8476.73 5602.32 6804.93 639.529 393.124 6165.4 203.998 5961.4 328.642 5632.76 98.0595 55.1051
internal_count=101460 99903 37257 24854 62646 5709 2930 56937 6054 50883 2173 48710 642 352
cat_boundaries=0 1
cat_threshold=256
is_linear=0
shrinkage=0.05


Tree=79
num_leaves=15
num_cat=3
split_feature=10 5 10 12 2 6 7 7 2 11 7 11 4 5
split_gain=25.0259 15.7766 12.8288 11.9672 9.975 12.2849 9.09391 8.48665 9.12407 8.946 10.0259 7.65316 7.47678 7.2669
threshold=1.0000000180025095e-35 2.0500000000000003 10.500000000000002 0 13.500000000000002 1.0000000180025095e-35 40.710000000000015 37.055000000000014 22.500000000000004 1 38.277500000000011 2 2.6333333333333337 -1.0000000180025095e-35
decision_type=10 10 10 1 10 10 8 10 10 9 10 9 10 8
left_child=-1 3 7 6 -5 11 -2 -3 9 10 -9 -6 -11 -8
right_child=1 2 -4 4 5 -7 13 8 -10 12 -12 -13 -14 -15
leaf_value=-0.061267577669963394 0.00036000222834046757 -0.018857466476104232 -0.017192093542076996 0.0045821584690177147 -0.0086631697401152053 6.562054672047755e-06 -0.029174343066582727 0.012176081584523104 0.0019102893961015284 -0.014894340271654065 -0.010417584418313714 0.01594731099400894 -9.5309171578479931e-05 -0.0037072540495470606
leaf_weight=15.663124970160423 3997.3964672293514 75.570799298584461 154.25101222284138 2734.2504084389657 34.026791363954544 3789.4746022690088 27.577404942363501 52.411462713032961 977.87544091977179 91.958452843129635 630.76236766576767 178.65405078604817 1042.5044486448169 1484.9747828505933
leaf_count=1557 24311 484 4440 15979 175 23275 153 347 6217 473 4963 932 8058 10096
internal_value=-2.54874e-05 4.13318e-05 -0.00319138 0.000840136 0.00225162 0.000664294 -0.000888105 -0.00243346 -0.00198289 -0.00407729 -0.00854411 0.0123287 -0.00129556 -0.00419055
internal_weight=15287.4 15271.7 3025.33 12246.4 6736.41 4002.16 5509.95 2871.08 2795.51 1817.64 683.174 212.681 1134.46 1512.55
internal_count=101460 99903 24982 74921 40361 24382 34560 20542 20058 13841 5310 1107 8531 10249
cat_boundaries=0 1 2 3
cat_threshold=4 292 17
is_linear=0
shrinkage=0.05


Tree=80
num_leaves=15
num_cat=2
split_feature=10 10 12 7 4 11 5 5 2 7 4 4 1 1
split_gain=23.6354 14.7718 9.73378 8.06661 7.37494 10.037 8.68236 14.2133 10.3826 7.28999 8.13273 6.91709 7.22014 6.40692
threshold=1.0000000180025095e-35 9.5000000000000018 0 41.810000000000009 10.100000000000001 1 0.075000000000000025 1.0000000180025095e-35 18.500000000000004 41.845000000000013 3.3666666666666671 4.5500000000000007 55.250000000000007 50.500000000000007
decision_type=10 10 1 10 10 9 8 10 10 10 10 10 8 10
left_child=-1 2 13 -4 5 -3 7 -7 -9 -5 -11 12 -12 -2
right_child=1 4 3 9 -6 6 -8 8 -10 10 11 -13 -14 -15
leaf_value=-0.060659642706657912 -0.0065594827920808759 -0.02336134684513734 0.0019274671273399697 -0.040723588830110999 -0.015401018769746741 -0.01556240288930558 -0.0033034458522675277 -0.0044337822296440284 0.079029430075631624 -0.019895504262748762 0.052479257859222889 -0.0045964103828295038 0.0062597230027994014 -0.00057084530613411009
leaf_weight=15.054574597626923 481.21076621115208 49.760046280920506 7568.0303194820881 13.581372156739233 178.09055871516466 12.315212612971665 586.01766013167799 5.2286188658326891 11.142462713643907 66.109414674341679 9.7769966423511487 190.01077760756016 40.79371589794755 6054.509912814945
leaf_count=1557 2986 1128 41611 88 4731 216 12206 101 223 340 55 1338 228 34652
internal_value=-2.4629e-05 3.91332e-05 0.000415215 0.00159625 -0.00639202 -0.0039579 -0.00194086 0.0244146 0.0536521 -0.00616225 -0.00450437 -0.00021019 0.0160398 -0.00101116
internal_weight=15281.6 15266.6 14424 7888.3 842.555 664.464 614.704 28.6863 16.3711 320.272 306.691 240.581 50.5707 6535.72
internal_count=101460 99903 81298 43660 18605 13874 12746 540 324 2049 1961 1621 283 37638
cat_boundaries=0 1 2
cat_threshold=4 256
is_linear=0
shrinkage=0.05


Tree=81
num_leaves=15
num_cat=2
split_feature=10 10 3 10 0 4 11 6 11 2 0 4 8 2
split_gain=22.3205 14.0669 10.9619 10.5531 9.90442 12.7361 9.67623 9.0135 8.79325 9.96991 9.58267 8.74495 8.11103 8.8942
threshold=1.0000000180025095e-35 3.5000000000000004 8.5000000000000018 11.500000000000002 2.5000000000000004 8.1000000000000014 0 3.163333333333334 1 20.500000000000004 4.5000000000000009 9.9000000000000021 2.5000000000000004 252.50000000000003
decision_type=10 10 10 10 2 10 9 10 9 10 2 10 2 10
left_child=-1 4 12 6 5 -2 7 -4 9 -6 -11 -10 -3 -14
right_child=1 2 3 -5 8 -7 -8 -9 11 10 -12 -13 13 -15
leaf_value=-0.060048594553815463 0.0093954867297016374 -0.0036037377717672093 -0.0084689063873862082 -0.018107517735747237 0.0082005373166325907 -0.035400322091682639 -0.0019116074787660789 -0.033338763011898719 -7.8124213573076487e-05 -0.0081875482080233288 0.010219335884175873 0.014460985924605405 0.00067838563680861115 -0.035690322502185762
leaf_weight=14.472341694869099 553.34728017449379 1478.9426222853363 244.31688026711345 132.98058190569282 799.21021670103073 15.369549512863157 1524.7836871128529 42.119323110207915 4554.2034199535847 217.13027350604534 103.65258920192719 104.82715708017349 5475.3164894580841 15.862923910841344
leaf_count=1557 2549 10531 2179 4300 3569 66 15696 566 19880 971 453 455 38576 112
internal_value=-2.46858e-05 3.61627e-05 -0.00124472 -0.00456353 0.00183486 0.00812487 -0.00355968 -0.011818 0.00121456 0.00516863 -0.00222657 0.000251496 -0.000318473 0.000566844
internal_weight=15276.5 15262.1 8914.32 1944.2 6347.74 568.717 1811.22 286.436 5779.02 1119.99 320.783 4659.03 6970.12 5491.18
internal_count=101460 99903 71960 22741 27943 2615 18441 2745 25328 4993 1424 20335 49219 38688
cat_boundaries=0 1 2
cat_threshold=384 384
is_linear=0
shrinkage=0.05


Tree=82
num_leaves=15
num_cat=2
split_feature=10 5 10 10 2 3 11 7 3 7 4 7 11 2
split_gain=21.0793 13.651 10.8769 10.163 8.72804 10.7806 10.0054 8.93229 12.3778 8.88773 7.82582 9.88511 7.79165 10.5013
threshold=1.0000000180025095e-35 2.0500000000000003 10.500000000000002 1.5000000000000002 34.500000000000007 8.5000000000000018 0 39.145000000000017 3.5000000000000004 44.110000000000007 8.6333333333333346 38.410000000000011 1 41.500000000000007
decision_type=10 10 10 10 10 8 9 8 10 8 8 10 9 10
left_child=-1 3 -3 12 5 7 10 -5 -9 -8 -6 -12 13 -2
right_child=1 2 -4 4 6 -7 9 8 -10 -11 11 -13 -14 -15
leaf_value=-0.059436806793693876 0.019442141161205215 -0.0022898210491888358 -0.016075306083984879 0.0043445425935273478 -0.017682513743973737 -0.0019537994092953038 -0.0019216412445216113 -0.002954050651664123 0.0026338443795781664 0.045213568494970435 0.026805564884002816 -0.028033843947417394 0.0032432431904158561 -0.026826456263356148
leaf_weight=13.9146954966709 145.61206915974617 2865.2263264078647 149.65794891677797 2358.6769185848534 181.50044482946396 2538.5684501063079 1331.2187169864774 1602.715332172811 2593.1210113503039 9.0776921622455102 22.879277328029275 11.578415784984825 1429.7051152586937 12.518011197447775
leaf_count=1557 823 20542 4440 12669 959 20517 8083 7798 16349 58 114 66 7418 67
internal_value=-2.42455e-05 3.38507e-05 -0.00297923 0.00077637 0.000219803 0.000812063 -0.00323903 0.00188342 0.000499199 -0.00155732 -0.0129521 0.00810758 0.00450668 0.0147095
internal_weight=15266 15252.1 3014.88 12237.2 10649.3 9093.08 1556.25 6554.51 4195.84 1340.3 215.958 34.4577 1587.84 158.13
internal_count=101460 99903 24982 74921 66613 57333 9280 36816 24147 8141 1139 180 8308 890
cat_boundaries=0 1 2
cat_threshold=161 128
is_linear=0
shrinkage=0.05


Tree=83
num_leaves=15
num_cat=3
split_feature=10 10 6 2 11 2 5 3 4 0 11 1 3 12
split_gain=19.9082 12.4181 9.33585 8.92431 8.08406 9.2259 7.77835 7.72426 7.50792 7.31413 7.29631 13.3584 9.3538 7.46131
threshold=1.0000000180025095e-35 5.5000000000000009 3.7550000000000003 28.500000000000004 0 34.500000000000007 1.1500000000000001 9.5000000000000018 6.291666666666667 3.5000000000000004 1 52.500000000000007 2.5000000000000004 2
decision_type=10 10 10 10 9 8 10 8 8 2 9 10 8 1
left_child=-1 9 4 -4 7 -6 8 -3 -5 -2 11 12 -11 -13
right_child=1 2 3 6 5 -7 -8 -9 -10 10 -12 13 -14 -15
leaf_value=-0.058826317915415288 0.0027582048157590439 -0.001933759588724432 -0.019111391425815284 0.080701553497580736 0.0021601323238846252 -0.0045417681122089607 -0.0043744931210560013 -0.008523464644275466 -0.0032401863498509606 0.013186304836118207 -0.00081462250503243838 0.024061178562312088 -0.02311546044834363 0.0040431928155626627
leaf_weight=13.380097205750642 3818.3201948702335 1551.1232458353043 144.9934707172215 4.8433941900730106 1876.5748627018183 705.83743475191295 49.913555167615414 622.93277658335865 4.7590771112591037 22.67010086774826 5241.1005843579769 39.01105047762394 72.445162996649742 1089.9017012864351
leaf_count=1557 17535 15196 2569 53 18858 7024 792 8774 75 100 23545 171 327 4884
internal_value=-2.32644e-05 3.22025e-05 -0.00202216 -0.0124566 -0.001571 0.000326025 0.00380378 -0.00380745 0.0427174 0.00102338 -1.48377e-06 0.00345651 -0.014416 0.00500435
internal_weight=15257.8 15244.4 4960.98 204.509 4756.47 2582.41 59.516 2174.06 9.60247 10283.4 6465.13 1224.03 95.1153 1128.91
internal_count=101460 99903 53341 3489 49852 25882 920 23970 128 46562 29027 5482 427 5055
cat_boundaries=0 1 2 3
cat_threshold=261 272 1
is_linear=0
shrinkage=0.05


Tree=84
num_leaves=15
num_cat=3
split_feature=10 5 12 10 0 11 2 6 7 4 11 7 4 2
split_gain=18.804 12.0836 9.86835 9.75352 8.68034 9.48759 8.54319 10.8281 7.80856 8.96854 7.43215 8.15665 7.71466 7.10374
threshold=1.0000000180025095e-35 2.0500000000000003 0 10.500000000000002 7.5000000000000009 1 13.500000000000002 1.0000000180025095e-35 37.055000000000014 13.225000000000001 2 36.345000000000006 12.633333333333335 28.500000000000004
decision_type=10 10 1 10 2 9 10 10 10 10 9 8 10 10
left_child=-1 2 4 8 10 -6 -4 -8 -3 -10 13 -12 -13 -2
right_child=1 3 6 -5 5 -7 7 -9 9 -11 11 12 -14 -15
leaf_value=-0.058218869061038403 0.0028389690157791876 -0.017972909968031008 0.0041689808413330545 -0.015335370965986346 0.0050971531620230626 -0.021883882778620654 0.011519592904942378 -7.4938103885675432e-05 -0.0019605799773886232 0.032696507734826956 0.024115889187538382 -0.0022048093748083595 -0.041899121144127943 -0.0050230741606497493
leaf_weight=12.867175438441334 1917.8598615024239 75.004718910902739 2732.4159891232848 146.76013339310884 49.018253482878208 85.634756695479155 211.67566756531596 3786.1488159149885 2767.5826315004379 17.796365737915039 28.365534862503409 3069.8781101051718 11.293097993358968 336.97091770172119
leaf_count=1557 11095 484 15979 4440 362 634 1107 23275 19939 119 160 20203 180 1926
internal_value=-2.14788e-05 3.14866e-05 0.000729764 -0.00280752 -0.000841464 -0.0133342 0.00201175 0.000541693 -0.00215961 -0.00172749 -0.000527022 -0.00210784 -0.00236384 0.00165499
internal_weight=15249.3 15236.4 12229.3 3007.14 5499.02 134.653 6730.24 3997.82 2860.38 2785.38 5364.37 3109.54 3081.17 2254.83
internal_count=101460 99903 74921 24982 34560 996 40361 24382 20542 20058 33564 20543 20383 13021
cat_boundaries=0 1 2 3
cat_threshold=4 196 432
is_linear=0
shrinkage=0.05


Tree=85
num_leaves=15
num_cat=0
split_feature=10 10 5 7 2 0 1 6 4 7 7 2 3 0
split_gain=17.7618 10.9829 9.43429 10.3073 9.20752 8.81521 9.66268 11.5934 14.849 8.33418 7.57299 7.42345 7.07769 8.43256
threshold=1.0000000180025095e-35 3.5000000000000004 4.1500000000000012 44.510000000000012 32.500000000000007 4.5000000000000009 56.750000000000007 1.3354166666666669 1.2250000000000003 37.155000000000008 40.25500000000001 13.500000000000002 8.5000000000000018 7.5000000000000009
decision_type=10 10 10 10 10 2 10 10 10 8 10 10 10 2
left_child=-1 5 3 12 10 -2 7 -7 -9 -8 -4 -10 -3 -14
right_child=1 2 4 -5 -6 6 9 8 11 -11 -12 -13 13 -15
leaf_value=-0.057615896564534391 0.002918705367578267 -4.0548714418045805e-05 -0.0021184979099057449 0.057855030924517541 0.0042320761445250217 -0.0052094355187573375 -0.022533424965245547 0.041052552780286335 0.010058923747459619 0.011221974609474286 -0.018188094862432381 -0.0019211377319137157 -0.0026422393032419955 -0.016132092814960506
leaf_weight=12.37471123319119 4266.1116393208504 6672.7414798196405 113.22355437651277 6.4995964746922246 108.75724524445832 1189.7442883998156 19.026994228363037 23.794054552912712 181.91672037541866 217.85104851424694 208.53207754157484 440.4207464158535 1659.1360753048211 123.61914617754519
leaf_count=1557 19056 46451 1187 59 1119 5117 85 113 769 939 2796 1864 18837 1511
internal_value=-2.14407e-05 2.91312e-05 -0.00110441 -0.000736567 -0.00831602 0.00161924 -0.00105541 -0.00228286 0.00310567 0.00842728 -0.0125574 0.0015913 -0.000788442 -0.00358617
internal_weight=15243.7 15231.4 8892.51 8462 430.513 6338.87 2072.75 1835.88 646.132 236.878 321.756 622.337 8455.5 1782.76
internal_count=101460 99903 71960 66858 5102 27943 8887 7863 2746 1024 3983 2633 66799 20348
is_linear=0
shrinkage=0.05


Tree=86
num_leaves=15
num_cat=4
split_feature=10 5 2 10 12 0 11 2 6 7 11 10 4 11
split_gain=16.78 10.5278 9.38162 9.30791 8.88959 7.74228 8.81278 7.61947 9.71298 7.26216 7.46802 7.38921 7.35723 7.11443
threshold=1.0000000180025095e-35 2.0500000000000003 22.500000000000004 10.500000000000002 0 7.5000000000000009 1 13.500000000000002 1.0000000180025095e-35 40.710000000000015 2 7.5000000000000009 1.1000000000000003 3
decision_type=10 10 10 10 1 2 9 10 10 8 9 10 10 9
left_child=-1 4 3 -3 5 9 -7 -6 13 10 11 12 -2 -9
right_child=1 2 -4 -5 7 6 -8 8 -10 -11 -12 -13 -14 -15
leaf_value=-0.05701858881602534 -0.015308955763220916 -0.00382346768617746 0.0011996394817509167 -0.018776085039763434 0.003932350316816594 0.0050279864625455339 -0.020977562506477768 -0.0090498402302211598 -7.6780326638358051e-05 -0.0035031103818551597 -0.0012874766617033103 -0.006228677258192046 0.0049495030960749224 0.01447054963886865
leaf_weight=11.901613209396599 45.303047955036163 1845.3393232878298 1043.9788912739605 109.40452803857625 2733.3251022640616 49.032105224207044 84.629198269918561 33.932174190878868 3784.390018792823 1474.6459421515465 2214.6200272999704 185.90447394549847 1440.8300801590085 177.12282656505704
leaf_count=1557 215 14129 7474 3379 15979 362 634 175 23275 9992 13910 2461 6986 932
internal_value=-2.0532e-05 2.77742e-05 -0.0026265 -0.00466952 0.000679083 -0.00081288 -0.0126557 0.00189581 0.000506692 -0.000516841 0.000616795 0.00312728 0.00432207 0.0109199
internal_weight=15234.4 15222.5 2998.72 1954.74 12223.7 5494.96 133.661 6728.77 3995.45 5361.3 3886.66 1672.04 1486.13 211.055
internal_count=101460 99903 24982 17508 74921 34560 996 40361 24382 33564 23572 9662 7201 1107
cat_boundaries=0 1 2 3 4
cat_threshold=4 196 184 17
is_linear=0
shrinkage=0.05


Tree=87
num_leaves=15
num_cat=3
split_feature=10 10 12 0 7 11 4 5 5 2 0 7 11 6
split_gain=15.8544 9.62777 7.185 6.98381 9.21996 6.9077 8.51158 7.4782 12.4881 8.59206 6.54545 8.74623 7.70297 8.25816
threshold=1.0000000180025095e-35 9.5000000000000018 0 5.5000000000000009 41.810000000000009 1 10.100000000000001 0.075000000000000025 1.0000000180025095e-35 18.500000000000004 8.5000000000000018 41.045000000000009 2 0.54500000000000026
decision_type=10 10 1 2 10 9 10 8 10 10 2 10 9 8
left_child=-1 2 -2 -4 10 -3 7 8 -7 -10 12 -12 13 -5
right_child=1 5 3 4 -6 6 -8 -9 9 -11 11 -13 -14 -15
leaf_value=-0.056427872485143873 -0.00090108374129083645 -0.021423859118664706 0.0022311573392678695 -0.019519488177594215 -0.019626172250703913 -0.014959135279967978 -0.013810006989162519 -0.002356311932401742 -0.003968886491313911 0.071619545787832223 0.0057833837272360973 0.054730416562731136 0.0010912735279119392 -0.0034977794994219807
leaf_weight=11.446905901655553 6516.6635888926685 51.011300895363092 5810.1778253950179 92.093020148575306 64.404488436877728 12.123589795082809 167.10308584570885 575.42970807850361 5.1726410463452366 11.843532772734759 178.93484894558787 8.6461078189313394 1125.8670003376901 596.97164811566472
leaf_count=1557 37638 1230 31795 453 421 216 4629 12206 101 223 1076 69 6410 3436
internal_value=-2.04253e-05 2.57138e-05 0.000326545 0.00134158 -0.00115244 -0.00523167 -0.00380839 -0.00108859 0.023193 0.049697 -0.000548786 0.00831774 -0.00146926 -0.00558334
internal_weight=15227.9 15216.4 14393.8 7877.09 2066.92 822.684 771.673 604.569 29.1398 17.0162 2002.51 187.581 1814.93 689.065
internal_count=101460 99903 81298 43660 11865 18605 17375 12746 540 324 11444 1145 10299 3889
cat_boundaries=0 1 2 3
cat_threshold=4 256 424
is_linear=0
shrinkage=0.05


Tree=88
num_leaves=15
num_cat=2
split_feature=10 5 7 4 11 7 6 1 6 1 5 2 11 7
split_gain=14.9823 9.38235 8.6213 8.77039 11.4144 10.5573 9.6308 9.06593 8.45094 9.04807 9.95988 8.42361 8.64104 9.16948
threshold=1.0000000180025095e-35 2.0500000000000003 39.110000000000014 7.5500000000000007 0 39.045000000000009 0.69500000000000017 54.750000000000007 2.3612500000000005 54.750000000000007 0.95000000000000007 22.500000000000004 1 38.277500000000011
decision_type=10 10 8 8 9 10 8 10 8 10 10 10 9 10
left_child=-1 2 3 8 -5 6 -6 -7 -2 10 -10 12 13 -3
right_child=1 11 -4 4 5 7 -8 -9 9 -11 -12 -13 -14 -15
leaf_value=-0.055844461809495732 0.0029062358208623816 0.0079875344183197184 -0.00027537297393432074 0.0055487977683296545 0.0056352384585624353 -0.010307982024906036 -0.01402501241027502 0.050942279966683261 -0.0073727624685345468 0.019848704251108278 0.038949126996818122 0.0011382114244730683 -0.0017633921330113323 -0.010612257739115782
leaf_weight=11.009711935184894 3027.5963006783277 72.861705508083105 8295.8490289002657 251.86652250029147 77.765674451366067 10.297748101875186 302.80685979686677 12.699412295594811 74.607897736132145 154.28347883559763 12.708384010940788 1044.0707964915782 1211.0494631621987 664.64597038365901
leaf_count=1557 16066 563 52443 1467 736 96 2714 108 378 834 79 7474 10584 6361
internal_value=-2.04539e-05 2.36138e-05 0.000638117 0.00256862 -0.00270707 -0.00780474 -0.0100034 0.0242288 0.00362684 0.0126079 -0.000266196 -0.0024851 -0.00442613 -0.00864925
internal_weight=15224.1 15213.1 12220.5 3924.63 655.436 403.57 380.573 22.9972 3269.2 241.6 87.3163 2992.63 1948.56 737.508
internal_count=101460 99903 74921 22478 5121 3654 3450 204 17357 1291 457 24982 17508 6924
cat_boundaries=0 1 2
cat_threshold=161 292
is_linear=0
shrinkage=0.05


Tree=89
num_leaves=15
num_cat=2
split_feature=10 10 0 11 6 11 4 4 7 7 2 4 4 3
split_gain=14.1613 8.81935 9.30564 9.18302 15.5506 8.56074 8.17373 7.86813 7.5759 7.40294 7.07871 6.9628 8.86044 6.67992
threshold=1.0000000180025095e-35 4.5000000000000009 3.5000000000000004 0 1.7800000000000005 1 2.7083333333333335 7.5500000000000007 38.963333333333345 30.820000000000004 26.500000000000004 1.5500000000000003 2.5500000000000003 8.5000000000000018
decision_type=10 10 2 9 10 9 8 10 10 8 8 10 10 8
left_child=-1 2 -2 4 7 -4 8 -3 10 -8 11 -5 -13 -11
right_child=1 3 5 6 -6 -7 9 -9 -10 13 -12 12 -14 -15
leaf_value=-0.055268865802802637 0.0032347075225499979 0.0018443055879551759 0.0077397241005486275 -0.021884683065887676 -0.017211942077414468 -0.00069753428642390627 0.036228096153734353 -0.018578315948937045 -0.013386368905041947 0.00091525854354377516 -0.01197257118749402 0.034150394057360971 -0.017484738403775402 -0.0026099549910965246
leaf_weight=10.58923963177949 3179.5660480409861 337.42455427348614 308.96669007837772 9.8404782041907293 237.17983273789287 4969.5506548285484 12.84349377453327 53.801355989649892 228.56017992272973 3658.4258998706937 42.999887153506279 36.186217613518238 10.017710618674753 2122.7061470132321
leaf_count=1557 14261 2449 1334 62 2779 21662 98 481 1548 29729 296 231 64 24909
internal_value=-1.93914e-05 2.27097e-05 0.00109829 -0.00132501 -0.00702761 -0.000188966 -0.000725903 -0.00100442 -0.00839833 -0.000291966 0.00313111 0.0147261 0.0228219 -0.000379351
internal_weight=15218.7 15208.1 8458.08 6749.99 628.406 5278.52 6121.58 391.226 327.604 5793.98 99.0443 56.0444 46.2039 5781.13
internal_count=101460 99903 37257 62646 5709 22996 56937 2930 2201 54736 653 357 295 54638
cat_boundaries=0 1 2
cat_threshold=256 256
is_linear=0
shrinkage=0.05


Tree=90
num_leaves=15
num_cat=3
split_feature=10 12 10 5 3 11 8 2 6 7 11 2 7 10
split_gain=13.3877 8.29858 9.94081 9.68591 7.20014 7.87327 9.34095 5.86653 7.88688 10.7121 5.30535 7.51834 8.9993 6.97185
threshold=1.0000000180025095e-35 0 10.500000000000002 3.0500000000000003 9.5000000000000018 1 3.5000000000000004 26.500000000000004 0.44500000000000012 38.945000000000014 2 27.500000000000004 38.62916666666667 1.5000000000000002
decision_type=10 1 10 10 10 9 2 10 10 10 9 10 10 10
left_child=-1 2 10 -4 -3 7 -7 8 9 -6 11 12 -2 -14
right_child=1 4 3 -5 5 6 -8 -9 -10 -11 -12 -13 13 -15
leaf_value=-0.054701433133103439 0.018942630137555927 0.0015562031803912869 -0.0066105285313277119 -0.03352306971318008 -0.023157281628653392 -0.015740339422029594 0.0037812559856329289 0.0031507532791702009 -0.015976948668089797 0.059261491203608067 -0.0014279361018208045 -0.011081365331160793 0.020262976743190025 0.00078775014579844822
leaf_weight=10.184768624603747 94.517832849174738 7533.4726689886302 175.6455100197345 40.528352232649922 6.610718332231043 71.826474945992231 385.45545173808932 66.197158932685852 221.17530413530767 7.4609560333192348 5913.7734028231353 83.86778131686151 49.144056275486946 551.1443132031709
leaf_count=1557 507 44365 4638 1412 61 784 4176 552 2729 83 36545 469 276 3306
internal_value=-1.87105e-05 2.15237e-05 -0.00125732 -0.0117872 0.00108721 -0.00355105 0.000672615 -0.00964267 -0.0136489 0.0215746 -0.000917355 0.00293783 0.00468576 0.00241318
internal_weight=15211 15200.8 6908.62 216.174 8292.2 758.726 457.282 301.444 235.247 14.0717 6692.45 778.674 694.806 600.288
internal_count=101460 99903 47153 6050 52750 8385 4960 3425 2873 144 41103 4558 4089 3582
cat_boundaries=0 1 2 3
cat_threshold=4 388 128
is_linear=0
shrinkage=0.05


Tree=91
num_leaves=15
num_cat=1
split_feature=10 5 2 11 4 4 3 1 7 5 2 7 4 4
split_gain=12.659 8.08329 8.56635 11.768 10.7212 9.10767 8.5125 9.61282 9.53238 9.2626 8.37497 7.78373 9.57465 9.95722
threshold=1.0000000180025095e-35 2.0500000000000003 33.500000000000007 0 6.7083333333333348 5.5500000000000007 8.5000000000000018 53.500000000000007 39.810000000000009 0.075000000000000025 20.500000000000004 39.190000000000012 3.7750000000000004 3.9000000000000004
decision_type=10 10 10 9 8 10 8 10 10 8 10 8 10 10
left_child=-1 2 6 4 5 -4 11 8 -8 -10 -9 -2 -13 -14
right_child=1 -3 3 -5 -6 -7 7 10 9 -11 -12 12 13 -15
leaf_value=-0.054142351573636151 0.0040748546621534086 -0.0023121100749921332 -0.013757058783641564 -0.00085078123884242294 0.0026037999344799829 -0.04281553106461608 -0.014456019036318837 0.0013505514628937738 0.050210205324922201 -0.0013128874382842466 -0.0063904089749249162 -0.0025894920933530619 0.016966289720666081 0.0017822713226007241
leaf_weight=9.7956422376446408 2907.6958293057978 2984.2451108228415 151.94555151090026 1752.2565870806575 82.19131094776094 32.36983048543334 243.03931757248938 1944.3172915913165 8.4397058542817813 114.34405086189508 424.90803099796176 1450.0268319863826 111.04025358334184 2989.2899514269084
leaf_count=1557 15601 24982 765 10478 459 180 2041 14024 85 1288 4120 7093 569 18218
internal_value=-1.82383e-05 2.02113e-05 0.000590309 -0.00238462 -0.01195 -0.0190639 0.00117968 -0.00120604 -0.008738 0.00260564 -3.98592e-05 0.00205462 0.000763068 0.00233139
internal_weight=15205.9 15196.1 12211.9 2018.76 266.507 184.315 10193.1 2735.05 365.823 122.784 2369.23 7458.05 4550.36 3100.33
internal_count=101460 99903 74921 11882 1404 945 63039 21558 3414 1373 18144 41481 25880 18787
cat_boundaries=0 1
cat_threshold=161
is_linear=0
shrinkage=0.05


Tree=92
num_leaves=15
num_cat=1
split_feature=10 10 0 4 5 6 5 12 7 7 0 8 4 2
split_gain=11.9725 7.71475 8.19046 11.324 8.43156 7.65717 7.63235 8.23649 11.9873 9.18254 7.50013 6.856 6.58213 7.15047
threshold=1.0000000180025095e-35 3.5000000000000004 2.5000000000000004 8.1000000000000014 -1.0000000180025095e-35 4.2900000000000018 -0.84999999999999998 0 40.610000000000014 38.463333333333345 6.5000000000000009 4.5000000000000009 9.7083333333333339 101.50000000000001
decision_type=10 10 2 10 8 10 8 1 10 8 2 2 10 8
left_child=-1 2 3 4 11 -3 -4 8 9 10 -8 -2 -9 -14
right_child=1 5 6 -5 -6 -7 7 12 -10 -11 -12 -13 13 -15
leaf_value=-0.053591688641351047 0.007025559221766774 -0.00070811012318685934 0.014950349340367522 -0.033875623706926254 0.0099161834351856361 -0.010538052778601681 0.036678755760718794 -0.00012649680928144557 0.038291537576292591 -0.0019976377959647681 -0.007740420946567377 -0.036445752147677785 0.013204836638597429 -0.021787210636881271
leaf_weight=9.4212551433593017 17.288737401366234 8662.4212067443877 92.596351876854897 15.418403029441832 514.79393602907658 201.7555642388761 32.486433237791061 5307.0937959253788 32.135859534144402 119.87696343660355 12.842001333832739 17.469698831439018 152.2543490678072 15.234157621860502
leaf_count=1557 86 69415 472 66 2379 2545 145 23250 141 526 57 84 669 68
internal_value=-1.77342e-05 1.90106e-05 0.00135221 0.00709201 0.00830085 -0.000933011 0.000788532 0.00055474 0.0103122 0.00529242 0.0241989 -0.0152315 0.000182031 0.00991166
internal_weight=15203.1 15193.7 6329.49 564.971 549.552 8864.18 5764.52 5671.92 197.341 165.205 45.3284 34.7584 5474.58 167.489
internal_count=101460 99903 27943 2615 2549 71960 25328 24856 869 728 202 170 23987 737
cat_boundaries=0 1
cat_threshold=1
is_linear=0
shrinkage=0.05


Tree=93
num_leaves=15
num_cat=1
split_feature=10 12 10 5 0 7 2 5 5 2 2 7 0 1
split_gain=11.3259 7.37692 8.91793 9.18469 6.65688 7.98995 5.68592 10.1756 6.39655 8.98752 9.03306 6.65467 8.27459 8.76273
threshold=1.0000000180025095e-35 0 10.500000000000002 3.0500000000000003 6.5000000000000009 40.245000000000012 99.500000000000014 0.25000000000000006 1.3500000000000003 37.500000000000007 32.500000000000007 38.810000000000009 7.5000000000000009 56.750000000000007
decision_type=10 1 10 10 2 10 10 8 8 8 10 10 2 10
left_child=-1 2 -2 -4 -3 6 8 -8 9 10 11 12 -6 -14
right_child=1 4 3 -5 5 -7 7 -9 -10 -11 -12 -13 13 -15
leaf_value=-0.053049396105320203 -0.00086839845648968919 0.0016017240161767022 -0.0062241862153277509 -0.03282206826034452 -0.015028361241056635 -0.0097234646556176793 -0.06125337547470986 -0.0040230338409768182 -0.0039397998587789966 0.022455534756421917 -0.028079249155829052 0.0099868163964943659 -0.0022231680526293026 0.032157233917546761
leaf_weight=9.061047545168547 6685.6126658916473 7107.2898957114667 174.23004672303796 39.103379106149077 80.093533173203468 285.2203873116523 9.2968021556735021 32.269257185980678 391.0571875218302 61.007010944187641 22.522954043000937 203.42395094782114 71.568691350519657 23.957000661641359
leaf_count=1557 41103 44391 4638 1412 497 2249 53 207 2902 370 161 1319 467 134
internal_value=-1.6983e-05 1.81494e-05 -0.00118866 -0.0112299 0.00102296 -0.00245154 -0.000126349 -0.0179617 0.000762112 0.00473701 0.00199607 0.00385234 -0.00326967 0.00664295
internal_weight=15195.7 15186.7 6898.95 213.333 8287.71 1180.42 895.196 41.5661 853.63 462.573 401.566 379.043 175.619 95.5257
internal_count=101460 99903 47153 6050 52750 8359 6110 260 5850 2948 2578 2417 1098 601
cat_boundaries=0 1
cat_threshold=4
is_linear=0
shrinkage=0.05


Tree=94
num_leaves=15
num_cat=2
split_feature=10 5 2 11 4 7 3 1 7 6 6 4 7 11
split_gain=10.7165 6.93851 7.61225 10.7805 9.99335 8.24047 7.61543 8.59055 8.81973 7.52216 11.0297 7.86373 11.6632 9.59555
threshold=1.0000000180025095e-35 2.0500000000000003 33.500000000000007 0 8.6333333333333346 38.863333333333344 8.5000000000000018 53.500000000000007 39.463333333333345 3.1050000000000009 2.7550000000000012 3.7750000000000004 38.990000000000016 1
decision_type=10 10 10 9 8 8 8 10 10 8 10 10 10 9
left_child=-1 2 6 4 -4 -6 9 8 -8 10 11 12 13 -2
right_child=1 -3 3 -5 5 -7 7 -9 -10 -11 -12 -13 -14 -15
leaf_value=-0.052515339352098359 -0.0018937994418214297 -0.0021469633978896631 -0.016015780927726733 -0.00079369775599798264 0.023456039979829545 -0.025802780468575082 -0.014638955917314234 -5.7299356773667123e-05 0.0012198128066932784 0.0093210501664378487 -0.012887326732237747 0.0030784405437762532 -0.0031523839160171353 0.0082936517870912958
leaf_weight=8.7144975624978525 402.88128465414047 2977.4520619045943 224.40638701990247 1751.1670908927917 30.835645904764533 10.660687804222105 218.1581266336143 2366.9900016207248 145.88715836405754 327.87456751056015 128.26293267123401 4561.5231272391975 1509.1785114184022 528.69291208311915
leaf_count=1557 1948 24982 1187 10478 156 61 1790 18144 1624 1908 802 26892 7353 2578
internal_value=-1.68331e-05 1.67536e-05 0.000544667 -0.00226099 -0.0114271 0.0104917 0.00110023 -0.00115839 -0.0082978 0.00192731 0.00158608 0.00185299 -0.000437573 0.00395917
internal_weight=15192.7 15184 12206.5 2017.07 265.903 41.4963 10189.4 2731.04 364.045 7458.41 7130.54 7002.28 2440.75 931.574
internal_count=101460 99903 74921 11882 1404 217 63039 21558 3414 41481 39573 38771 11879 4526
cat_boundaries=0 1 2
cat_threshold=161 100
is_linear=0
shrinkage=0.05


Tree=95
num_leaves=15
num_cat=1
split_feature=10 10 11 2 1 4 6 3 6 5 7 4 1 5
split_gain=10.1424 6.78252 7.55124 8.44855 11.5938 7.9601 10.5453 6.47024 8.52578 6.75292 6.66181 6.35838 6.19557 12.955
threshold=1.0000000180025095e-35 8.5000000000000018 0 21.500000000000004 56.250000000000007 4.4500000000000011 1.4950000000000003 8.5000000000000018 0.155 5.3500000000000005 38.62916666666667 9.6333333333333346 52.500000000000007 6.0500000000000007
decision_type=10 10 9 8 8 8 10 8 8 10 10 8 10 10
left_child=-1 12 3 5 -5 -3 -7 10 -9 -10 11 -4 13 -2
right_child=1 2 7 4 -6 6 -8 8 9 -11 -12 -13 -14 -15
leaf_value=-0.051989307282969681 -0.0039378549517403152 -0.024400750385690419 -0.018706802268187481 -0.01082827188111306 0.02469455215470627 0.031276432255743489 0.0030862782832057909 0.056081252196307455 -0.0081599830747088563 -0.035215335723251633 0.0012955487759711984 0.041405838361578351 0.00067051393242092885 0.034657297239158613
leaf_weight=8.3811152968555671 1112.2831963375211 12.508160213008521 68.179013142362237 125.19931601546705 27.103077225387096 60.424793226644397 72.664204409345984 4.0508430916815996 571.20283788070083 23.159488312900066 433.5364486258477 3.7681673225015393 12647.096124097705 21.182740960270166
leaf_count=1557 6260 186 1043 2256 475 926 1440 78 11971 772 7300 64 66980 152
internal_value=-1.62065e-05 1.59064e-05 -0.00329631 0.00371111 -0.00438693 0.0124074 0.0160229 -0.00517574 -0.00873637 -0.00927158 -0.00105379 -0.015034 0.000353049 -0.00318666
internal_weight=15190.7 15182.4 1401.8 297.9 152.302 145.597 133.089 1103.9 598.413 594.362 505.484 71.9472 13780.6 1133.47
internal_count=101460 99903 26511 5283 2731 2552 2366 21228 12821 12743 8407 1107 73392 6412
cat_boundaries=0 1
cat_threshold=40
is_linear=0
shrinkage=0.05


Tree=96
num_leaves=15
num_cat=3
split_feature=10 10 3 11 3 11 10 4 2 5 5 11 4 7
split_gain=9.60131 6.59808 6.7483 9.03759 8.50575 8.48083 8.98168 7.93357 7.46656 9.35469 7.52427 10.5487 10.5662 7.17181
threshold=1.0000000180025095e-35 2.5000000000000004 1.5000000000000002 0 8.5000000000000018 1 11.500000000000002 5.5500000000000007 33.500000000000007 -1.0000000180025095e-35 2.1500000000000008 2 10.550000000000002 39.33666666666668
decision_type=10 10 8 9 8 9 10 10 8 8 8 9 10 10
left_child=-1 -2 3 -3 8 7 -7 -6 10 -10 -4 12 -12 -14
right_child=1 2 4 -5 5 6 -8 -9 9 -11 11 -13 13 -15
leaf_value=-0.051471032828907526 0.001747918124426063 0.0020753877294906048 0.0024427280379438563 -0.010011599296215583 0.0017947338784585856 -0.00076991319064010711 -0.013978211581619847 -0.013373977882570862 -0.030414111039592701 -0.0019949076122625338 -0.0098914340694719639 0.0010554531628591947 -0.0038952572324578473 0.06484363237363043
leaf_weight=8.0604372881352884 4032.7599038481712 246.78281002305448 4434.284046176821 403.53302159160376 119.20617755316198 2574.0436016712338 134.49215329717845 308.29703507572412 28.560107458382845 1436.8772493712604 410.83961803652346 1035.0123612154275 6.9439837150275689 7.0916613955050707
leaf_count=1557 18628 1224 27120 1978 745 22225 4596 2996 155 9180 3559 7380 54 63
internal_value=-1.56245e-05 1.50891e-05 -0.000611972 -0.00555052 -0.000305478 -0.00248556 -0.00142543 -0.00894131 0.000623698 -0.00256914 0.00141782 -0.0016948 -0.00821321 0.0328386
internal_weight=15186.8 15178.7 11146 650.316 10495.6 3136.04 2708.54 427.503 7359.61 1465.44 5894.17 1459.89 424.875 14.0356
internal_count=101460 99903 81275 3202 78073 30562 26821 3741 47511 9335 38176 11056 3676 117
cat_boundaries=0 1 2 3
cat_threshold=100 384 289
is_linear=0
shrinkage=0.05


Tree=97
num_leaves=15
num_cat=2
split_feature=10 12 10 5 6 11 7 7 4 7 6 0 2 5
split_gain=9.0911 6.49809 7.44386 8.63743 6.01552 10.6551 7.79666 6.96318 6.9038 8.58679 7.85887 7.02652 6.69018 6.09948
threshold=1.0000000180025095e-35 0 10.500000000000002 3.0500000000000003 0.88166666666666682 1 38.610000000000014 42.463333333333345 3.1000000000000005 39.455000000000013 1.8400000000000005 6.5000000000000009 69.500000000000014 1.7750000000000001
decision_type=10 1 10 10 10 9 8 10 10 10 10 2 10 10
left_child=-1 2 -2 -4 6 7 -3 -6 9 -7 -11 -10 13 -8
right_child=1 4 3 -5 5 8 12 -9 11 10 -12 -13 -14 -15
leaf_value=-0.050960193123959378 -0.00082982298391910496 0.0072532296655808794 -0.0055657722194898821 -0.031873730293168014 -0.0020747487157535822 0.0055631318037965317 0.0014781049761534585 -0.023151733406846502 0.0045294305372124647 -0.014216598079379259 0.00091518008980734995 -0.0037716966516551211 -0.0097044807342175823 0.016242853813206431
leaf_weight=7.7520251534879199 6679.7473794016987 722.43717233277857 171.84278282150626 37.303357768803835 2491.6389651931822 190.9331006295979 2142.0022579133511 38.825297940522432 1854.4437415692955 195.42474921420217 152.16343066655099 294.74756275676191 129.14178586006165 71.327872853726149
leaf_count=1557 41103 3955 4638 1412 16938 926 12214 338 13067 950 759 2485 693 425
internal_value=-1.55188e-05 1.38679e-05 -0.00111983 -0.0103874 0.000956963 -7.46403e-05 0.0027159 -0.00239768 0.00211362 -0.00293699 -0.00760875 0.00338976 0.00131405 0.00196104
internal_weight=15179.7 15172 6888.89 209.146 8283.09 5218.18 3064.91 2530.46 2687.71 538.521 347.588 2149.19 2342.47 2213.33
internal_count=101460 99903 47153 6050 52750 35463 17287 17276 18187 2635 1709 15552 13332 12639
cat_boundaries=0 1 2
cat_threshold=4 420
is_linear=0
shrinkage=0.05


Tree=98
num_leaves=15
num_cat=1
split_feature=10 10 0 4 5 5 12 7 7 0 6 6 8 6
split_gain=8.61013 5.93324 7.36651 10.1884 7.73206 6.84383 7.29546 11.1162 8.17637 6.83747 6.75072 6.34274 6.10121 6.02938
threshold=1.0000000180025095e-35 3.5000000000000004 2.5000000000000004 8.1000000000000014 -1.0000000180025095e-35 -0.84999999999999998 0 40.610000000000014 38.463333333333345 6.5000000000000009 4.2900000000000018 0.20000000000000009 4.5000000000000009 2.0225000000000009
decision_type=10 10 2 10 8 8 1 10 8 2 10 8 2 8
left_child=-1 2 3 4 12 -4 7 8 9 -7 -3 -6 -2 -9
right_child=1 10 5 -5 11 6 -8 13 -10 -11 -12 -13 -14 -15
leaf_value=-0.050456442130925476 0.0064126792864461039 -0.00061273330805295192 0.014109658310759395 -0.032150759870778797 0.033762263945036702 0.03473354569683227 7.7329659648490417e-05 0.054718035158511903 -0.0020803587653115472 -0.0077335580405713993 -0.0098955448492751737 0.0080559518895954325 -0.034570100673922292 0.01035828463426644
leaf_weight=7.4554583085700861 17.200146108865738 8647.5147314481437 91.896175697445869 15.476914599537848 24.378409370779995 32.134347662329674 5470.6703505218029 18.277490317821503 119.8082534968853 12.831660673022268 199.39974135812372 488.57879389822483 17.632470801472664 13.645057171583177
leaf_count=1557 86 69415 472 66 113 145 23987 80 526 57 2545 2266 84 61
internal_value=-1.52525e-05 1.28626e-05 0.00118248 0.00663462 0.00778703 0.000648188 0.00042746 0.00962511 0.00478109 0.0227104 -0.000823052 0.00934096 -0.0147188 0.0366473
internal_weight=15176.9 15169.4 6322.53 563.267 547.79 5759.26 5667.37 196.697 164.774 44.966 8846.91 512.957 34.8326 31.9225
internal_count=101460 99903 27943 2615 2549 25328 24856 869 728 202 71960 2379 170 141
cat_boundaries=0 1
cat_threshold=1
is_linear=0
shrinkage=0.05


Tree=99
num_leaves=15
num_cat=1
split_feature=10 4 12 0 0 6 2 6 5 1 6 10 2 7
split_gain=6.11558 7.48717 5.22275 5.51974 8.65364 7.33736 8.77468 6.84974 6.78864 7.86417 6.55749 6.98513 5.23181 5.97842
threshold=11.500000000000002 10.633333333333335 0 6.5000000000000009 8.5000000000000018 0.92000000000000015 22.500000000000004 1.5550000000000004 0.45000000000000007 57.250000000000007 0.80500000000000016 8.5000000000000018 46.500000000000007 39.590000000000011
decision_type=8 10 1 2 2 10 10 10 8 8 10 10 10 10
left_child=2 -2 -1 -4 5 8 -7 -8 9 -5 11 -10 -9 -14
right_child=1 -3 3 4 -6 6 7 12 10 -11 -12 -13 13 -15
leaf_value=-0.00092320121039275867 -0.0033527430080831189 -0.026405265169099735 0.0014788394286855194 -0.011357148912611541 0.0070881148562629689 -0.011722504517452785 -0.0089505917904267856 0.01759109311052055 0.0058293380557054514 0.034276322644650553 0.025559338466842343 -0.028881234160366594 0.013501373047063822 -0.025902917201610687
leaf_weight=6793.8201090991497 150.74875355628319 45.11381539911963 7025.5891861952841 115.52563720196486 203.41484185308218 409.43984505534172 90.565748371183872 69.934732427820563 167.72958163172007 9.307099908590315 37.625442560762167 14.864244841039179 19.098749248310924 17.544529434293509
leaf_count=43996 5978 1867 41951 648 1416 2944 566 486 862 59 231 211 120 125
internal_value=-1.43772e-05 -0.00876968 0.000100718 0.000951033 -0.00224962 -0.00425094 -0.00755802 0.00110655 0.00156778 -0.00770952 0.00683776 0.00286177 0.00965646 -0.00555203
internal_weight=15170.3 195.863 14974.5 8180.64 1155.05 951.636 606.584 197.144 345.052 124.833 220.219 182.594 106.578 36.6433
internal_count=101460 7845 93615 49619 7668 6252 4241 1297 2011 707 1304 1073 731 245
cat_boundaries=0 1
cat_threshold=4
is_linear=0
shrinkage=0.05


Tree=100
num_leaves=15
num_cat=2
split_feature=10 10 11 2 4 0 5 7 7 10 12 8 4 7
split_gain=8.14564 5.55023 5.23564 7.29823 5.54624 5.12756 6.55565 6.84867 10.8499 6.43769 6.45634 7.98451 6.29652 6.04158
threshold=1.0000000180025095e-35 1.5000000000000002 0 34.500000000000007 2.1000000000000005 6.5000000000000009 1.0000000180025095e-35 38.845000000000013 38.345000000000013 6.5000000000000009 1 4.5000000000000009 5.1000000000000005 41.610000000000014
decision_type=10 10 9 10 10 2 8 10 8 10 1 2 10 10
left_child=-1 2 3 -2 -4 6 7 8 -3 10 -9 -12 -13 -8
right_child=1 5 4 -5 -6 -7 13 9 -10 -11 11 12 -14 -15
leaf_value=-0.049963273982204091 0.014889701479556537 -0.0062185761315671894 0.0050227851360873663 -0.01409349227889992 -0.00093210811427875797 -0.0030650120358824105 0.0006169358831239482 -0.01280704611286527 0.015940488996559806 -0.023475533336106372 -0.022094619614319144 -0.0013484384079476455 0.020188032007838967 -0.0039532025492979468
leaf_weight=7.1577727805124587 158.6197531670332 148.10323384031653 694.71136924624443 24.332818105816841 892.20121523737907 1523.1073551913723 10435.038833596744 167.72430550307035 86.77369130961597 61.468868238851428 31.478801280260086 113.63859780132771 47.322383001446724 776.00140775553882
leaf_count=1557 914 737 3809 128 4463 11162 69036 754 427 639 143 496 215 6980
internal_value=-1.39032e-05 1.29734e-05 0.00264363 0.0104132 0.00166583 -0.000334896 1.57216e-05 -0.00483663 0.00200081 -0.00864125 -0.00605151 0.000507983 0.00506882 0.000300277
internal_weight=15167.7 15160.5 1769.87 182.953 1586.91 13390.7 11867.6 656.51 234.877 421.633 360.164 192.44 160.961 11211
internal_count=101460 99903 9314 1042 8272 90589 79427 3411 1164 2247 1608 854 711 76016
cat_boundaries=0 1 2
cat_threshold=128 4
is_linear=0
shrinkage=0.05


Tree=101
num_leaves=15
num_cat=2
split_feature=10 4 2 12 5 4 2 3 6 7 2 7 3 11
split_gain=5.50017 7.05617 4.79176 4.65177 5.21342 10.4709 7.58067 8.87473 8.54768 6.33382 8.38 6.93872 6.96587 6.32128
threshold=11.500000000000002 10.633333333333335 9.5000000000000018 0 3.1500000000000008 2.9000000000000004 26.500000000000004 2.5000000000000004 0.54500000000000026 41.263333333333343 196.50000000000003 40.990000000000016 10.500000000000002 1
decision_type=8 10 8 1 8 8 8 8 10 10 10 8 8 9
left_child=3 -2 -3 4 5 -1 -6 8 -8 10 11 13 -13 -7
right_child=1 2 -4 -5 6 9 7 -9 -10 -11 -12 12 -14 -15
leaf_value=-0.0053678443263536621 -0.0031279137484382688 0.02419397630568031 -0.030738687094038222 0.00089726351402997107 -0.0082372191143799296 0.0049152136793416817 -0.0056536508246978791 -0.002806219724223756 0.019705823380405586 -0.0046034034205960517 -0.029181542381544912 0.0073191858846806046 0.036795850784250066 3.9916815981238594e-05
leaf_weight=806.79450080171227 150.06459283002187 3.6561543932184568 40.313133510760963 8178.3922734353691 535.04478573054075 851.74031595699489 51.248057663440704 840.63975809700787 91.608773447573185 479.76418116316199 21.174610741436481 179.52800926193595 21.710925588384271 2910.6351960785687
leaf_count=3907 5978 166 1701 49619 4522 5222 253 5352 450 3728 121 1243 240 18958
internal_value=-1.39636e-05 -0.00835638 -0.0257345 9.47302e-05 -0.000871945 -0.000129391 -0.00345355 -0.000845393 0.0106324 0.000818246 0.001472 0.00164308 0.0106655 0.00115778
internal_weight=15162.3 194.034 43.9693 14968.3 6789.89 5271.35 1518.54 983.497 142.857 4464.55 3984.79 3963.61 201.239 3762.38
internal_count=101460 7845 1867 93615 43996 33419 10577 6055 703 29512 25784 25663 1483 24180
cat_boundaries=0 1 2
cat_threshold=4 136
is_linear=0
shrinkage=0.05


Tree=102
num_leaves=15
num_cat=2
split_feature=10 7 6 11 7 6 7 2 5 4 11 1 7 2
split_gain=5.12097 7.63201 8.00186 7.21114 8.02898 7.78598 7.41625 12.1998 7.39831 7.62399 7.55387 8.15462 7.36917 6.94037
threshold=6.5000000000000009 41.290000000000013 0.68166666666666675 0 41.110000000000014 1.93875 39.722500000000011 28.500000000000004 0.95000000000000007 10.550000000000002 1 56.750000000000007 40.945000000000014 92.500000000000014
decision_type=8 10 10 9 10 8 8 8 10 10 9 10 10 10
left_child=-1 3 -3 6 5 -5 7 -2 10 12 11 -8 -10 -4
right_child=1 2 13 4 -6 -7 8 -9 9 -11 -12 -13 -14 -15
leaf_value=0.00048226429081106321 0.0029596268342480859 -0.032050928980807532 -0.0072768637002836589 -0.00105483308051032 0.015741103670852626 -0.008386431008211034 0.0067793844050969623 -0.012574295739626321 0.015955998601606736 -0.015614789680596541 -0.0046808042307518683 0.055058397929240235 -0.0040618821192804772 0.021899696430020918
leaf_weight=11746.372984647751 371.82061176362913 30.357343994663097 419.11350489640608 1030.6236750314711 54.366711221402511 557.57248290022835 132.4094941051444 190.27662906458136 271.70181642880198 25.011469323188066 247.82175929890946 8.4091032746946421 54.869346208753996 20.466287611168809
leaf_count=55804 4434 401 6910 12350 825 8590 1652 2293 3511 523 3007 95 751 314
internal_value=-1.32185e-05 -0.00171723 -0.00762742 -0.000771831 -0.00296396 -0.00363242 0.00200055 -0.00231178 0.00530086 0.0105454 0.0005415 0.00936963 0.0125905 -0.00587182
internal_weight=15161.2 3414.82 469.937 2944.88 1642.56 1588.2 1302.32 562.097 740.223 351.583 388.64 140.819 326.571 439.58
internal_count=101460 45656 7625 38031 21765 20940 16266 6727 9539 4785 4754 1747 4262 7224
cat_boundaries=0 1 2
cat_threshold=120 8
is_linear=0
shrinkage=0.05


Tree=103
num_leaves=15
num_cat=1
split_feature=5 7 2 11 7 1 4 2 6 5 1 4 6 3
split_gain=4.92952 7.47174 7.62299 8.10536 10.0212 7.61384 6.65306 6.48924 7.52026 9.73909 12.2122 8.62036 7.68216 7.84325
threshold=2.0500000000000003 37.055000000000014 22.500000000000004 0 38.277500000000011 56.250000000000007 2.6333333333333337 10.500000000000002 2.2225000000000006 0.77500000000000013 53.500000000000007 8.9000000000000021 3.2400000000000007 8.5000000000000018
decision_type=10 10 10 9 10 8 10 10 8 10 10 8 10 10
left_child=7 -2 3 4 5 -3 -5 8 -1 10 -10 -12 -11 -14
right_child=1 2 -4 6 -6 -7 -8 -9 9 12 11 -13 13 -15
leaf_value=0.0032618042195802161 -0.017213986154018177 0.020906181805967573 0.0020848852587716004 -0.013626136888524411 -0.0093243069153921745 -0.028030362151423883 0.00036848223624736808 -0.0005171323228657579 -0.012849834365101814 -0.013162257190029301 0.018563910712398757 0.0013105230402700447 0.021261334577846049 -0.030250193012315574
leaf_weight=3207.6146851858357 76.004237779416144 46.045795049518347 1004.3017508852063 91.135527461650781 651.77978655719198 8.6616184348240477 1084.7204809391405 7273.8409773445455 146.46411004033871 227.29340583051089 75.971681617433205 1222.1248444156954 32.636668945197016 8.5322684617713076
leaf_count=18286 551 356 7416 483 6432 63 10058 46916 1035 1749 443 7352 208 112
internal_value=-1.29485e-05 -0.00184198 -0.00143142 -0.00330761 -0.00749001 0.0127942 -0.000720713 0.000431529 0.00183369 -0.000840776 0.000786504 0.0023338 -0.00956738 0.0101214
internal_weight=15157.1 2962.65 2886.64 1882.34 706.487 54.7074 1175.86 12194.5 4920.64 1713.02 1444.56 1298.1 268.462 41.1689
internal_count=101460 25359 24808 17392 6851 419 10541 76101 29185 10899 8830 7795 2069 320
cat_boundaries=0 1
cat_threshold=292
is_linear=0
shrinkage=0.05


Tree=104
num_leaves=15
num_cat=0
split_feature=10 4 2 5 7 5 2 4 6 6 5 6 2 8
split_gain=4.82513 6.55516 4.98037 4.27183 4.61572 5.76098 12.6595 10.1789 9.54181 9.19399 4.52563 7.00357 5.03646 4.60749
threshold=11.500000000000002 10.775000000000002 9.5000000000000018 1.6500000000000001 41.355000000000011 0.8500000000000002 22.500000000000004 7.1000000000000005 2.0000000000000004 1.4550000000000003 0.15000000000000005 1.0183333333333338 25.500000000000004 1.5000000000000002
decision_type=8 10 8 8 10 10 10 10 8 10 10 10 10 2
left_child=-1 3 -3 4 5 10 7 -7 9 -9 11 12 -2 -12
right_child=1 2 -4 -5 -6 6 -8 8 -10 -11 13 -13 -14 -15
leaf_value=8.8655989633597534e-05 0.020804797083868103 0.026084162896675086 -0.030626752289693984 -0.011141074066623402 -0.026390553394559896 -0.008460841831313291 -0.022571275029895518 0.044371725720143078 -0.0086775210427291662 0.15096396520098854 0.057522805292274305 -0.013453421322647076 0.1216659508336254 -0.016333524352814249
leaf_weight=14962.408368263394 3.8321086150826869 3.5414914011489591 37.768609704216942 76.890116149210371 8.8768951446982083 4.7703990732552546 7.5838239027652881 5.7654276245739258 2.5244998523267013 3.6903809853829443 1.3008214504225204 5.5264166925335303 1.3131874831160528 28.542130948975682
leaf_count=93615 171 158 1652 3300 327 214 285 178 92 112 62 185 44 1065
internal_value=-1.26445e-05 -0.00786946 -0.0252634 -0.00296361 0.00559976 0.010313 0.0290164 0.0523284 0.0753209 0.0964318 -0.00134923 0.0252032 0.062156 -0.0113536
internal_weight=15154.3 191.926 41.3101 150.616 73.7261 64.8492 24.3345 16.7507 11.9803 9.45581 40.5147 10.6717 5.1453 29.843
internal_count=101460 7845 1810 6035 2735 2408 881 596 382 290 1527 400 215 1127
is_linear=0
shrinkage=0.05


Tree=105
num_leaves=15
num_cat=1
split_feature=12 10 5 2 2 4 3 3 7 0 4 2 7 7
split_gain=4.65434 6.19736 8.01132 5.2848 8.99056 7.35667 11.0741 6.89775 5.07851 6.56404 6.03763 7.17906 6.19884 6.02388
threshold=0 10.500000000000002 3.0500000000000003 49.500000000000007 34.500000000000007 9.6333333333333346 9.5000000000000018 5.5000000000000009 39.522500000000015 5.5000000000000009 7.1000000000000005 10.500000000000002 38.670833333333341 38.990000000000016
decision_type=1 8 10 10 10 8 10 10 8 2 10 10 10 10
left_child=1 -1 3 4 8 6 7 -6 9 10 -3 13 -13 -12
right_child=-2 2 -4 -5 5 -7 -8 -9 -10 -11 11 12 -14 -15
leaf_value=-0.00070956640778543564 0.00078676006478830716 -0.010606408392975534 -0.030795659300220997 -0.041285497808479767 0.080252824238270418 -0.018046603385311739 0.13887861408686314 -0.02080852951442794 -0.011764239107672759 -0.027147860941411313 0.11927254501491458 -0.019573903210178337 0.039305067352753111 0.010499316693818116
leaf_weight=6669.9636442940682 8278.0469739816617 10.990781456581315 35.444781446363777 8.4391526373801735 1.6564782159402938 3.4983281871536756 2.1521556003717706 3.8310288300272077 108.22273009980563 9.054186220513655 2.8051298703067031 6.7394100610399645 9.972732615657149 2.2285762175451964
leaf_count=41117 53620 349 1502 284 67 116 59 99 3335 270 81 190 306 65
internal_value=-1.13701e-05 -0.000972088 -0.00951439 -0.00491212 -0.00276446 0.0386597 0.0637097 0.0173662 -0.00607569 0.00858619 0.0189811 0.0337441 0.0157967 0.0808368
internal_weight=15153 6875 205.035 169.591 161.152 11.138 7.63966 5.48751 150.014 41.7908 32.7366 21.7458 16.7121 5.03371
internal_count=101460 47840 6723 5221 4937 341 225 166 4596 1261 991 642 496 146
cat_boundaries=0 1
cat_threshold=4
is_linear=0
shrinkage=0.05


Tree=106
num_leaves=15
num_cat=2
split_feature=10 3 11 6 3 11 4 2 5 0 0 7 2 10
split_gain=4.37617 6.42887 8.20363 6.99137 6.83802 7.69789 9.08683 6.73689 8.58716 6.65354 6.58972 10.8522 8.2898 6.05634
threshold=2.5000000000000004 1.5000000000000002 0 3.805000000000001 8.5000000000000018 1 5.5500000000000007 33.500000000000007 -1.0000000180025095e-35 4.5000000000000009 6.5000000000000009 37.610000000000014 51.500000000000007 11.500000000000002
decision_type=8 8 9 10 8 9 8 8 8 2 2 10 10 8
left_child=-1 2 10 9 7 6 -6 -3 -9 -4 11 -2 -13 -7
right_child=1 4 3 -5 5 13 -8 8 -10 -11 -12 12 -14 -15
leaf_value=0.0014016949547962505 0.038808001648182607 0.0013637519016749921 -0.004625375295937287 -0.049241665710689539 0.019699694554495141 -0.00094464370085167119 -0.01404157468182053 -0.029275909227681175 -0.001878613786014712 -0.019106540305492085 -0.023978638063161362 -0.0034713425829744475 0.023181000996471763 -0.012026960051977731
leaf_weight=4027.2369552105665 19.96220397669822 5892.5701210155385 282.49755106703378 10.001549677690489 21.067791196517646 2750.7137706149369 219.49942911812104 28.190079642110504 1434.5844194570091 109.83397119573783 21.25749624625314 171.63381819694769 34.110687971813604 128.07956114318222
leaf_count=18655 100 38859 1449 59 155 23682 2183 159 9374 572 112 873 179 5049
internal_value=-1.03778e-05 -0.000521672 -0.00534562 -0.00960647 -0.000222168 -0.00218348 -0.0105794 0.000609799 -0.00242624 -0.00871767 0.00191665 0.00453507 0.00103814 -0.00143672
internal_weight=15151.2 11124 649.297 402.333 10474.7 3119.36 240.567 7355.34 1462.77 392.332 246.964 225.707 205.745 2878.79
internal_count=101460 82805 3344 2080 79461 31069 2338 48392 9533 2021 1264 1152 1052 28731
cat_boundaries=0 1 2
cat_threshold=100 256
is_linear=0
shrinkage=0.05


Tree=107
num_leaves=15
num_cat=1
split_feature=5 7 4 11 4 10 7 3 7 8 2 6 6 3
split_gain=4.30062 6.80707 7.43188 6.00729 9.17333 6.26441 11.267 11.099 10.5755 10.3041 7.37509 5.98599 7.06204 6.0547
threshold=2.0500000000000003 37.055000000000014 13.225000000000001 0 8.4500000000000011 6.5000000000000009 40.722500000000011 3.5000000000000004 38.463333333333345 2.5000000000000004 100.50000000000001 2.6612500000000008 3.2550000000000003 2.5000000000000004
decision_type=10 10 10 9 10 10 10 10 10 2 8 10 10 10
left_child=-1 -2 3 4 5 11 8 -8 -7 -10 -9 -3 -13 -14
right_child=1 2 -4 -5 -6 6 7 10 9 -11 -12 12 13 -15
leaf_value=0.0004047534454556622 -0.016438655895083091 -0.002860430209953504 0.029052882587866702 -0.002756332355393745 -0.01274737406627801 -0.02856844709398916 0.058072176932422864 -0.013928075479285826 -0.010066467578356608 0.04474240003238792 0.05150785354148936 0.020714388868695258 0.019631017105566854 -0.0067971476024585743
leaf_weight=12188.861316102091 75.533274453715421 247.08605454920325 18.991263823932968 2228.4487714604475 81.899996673222631 6.4457997102290383 6.0655146632343522 49.90859735198319 9.9364235755056125 49.494212191551924 3.7237773835659018 74.949527258519083 29.222635964863002 75.609036282286979
leaf_count=76101 551 1217 179 19550 1289 77 75 733 122 602 54 365 141 404
internal_value=-1.0276e-05 -0.00172042 -0.00132908 -0.0015407 0.0027279 0.0050903 0.0148607 -0.000913332 0.0289553 0.0355638 -0.00852511 0.00218805 0.00910397 0.000685789
internal_weight=15146.2 2957.31 2881.78 2862.79 634.342 552.442 125.574 59.6979 65.8764 59.4306 53.6324 426.867 179.781 104.832
internal_count=101460 25359 24808 24629 5079 3790 1663 862 801 724 787 2127 910 545
cat_boundaries=0 1
cat_threshold=72
is_linear=0
shrinkage=0.05


Tree=108
num_leaves=15
num_cat=3
split_feature=12 10 11 5 6 5 2 4 10 11 4 2 3 2
split_gain=4.14119 5.68758 5.64659 8.42556 4.95693 7.06091 6.12214 7.49642 9.07148 6.07056 9.34214 12.3875 9.09448 7.72088
threshold=0 7.5000000000000009 1 3.7500000000000004 0.6050000000000002 -0.6499999999999998 78.500000000000014 1.1000000000000003 1.5000000000000002 2 2.7083333333333335 25.500000000000004 9.5000000000000018 26.500000000000004
decision_type=1 8 9 10 10 8 10 8 8 9 10 8 8 10
left_child=1 2 3 -1 6 -6 7 8 -2 12 11 -11 -7 -14
right_child=4 -3 -4 -5 5 9 -8 -9 -10 10 -12 -13 13 -15
leaf_value=0.0053842884012537838 0.02737901877548591 -0.0042549294985636905 -0.00087891040478583213 -0.01654541723446349 0.017786323730528967 -0.00092826595467434137 -0.0083677294625735671 0.0026530988930709388 0.0010482400045659273 -0.014134573105057922 0.0022044083060019856 0.0016787323079442058 -0.014803284833823963 0.0039778841976786349
leaf_weight=656.01619796454906 68.647858262062073 1075.6822884560097 5090.9413623660803 45.965131387114525 54.434609457734041 2192.7070940597914 114.77689032768831 1890.1640243316069 61.834592475672252 216.48147360503208 3094.104098345153 287.2127908699913 224.28366161638405 71.797428583842702
leaf_count=3291 429 18446 25832 271 278 13623 619 10785 292 1079 21714 1416 2790 595
internal_value=-9.67018e-06 -0.000916455 -0.000297491 0.00387178 0.000743098 2.2301e-05 0.00281845 0.00345768 0.0150039 -0.000139465 0.00117288 -0.00513217 -0.00203285 -0.0102509
internal_weight=15145 6868.6 5792.92 701.981 8276.44 6141.02 2135.42 2020.65 130.482 6086.59 3597.8 503.694 2488.79 296.081
internal_count=101460 47840 29394 3562 53620 41495 12125 11506 721 41217 24209 2495 17008 3385
cat_boundaries=0 1 2 3
cat_threshold=4 128 388
is_linear=0
shrinkage=0.05


end of trees

feature_importances:
人気_num=524
avg5_margin=163
last_margin=129
avg5_ninki=121
場所=120
avg5_last3f=116
days_since_last=110
齢_num=101
sei=46
last_ninki=44
斤量_num=43
n_past_races=9

parameters:
[boosting: gbdt]
[objective: binary]
[metric: auc]
[tree_learner: serial]
[device_type: cpu]
[data_sample_strategy: bagging]
[data: ]
[valid: ]
[num_iterations: 109]
[learning_rate: 0.05]
[num_leaves: 15]
[num_threads: 0]
[seed: 42]
[deterministic: 0]
[force_col_wise: 0]
[force_row_wise: 0]
[histogram_pool_size: -1]
[max_depth: -1]
[min_data_in_leaf: 50]
[min_sum_hessian_in_leaf: 0.001]
[bagging_fraction: 1]
[pos_bagging_fraction: 1]
[neg_bagging_fraction: 1]
[bagging_freq: 0]
[bagging_seed: 400]
[bagging_by_query: 0]
[feature_fraction: 1]
[feature_fraction_bynode: 1]
[feature_fraction_seed: 30056]
[extra_trees: 0]
[extra_seed: 12879]
[early_stopping_round: 0]
[early_stopping_min_delta: 0]
[first_metric_only: 0]
[max_delta_step: 0]
[lambda_l1: 0]
[lambda_l2: 1]
[linear_lambda: 0]
[min_gain_to_split: 0]
[drop_rate: 0.1]
[max_drop: 50]
[skip_drop: 0.5]
[xgboost_dart_mode: 0]
[uniform_drop: 0]
[drop_seed: 17869]
[top_rate: 0.2]
[other_rate: 0.1]
[min_data_per_group: 100]
[max_cat_threshold: 32]
[cat_l2: 10]
[cat_smooth: 10]
[max_cat_to_onehot: 4]
[top_k: 20]
[monotone_constraints: ]
[monotone_constraints_method: basic]
[monotone_penalty: 0]
[feature_contri: ]
[forcedsplits_filename: ]
[refit_decay_rate: 0.9]
[cegb_tradeoff: 1]
[cegb_penalty_split: 0]
[cegb_penalty_feature_lazy: ]
[cegb_penalty_feature_coupled: ]
[path_smooth: 0]
[interaction_constraints: ]
[verbosity: -1]
[saved_feature_importance_type: 0]
[use_quantized_grad: 0]
[num_grad_quant_bins: 4]
[quant_train_renew_leaf: 0]
[stochastic_rounding: 1]
[linear_tree: 0]
[max_bin: 255]
[max_bin_by_feature: ]
[min_data_in_bin: 3]
[bin_construct_sample_cnt: 200000]
[data_random_seed: 175]
[is_enable_sparse: 1]
[enable_bundle: 1]
[use_missing: 1]
[zero_as_missing: 0]
[feature_pre_filter: 1]
[pre_partition: 0]
[two_round: 0]
[header: 0]
[label_column: ]
[weight_column: ]
[group_column: ]
[ignore_column: ]
[categorical_feature: 11,12]
[forcedbins_filename: ]
[precise_float_parser: 0]
[parser_config_file: ]
[objective_seed: 16083]
[num_class: 1]
[is_unbalance: 0]
[scale_pos_weight: 1]
[sigmoid: 1]
[boost_from_average: 1]
[reg_sqrt: 0]
[alpha: 0.9]
[fair_c: 1]
[poisson_max_delta_step: 0.7]
[tweedie_variance_power: 1.5]
[lambdarank_truncation_level: 30]
[lambdarank_norm: 1]
[label_gain: ]
[lambdarank_position_bias_regularization: 0]
[eval_at: ]
[multi_error_top_k: 1]
[auc_mu_weights: ]
[num_machines: 1]
[local_listen_port: 12400]
[time_out: 120]
[machine_list_filename: ]
[machines: ]
[gpu_platform_id: -1]
[gpu_device_id: -1]
[gpu_device_id_list: ]
[gpu_use_dp: 0]
[num_gpu: 1]

end of parameters

pandas_categorical:[["\u540d\u53e4\u5c4b", "\u5712\u7530", "\u5927\u4e95", "\u5ddd\u5d0e", "\u6d66\u548c", "\u76db\u5ca1", "\u8239\u6a4b", "\u91d1\u6ca2", "\u9580\u5225"], ["\u30bb", "\u30bb\u30f3", "\u725d", "\u7261"]]
