tree
version=v4
num_class=1
num_tree_per_iteration=1
label_index=0
max_feature_idx=24
objective=binary sigmoid:1
feature_names=枠_x 馬番 齢 斤量 distance_main 頭数_real days_since_last last_ninki avg5_ninki last_margin avg5_margin avg5_last3f avg5_headcount same_track_as_last n_past_races 場所 性 surface_main レースの格 career_starts career_winrate career_top3rate avg5_corner_first avg5_corner_last avg5_corner_gain
feature_infos=[1:8] [1:16] [2:11] [49:59] [800:2600] [4:16] [0:400] [1:18] [1:16] [-3.8999999999999999:15.800000000000001] [-3.0499999999999998:9.2400000000000002] [33.924999999999997:48.260000000000005] [4:17.600000000000001] [0:1] [1:5] -1:0:3:2:1 -1:2:1:0 none -1:35:11:7:5:3:4:2:1:33:36:34:10:23:18:20:13:30:12:15:32:26:28:14:16:19:29:31:8:27:6:9:22 [0:16] [0:1] [0:1] [1:15] [1:15] [-6.5999999999999996:6.4000000000000004]
tree_sizes=1692 1740 1728 1727 1742 1743 1741 1745 1742 1749 1723 1765 1764 1756 1748 1737 1772 1781 1764 1747 1752 1771 1738 1759 1755 1756 1742 1782 1767 1779 1747 1764 1761 1751 1758 1779 1776 1779 1754 1750 1763 1758 1744 1747 1771 1742 1744 1749 1780 1767 1795 1777 1748 1785 1781 1782 1779 1754 1774 1782 1770 1765 1764 1766 1778 1757 1782 1784 1770 1754 1777 1750 1755 1738 1771 1778 1770 1747 1780 1727 1764 1755 1744 1764 1756 1765 1740 1783 1784 1786 1766 1760 1745 1754 1772 1776 1779 1745 1747 1763 1752 1762 1781 1753 1762 1777 1774 1742 1764 1776 1754 1769 1750 1750 1763 1770 1744 1762 1756 1765 1782 1796 1761 1756 1765 1747 1728 1754 1750 1748 1751 1735 1748 1776 1774 1743 1743 1780 1764 1757 1766 1773 1754 1768 1760 1740 1768 1773 1769 1747 1755 1787 1762 1764 1740 1760 1776 1724 1763

Tree=0
num_leaves=15
num_cat=0
split_feature=7 9 21 8 10 10 3 9 22 23 21 9 3 4
split_gain=690.463 224.566 125.837 103.32 48.2076 32.8793 32.0373 26.6931 35.4122 25.2865 20.4332 18.4112 18.2195 17.8629
threshold=3.5000000000000004 -0.84999999999999998 0.70714285714285718 6.2250000000000005 0.17750000000000007 0.69000000000000028 55.500000000000007 -0.14999999999999999 2.7083333333333335 2.7750000000000004 0.24038461538461542 -0.24999999999999997 55.500000000000007 950.00000000000011
decision_type=10 8 2 10 8 10 2 8 10 10 2 10 2 2
left_child=1 12 4 5 9 13 -4 8 -6 -3 -5 -12 -1 -2
right_child=3 2 6 10 7 -7 -8 -9 -10 -11 11 -13 -14 -15
leaf_value=-2.1302974749383643 -2.1625393325722868 -2.1325300902553193 -2.2320913318728683 -2.3304118734165495 -2.0945447072172629 -2.3005279000359691 -2.1788378587241777 -2.2728929071543726 -2.2491074544219205 -2.2553605669329895 -2.2031418374271441 -2.3104354762016475 -2.026896993216091 -2.2680514796140665
leaf_weight=6.9188609495759019 4.3347080647945395 10.253251768648626 50.432661138474941 545.42297822982073 4.7515069171786335 385.45557868480682 64.187023267149925 266.83462529629469 16.838673636317253 7.0855804905295363 4.1679885238409033 98.197809621691704 11.086849473416805 53.767051957547665
leaf_count=83 52 123 605 6543 57 4624 770 3201 202 85 50 1178 133 645
internal_value=-2.29254 -2.23954 -2.24695 -2.31383 -2.2637 -2.29524 -2.20227 -2.26857 -2.21509 -2.18273 -2.32656 -2.30607 -2.06663 -2.26018
internal_weight=1529.74 438.389 420.383 1091.35 305.764 443.557 114.62 288.425 21.5902 17.3388 647.789 102.366 18.0057 58.1018
internal_count=18351 5259 5043 13092 3668 5321 1375 3460 259 208 7771 1228 216 697
is_linear=0
shrinkage=1


Tree=1
num_leaves=15
num_cat=0
split_feature=7 9 8 21 9 22 10 10 21 11 9 8 9 9
split_gain=606.241 164.311 98.0288 84.1721 47.9986 33.6469 29.1363 26.0731 19.8288 18.4358 17.2305 20.4009 17.1919 15.8417
threshold=3.5000000000000004 -0.24999999999999997 6.2250000000000005 0.63068181818181823 -0.94999999999999984 1.9000000000000001 0.69000000000000028 0.13666666666666671 0.24038461538461542 39.622500000000009 1.3500000000000003 2.9000000000000004 1.6500000000000001 -0.24999999999999997
decision_type=10 8 10 2 10 10 10 10 2 10 10 10 10 10
left_child=1 4 6 10 -1 -6 -2 9 -4 -5 -3 -12 -8 -10
right_child=2 3 8 7 5 -7 12 -9 13 -11 11 -13 -14 -15
leaf_value=0.18779539334662898 0.029453839591143297 0.029043049416366262 -0.037645477069080564 0.15617078956312158 0.19793337961956917 0.077639402581756486 0.0023641896660469824 0.05906338104722593 0.078443647457976759 0.057976028302627471 0.032344613879255399 -0.014759249905182606 -0.018829431666827594 -0.017744505465008126
leaf_weight=18.432599827647209 59.639105446636677 169.15878644585609 528.53802803903818 13.224513031542303 6.6996076926589003 43.923424616456032 193.46578323841095 100.42786424607038 4.4787339866161338 7.4856336489319792 36.567240603268147 61.8943035826087 189.32659232616425 96.731568872928619
leaf_count=185 697 1985 6543 147 72 490 2337 1135 50 83 431 731 2287 1178
internal_value=-0.000524372 0.0476412 -0.0210908 0.0350166 0.118713 0.0935595 -0.0030534 0.0695973 -0.033763 0.120679 0.0193637 0.00273447 -0.00811804 -0.013488
internal_weight=1529.99 457.814 1072.18 388.758 69.0556 50.623 442.431 121.138 629.748 20.7101 267.62 98.4615 382.792 101.21
internal_count=18351 5259 13092 4512 747 562 5321 1365 7771 230 3147 1162 4624 1228
is_linear=0
shrinkage=0.05


Tree=2
num_leaves=15
num_cat=0
split_feature=7 9 23 10 9 9 10 10 1 4 19 3 23 6
split_gain=534.852 125.526 79.0602 53.1797 31.5799 24.5853 23.7602 22.1222 18.3591 17.2883 16.1017 15.6425 20.3725 14.9084
threshold=3.5000000000000004 -0.24999999999999997 5.9000000000000012 0.17750000000000007 -0.94999999999999984 1.3500000000000003 1.2633333333333339 0.69000000000000028 8.5000000000000018 950.00000000000011 7.5000000000000009 55.500000000000007 2.4500000000000006 22.500000000000004
decision_type=10 8 10 8 10 8 10 10 2 2 2 2 10 10
left_child=1 4 7 -3 -1 10 -4 9 11 -2 -5 -6 -13 -8
right_child=2 3 6 5 8 -7 13 -9 -10 -11 -12 12 -14 -15
leaf_value=0.15419773301813713 0.11605340806335913 0.087484516237845367 -0.011059528535004512 0.039609494086068092 0.063083095690691857 0.0094202890618189511 -0.043166133141227553 -0.0077342653112408696 0.035740371359189026 0.017790006045224797 -0.01902665141226894 0.19939276174422116 0.096333065005221999 -0.026091016315925454
leaf_weight=21.242100596427917 4.9451339766383162 39.347708061337471 117.40687802433968 212.90292006731033 16.37575352191925 135.29868016391993 302.31791596114635 360.4448211863637 15.235314965248106 47.201499775052071 12.389229565858839 6.833712667226794 16.074954353272915 221.48808593302965
leaf_count=185 53 407 1441 2388 172 1575 3822 4439 157 545 142 66 167 2792
internal_value=-0.000538132 0.0434692 -0.0204036 0.0322903 0.102481 0.0262675 -0.0313893 -0.00333056 0.0823315 0.0271085 0.036385 0.100401 0.127076 -0.035946
internal_weight=1529.5 475.7 1053.8 399.939 75.7618 360.591 641.213 412.591 54.5197 52.1466 225.292 39.2844 22.9087 523.806
internal_count=18351 5259 13092 4512 747 4105 8055 5037 562 598 2530 405 233 6614
is_linear=0
shrinkage=0.05


Tree=3
num_leaves=15
num_cat=0
split_feature=7 10 8 21 9 9 8 21 22 9 5 9 5 6
split_gain=473.714 99.2103 90.6628 54.9406 26.3351 25.1842 24.1462 19.2101 19.1595 18.4217 16.7858 15.236 15.1063 14.929
threshold=3.5000000000000004 0.17750000000000007 6.2250000000000005 0.84523809523809534 -0.6499999999999998 -0.14999999999999999 4.1000000000000005 0.24038461538461542 2.7083333333333335 0.65000000000000002 8.5000000000000018 -0.54999999999999993 10.500000000000002 30.500000000000004
decision_type=10 8 10 2 10 8 10 2 10 10 2 10 2 10
left_child=1 4 6 5 -1 8 9 -4 -3 -2 -10 -5 13 -6
right_child=2 3 7 11 12 -7 -8 -9 10 -11 -12 -13 -14 -15
leaf_value=0.14755505721593221 0.045740737846942818 0.12304271451183409 -0.036350918141672718 0.12026179045074015 0.14461112564970843 0.016689108069791701 -0.010473829168535063 -0.012192955740603291 0.11955009536470647 0.0040916814585316057 0.021765929813344888 0.058324232865028962 0.050908223492459659 0.069659342462583942
leaf_weight=17.487549476325512 35.645857498049736 9.1233776211738569 500.05199632048607 11.515139222145079 12.168775953352453 298.7932046353817 297.99367086589336 98.500120967626572 5.3920056372880962 104.04118666797876 23.588712252676487 72.081039920449257 27.428830206394196 14.632175162434576
leaf_count=145 416 79 6543 101 117 3384 3647 1228 53 1258 232 742 266 140
internal_value=-0.000544003 0.0398444 -0.0197285 0.0305739 0.0941995 0.021571 -0.0024332 -0.0323754 0.0598521 0.0147198 0.0399592 0.066856 0.0769939 0.103691
internal_weight=1528.44 492.211 1036.23 420.493 71.7173 336.897 437.681 598.552 38.1041 139.687 28.9807 83.5962 54.2298 26.801
internal_count=18351 5259 13092 4591 668 3748 5321 7771 364 1674 285 843 523 257
is_linear=0
shrinkage=0.05


Tree=4
num_leaves=15
num_cat=0
split_feature=8 9 21 10 9 8 9 0 9 6 12 21 10 6
split_gain=394.193 94.929 88.8671 40.5724 28.0611 26.7291 25.1066 18.0519 17.6487 15.3886 15.7131 14.4975 13.8698 14.1811
threshold=4.1000000000000005 1.0500000000000003 0.84523809523809534 0.17750000000000007 -0.84999999999999998 6.2250000000000005 -0.54999999999999993 7.5000000000000009 0.65000000000000002 34.500000000000007 14.775000000000002 0.78888888888888908 0.81000000000000016 71.500000000000014
decision_type=10 10 2 8 10 10 10 2 8 10 10 2 10 10
left_child=2 4 3 -1 -2 -3 -4 -6 -5 -7 -11 -9 13 -10
right_child=1 5 6 8 7 9 -8 11 12 10 -12 -13 -14 -15
leaf_value=0.073592930896676054 0.093556473050705233 -0.014911372074136234 0.12257773338687046 0.035761654388709756 -0.0034858943959873 -0.039850663702940131 0.063121913616166411 0.018126365092010502 0.018752261699561922 -0.022348677066990289 0.061185554355728235 0.094174031380850454 0.0019839113009506508 0.075003451514985747
leaf_weight=37.787160068750381 8.5595699921250326 237.39224600046873 22.010576702654362 108.89924052357674 261.65120805054903 380.45586122572422 91.852517053484917 43.073965519666672 80.136376157402992 80.893874302506447 6.0505972579121581 7.3340829685330382 147.80530893802643 13.025561556220053
leaf_count=344 74 2913 172 1150 3167 5089 897 526 900 1072 80 80 1741 146
internal_value=-0.000546603 -0.0183134 0.0357797 0.0243728 0.00424233 -0.0285743 0.0746152 0.0017925 0.0190568 -0.0355136 -0.0165354 0.0291909 0.0115075 0.0266171
internal_weight=1526.93 1025.41 501.517 387.654 320.619 704.793 113.863 312.059 349.866 467.4 86.9445 50.408 240.967 93.1619
internal_count=18351 13001 5350 4281 3847 9154 1069 3773 3937 6241 1152 606 2787 1046
is_linear=0
shrinkage=0.05


Tree=5
num_leaves=15
num_cat=0
split_feature=7 10 8 21 8 9 7 9 6 11 10 21 1 3
split_gain=394.336 91.5174 81.7998 34.3045 25.9325 31.159 22.2821 21.9259 20.6226 17.7593 13.5623 13.1641 15.0429 12.491
threshold=3.5000000000000004 0.17750000000000007 6.2250000000000005 0.84523809523809534 3.6333333333333337 0.65000000000000002 1.5000000000000002 -0.84999999999999998 28.500000000000004 40.922500000000007 1.9100000000000001 0.47727272727272735 8.5000000000000018 55.500000000000007
decision_type=10 8 10 2 10 10 10 8 10 10 10 2 2 2
left_child=1 6 4 7 5 -2 -1 -3 -4 -9 -10 -7 -13 -5
right_child=2 3 8 13 -6 11 -8 9 10 -11 -12 12 -14 -15
leaf_value=0.10327938846970741 0.064446721861964304 0.096268876126403724 -0.036466851587057113 0.033311347058443921 -0.0085322994931328801 -0.010724134156707111 0.047264559005945825 0.024183218616597776 -7.4434444146274947e-05 -0.0015798605650337628 -0.030095176028111206 0.068198967222329487 -0.029082395772024268 0.069764151692915916
leaf_weight=53.36509395390749 28.694205552339554 8.9718346595764142 417.60087837278843 43.246483027935028 342.97771393507719 50.69475919008255 26.604778870940208 242.04393410682678 76.28377977013588 92.437585540115833 74.228405386209488 12.958943426609041 5.7314071729779235 51.469146370887756
leaf_count=429 310 66 5731 412 4236 605 227 2632 1014 1020 1010 151 67 462
internal_value=-3.47433e-07 0.0354564 -0.0182049 0.0264792 -0.00204893 0.020623 0.0846441 0.0191324 -0.0307477 0.0170633 -0.0148798 0.00249976 0.0383676 0.0531201
internal_weight=1527.31 518.139 1009.17 438.169 441.057 98.0793 79.9699 343.453 568.113 334.482 150.512 69.3851 18.6904 94.7156
internal_count=18372 5248 13124 4592 5369 1133 656 3718 7755 3652 2024 823 218 874
is_linear=0
shrinkage=0.05


Tree=6
num_leaves=15
num_cat=0
split_feature=7 23 10 9 6 9 9 1 7 21 9 24 6 12
split_gain=351.335 78.9782 74.3212 29.4368 24.4312 23.1861 17.4876 17.1041 17.025 16.7474 16.2497 22.3154 14.9995 19.5045
threshold=3.5000000000000004 5.7750000000000012 0.17750000000000007 0.75000000000000011 42.500000000000007 1.0500000000000003 0.35000000000000003 6.5000000000000009 1.5000000000000002 0.84523809523809534 -0.14999999999999999 -0.29166666666666657 44.500000000000007 12.633333333333335
decision_type=10 10 8 10 10 10 10 2 10 2 8 10 10 8
left_child=2 6 8 7 5 -3 -2 10 -1 -9 11 -4 -8 -14
right_child=1 4 3 -5 -6 -7 12 9 -10 -11 -12 -13 13 -15
leaf_value=0.091204984882557863 0.02619467216481082 -0.013857006213028034 0.15603279177829968 0.010193561096560865 -0.0017015950034958639 -0.038166454360886448 -0.0087933109485680318 0.0068600233953033472 0.043360106839314121 0.047674590682117886 0.037041697011033534 0.057376551465599203 0.0072268118464823596 0.091242625473282782
leaf_weight=57.297734543681145 55.754364997148514 128.8428065776825 6.9837832301855078 197.29869475960732 73.853228755295277 410.92891857773066 272.894894503057 71.133647978305817 27.525427602231503 38.866496898233891 100.86008850485086 31.974594064056873 43.407840400934219 8.2154199406504613
leaf_count=429 641 1680 57 2162 978 5738 3452 723 227 339 1041 270 532 103
internal_value=-2.54717e-05 -0.0175779 0.0327701 0.0246298 -0.0286734 -0.0323638 0.000326383 0.0360311 0.0756791 0.0212811 0.0476355 0.0750619 -0.00411796 0.0205972
internal_weight=1525.84 993.897 531.94 447.117 613.625 539.772 380.273 249.819 84.8232 110 139.818 38.9584 324.518 51.6233
internal_count=18372 13124 5248 4592 8396 7418 4728 2430 656 1062 1368 327 4087 635
is_linear=0
shrinkage=0.05


Tree=7
num_leaves=15
num_cat=0
split_feature=7 8 10 11 8 9 7 6 5 5 9 12 2 9
split_gain=313.623 75.2957 61.2107 25.4685 22.4945 24.8553 20.5369 19.601 16.2428 15.0544 14.9239 14.4041 14.3323 14.2107
threshold=3.5000000000000004 6.2250000000000005 0.17750000000000007 41.090000000000011 3.6333333333333337 0.65000000000000002 1.5000000000000002 28.500000000000004 6.5000000000000009 6.5000000000000009 1.6500000000000001 14.100000000000001 3.5000000000000004 0.25000000000000006
decision_type=10 10 8 10 8 10 8 10 2 2 10 10 2 10
left_child=2 4 12 6 5 -2 -4 -3 -6 -5 -10 13 -1 -9
right_child=1 7 3 9 8 -7 -8 11 10 -11 -12 -13 -14 -15
leaf_value=0.029033172343900751 0.056990792500578806 -0.035201784651266964 0.047706688119265234 0.076361219146923606 0.038159407168131501 0.0027765640890639889 0.021394180911907309 0.04596000706196756 -0.00080515418673503887 -0.0053568935376365548 -0.02261166182692605 0.034266432506661629 0.078470263372129201 -0.023032872803027623
leaf_weight=18.491819389164448 30.466409541666508 395.4140270575881 104.28411111980677 6.0191214159131041 18.279454186558723 69.071520745754242 256.68849645555019 7.9377006143331519 180.12084133923054 88.535907298326492 139.01463580131531 14.083069153130053 70.758855856955051 124.95998608320951
leaf_count=135 310 5731 976 62 228 823 2624 100 2211 930 1797 187 521 1737
internal_value=-4.68788e-05 -0.0169632 0.0303635 0.0229449 -0.00151677 0.0193704 0.0289958 -0.0294068 -0.00767851 -0.000154936 -0.010304 -0.0138167 0.0682274 -0.0189121
internal_weight=1524.13 979.348 544.778 455.528 436.953 99.5379 360.973 542.395 337.415 94.555 319.135 146.981 89.2507 132.898
internal_count=18372 13124 5248 4592 5369 1133 3600 7755 4236 992 4008 2024 656 1837
is_linear=0
shrinkage=0.05


Tree=8
num_leaves=15
num_cat=0
split_feature=7 23 7 10 21 8 9 8 5 10 3 9 23 11
split_gain=280.442 71.89 53.0137 27.4233 24.26 21.9024 20.0451 17.3038 16.9494 14.0514 13.6833 13.3079 12.3121 11.2007
threshold=3.5000000000000004 5.7750000000000012 1.5000000000000002 0.13666666666666671 0.94444444444444453 4.1000000000000005 0.75000000000000011 7.9000000000000012 5.5000000000000009 0.94500000000000017 55.500000000000007 0.75000000000000011 2.2250000000000005 40.863333333333337
decision_type=10 10 8 10 2 10 10 10 2 10 2 10 10 10
left_child=2 5 3 -1 7 11 -4 -3 -7 -8 13 -2 -11 -5
right_child=1 4 6 10 -6 8 9 -9 -10 12 -12 -13 -14 -15
leaf_value=0.077681269023961566 0.043356097328749219 -0.020152823502374205 0.027735352542397458 0.032139763811859991 0.041870162679756344 0.083369411391731679 0.023030388618272994 -0.037503260187115632 -0.0089977293036087574 0.067406492594802692 0.051402217645547414 0.0069606116325438387 -0.010974111951522088 -0.0161907936694126
leaf_weight=58.900135330855846 37.590003177523613 288.07213067263365 194.7425844669342 46.358617588877678 12.403193093836306 5.0634080022573462 61.768898248672485 286.73667718470097 259.79999928921461 5.2755908966064444 74.10492729395628 75.688198454678059 99.592668615281582 16.168927557766438
leaf_count=395 377 3951 1818 427 155 63 630 4290 3387 57 660 901 1096 165
internal_value=-6.52593e-05 -0.0163656 0.0281898 0.0491619 -0.027315 0.000637632 0.0168423 -0.0288079 -0.00723194 0.00411211 0.0368677 0.019038 -0.00703103 0.019642
internal_weight=1522.27 965.354 556.912 195.533 587.212 378.142 361.38 574.809 264.863 166.637 136.632 113.278 104.868 62.5275
internal_count=18372 13124 5248 1647 8396 4728 3601 8241 3450 1783 1252 1278 1153 592
is_linear=0
shrinkage=0.05


Tree=9
num_leaves=15
num_cat=0
split_feature=7 8 7 10 8 11 10 21 5 21 24 7 10 24
split_gain=251.134 67.5114 44.8359 22.487 18.2614 17.4804 17.0609 14.6165 13.7632 11.3783 13.5974 11.1498 15.0738 11.0287
threshold=3.5000000000000004 6.2250000000000005 1.5000000000000002 0.13666666666666671 3.6333333333333337 39.610000000000014 1.9200000000000004 0.84523809523809534 6.5000000000000009 0.5634920634920636 -0.63333333333333319 6.5000000000000009 3.4633333333333338 -1.0000000180025095e-35
decision_type=10 10 8 10 10 10 10 2 2 2 8 10 8 10
left_child=2 4 3 -1 7 9 -3 -2 -6 10 -4 12 -8 -5
right_child=1 6 5 13 8 -7 11 -9 -10 -11 -12 -13 -14 -15
leaf_value=0.070262785495945515 0.010875888066324578 -0.018660410809644607 0.088823009510131543 0.057140686848243763 0.034387162234390943 0.0066345174806953415 -0.021263148308966279 0.073496967794793422 -0.0094389042328245822 0.048251702556088814 0.014278228900150984 -0.040662376877085994 0.088346539747318723 0.025550565308926312
leaf_weight=61.783410400152206 91.754123114049435 251.64952226728201 6.5427884459495544 37.819388300180435 18.999161884188652 215.07164710015059 29.083871014416218 10.371781572699545 313.67021822929382 50.2951984629035 94.067156307399273 232.93936193734407 3.5158170387148848 102.53626094013453
leaf_count=395 1032 3675 67 340 228 2157 433 101 4008 429 948 3594 53 912
internal_value=-8.07723e-05 -0.0157804 0.026227 0.0451272 -0.00125846 0.0157879 -0.0279889 0.0172356 -0.00693594 0.0288333 0.019126 -0.0368295 -0.00944194 0.0340626
internal_weight=1520.1 951.984 568.116 202.139 434.795 365.977 517.189 102.126 332.669 150.905 100.61 265.539 32.5997 140.356
internal_count=18372 13124 5248 1647 5369 3601 7755 1133 4236 1444 1015 4080 486 1252
is_linear=0
shrinkage=0.05


Tree=10
num_leaves=15
num_cat=0
split_feature=23 9 9 9 6 12 3 23 5 11 6 12 12 11
split_gain=215.082 70.5878 42.4093 34.1783 30.093 24.4373 19.6638 27.4993 22.6243 29.3058 17.2469 15.3724 14.8887 13.6863
threshold=5.9000000000000012 1.3500000000000003 1.0500000000000003 -0.6499999999999998 38.500000000000007 14.900000000000002 55.500000000000007 2.5500000000000003 8.5000000000000018 38.445000000000014 37.500000000000007 13.550000000000002 12.775000000000002 39.122500000000009
decision_type=10 10 10 8 10 8 2 10 2 8 10 8 10 10
left_child=1 3 -2 12 -4 -6 -5 8 -8 -10 -3 -12 -1 -9
right_child=2 10 4 6 5 -7 7 13 9 -11 11 -13 -14 -15
leaf_value=0.052618510216498562 -0.0018261246037238237 -0.011107840907372914 -0.035945943008186619 0.013028969745785447 -0.0082754865072267973 0.11781624479591746 0.13069188896406361 0.047401308286259859 0.1469835539025407 0.032702250329812645 0.010206360722094559 0.096197184475291617 0.12645100360306147 0.016018378955764797
leaf_weight=48.455348014831543 186.00306311249733 218.14252235367894 378.6833089441061 282.47146431729198 72.686277657747269 4.0570373535156241 10.040468983352183 45.141566380858421 6.4869038313627234 41.486237913370132 70.272601306438446 5.6123822107911101 7.9481595158576956 150.7834220379591
leaf_count=319 2296 2759 5748 2919 1004 52 86 414 46 345 836 66 54 1546
internal_value=0.000111999 0.0160643 -0.0219437 0.0259988 -0.03016 -0.00160964 0.0221058 0.0322024 0.06244 0.0481553 -0.00396551 0.0165662 0.0630227 0.0232491
internal_weight=1528.27 886.841 641.43 592.814 455.427 76.7433 536.41 253.939 58.0136 47.9731 294.028 75.885 56.4035 195.925
internal_count=18490 9390 9100 5729 6804 1056 5356 2437 477 391 3661 902 373 1960
is_linear=0
shrinkage=0.05


Tree=11
num_leaves=15
num_cat=1
split_feature=8 9 9 21 12 7 23 14 16 11 21 7 10 24
split_gain=222.272 65.5105 37.1098 33.3914 25.1318 21.393 18.5581 17.0437 14.4478 13.3136 11.9527 11.9497 13.1444 11.1606
threshold=4.1000000000000005 1.3500000000000003 0.25000000000000006 0.60769230769230786 15.100000000000001 7.5000000000000009 6.5500000000000007 1.5000000000000002 0 40.622500000000009 0.55050505050505061 1.5000000000000002 1.4775000000000003 -0.36666666666666664
decision_type=10 10 8 2 10 10 10 8 1 10 2 10 10 10
left_child=2 5 9 4 6 11 8 -4 -3 -1 -9 12 -2 -11
right_child=1 3 7 -5 -6 -7 -8 10 -10 13 -12 -13 -14 -15
leaf_value=0.047657510260738119 0.017856450225304916 -0.032167578680110692 0.10395980135044186 0.052556405859820035 0.069584300943709806 -0.01758656675804577 -0.038055945156467041 0.008171700056202302 -0.0063126221338676699 0.068084920459204737 0.028449391503343718 0.0038582706970921193 0.094169984433075948 0.0033407800774580597
leaf_weight=166.5994228720665 22.161354266107086 103.97918803244829 5.3042505905032158 13.001126378774641 6.4385500699281684 123.11036421358585 291.65515464916825 267.17844474315643 112.48462556302547 8.296922564506529 99.825033813714981 265.14396937936544 7.5700316578149787 33.659078486263752
leaf_count=1231 184 1450 55 159 85 1768 4644 2861 1559 71 903 3177 67 276
internal_value=8.87841e-05 -0.0148658 0.0244322 -0.0265804 -0.0285799 -8.01428e-05 -0.0298238 0.0149733 -0.0187321 0.0413178 0.0136872 0.00722878 0.037287 0.0161441
internal_weight=1526.41 945.544 580.863 527.559 514.558 417.986 508.119 372.308 216.464 208.555 367.003 294.875 29.7314 41.956
internal_count=18490 13093 5397 7897 7738 5196 7653 3819 3009 1578 3764 3428 251 347
cat_boundaries=0 1
cat_threshold=2
is_linear=0
shrinkage=0.05


Tree=12
num_leaves=15
num_cat=1
split_feature=7 8 7 9 23 9 12 6 12 22 10 16 11 9
split_gain=202.263 59.2536 51.4639 20.3222 19.0259 17.772 19.7497 14.4087 16.2724 14.8316 14.5189 12.0828 18.2463 11.8413
threshold=4.5000000000000009 5.9000000000000012 1.5000000000000002 -0.6499999999999998 6.5500000000000007 1.2500000000000002 15.100000000000001 42.500000000000007 12.225000000000001 4.4500000000000011 0.69000000000000028 0 39.036666666666676 1.6500000000000001
decision_type=10 10 8 10 10 10 10 10 10 8 10 1 10 10
left_child=2 7 3 -1 11 -3 -7 13 10 -10 -9 -4 -13 -2
right_child=1 5 4 -5 -6 6 -8 8 9 -11 -12 12 -14 -15
leaf_value=0.070697291874540297 0.0058371645534923671 -0.013341059984711207 0.0044262083234578873 0.031912508930789958 -0.011448155602580485 -0.034973362438550676 0.058611340379100589 0.071971569411344971 0.14896378485203124 0.032971856828138801 -0.0033551257961544402 0.046421950503689004 0.014355534548969404 -0.017652176163354232
leaf_weight=41.726910777390003 122.99600139260292 157.01193371415138 173.76636569574475 177.21403949707747 83.756346631795168 355.53616522625089 5.7283861376345149 7.7842017635703078 4.3986511304974529 7.3796730786561975 35.896719805896282 57.103375226259232 198.82489244639874 95.167123526334763
leaf_count=236 1484 2269 1767 1427 968 5814 73 78 49 89 447 517 1988 1284
internal_value=6.81205e-05 -0.0174477 0.0190071 0.0393043 0.0103522 -0.0273855 -0.0334894 0.00137564 0.0241324 0.0762894 0.0100685 0.0146016 0.0215103 -0.00440936
internal_weight=1524.29 791.899 732.392 218.941 513.451 518.276 361.265 273.622 55.4592 11.7783 43.6809 429.695 255.928 218.163
internal_count=18490 11587 6903 1663 5240 8156 5887 3431 663 138 525 4272 2505 2768
cat_boundaries=0 1
cat_threshold=2
is_linear=0
shrinkage=0.05


Tree=13
num_leaves=15
num_cat=1
split_feature=7 8 7 1 9 12 23 11 22 16 9 6 9 9
split_gain=182.711 55.5466 44.471 19.1629 17.1534 18.0004 16.9929 14.51 13.1917 17.5258 13.865 12.1339 10.7378 10.6473
threshold=4.5000000000000009 5.9000000000000012 1.5000000000000002 11.500000000000002 1.2500000000000002 15.100000000000001 6.5500000000000007 40.763333333333343 3.1000000000000005 0 1.6500000000000001 65.500000000000014 0.95000000000000007 -0.6499999999999998
decision_type=10 10 8 2 10 10 10 10 10 1 10 10 10 10
left_child=2 8 3 7 -3 -6 -4 11 9 -2 -10 13 -8 -1
right_child=1 4 6 -5 5 -7 12 -9 10 -11 -12 -13 -14 -15
leaf_value=0.078588494523766719 0.054672271104006701 -0.012822259542642015 0.0137129861668013 -0.011281632052580046 -0.034278397384689969 0.053004247503067273 0.0082476912349198975 0.014099960270199547 0.0070363687091863081 -0.0048989160221977971 -0.018030950345724991 0.016227298013563748 -0.027802186276825454 0.045753857970323317
leaf_weight=32.159948863089085 24.529180839657784 155.24263084679842 434.43371485546231 19.259865157306194 344.88009463250637 6.0099137499928466 38.73102268576622 40.573725335299969 126.96621415764093 24.859272934496403 97.540187984704971 26.121545404195786 44.261742748320103 106.28888560831547
leaf_count=172 287 2269 4272 145 5814 73 407 349 1522 301 1321 196 561 801
internal_value=4.95721e-05 -0.0168456 0.0178147 0.0364041 -0.0266609 -0.0327835 0.0097526 0.040881 0.00129218 0.0246876 -0.00385451 0.0474837 -0.0109784 0.0533809
internal_weight=1521.86 780.027 741.83 224.404 506.133 350.89 517.426 205.144 273.895 49.3885 224.506 164.57 82.9928 138.449
internal_count=18490 11587 6903 1663 8156 5887 5240 1518 3431 588 2843 1169 968 973
cat_boundaries=0 1
cat_threshold=4
is_linear=0
shrinkage=0.05


Tree=14
num_leaves=15
num_cat=0
split_feature=8 7 7 10 22 7 1 6 3 10 13 12 7 10
split_gain=165.833 38.4724 38.1735 19.541 17.1911 14.6304 14.4588 13.7786 13.7067 12.9701 12.0756 11.6262 11.205 10.8825
threshold=5.5500000000000007 4.5000000000000009 1.5000000000000002 1.9291666666666669 3.1000000000000005 1.5000000000000002 11.500000000000002 38.500000000000007 55.500000000000007 -0.5099999999999999 1.0000000180025095e-35 12.225000000000001 7.5000000000000009 1.4775000000000003
decision_type=10 10 10 10 10 10 2 10 2 8 10 10 10 10
left_child=2 5 6 7 8 13 9 -3 -4 -1 11 -9 -5 -2
right_child=1 3 4 12 -6 -7 -8 10 -10 -11 -12 -13 -14 -15
leaf_value=0.084447707582022039 0.020127245907910384 -0.020589131858676089 0.0093466677291101172 -0.015628292423163642 0.0030248526132410597 0.00053607532006962012 -0.01150279301367229 -0.0055579999260661058 0.039091345044442713 0.031746101579021531 -0.0096531062202407716 0.078182783905360861 -0.040457000501386342 0.10483530694582742
leaf_weight=12.361277550458908 9.9656397700309771 236.45986848324537 90.714402258396149 59.226482927799225 475.86139593273401 88.899939652532339 18.350160665810108 7.1958359852433231 67.586641028523445 210.12010782212019 31.461106009781361 9.7754267416894418 195.21773722022772 6.1199976205825797
leaf_count=63 77 3684 916 957 5239 1028 139 102 627 1597 451 127 3432 51
internal_value=3.35744e-05 -0.0192165 0.0142088 -0.024607 0.00777299 0.00847573 0.0311558 -0.0156127 0.0220462 0.0346743 0.00868383 0.0426766 -0.0346777 0.0523556
internal_weight=1519.32 644.322 874.994 539.336 634.162 104.986 240.832 284.892 158.301 222.481 48.4324 16.9713 254.444 16.0856
internal_count=18490 9909 8581 8753 6782 1156 1799 4364 1543 1660 680 229 4389 128
is_linear=0
shrinkage=0.05


Tree=15
num_leaves=15
num_cat=0
split_feature=7 23 9 9 6 5 23 22 9 5 12 19 5 12
split_gain=145.099 49.3041 20.5517 20.3829 21.053 14.051 15.6736 16.5586 14.2349 13.5852 12.8401 14.2227 13.539 10.6729
threshold=3.5000000000000004 5.9000000000000012 -0.14999999999999999 1.0500000000000003 30.500000000000004 9.5000000000000018 2.7750000000000004 2.7083333333333335 2.4500000000000006 9.5000000000000018 13.29166666666667 1.5000000000000002 10.500000000000002 13.225000000000001
decision_type=10 10 8 10 10 2 10 10 10 2 8 2 2 10
left_child=2 5 13 -3 -5 8 7 -7 -2 -4 -6 12 -12 -1
right_child=1 3 9 4 10 6 -8 -9 -10 -11 11 -13 -14 -15
leaf_value=0.030268674506144379 0.022733351170763041 -0.0055687437702276292 0.024877714814019798 -0.035999984359984118 -0.017805927092643753 0.0093916099940598713 -0.010334790374950657 0.1023087895939213 -0.016346858091342904 0.0074052635296463307 0.11895398642592597 -0.030838016845244398 0.012871723627967142 0.071197966844559923
leaf_weight=126.75460675358772 101.95303976163268 123.27582517266273 177.22614154964685 275.27580726891756 73.984772350639105 23.81960874423385 240.38240679726005 6.0032667033374301 30.204446256160736 298.83859823644161 5.4649019204080123 6.5484474003314963 6.6894325725734234 18.216738998889923
leaf_count=815 1242 1750 1606 4876 1195 273 3109 66 414 2729 71 103 94 119
internal_value=0.00036555 -0.0125358 0.0189291 -0.023165 -0.0290601 0.000441333 -0.00609318 0.0280956 0.0138016 0.0139098 -0.00844916 0.0285645 0.060569 0.0354117
internal_weight=1514.64 893.602 621.036 491.239 367.963 402.363 270.205 29.8229 132.157 476.065 92.6876 18.7028 12.1543 144.971
internal_count=18462 13193 5269 8089 6339 5104 3448 339 1656 4335 1463 268 165 934
is_linear=0
shrinkage=0.05


Tree=16
num_leaves=15
num_cat=1
split_feature=7 23 9 6 18 9 5 20 3 1 20 10 23 10
split_gain=131.33 39.1508 31.0417 25.3369 21.1319 19.4376 15.2643 12.6476 12.5482 15.5686 12.8869 11.6793 11.174 11.7031
threshold=5.5000000000000009 4.291666666666667 0.8500000000000002 42.500000000000007 0 1.6500000000000001 9.5000000000000018 0.080128205128205135 55.500000000000007 9.5000000000000018 0.61250000000000016 2.1100000000000008 4.366666666666668 3.0450000000000004
decision_type=10 10 10 10 9 10 2 2 2 2 2 10 10 10
left_child=2 11 4 5 8 -3 -4 -5 9 -1 -10 -2 -8 -14
right_child=1 3 6 7 -6 -7 12 -9 10 -11 -12 -13 13 -15
leaf_value=0.023764123322449048 0.019669201069979811 -0.015731224338129901 0.01539936430451707 -0.00063714231937485679 0.0012742711065734918 -0.036579391311706254 0.0065554976742028814 0.088959231455211188 0.029078132688968888 -0.013223265594510404 0.061682018113238146 -0.029480797760700568 -0.018123219915251811 0.062120980220197054
leaf_weight=161.62454668432474 80.321157325059175 204.49036369100213 126.89622635021806 69.998160090297461 125.93728958442807 246.65654816478491 100.89123571664095 4.1736807823181143 169.04866127669811 34.527683544903994 36.928005196154118 14.227785106748341 132.37108656391501 4.705259531736373
leaf_count=1418 1006 3161 1433 1014 1004 4451 1051 54 1422 313 220 210 1643 62
internal_value=0.000335415 -0.0173462 0.0126099 -0.0226772 0.0203591 -0.0271296 0.00139454 0.00440448 0.025666 0.0172534 0.0349234 0.0122731 -0.00607353 -0.0153688
internal_weight=1512.8 619.868 892.93 525.319 528.066 451.147 364.864 74.1718 402.129 196.152 205.977 94.5489 237.968 137.076
internal_count=18462 9896 8566 8680 4377 7612 4189 1068 3373 1731 1642 1216 2756 1705
cat_boundaries=0 2
cat_threshold=3236 12
is_linear=0
shrinkage=0.05


Tree=17
num_leaves=15
num_cat=1
split_feature=7 8 23 9 18 3 1 12 8 20 13 9 5 0
split_gain=119.513 43.5099 17.9957 17.3534 16.6548 15.2672 14.7725 24.3309 14.604 13.8735 12.3764 12.4651 12.1283 12.6003
threshold=3.5000000000000004 7.9000000000000012 4.2250000000000005 1.3500000000000003 0 55.500000000000007 9.5000000000000018 12.900000000000002 2.9000000000000004 0.19090909090909094 1.0000000180025095e-35 0.75000000000000011 8.5000000000000018 6.5000000000000009
decision_type=10 10 10 10 9 2 2 10 10 2 10 10 2 2
left_child=3 2 10 4 -1 6 7 -6 -5 -3 -2 -12 13 -4
right_child=1 9 12 8 5 -7 -8 -9 -10 -11 11 -13 -14 -15
leaf_value=-0.006450459864484598 0.030474079416818501 -0.030499495579846461 -0.005147083700721436 0.02047738136535146 0.013873184015891535 0.032837907065699168 -0.014202236595739187 0.072235899630448158 -0.014016221403511829 0.038206177847485027 0.021447899651962449 -0.010661056689078727 -0.013887490083451762 0.038205327828742586
leaf_weight=52.403920844197273 48.797731313854456 258.32192478701472 56.917486172169447 52.333284832537174 156.87715564668179 242.03639591485262 37.050254881381989 20.151650451123714 74.182030871510506 7.5626491345465174 47.391942530870438 83.44941433146596 349.75429152324796 23.756562974303961
leaf_count=383 564 4751 811 503 1291 1806 314 164 808 108 480 1038 5105 336
internal_value=0.000307593 -0.0116655 -0.00430883 0.016823 0.0209457 0.0237148 0.014508 0.0205168 0.000252119 -0.0285453 0.00898393 0.000969103 -0.00985656 0.00761916
internal_weight=1510.99 875.952 610.067 635.035 508.519 456.115 214.079 177.029 126.515 265.885 179.639 130.841 430.428 80.674
internal_count=18462 13193 8334 5269 3958 3575 1769 1455 1311 4859 2082 1518 6252 1147
cat_boundaries=0 2
cat_threshold=3221225488 19
is_linear=0
shrinkage=0.05


Tree=18
num_leaves=15
num_cat=2
split_feature=7 10 9 23 6 7 18 8 3 20 9 18 24 12
split_gain=109.316 31.9119 29.9288 19.5796 18.912 21.0553 18.5015 16.8513 11.874 14.7035 11.8677 11.2855 11.2201 11.219
threshold=6.5000000000000009 1.9100000000000001 1.1500000000000001 4.366666666666668 31.500000000000004 11.500000000000002 0 1.9000000000000001 55.500000000000007 0.61250000000000016 0.35000000000000003 1 -0.44999999999999996 12.550000000000002
decision_type=10 10 10 10 10 10 9 10 2 2 10 9 8 10
left_child=2 3 6 10 -5 -6 -1 -4 11 -10 -2 12 -8 -12
right_child=1 -3 7 4 5 -7 8 -9 9 -11 13 -13 -14 -15
leaf_value=-0.0023873207740723731 0.08158207820580321 -0.032925185280840936 0.03562351690456398 -0.023034761064738465 -0.0027866677882624237 0.078891745992204415 0.089447860739900908 -0.0053458969573058849 0.022198931642004819 0.053902964211804051 -0.0032087700359688543 0.0051190162096966764 0.025638662831407977 0.056588124886508565
leaf_weight=121.02611430361867 6.9234104230999938 225.73950325325131 27.201283872127533 155.73316119238734 49.551154114305973 9.3845206722617132 7.8489509113132954 324.72115993872285 240.63236483559012 43.124470934271812 32.861235439777374 197.76315597072244 56.341186430305243 10.30346108227968
leaf_count=1024 78 4247 239 2601 708 135 83 4116 2111 250 416 1800 523 131
internal_value=0.000279393 -0.0191134 0.00961728 -0.00733715 -0.0139051 0.0102193 0.0158438 -0.00217923 0.0195722 0.0270172 0.020812 0.0122546 0.0289336 0.0110648
internal_weight=1509.16 490.496 1018.66 264.757 214.669 58.9357 666.736 351.922 545.71 283.757 50.0881 261.953 64.1901 43.1647
internal_count=18462 8316 10146 4069 3444 843 5791 4355 4767 2361 625 2406 606 547
cat_boundaries=0 2 4
cat_threshold=3490258968 19 128 4
is_linear=0
shrinkage=0.05


Tree=19
num_leaves=15
num_cat=0
split_feature=7 22 7 10 5 9 6 3 13 12 10 13 10 6
split_gain=99.6707 34.3487 23.2209 20.5391 19.393 15.2865 16.4806 14.5819 13.6933 27.497 11.7034 11.1005 10.513 11.7209
threshold=5.5000000000000009 6.9000000000000012 1.5000000000000002 2.2100000000000004 9.5000000000000018 1.2500000000000002 11.500000000000002 52.250000000000007 1.0000000180025095e-35 12.775000000000002 0.79000000000000037 1.0000000180025095e-35 0.22250000000000006 84.500000000000014
decision_type=10 10 8 10 2 8 10 2 10 8 10 8 8 10
left_child=2 3 -1 8 7 6 -6 -4 9 -2 -3 12 -9 -14
right_child=1 10 4 -5 5 -7 -8 11 -10 -11 -12 -13 13 -15
leaf_value=0.023826831790493413 0.010386186709451406 0.021559356591053094 -0.028597271894984774 -0.025814344816035745 0.090062004780276692 -0.013337704664435825 0.0046386310322869698 0.069014774188263406 -0.0048419031562523807 0.1095023700978193 -0.030772061098350713 0.026454321224599054 -0.015797350149435587 0.06611422412166261
leaf_weight=244.18355772644281 62.493032533675432 11.135439373552797 16.274565692991018 83.749935977160931 5.7672853097319594 151.80243578180671 269.0398246794939 4.9988598302006721 165.68693694099784 7.8796744570136061 263.45663244277239 174.05785076320171 41.941727448254824 4.8749015256762496
leaf_count=1653 891 145 176 1501 55 1879 2546 35 2383 95 4881 1728 446 48
internal_value=0.000255683 -0.0156785 0.0106302 -0.00454109 0.00581167 -0.000603142 0.00643138 0.0171131 0.0030063 0.0214843 -0.0286499 0.0204066 9.12345e-05 -0.0072681
internal_weight=1507.34 594.402 912.941 319.81 668.757 426.61 274.807 242.148 236.06 70.3727 274.592 225.873 51.8155 46.8166
internal_count=18462 9896 8566 4870 6913 4480 2601 2433 3369 986 5026 2257 529 494
is_linear=0
shrinkage=0.05


Tree=20
num_leaves=15
num_cat=0
split_feature=7 23 9 10 21 21 22 19 11 0 3 12 2 12
split_gain=106.412 38.3935 24.4746 15.9605 12.9868 11.6426 11.1552 11.3733 10.7675 10.704 9.33844 12.8127 11.535 10.9813
threshold=3.5000000000000004 7.5500000000000007 -0.14999999999999999 2.1100000000000008 0.5634920634920636 0.94444444444444453 2.5500000000000003 3.5000000000000004 36.622500000000009 6.5000000000000009 54.250000000000007 14.633333333333335 3.5000000000000004 11.550000000000002
decision_type=10 10 8 10 2 2 10 2 10 2 2 8 2 10
left_child=2 3 6 8 -4 -3 -1 9 -2 -8 -10 12 -12 -14
right_child=1 5 4 -5 -6 -7 7 -9 10 -11 11 -13 13 -15
leaf_value=0.053547451319010786 0.081227908351215641 -0.029194996980373412 0.0037277630696291569 -0.021452825036702164 0.020407831377226744 0.056237482936171791 0.045092751979947283 -0.0070558948311938725 -0.0086317926368869209 0.0075174109600157279 0.023605455929946506 0.080981860149418494 -0.014872165910912394 0.0094283859745832831
leaf_weight=45.288164310157299 3.9845584817230693 250.67846919596195 315.90646547824144 113.82812828198075 185.04844059795141 4.0523746460676184 56.376139380037785 23.177964210510254 227.13275253400207 28.551954075694084 55.937025662511587 5.4839324802160254 89.766395963728428 96.433531682938337
leaf_count=248 42 4732 2977 1943 1392 53 345 152 3125 179 719 65 1168 1287
internal_value=9.42872e-05 -0.0116025 0.0152401 -0.00462418 0.00988924 -0.0278359 0.0327152 0.023988 -0.000622878 0.0324603 -0.00130984 0.00540629 0.00369465 -0.00228683
internal_weight=1501.65 847.297 654.349 592.566 500.955 254.731 153.394 108.106 478.738 84.9281 474.754 247.621 242.137 186.2
internal_count=18427 13134 5293 8349 4369 4785 924 676 6406 524 6364 3239 3174 2455
is_linear=0
shrinkage=0.05


Tree=21
num_leaves=15
num_cat=1
split_feature=8 21 10 9 9 6 9 5 11 18 8 23 22 24
split_gain=103.839 35.6267 26.8712 17.8359 16.9746 14.6217 13.5096 13.3099 10.0426 12.7508 13.2356 9.60136 10.863 9.27613
threshold=5.9000000000000012 0.55050505050505061 0.34500000000000008 1.2500000000000002 -0.34999999999999992 28.500000000000004 1.4500000000000002 10.500000000000002 39.145000000000017 0 3.3666666666666671 2.5500000000000003 1.7083333333333337 -0.22499999999999998
decision_type=10 2 8 10 8 10 10 2 10 9 10 10 10 10
left_child=2 3 8 13 -4 -5 -3 -6 -1 10 11 12 -10 -2
right_child=1 6 4 5 7 -7 -8 -9 9 -11 -12 -13 -14 -15
leaf_value=0.039207952452879419 0.0078311983081909651 0.018478128057502582 0.033183332797038854 -0.035484573308128924 0.010331222211571314 -0.011936709955013862 0.11097905409731174 -0.0031349484895594332 -0.0056025345414868026 -0.0072048723779494219 0.091379976688975628 -0.0015319121247146152 0.058612183229616088 -0.016785895395521867
leaf_weight=86.098296768963337 57.899553924798965 31.539772070944309 52.187016949057579 222.13023590296507 371.01071979850531 93.74348371475935 4.5118584819138041 363.05787619203329 9.1455639451742154 40.204490773379803 8.1680408194661123 22.992655299603939 23.532329350709915 112.86227902770042
leaf_count=528 863 325 343 4538 3857 1613 58 3961 56 274 59 155 138 1659
internal_value=8.07579e-05 -0.017905 0.00970896 -0.0214581 0.00562993 -0.0284962 0.0300546 0.00367108 0.0265762 0.0161231 0.0276172 0.0232227 0.0406404 -0.00843907
internal_weight=1499.08 522.687 976.397 486.636 786.256 315.874 36.0516 734.069 190.141 104.043 63.8386 55.6705 32.6779 170.762
internal_count=18427 9056 9371 8673 8161 6151 383 7818 1210 682 408 349 194 2522
cat_boundaries=0 2
cat_threshold=2196 8
is_linear=0
shrinkage=0.05


Tree=22
num_leaves=15
num_cat=0
split_feature=8 21 9 9 22 12 9 3 9 8 4 12 23 19
split_gain=94.5395 32.4245 24.3209 17.1272 14.8327 15.3103 15.4695 11.0608 10.6401 10.5489 13.1538 10.5202 10.9846 9.74968
threshold=5.9000000000000012 0.55050505050505061 1.3500000000000003 1.0500000000000003 8.1000000000000014 12.900000000000002 -0.6499999999999998 53.250000000000007 1.4500000000000002 1.9000000000000001 1450.0000000000002 14.900000000000002 7.4500000000000011 1.0000000180025095e-35
decision_type=10 2 10 10 10 10 10 2 8 10 2 10 10 2
left_child=2 3 4 -2 5 7 -7 -1 -3 10 -4 12 -5 -8
right_child=1 8 9 11 -6 6 13 -9 -10 -11 -12 -13 -14 -15
leaf_value=-0.0091447871123960297 -0.0058122657315080048 0.017309208938752065 0.066323185658400716 -0.019465946294132529 -0.011502579179127274 0.091577808938201444 0.063612141211173631 0.015402752900048914 0.096207346132336613 -0.0055305991229366849 -0.016074492609460984 0.02321504462429537 -0.03769203924472931 0.01964178646525774
leaf_weight=50.593077607452869 136.37261731922626 31.974629167467356 11.674335159361364 170.20265417173505 51.652375392615795 10.677670717239378 15.434021949768065 493.57924465090036 4.9323851615190497 271.54520424455404 8.2779167890548688 10.208965100347994 160.73886907473207 68.826263949275017
leaf_count=452 1953 325 103 3103 538 54 127 4024 58 3407 71 137 3480 595
internal_value=6.49512e-05 -0.0172995 0.00915907 -0.0207893 0.01427 0.0163529 0.0348807 0.0131205 0.0278534 -0.00295231 0.0321375 -0.0267762 -0.0283184 0.0276959
internal_weight=1496.69 514.43 982.26 477.523 690.763 639.11 94.938 544.172 36.907 291.497 19.9523 341.15 330.942 84.2603
internal_count=18427 9056 9371 8673 5790 5252 776 4476 383 3581 174 6720 6583 722
is_linear=0
shrinkage=0.05


Tree=23
num_leaves=15
num_cat=0
split_feature=8 7 10 5 11 6 12 12 22 9 10 3 10 19
split_gain=86.0887 25.0145 22.4934 21.3031 15.1714 13.9882 13.7159 10.8828 10.5248 11.5649 10.5248 10.1722 14.0525 13.8493
threshold=5.9000000000000012 4.5000000000000009 0.79000000000000037 6.5000000000000009 40.922500000000007 27.500000000000004 13.225000000000001 9.4500000000000011 6.9000000000000012 1.7500000000000002 1.3633333333333335 55.500000000000007 0.75500000000000023 4.5000000000000009
decision_type=10 10 10 2 10 10 10 8 10 10 10 2 10 2
left_child=2 7 4 -4 11 -3 8 -2 9 10 -5 -1 13 -13
right_child=1 5 3 6 -6 -7 -8 -9 -10 -11 -12 12 -14 -15
leaf_value=0.011068091463711833 0.078914686498225042 -0.028009131745301064 0.041837443829264048 -0.0016613382541744799 -0.011684365356332601 -0.008713852394511978 0.024538467650046969 0.0037860236782288684 -0.019989175059930142 -0.011878337337192291 0.020323106126878099 0.029439325527117373 0.090196489120085169 -0.0059576577342958003
leaf_weight=192.67378874868155 5.1399997211992732 283.36852334067225 30.858198206871748 143.87096386775374 42.872630387544632 140.50095967575908 47.542497426271439 77.488777246326208 81.221128389239311 132.22510357201099 87.58062357455492 188.24637717753649 8.3833207525312883 32.387887116521597
leaf_count=1532 53 5740 313 1374 356 2415 528 848 1046 1671 915 1314 75 247
internal_value=5.27285e-05 -0.0167073 0.00864595 0.00153714 0.0166535 -0.0216133 -0.000988233 0.00845947 -0.00371606 -8.17276e-05 0.00665751 0.0195346 0.0266575 0.0242432
internal_weight=1494.36 506.498 987.863 523.299 464.564 423.869 492.44 82.6288 444.898 363.677 231.452 421.691 229.018 220.634
internal_count=18427 9056 9371 5847 3524 8155 5534 901 5006 3960 2289 3168 1636 1561
is_linear=0
shrinkage=0.05


Tree=24
num_leaves=15
num_cat=1
split_feature=7 9 6 9 21 11 21 12 22 5 12 6 22 16
split_gain=76.9634 28.7173 24.6279 15.8201 14.3366 13.307 13.222 11.8586 11.7084 11.5967 10.8034 19.8167 10.4317 8.31911
threshold=7.5000000000000009 1.2500000000000002 34.500000000000007 -0.34999999999999992 0.57738095238095244 40.390000000000015 0.94444444444444453 12.900000000000002 9.5500000000000025 13.500000000000002 13.550000000000002 73.500000000000014 8.1000000000000014 0
decision_type=10 10 10 8 2 10 2 10 10 2 10 8 10 1
left_child=1 3 4 7 -2 8 -3 -1 10 12 -4 -12 13 -5
right_child=2 6 5 9 -6 -7 -8 -9 -10 -11 11 -13 -14 -15
leaf_value=0.02039651580733692 -0.030347588525539489 -0.0069482089740272581 0.018117227884123344 0.0051447913904458797 0.036794623164519383 -0.017385615877300597 0.04055227204167422 0.058913315973464213 -0.034073776661789477 -0.013552240330397225 0.15633226749070039 0.0089114008687247708 -0.0091086821617521983 0.017952711680895187
leaf_weight=99.283148977905512 252.86737602204084 361.94454082101583 26.310673851519823 208.87354871630669 8.208572566509245 41.48542134091258 15.268062606453894 25.019528683274984 7.5853135697543612 53.816655140370131 4.4766926802694771 4.6447088941931733 59.794779185205698 322.58746349439025
leaf_count=590 5201 4937 398 1961 110 719 142 144 123 514 54 55 713 2766
internal_value=4.12621e-05 0.00627535 -0.0206427 0.011816 -0.0282365 0.00281895 -0.00502558 0.0281491 0.022304 0.0086687 0.0343733 0.0812641 0.0106913 0.012919
internal_weight=1492.17 1146.59 345.579 769.375 261.076 84.5028 377.213 124.303 43.0174 645.072 35.4321 9.1214 591.256 531.461
internal_count=18427 11767 6660 6688 5311 1349 5079 734 630 5954 507 109 5440 4727
cat_boundaries=0 1
cat_threshold=2
is_linear=0
shrinkage=0.05


Tree=25
num_leaves=15
num_cat=2
split_feature=9 6 22 21 19 12 12 11 18 2 12 19 18 23
split_gain=62.01 33.647 26.054 22.6698 17.2711 13.9079 13.8695 12.2068 15.255 13.5668 11.1881 15.4815 9.75078 12.7125
threshold=1.3500000000000003 35.500000000000007 6.9000000000000012 0.18465909090909094 1.5000000000000002 8.1000000000000014 13.225000000000001 39.210000000000015 0 5.5000000000000009 12.366666666666669 2.5000000000000004 1 2.2250000000000005
decision_type=10 10 8 2 2 10 10 10 9 2 10 2 9 10
left_child=2 3 7 5 6 -2 -3 9 -9 10 -1 -12 13 -10
right_child=1 4 -4 -5 -6 -7 -8 8 12 -11 11 -13 -14 -15
leaf_value=0.023000153338594218 0.017640963912769779 0.012095695604715427 -0.0065231250387913489 -0.0028188448175581805 -0.012959600153411931 -0.030453158554156364 0.063143421176476575 -0.021977654167338746 0.065036140171063905 0.0021619846543921165 0.078234500944963578 0.010637951040716831 0.0062342286637778197 0.018252966475491374
leaf_weight=108.41303946450353 15.883090343326328 70.844172727316618 235.18228346481919 129.79340526461601 61.232618547976017 280.51992393285036 16.383099261671305 30.145732659846544 17.402666918933392 55.92275008186698 24.362224668264389 12.985130917280911 347.26893478631973 87.687497854232788
leaf_count=802 219 958 2907 1823 891 5475 195 261 120 472 178 97 3212 863
internal_value=-0.000220078 -0.0131044 0.00783335 -0.0202451 0.00739489 -0.027876 0.0216835 0.0127682 0.00845037 0.0230982 0.0311307 0.0547322 0.0107268 0.023741
internal_weight=1494.03 574.656 919.37 426.196 148.46 296.403 87.2273 684.188 482.505 201.683 145.76 37.3474 452.359 105.09
internal_count=18473 9561 8912 7517 2044 5694 1153 6005 4456 1549 1077 275 4195 983
cat_boundaries=0 2 3
cat_threshold=3221225474 19 148
is_linear=0
shrinkage=0.05


Tree=26
num_leaves=15
num_cat=0
split_feature=8 8 5 2 19 23 6 19 11 6 6 0 11 10
split_gain=59.1126 22.7905 13.8721 11.7065 16.3535 10.829 11.016 8.38739 8.38518 8.35344 8.17082 12.2633 7.94244 8.70227
threshold=4.1000000000000005 8.9000000000000021 9.5000000000000018 3.5000000000000004 1.5000000000000002 3.9000000000000004 145.50000000000003 8.5000000000000018 40.163333333333341 12.500000000000002 25.500000000000004 6.5000000000000009 39.145000000000017 0.89000000000000035
decision_type=10 10 2 2 2 10 10 2 10 10 10 2 8 10
left_child=7 2 10 4 -3 9 -7 12 -8 -4 -2 -12 13 -1
right_child=1 3 5 -5 -6 6 8 -9 -10 -11 11 -13 -14 -15
leaf_value=0.025185331245796368 -0.0048558545173586929 0.06605708957759325 0.071669710891214419 -0.03314405751541559 -0.019952206203881995 -0.015323320707007161 0.066448358064909105 -0.031962696645690222 -0.016298239246156639 0.0026492801794204207 0.0030053460616496531 0.037760262540765713 0.008260307007907787 -0.005942813088676285
leaf_weight=153.19686631113291 108.84820674359798 7.4388491287827518 4.664137937128543 124.61759274080396 21.499501675367355 362.1849471591413 7.3965178914368135 11.200846977531908 5.2239794209599495 72.933417215943336 78.734667591750622 37.455616176128387 470.24521935731173 26.308324120938778
leaf_count=1038 1600 125 51 2739 499 5527 94 100 76 842 1039 477 4004 262
internal_value=-0.000223334 -0.00909934 -0.00515709 -0.0264914 0.00215721 -0.0102034 -0.0137232 0.0109363 0.0321972 0.00679787 0.00498763 0.0142091 0.0116758 0.0206232
internal_weight=1491.95 830.997 677.441 153.556 28.9384 452.403 374.805 660.951 12.6205 77.5976 225.038 116.19 649.75 179.505
internal_count=18473 13069 9706 3363 624 6590 5697 5404 170 893 3116 1516 5304 1300
is_linear=0
shrinkage=0.05


Tree=27
num_leaves=15
num_cat=1
split_feature=9 6 21 22 12 18 12 10 2 11 12 9 8 11
split_gain=54.0383 30.2271 22.781 22.0684 15.8547 13.735 13.2572 13.205 11.1726 12.3453 11.1317 15.9527 11.9328 10.0693
threshold=1.3500000000000003 34.500000000000007 0.24038461538461542 8.3666666666666689 13.225000000000001 0 8.1000000000000014 0.69000000000000028 5.5000000000000009 40.445000000000014 12.900000000000002 -0.74999999999999989 5.1000000000000005 42.490000000000009
decision_type=10 10 2 10 10 9 10 10 2 10 8 8 10 8
left_child=3 2 6 5 7 -1 -2 -3 9 -6 12 -12 13 -7
right_child=1 4 -4 -5 8 10 -8 -9 -10 -11 11 -13 -14 -15
leaf_value=-0.0060246877398940184 0.017176169416923803 0.046058941494213558 -0.00050124424920905766 -0.01423582844648281 0.080961516760335958 0.013041696240426396 -0.029693569016563493 -0.0060848408406892034 -0.025170112503551851 -0.0073274714255479496 0.091605701610665446 0.021177441397328529 -0.002370138239379628 0.076844078687006323
leaf_weight=114.03546595945954 15.963092897087334 13.45915602520108 111.04286362603307 106.06225254386663 15.292519107460981 414.69772890210152 274.95881524309516 124.01821519061923 5.0049943402409545 5.3426849991083136 8.5995852723717672 123.65718466043472 151.51497688516974 6.2775528505444518
leaf_count=971 217 120 1510 1501 172 3170 5575 1814 68 85 42 1200 1973 55
internal_value=-0.000219287 -0.0124012 -0.0197679 0.00722391 0.00575207 0.0100037 -0.0271218 -0.000979919 0.0418476 0.0581025 0.0125053 0.0257568 0.00966242 0.0139931
internal_weight=1489.93 565.082 401.965 924.845 163.118 818.782 290.922 137.477 25.6402 20.6352 704.747 132.257 572.49 420.975
internal_count=18473 9561 7302 8912 2259 7411 5792 1934 325 257 6440 1242 5198 3225
cat_boundaries=0 2
cat_threshold=3489939464 21
is_linear=0
shrinkage=0.05


Tree=28
num_leaves=15
num_cat=2
split_feature=8 21 19 13 18 2 8 5 21 9 15 8 11 5
split_gain=49.7612 29.7914 19.7427 25.1887 15.5782 15.4138 15.0102 14.8309 21.6451 14.3343 14.5184 11.3135 11.663 10.5115
threshold=4.7083333333333348 0.24038461538461542 1.0000000180025095e-35 1.0000000180025095e-35 0 5.5000000000000009 6.7750000000000012 9.5000000000000018 0.70714285714285718 2.0500000000000003 1 3.7750000000000004 39.222500000000011 9.5000000000000018
decision_type=10 2 2 10 9 2 10 2 2 10 1 10 10 2
left_child=4 2 3 5 -1 6 -2 -6 -9 10 -4 12 -10 -8
right_child=1 -3 9 -5 7 -7 13 8 11 -11 -12 -13 -14 -15
leaf_value=-0.010443951128212028 0.011233305662661775 0.0048401643145257779 0.012592111711604995 -0.014065950453633489 0.021357559360312028 -0.024421963710737352 0.14091817726377964 -0.0013182452206874546 0.049291831183952237 -0.035112732311774475 -0.020223528412822322 -0.012526242005210381 0.01656848019487361 0.055134777314318741
leaf_weight=90.783558893948793 11.786445382982494 232.10224485397339 37.354551486670971 90.272951554507017 233.73665405064821 8.2044364511966688 5.5906543210148802 318.02279830724001 42.218504048883915 145.71657660230994 165.34324829280376 19.922494940459728 76.69235048443079 9.885612450540064
leaf_count=718 135 2924 672 1431 1928 115 69 3111 239 3314 3024 161 503 129
internal_value=-0.000218705 -0.00983741 -0.0170222 -3.87841e-05 0.00847528 0.0356639 0.0537462 0.010955 0.00587256 -0.0231514 -0.0145525 0.0223444 0.0281867 0.0861232
internal_weight=1487.63 706.257 474.154 125.74 781.376 35.4671 27.2627 690.593 456.856 348.414 202.698 138.833 118.911 15.4763
internal_count=18473 11813 8889 1879 6660 448 333 5942 4014 7010 3696 903 742 198
cat_boundaries=0 2 3
cat_threshold=3222290436 23 4
is_linear=0
shrinkage=0.05


Tree=29
num_leaves=15
num_cat=1
split_feature=7 21 6 18 11 5 20 11 9 3 6 22 5 6
split_gain=46.7367 24.607 19.9431 17.3141 15.8525 15.2997 14.3793 18.1046 13.4313 11.2533 10.5298 10.1956 15.4076 11.1354
threshold=6.5000000000000009 0.24038461538461542 34.500000000000007 0 40.410000000000011 9.5000000000000018 0.38750000000000007 39.510000000000012 -0.94999999999999984 52.250000000000007 166.50000000000003 3.7083333333333335 11.500000000000002 44.500000000000007
decision_type=10 2 10 9 10 2 2 10 8 2 10 10 2 10
left_child=3 2 -2 8 -4 9 10 -8 -1 -5 -7 12 -3 -13
right_child=1 11 4 5 -6 6 7 -9 -10 -11 -12 13 -14 -15
leaf_value=0.058601121139747171 -0.028310165788963049 0.01266028149060372 0.01894659499077261 -0.022598104885178136 -0.022925578435951405 -0.001084998514763899 0.048638968028164975 0.0038758924699621301 -0.0099037390602175444 0.020554398144301989 0.040041600970080013 -0.0066759547808338641 0.11317815283172344 0.055445259463327415
leaf_weight=7.4116168096661568 238.34698258712888 13.264988262206318 48.015711631625891 16.015178248286247 42.710747864097357 456.71853134408593 37.539553593844175 56.716060686856508 206.72113931924105 266.70407895371318 16.11280507221818 65.727682534605265 5.3498550280928603 8.1031541153788549
leaf_count=35 5400 168 666 184 780 4909 221 395 1863 2482 143 1059 69 99
internal_value=-0.000222669 -0.0143129 -0.020716 0.00535971 -0.000765315 0.00850818 0.00387128 0.0217039 -0.00719655 0.0181099 0.000316484 0.0084797 0.0415488 0.000142033
internal_weight=1485.46 421.519 329.073 1063.94 90.7265 849.806 567.087 94.2556 214.133 282.719 472.831 92.4457 18.6148 73.8308
internal_count=18473 8241 6846 10232 1446 8334 5668 616 1898 2666 5052 1395 237 1158
cat_boundaries=0 2
cat_threshold=3491250190 23
is_linear=0
shrinkage=0.05


Tree=30
num_leaves=15
num_cat=0
split_feature=8 7 10 5 9 12 5 7 20 10 9 10 24 11
split_gain=58.1573 18.9856 18.0757 16.4076 14.5893 13.0144 12.0118 11.4994 10.8335 9.84135 12.3691 10.4642 13.0203 11.0505
threshold=5.291666666666667 1.5000000000000002 1.9291666666666669 11.500000000000002 0.75000000000000011 13.225000000000001 8.5000000000000018 4.5000000000000009 0.38750000000000007 0.7775000000000003 0.95000000000000007 0.56333333333333357 0.29166666666666669 40.263333333333343
decision_type=10 10 10 2 10 10 2 10 2 10 10 10 8 10
left_child=3 -2 -3 4 -1 -5 7 -4 -7 10 -6 -12 -13 -14
right_child=1 2 6 5 9 8 -8 -9 -10 -11 11 12 13 -15
leaf_value=0.018881968365820442 0.033424056447660166 -0.007501967631559284 0.077746857681734269 -0.0083063231920739861 -0.017662476872126683 0.0076448143966895213 -0.031904069513673854 -0.010513430922305299 0.06130381772003092 -0.002084016451617383 0.0093406211402279216 0.089520871800954527 0.053057899981519552 -0.032114350590064317
leaf_weight=346.31381785869598 21.365933485329151 340.76115239039063 4.1198406033217898 217.86607902124524 17.884257815778255 50.318051941692829 170.56961434707046 35.413437396287918 11.569115057587622 207.13439147546887 30.575605481863022 12.588215082883833 10.421831585466867 6.0011067092418662
leaf_count=2456 150 5462 49 2041 146 469 3916 763 70 2419 249 116 98 57
internal_value=-0.000328819 -0.0128202 -0.0146139 0.00752028 0.0119893 -0.00255855 -0.0261485 -0.00131565 0.0176758 0.00360215 0.0188052 0.0297506 0.0512612 0.0219351
internal_weight=1482.9 572.23 550.864 910.672 630.919 279.753 210.103 39.5333 61.8872 284.605 77.471 59.5868 29.0112 16.4229
internal_count=18461 10340 10190 8121 5541 2580 4728 812 539 3085 666 520 271 155
is_linear=0
shrinkage=0.05


Tree=31
num_leaves=15
num_cat=1
split_feature=8 16 7 10 5 24 22 12 5 8 10 19 7 12
split_gain=52.8185 25.7083 17.1087 17.0824 13.9684 11.9997 12.1068 11.999 11.4345 11.1186 10.0823 10.8674 9.829 9.50682
threshold=5.291666666666667 0 1.5000000000000002 1.9291666666666669 11.500000000000002 -1.4499999999999997 2.3666666666666671 13.225000000000001 8.5000000000000018 3.2916666666666674 -0.049999999999999968 1.5000000000000002 4.5000000000000009 14.775000000000002
decision_type=10 1 10 10 2 10 10 10 2 8 10 2 10 10
left_child=1 9 -2 13 5 6 -3 -6 12 -1 -7 -12 -5 -4
right_child=2 4 3 8 7 10 -8 -9 -10 -11 11 -13 -14 -15
leaf_value=0.0055219336784998862 0.031096522298858238 0.030374812915646789 -0.009097794010175006 0.069351625123842325 -0.0049069992861008344 0.040421277998432877 0.10877790872826501 0.024521068298115411 -0.031214535437198002 -0.01275343788358812 0.025057268160115082 0.0064546709817397234 -0.010084431449065637 0.029299984645283935
leaf_weight=160.36448062211275 21.805097207427025 16.938435927033428 321.63824048638344 4.3803828954696646 142.40706658735871 39.633612982928753 6.9417525939643374 45.772338572889566 165.744464751333 173.01807031035423 128.93373668193817 200.74081686511636 35.082589518278837 16.970460712909698
leaf_count=1266 150 145 5240 49 1286 191 79 384 3916 1872 1096 1802 763 222
internal_value=-0.000320123 0.00710646 -0.0123308 -0.014072 0.0134539 0.0188157 0.0531659 0.00225102 -0.0254554 -0.00396257 0.0165945 0.01373 -0.00126704 -0.00717337
internal_weight=1480.37 914.75 565.621 543.816 581.368 393.188 23.8802 188.179 205.207 333.383 369.308 329.675 39.463 338.609
internal_count=18461 8121 10340 10190 4983 3313 224 1670 4728 3138 3089 2898 812 5462
cat_boundaries=0 1
cat_threshold=2
is_linear=0
shrinkage=0.05


Tree=32
num_leaves=15
num_cat=1
split_feature=8 16 8 12 2 5 12 23 8 1 7 23 0 5
split_gain=47.9722 22.9442 16.8436 13.839 12.4477 12.051 14.5336 11.4061 10.3173 11.5892 9.636 9.2744 9.03112 8.77803
threshold=5.291666666666667 0 9.7750000000000021 14.775000000000002 5.5000000000000009 11.500000000000002 13.225000000000001 3.9000000000000004 3.6333333333333337 9.5000000000000018 1.5000000000000002 2.5500000000000003 7.5000000000000009 11.500000000000002
decision_type=10 1 10 10 2 2 10 10 8 2 10 8 2 2
left_child=1 8 3 10 5 -3 -7 -8 9 -1 -2 -6 -10 -12
right_child=2 4 -4 -5 11 6 7 -9 12 -11 13 -13 -14 -15
leaf_value=0.0096503946261668888 0.023630776132550303 0.022328456891179876 -0.032018762604163122 0.038920687385737653 0.026814811882025721 -0.0040229986244909206 0.068118969020542916 0.0078138596997382632 -0.01950047942567 -0.021457843429984334 -0.0064148584059906394 -0.0064403368177181957 0.016314114730137497 -0.021643093340707846
leaf_weight=156.28444765508175 20.724308706820011 305.38296794891357 87.398268446326256 15.132187146693466 25.674459561705589 109.06451073661447 14.017611436545851 17.794727932661772 118.2805582024157 37.033825132995844 297.17559821158648 114.3130868114531 20.679388832300901 138.84564472734928
leaf_count=1251 140 2512 2201 186 167 971 91 166 1333 319 5247 1076 235 2566
internal_value=-0.000311674 0.00671783 -0.0118566 -0.00812224 0.0126672 0.0167478 0.00465048 0.0343864 -0.00377882 0.00369101 -0.00968079 -0.000341166 -0.0141707 -0.0112641
internal_weight=1477.8 918.526 559.276 471.878 586.247 446.26 140.877 31.8123 332.278 193.318 456.746 139.988 138.96 436.021
internal_count=18461 8121 10340 8139 4983 3740 1228 257 3138 1570 7953 1243 1568 7813
cat_boundaries=0 1
cat_threshold=2
is_linear=0
shrinkage=0.05


Tree=33
num_leaves=15
num_cat=2
split_feature=8 16 9 2 18 6 9 11 1 5 9 22 3 10
split_gain=44.517 19.3391 17.6648 15.9924 15.7405 14.0675 12.1711 11.2498 9.74364 8.65035 10.6291 8.17802 7.91443 8.2113
threshold=7.1000000000000005 0 0.15000000000000005 5.5000000000000009 1 38.500000000000007 -0.44999999999999996 37.245000000000012 8.5000000000000018 8.5000000000000018 0.45000000000000007 6.291666666666667 55.500000000000007 1.7100000000000006
decision_type=10 1 10 2 9 8 10 10 2 2 10 10 2 8
left_child=1 4 -2 5 6 11 -1 -4 -6 10 -7 -3 -11 -14
right_child=2 3 7 -5 8 9 -8 -9 -10 12 -12 -13 13 -15
leaf_value=0.075084175232640105 0.02841649963855869 0.012589101798714548 0.043452123410143283 -0.0037693343718553001 -0.0043300650440268908 0.023940414990567593 0.0091077987373809881 -0.022752139709402291 -0.023275769331519616 -0.010644139990901825 0.076751380295853572 -0.0035783842405646728 0.032234947034588443 -0.0077770861953530461
leaf_weight=7.5952008888125411 19.256632424890995 302.82601452246308 6.5763579010963431 185.4844588264823 256.83600254356861 22.121007993817329 87.765532914549112 264.33772959560156 92.235561959445477 18.448069777339697 16.73611531034112 105.45572256296873 74.161412451416254 15.502877965569494
leaf_count=41 231 2664 88 1917 2767 157 999 6085 1072 171 162 1326 596 185
internal_value=-0.000303028 0.00399455 -0.017856 0.00894186 -0.00425113 0.0131881 0.0129994 -0.0211451 -0.0090761 0.0264529 0.0466866 0.00841318 0.0191806 0.0253169
internal_weight=1475.34 1185.17 290.171 740.736 444.432 555.251 95.3607 270.914 349.072 146.969 38.8571 408.282 108.112 89.6643
internal_count=18461 12057 6404 7178 4879 5261 1040 6173 3839 1271 319 3990 952 781
cat_boundaries=0 1 2
cat_threshold=2 144
is_linear=0
shrinkage=0.05


Tree=34
num_leaves=15
num_cat=1
split_feature=9 23 6 12 0 5 22 5 23 3 16 9 5 21
split_gain=42.4527 20.437 15.0385 25.648 16.0216 18.7158 13.0216 11.6411 10.73 13.3754 10.5333 10.0622 10.3577 8.59773
threshold=1.2500000000000002 7.5500000000000007 32.500000000000007 12.100000000000001 2.5000000000000004 9.5000000000000018 8.2250000000000014 7.5000000000000009 5.7083333333333348 54.250000000000007 0 -1.1499999999999997 10.500000000000002 0.70714285714285718
decision_type=10 10 10 10 2 2 10 2 10 2 1 8 2 2
left_child=6 2 7 10 -5 -6 11 8 9 -2 -4 -1 -13 -14
right_child=1 -3 3 4 5 -7 -8 -9 -10 -11 -12 12 13 -15
leaf_value=0.037441590266401946 -0.00059306283447764388 -0.02695934520308332 0.049093086774899021 0.11876217935187541 0.090836588872756543 0.004207760743020963 -0.010796679917221545 -0.015686105815107234 -0.02283218003719778 0.079613768604008442 -0.0085940358240789005 0.013338445504310188 -0.0036569847348327314 0.012249752722718193
leaf_weight=29.262582138180733 10.933054476976396 146.41730171442032 8.5592387951910496 5.9912099279463282 8.7745610997080821 21.540666904300451 96.350305311381817 253.6197196058929 11.377826128154991 9.9087458215653879 104.81904197856784 385.77478414773941 251.85202610492706 128.18715228885412
leaf_count=138 135 3672 101 69 92 260 1376 4140 210 112 1361 3298 2627 870
internal_value=-0.000294672 -0.010799 -0.00536618 0.00747304 0.0440478 0.029282 0.0065628 -0.0120897 0.0162202 0.0375394 -0.00423908 0.00866648 0.00756695 0.00170836
internal_weight=1473.37 581.941 435.524 149.685 36.3064 30.3152 891.427 285.839 32.2196 20.8418 113.378 795.077 765.814 380.039
internal_count=18461 10152 6480 1883 421 352 8309 4597 457 247 1462 6933 6795 3497
cat_boundaries=0 1
cat_threshold=1
is_linear=0
shrinkage=0.05


Tree=35
num_leaves=15
num_cat=1
split_feature=8 9 22 18 20 19 6 6 5 12 9 12 6 12
split_gain=38.306 15.9247 14.9049 16.0287 13.9166 13.8223 13.14 11.2455 9.47559 9.26202 10.3557 9.51298 8.3525 7.59052
threshold=8.1000000000000014 2.4500000000000006 4.366666666666668 0 0.47222222222222227 7.5000000000000009 22.500000000000004 38.500000000000007 14.500000000000002 11.225000000000001 1.9500000000000002 9.1000000000000014 32.500000000000007 11.550000000000002
decision_type=10 10 10 9 2 2 10 10 2 10 10 10 10 10
left_child=1 2 3 -1 6 8 -2 -3 -5 11 -11 12 -4 -8
right_child=4 7 9 5 -6 -7 13 -9 -10 10 -12 -13 -14 -15
leaf_value=-0.0061539531168200122 -0.035378369682050541 -0.019930760998671897 -0.0023122240749490421 0.018819448508533829 0.066839496213563956 -0.028386485975813842 -0.030812211261820197 0.0094295211383845813 -0.03040129402346391 0.0077362982036257065 -0.022861312116027183 -0.011374120401601307 0.046803134674736215 0.0023541621931499196
leaf_weight=108.06935496628284 103.5483108907938 118.99465897120535 23.295871760696173 384.27115446701646 4.3493235707283011 17.072321124374866 25.427321607246995 44.927121799439192 10.033303070813416 304.59932272322476 30.414273703470826 227.84744266606867 13.774188816547392 53.64894643984735
leaf_count=862 2808 2039 261 3139 38 180 614 601 88 3399 512 2683 142 1114
internal_value=-0.00040939 0.00267118 0.00480261 0.0110031 -0.0215529 0.0152883 -0.0236581 -0.0118838 0.017567 -0.000566054 0.00495849 -0.00755237 0.0159377 -0.00831063
internal_weight=1470.27 1283.3 1119.38 519.446 186.974 411.377 182.625 163.922 394.304 599.931 335.014 264.918 37.0701 79.0763
internal_count=18480 13906 11266 4269 4574 3407 4536 2640 3227 6997 3911 3086 403 1728
cat_boundaries=0 2
cat_threshold=262178 19
is_linear=0
shrinkage=0.05


Tree=36
num_leaves=15
num_cat=2
split_feature=22 9 7 6 18 18 22 11 24 24 19 10 11 9
split_gain=30.8866 19.2516 17.2456 12.9268 12.8132 11.8468 10.3331 10.1535 9.86085 9.83496 9.61161 9.24065 9.0772 8.96399
threshold=6.9000000000000012 2.4500000000000006 5.5000000000000009 41.500000000000007 0 1 4.1000000000000005 39.210000000000015 3.3250000000000006 -2.3666666666666663 2.5000000000000004 1.1100000000000003 39.590000000000011 2.8500000000000001
decision_type=10 10 10 10 9 9 10 10 10 8 2 10 10 8
left_child=1 4 5 -3 -1 13 9 11 10 -6 -4 -8 -5 -2
right_child=2 3 8 12 6 -7 7 -9 -10 -11 -12 -13 -14 -15
leaf_value=-0.0027982543772997019 0.0047023719907238427 -0.021899332526318732 -0.01097877491035619 0.065535084770330251 0.077361332656657289 -0.020838462514566877 0.010290719150255419 -0.00093953882121843653 0.061602132428590611 0.01494450537121759 -0.032620602941041028 0.052980415573367634 0.00085806133696098388 0.061909419026920556
leaf_weight=269.94194854982197 114.21487577259541 107.73897457309067 88.90255630761385 6.5579188913106909 6.4273175671696663 41.195459995418787 51.580679003149271 252.18540953472257 3.4625630397349587 349.21932148188353 121.30730417370796 16.806847907602787 31.399412337690592 7.2843937948346129
leaf_count=2533 1311 1906 1918 75 97 441 420 3042 56 2854 3083 207 432 105
internal_value=-0.000397929 0.00385983 -0.0127499 -0.0130593 0.00646516 -0.000484227 0.0100557 0.00369432 -0.0220892 0.0160725 -0.0234678 0.0207821 0.0120324 0.00751376
internal_weight=1468.22 1091.86 376.367 145.696 946.162 162.695 676.22 320.573 213.672 355.647 210.21 68.3875 37.9573 121.499
internal_count=18480 11566 6914 2413 9153 1857 6620 3669 5057 2951 5001 627 507 1416
cat_boundaries=0 2 4
cat_threshold=3557572650 19 2208 8
is_linear=0
shrinkage=0.05


Tree=37
num_leaves=15
num_cat=1
split_feature=8 9 6 18 6 21 13 7 21 10 7 21 5 19
split_gain=33.2882 13.4174 14.337 14.0601 12.5489 13.7129 12.5663 11.7569 12.1111 11.6825 11.0804 9.38538 8.67505 8.19207
threshold=8.1000000000000014 1.3500000000000003 38.500000000000007 0 22.500000000000004 0.72077922077922085 1.0000000180025095e-35 11.500000000000002 0.47727272727272735 0.69000000000000028 7.5000000000000009 0.24038461538461542 7.5000000000000009 2.5000000000000004
decision_type=10 10 10 9 10 2 10 8 2 10 10 2 2 2
left_child=1 3 12 -1 5 -2 13 8 9 -4 11 -8 -3 -6
right_child=4 2 7 -5 6 -7 10 -9 -10 -11 -12 -13 -14 -15
leaf_value=-0.006482022098757147 -0.035618568563937483 0.011622961599797327 0.051604382620390479 0.00906669378683456 0.046856443685522386 0.070711879753632023 -0.010477390228917794 0.094156575908220574 0.043516495922790874 -0.007021030516862212 -0.03112318871310393 0.066374662487270406 -0.013890086460564175 -0.024744372028339307
leaf_weight=177.60174728929996 97.049241634085774 38.150108832865953 9.5389948524534685 696.57469679787755 15.126729603856804 3.1299597136676303 11.500072427093984 4.0373315513133994 18.903132949024439 77.851192403584719 42.576567521318793 6.0692568719387046 263.08975020982325 5.428414797410368
leaf_count=1515 2788 535 81 6119 213 35 227 64 194 1027 1100 74 4371 137
internal_value=-0.000392737 0.00243262 -0.00501135 0.00593731 -0.0204762 -0.0322964 -0.00580293 0.0104087 0.0072277 -0.000621828 -0.0173372 0.0160709 -0.010659 0.0279474
internal_weight=1466.63 1285.75 411.571 874.176 180.88 100.179 80.701 110.331 106.293 87.3902 60.1459 17.5693 301.24 20.5551
internal_count=18480 13906 6272 7634 4574 2823 1751 1366 1302 1108 1401 301 4906 350
cat_boundaries=0 2
cat_threshold=3489677338 19
is_linear=0
shrinkage=0.05


Tree=38
num_leaves=15
num_cat=0
split_feature=8 1 12 23 10 6 9 5 21 9 21 11 24 7
split_gain=30.6549 12.6023 13.8976 12.961 12.8626 11.957 11.5436 11.9386 10.1962 9.81523 12.9915 9.22786 15.9722 8.88476
threshold=8.1000000000000014 11.500000000000002 13.225000000000001 6.7750000000000012 3.6100000000000008 21.500000000000004 2.4500000000000006 12.500000000000002 0.94444444444444453 0.65000000000000002 0.18465909090909094 40.890000000000015 -1.8999999999999997 5.5000000000000009
decision_type=10 2 8 10 8 10 10 2 2 10 2 10 10 8
left_child=1 2 3 6 9 8 7 11 -2 10 13 -1 -13 -5
right_child=5 -3 -4 4 -6 -7 -8 -9 -10 -11 -12 12 -14 -15
leaf_value=0.011594794160343721 -0.036606447515949325 -0.014026455177800105 0.017305681080557384 0.087115160912346001 0.06643356660622883 -0.007614176321279734 -0.011486192294847933 -0.013036963243140834 0.068532276951781532 -0.022790707259329534 -0.014328498506584296 0.069880432273263529 -0.0044729612298016639 -0.0014719193987926763
leaf_weight=506.18411640822887 81.191974150016904 108.18672226928174 164.0778338573873 6.9073278903961155 5.0016105882823458 93.821913950145245 106.84179662168026 73.943458708003163 2.3733800277113906 104.12412171252072 22.118546318262815 7.5288993753492823 177.64161605015397 4.7953414767980584
leaf_count=4286 2426 1230 1639 70 98 2123 1583 696 25 1984 236 96 1907 81
internal_value=-0.00037923 0.00230582 0.00380428 0.00162193 -0.0123335 -0.0198654 0.00390928 0.00605861 -0.0336204 -0.0151894 0.00821227 0.00810096 -0.00144981 0.0508153
internal_weight=1464.74 1287.35 1179.16 1015.09 142.947 177.387 872.14 765.298 83.5654 137.945 33.8212 691.355 185.171 11.7027
internal_count=18480 13906 12676 11037 2469 4574 8568 6985 2451 2371 387 6289 2003 151
is_linear=0
shrinkage=0.05


Tree=39
num_leaves=15
num_cat=0
split_feature=8 20 9 22 19 5 19 2 11 11 9 3 12 12
split_gain=28.158 11.5033 11.4581 11.047 11.0066 8.87418 8.68159 13.996 8.5057 9.61949 10.3672 7.90789 9.58671 7.68631
threshold=8.1000000000000014 0.19090909090909094 2.4500000000000006 4.366666666666668 7.5000000000000009 14.500000000000002 1.0000000180025095e-35 3.5000000000000004 41.610000000000014 42.490000000000009 1.3500000000000003 55.500000000000007 10.450000000000001 11.225000000000001
decision_type=10 2 10 10 2 2 2 2 10 10 10 2 8 10
left_child=2 6 3 4 5 11 7 -2 13 -10 -11 12 -1 -5
right_child=1 -3 -4 8 -6 -7 -8 -9 9 10 -12 -13 -14 -15
leaf_value=-0.0063740390778531768 0.063412915734030892 0.037978464738615748 -0.010396732867492556 -0.0056774833486488039 -0.026452074957576212 -0.03016225816924837 -0.027510849423700287 -0.016805433487852996 -0.03300377375779278 0.073363086653996962 -0.031206989565952799 0.01859547227869494 0.013180632755759793 0.0061984068632043639
leaf_weight=99.644376177340746 7.1216167695820358 8.3634414356201869 158.70914871618152 241.56133211404085 20.784958209842443 12.968515053391455 135.70343748480082 22.993085583671927 36.530623694881797 4.9679242186248285 4.5328480377793312 227.47458476945758 168.94426218792796 312.50954885594547
leaf_count=821 115 105 2640 2762 221 113 3880 474 547 57 90 1626 1488 3541
internal_value=-0.000367036 -0.0192356 0.0021834 0.00395041 0.00921203 0.0106683 -0.0221214 0.00216485 -0.000694951 -0.0213472 0.0234724 0.0117357 0.005926 0.00102081
internal_weight=1462.81 174.182 1288.63 1129.92 529.817 509.032 165.818 30.1147 600.102 46.0314 9.50077 496.063 268.589 554.071
internal_count=18480 4574 13906 11266 4269 4048 4469 589 6997 694 147 3935 2309 6303
is_linear=0
shrinkage=0.05


Tree=40
num_leaves=15
num_cat=3
split_feature=8 21 18 6 18 22 0 6 16 23 0 11 11 9
split_gain=19.3504 13.6827 15.2787 16.7444 14.8994 13.9395 11.0658 12.6893 11.0621 12.3009 8.69265 10.7094 9.44721 8.51625
threshold=9.5500000000000025 0.55050505050505061 0 37.500000000000007 1 9.3666666666666689 5.5000000000000009 58.500000000000007 2 1.5500000000000003 3.5000000000000004 39.610000000000014 41.510000000000012 0.8500000000000002
decision_type=10 2 9 10 9 10 2 8 1 8 2 10 10 8
left_child=1 2 -1 8 -3 10 7 -6 -4 -10 12 -12 -5 -11
right_child=-2 4 3 5 6 -7 -8 -9 9 13 11 -13 -14 -15
leaf_value=-0.0078767060330981568 -0.02379632431233146 -0.0030158566981685797 0.0083550025614822169 0.024992206962321007 0.011441762244844285 0.098336587316072532 0.028293101289931202 -0.047635954685630325 0.092706351753582772 0.0063864109866173819 0.035610208609426937 -0.004153154457001435 0.091388166148972272 -0.018978918542760358
leaf_weight=527.51949068158865 83.513538904488087 164.88023079559207 158.33804434165359 25.342332314699888 111.02762906625867 5.5437093824148169 114.51123176142573 9.8997069597244245 2.8603764809668055 45.949904289096594 24.556303042918444 54.546187914907932 6.7936875969171515 118.24445822834969
leaf_count=6973 2435 1199 2199 269 773 80 796 69 21 485 212 668 89 2138
internal_value=-0.000430183 0.000994175 -0.00221637 0.00461034 0.00877109 0.020956 0.0164548 0.00660537 -0.00111437 -0.0100896 0.0170997 0.00819085 0.0390286 -0.0118804
internal_weight=1453.53 1370.01 969.694 442.175 400.319 116.782 235.439 120.927 325.393 167.055 111.239 79.1025 32.136 164.194
internal_count=18406 15971 13134 6161 2837 1318 1638 842 4843 2644 1238 880 358 2623
cat_boundaries=0 2 4 5
cat_threshold=3490712638 20 1073741856 26 4
is_linear=0
shrinkage=0.05


Tree=41
num_leaves=15
num_cat=2
split_feature=9 23 6 10 18 11 24 16 24 11 5 0 22 23
split_gain=17.6065 15.5824 10.4316 9.82731 9.55098 11.3891 12.141 11.6742 10.6377 10.0975 10.6167 9.03259 14.101 11.3531
threshold=1.2500000000000002 4.291666666666667 38.500000000000007 0.92000000000000015 0 39.210000000000015 -0.54999999999999993 1 -1.3666666666666665 38.877500000000012 7.5000000000000009 7.5000000000000009 5.2250000000000005 2.2250000000000005
decision_type=10 10 10 10 9 8 10 1 10 10 2 2 10 10
left_child=4 3 -3 -2 8 6 -6 -8 -1 -10 -11 13 -13 -12
right_child=1 2 -4 -5 5 -7 7 -9 9 10 11 12 -14 -15
leaf_value=0.06810254791109803 0.023329992285023887 -0.01733586821997609 0.0014962145949892036 -0.0030822943384854963 0.04892776064140926 -0.0027098241537130609 0.016817010684791009 -0.0074618812368207905 -0.013021568238119594 0.063656245817771559 0.051341343985777048 0.0048499413226829186 0.099796539851908561 0.00070253311654178575
leaf_weight=9.0860276054590923 53.392740044742823 299.21234794892371 97.496015083044767 103.46000260300934 19.071553688496351 513.74612971022725 125.50768093764782 81.769554562866688 30.998224966228008 11.981828153133391 12.910701923072336 8.4114304669201356 7.3079629037529221 77.567497324198484
leaf_count=105 489 6860 1432 1350 194 4925 940 715 245 100 80 69 87 815
internal_value=-0.000418544 -0.00743273 -0.0127076 0.00590846 0.00390354 0.00138846 0.0107517 0.00723914 0.0146514 0.012378 0.0190403 0.0140064 0.0489907 0.00792839
internal_weight=1451.92 553.561 396.708 156.853 898.359 740.095 226.349 207.277 158.264 149.178 118.179 106.198 15.7194 90.4782
internal_count=18406 10131 8292 1839 8275 6774 1849 1655 1501 1396 1151 1051 156 895
cat_boundaries=0 1 2
cat_threshold=1156 4
is_linear=0
shrinkage=0.05


Tree=42
num_leaves=15
num_cat=0
split_feature=8 3 19 2 4 5 6 5 9 10 10 22 8 24
split_gain=17.3627 11.9106 12.4783 15.0996 14.043 11.5943 11.4914 10.5829 10.7625 14.3792 10.1561 9.82234 9.48339 10.992
threshold=9.5500000000000025 55.500000000000007 1.5000000000000002 3.5000000000000004 1450.0000000000002 11.500000000000002 7.5000000000000009 13.500000000000002 1.7500000000000002 0.95999999999999996 0.79000000000000037 3.1000000000000005 6.1000000000000005 0.90000000000000013
decision_type=10 2 2 2 2 2 8 2 10 10 8 10 10 10
left_child=1 6 3 4 12 10 -1 8 -8 -10 -5 -4 13 -3
right_child=-2 2 11 5 -6 -7 7 -9 9 -11 -12 -13 -14 -15
leaf_value=0.053855938033142571 -0.022884210242535671 0.025126774605029413 0.015263709132307636 0.031459166880161003 0.003948113484558406 -0.0081259327494997476 0.0011377166257824404 -0.027656200125464898 0.027347623808199262 -0.018829278331852869 0.0023477537262689891 -0.0041758868408990962 0.088109009280515405 0.097157254224429501
leaf_weight=8.5727984085679036 81.084941769018769 34.318066645413637 82.162005675956607 57.397079564630985 28.771631795912981 82.00749603100121 471.47998048365116 45.635780062526464 19.010571599006653 148.93958979099989 62.673906231299043 310.72864583879709 11.258649963885544 6.2630695067346087
leaf_count=119 2435 290 598 375 249 866 4874 664 204 2831 799 3895 157 50
internal_value=-0.000403202 0.00092812 0.00565341 0.0136645 0.0319606 0.00636594 -0.00367416 -0.00439408 -0.00273387 -0.0136024 0.0162638 -0.000110643 0.0475078 0.0362436
internal_weight=1450.3 1369.22 675.581 282.69 80.6114 202.078 693.639 685.066 639.43 167.95 120.071 392.891 51.8398 40.5811
internal_count=18406 15971 7279 2786 746 2040 8692 8573 7909 3035 1174 4493 497 340
is_linear=0
shrinkage=0.05


Tree=43
num_leaves=15
num_cat=0
split_feature=8 12 3 5 12 7 13 8 24 12 9 11 23 0
split_gain=16.051 13.0602 10.5921 9.76508 10.9089 11.3143 13.6742 8.22987 8.78194 8.12035 7.52988 12.4894 7.38307 9.03846
threshold=8.4500000000000011 14.100000000000001 52.250000000000007 11.500000000000002 12.225000000000001 10.500000000000002 1.0000000180025095e-35 1.6333333333333335 1.5500000000000003 13.225000000000001 0.95000000000000007 41.845000000000013 3.9000000000000004 2.5000000000000004
decision_type=10 10 2 2 10 8 10 8 10 10 10 8 10 2
left_child=2 10 -1 4 7 -6 -7 8 -4 -5 11 -2 -11 -14
right_child=1 -3 3 9 5 6 -8 -9 -10 12 -12 -13 13 -15
leaf_value=-0.018549188458696037 -0.012543738960943374 0.015847400377623437 0.026896362935058718 -0.0086579629239307895 0.014526364942168555 0.15236976561449056 0.013481820920018268 0.0009391053540977872 -0.0187203974683786 0.028921585547232023 -0.030509598260110848 0.096372245384208299 0.038319127115457104 -0.0093855264914678525
leaf_weight=63.757394889369607 21.553761806339029 25.460914185270667 59.159279204905033 281.48616694658995 141.05262023955584 3.3626359887421131 3.7469219528138629 645.84532496146858 12.840778164565561 29.589506555348635 89.279530053958297 2.9981932006776324 12.054625682532786 56.313892537727952
leaf_count=891 412 532 333 3315 1449 44 78 7204 72 233 2940 58 151 694
internal_value=-0.000388839 -0.0165251 0.00132796 0.00234552 0.00527612 0.0176284 0.0791722 0.00272663 0.0187609 -0.00434302 -0.0237659 0.000756675 0.00805613 -0.00097432
internal_weight=1448.5 139.292 1309.21 1245.45 866.008 148.162 7.10956 717.845 72.0001 379.444 113.831 24.552 97.958 68.3685
internal_count=18406 3942 14464 13573 9180 1571 122 7609 405 4393 3410 470 1078 845
is_linear=0
shrinkage=0.05


Tree=44
num_leaves=15
num_cat=2
split_feature=21 18 19 18 3 1 0 6 10 22 11 1 6 6
split_gain=15.2467 16.3281 16.0073 12.3862 12.1279 12.051 10.6782 11.4961 10.4635 10.4434 9.2898 9.51238 8.97044 8.26071
threshold=0.55050505050505061 0 1.5000000000000002 1 55.500000000000007 4.5000000000000009 5.5000000000000009 57.500000000000007 1.5775000000000003 2.7750000000000004 41.390000000000015 7.5000000000000009 29.500000000000004 10.500000000000002
decision_type=2 9 2 9 2 2 2 10 10 10 10 2 10 10
left_child=1 8 4 -2 -3 9 7 -5 -1 -4 11 12 -8 -7
right_child=3 2 5 6 -6 13 10 -9 -10 -11 -12 -13 -14 -15
leaf_value=-0.0051555704904885985 -0.0017060674288784075 0.0029252867186456122 0.057945720741089113 0.010546333549373035 0.026620658311835355 0.043493083419328053 0.090559013493014387 -0.046789584674622214 -0.02030682114628202 0.0034489982000699042 -0.015349942431954346 0.024214599868874712 0.025962514870639802 -0.015666234026711714
leaf_weight=412.63006917200983 191.40754258260131 123.93299075216055 9.8778459280729276 101.0290102660656 95.698697280138731 6.1343311034142962 12.136014577001335 9.5707212686538679 157.42683697491884 79.904662014916539 11.10673765838146 71.547195766121149 9.6464271023869497 155.00454160384834
leaf_count=4808 1376 1657 106 698 1072 116 81 68 3599 1448 92 488 61 2736
internal_value=-0.000374634 -0.00358217 0.00332229 0.00783757 0.0132499 -0.00523497 0.0156826 0.00558478 -0.00917872 0.00944471 0.0278779 0.0330223 0.0619522 -0.0134141
internal_weight=1447.05 1040.61 470.553 406.444 219.632 250.921 215.036 110.6 570.057 89.7825 104.436 93.3296 21.7824 161.139
internal_count=18406 15542 7135 2864 2729 4406 1488 766 8407 1554 722 630 142 2852
cat_boundaries=0 2 4
cat_threshold=3297774654 20 1073741872 26
is_linear=0
shrinkage=0.05


Tree=45
num_leaves=15
num_cat=0
split_feature=23 3 6 12 11 2 19 5 6 1 12 24 20 1
split_gain=18.3244 16.3069 11.8795 10.9959 10.4515 10.1641 10.3828 9.12927 11.9362 11.984 15.0092 15.6253 11.6271 9.04107
threshold=5.9000000000000012 55.500000000000007 7.5000000000000009 14.633333333333335 38.845000000000013 7.5000000000000009 8.5000000000000018 12.500000000000002 19.500000000000004 3.5000000000000004 11.450000000000001 -1.0999999999999999 0.17424242424242428 10.500000000000002
decision_type=10 2 8 10 10 2 2 2 10 2 10 10 2 2
left_child=1 2 -1 7 -3 6 -6 8 -2 10 11 -10 -12 -5
right_child=3 4 -4 13 5 -7 -8 -9 9 -11 12 -13 -14 -15
leaf_value=0.062877230586331129 -0.024128979664190368 0.02481983331529173 -0.004534370523677304 0.038801466773645661 0.0084325213900843295 -0.038437252970164065 -0.046088590556481561 -0.025797567140215624 0.061862528338730675 -0.0090375048292303858 0.026457753951664671 -0.024143067238221089 0.10892667232703566 -0.043515070584923182
leaf_weight=6.6211810521781436 83.34551739692688 87.258301097899675 504.30389297939837 18.793305162340406 373.18214992433786 12.62732428871095 8.9414353966712934 87.636756749823689 6.4841875974088898 185.0640982016921 30.946885466575623 28.459499036893249 4.9588191397488108 4.0555179342627516
leaf_count=72 1970 567 5183 245 3305 143 106 1831 132 3547 628 544 49 61
internal_value=-0.0012296 0.00256287 -0.00366077 -0.00960252 0.00915988 0.0056983 0.00715676 -0.0114112 -0.007695 -0.00234281 0.0151443 -0.00818378 0.0378473 0.0241908
internal_weight=1442.68 992.934 510.925 449.745 482.009 394.751 382.124 426.896 339.259 255.913 70.8494 34.9437 35.9057 22.8488
internal_count=18383 9376 5255 9007 4121 3554 3411 8701 6870 4900 1353 676 677 306
is_linear=0
shrinkage=0.05


Tree=46
num_leaves=15
num_cat=0
split_feature=23 3 6 1 6 20 10 2 5 21 1 0 24 23
split_gain=16.69 14.6448 10.2807 8.51433 13.4844 8.15818 12.0782 8.1544 7.64947 7.63515 7.57003 13.1972 8.80003 7.19313
threshold=5.9000000000000012 55.500000000000007 7.5000000000000009 3.5000000000000004 20.500000000000004 0.17424242424242428 0.52250000000000019 7.5000000000000009 8.5000000000000018 0.47727272727272735 9.5000000000000018 7.5000000000000009 -0.29166666666666657 9.4500000000000011
decision_type=10 2 8 2 10 2 10 2 2 2 2 2 10 10
left_child=1 2 -1 4 9 6 -6 -3 -5 -2 11 -4 -13 -8
right_child=3 7 10 8 5 -7 13 -9 -10 -11 -12 12 -14 -15
leaf_value=0.056989907908557708 -0.035115374250268581 0.0098818718758525905 -0.0033504413559070755 0.0046291809477493088 0.11354509540312115 0.05320741888276978 0.0098177977661632315 -0.025588230247499351 -0.016679257527952494 0.02369664280062507 -0.017306311999034089 0.086600741410711876 0.014131316523012194 -0.034477871485372867
leaf_weight=6.9314034618437281 28.632079061120749 467.73172072134912 392.71590726077557 49.718604223802686 2.5666328445076934 10.945270873606203 60.947523260489106 16.784918183460832 275.51231937296689 6.836156975477933 91.762797689065337 6.5459770932793644 11.634332995861767 10.787201434373854
leaf_count=72 783 3941 3984 890 21 109 1152 180 5697 85 1021 66 112 270
internal_value=-0.00117588 0.00242935 -0.00348816 -0.00921271 0.00212747 0.0129067 0.00696998 0.0086531 -0.0134218 -0.0237799 -0.00432212 -0.00142244 0.0402246 0.00315678
internal_weight=1440.05 994.107 509.59 445.946 120.715 85.2466 74.3014 484.517 325.231 35.4682 502.659 410.896 18.1803 71.7347
internal_count=18383 9376 5255 9007 2420 1552 1443 4121 6587 868 5183 4162 178 1422
is_linear=0
shrinkage=0.05


Tree=47
num_leaves=15
num_cat=0
split_feature=22 3 2 12 12 6 6 5 19 19 19 23 6 24
split_gain=15.5472 15.6949 10.028 9.96313 8.62216 8.62772 8.38004 8.61454 8.22603 7.40721 14.8275 7.22668 8.84342 7.21396
threshold=6.9000000000000012 55.500000000000007 7.5000000000000009 10.550000000000002 14.100000000000001 19.500000000000004 7.5000000000000009 9.5000000000000018 8.5000000000000018 2.5000000000000004 1.5000000000000002 6.5500000000000007 29.500000000000004 -0.22499999999999998
decision_type=10 2 2 8 10 10 8 2 2 2 2 10 10 10
left_child=1 3 8 13 5 -2 -5 -8 -3 10 -6 12 -7 -1
right_child=4 2 -4 6 9 11 7 -9 -10 -11 -12 -13 -14 -15
leaf_value=9.1884501155029137e-06 -0.027954747348462341 0.010428769331190612 -0.029132209357498967 0.059531124540651598 0.0092796034831633418 0.023564171274105532 0.010078090980451457 -0.005778683913949513 -0.03399346646640225 -0.013860430141220695 0.10573663332192998 -0.014005266205131622 -0.01306146652718909 -0.020273057954221182
leaf_weight=67.62852543219924 75.109883096069098 486.47461242601275 17.406625010073185 5.9850252699106923 20.922465249896053 33.504099575802684 133.35940480977297 239.43598602339625 10.649622226133941 18.400685168802738 4.9213372673839322 166.77663250267506 32.438062820583582 124.64211553148925
leaf_count=923 1767 4454 211 72 262 421 1396 3121 136 385 82 3610 349 1194
internal_value=-0.00112371 0.0018374 0.00817098 -0.00386932 -0.010254 -0.0132204 0.000836048 -0.000106269 0.00947714 0.0103849 0.0276475 -0.00846491 0.0055474 -0.0131391
internal_weight=1437.66 1085.58 514.531 571.051 352.073 307.829 378.78 372.795 497.124 44.2445 25.8438 232.719 65.9422 192.271
internal_count=18383 11507 4801 6706 6876 6147 4589 4517 4590 729 344 4380 770 2117
is_linear=0
shrinkage=0.05


Tree=48
num_leaves=15
num_cat=1
split_feature=22 3 2 12 12 1 6 18 21 11 19 11 12 19
split_gain=14.1681 14.1129 9.14086 9.09654 7.85727 9.41668 8.13562 7.80758 10.4624 7.52869 7.51651 7.50006 7.32541 7.20976
threshold=6.9000000000000012 55.500000000000007 7.5000000000000009 10.550000000000002 14.100000000000001 11.500000000000002 19.500000000000004 0 0.11805555555555557 40.445000000000014 8.5000000000000018 40.090000000000011 6.7083333333333348 2.5000000000000004
decision_type=10 2 2 8 10 2 10 9 2 10 2 10 10 2
left_child=1 3 10 12 6 13 -2 8 -5 11 -3 -10 -1 -6
right_child=4 2 -4 7 5 -7 -8 -9 9 -11 -12 -13 -14 -15
leaf_value=0.015201567438460498 -0.027222839349711495 0.0098399601436604464 -0.028300449551515172 -0.0040241801739080317 0.036414379274747194 -0.04734039885551055 -0.0081061287243845617 -0.0051721396852990442 0.026738241574346684 0.0046159817001152721 -0.0331596202124246 0.083193481461327268 -0.016058473840798462 -0.0079676023730178951
leaf_weight=21.071460846811533 73.318944104015827 489.71939851343632 17.031966110691428 74.221146358177066 23.327210875228047 6.2142346687614909 231.01149731688201 222.37278304807842 39.670429613441229 35.795549800619483 10.378519631922243 6.9072921089828005 169.45249932073057 15.056918948888777
leaf_count=189 1767 4454 211 987 297 113 4380 2826 331 383 136 62 1928 319
internal_value=-0.00107373 0.00174106 0.00772081 -0.00368888 -0.00983944 0.00976031 -0.0127117 0.000791749 0.00901538 0.0218589 0.00894759 0.0351103 -0.0126012 0.0190047
internal_weight=1435.55 1086.62 517.13 569.491 348.929 44.5984 304.33 378.967 156.594 82.3733 500.098 46.5777 190.524 38.3841
internal_count=18383 11507 4801 6706 6876 729 6147 4589 1763 776 4590 393 2117 616
cat_boundaries=0 2
cat_threshold=1115292 4
is_linear=0
shrinkage=0.05


Tree=49
num_leaves=15
num_cat=2
split_feature=23 3 5 7 10 21 18 9 19 0 9 10 5 18
split_gain=13.691 12.4124 9.9858 7.39242 22.6305 7.30858 6.97906 8.07579 6.85684 6.50378 6.73351 7.51597 8.53789 6.29028
threshold=8.6333333333333346 55.500000000000007 13.500000000000002 12.500000000000002 1.6633333333333338 0.5634920634920636 0 2.2500000000000004 4.5000000000000009 3.5000000000000004 1.6500000000000001 0.56333333333333357 7.5000000000000009 1
decision_type=10 2 2 10 10 2 9 10 2 2 10 10 2 9
left_child=1 2 3 6 -5 -2 7 -1 13 -10 11 -11 -13 -3
right_child=5 8 -4 4 -6 -7 -8 -9 9 10 -12 12 -14 -15
leaf_value=0.012168661963350725 -0.022159732352502834 0.010858347450868689 -0.027838064281377813 0.15966816628177083 -0.015654644991769589 0.029242041929290936 -0.006152376408935744 -0.02458516708400901 -0.024549829603310772 -0.015574315479064682 -0.021689668773182604 0.072099790652053672 0.011722635616754108 -0.001260097359677315
leaf_weight=110.13437160477042 96.709402633830905 386.99645412154496 42.788075890392065 2.7986512146890146 5.3766389098018408 7.4479772150516501 489.07499201409519 17.292501702904701 32.714384419843554 20.720376383513212 23.332118049263954 6.8672854751348487 39.731309775263071 151.35438932850957
leaf_count=1223 2766 3858 668 45 156 72 6125 368 439 134 474 71 517 1467
internal_value=-0.00102751 0.000340424 -0.00447049 -0.0028699 0.0443637 -0.0184841 -0.00349626 0.00665844 0.00519314 -0.00543927 0.00145739 0.00947994 0.0206205 0.0076296
internal_weight=1433.34 1329.18 667.465 624.677 8.17529 104.157 616.502 127.427 661.716 123.365 90.6511 67.319 46.5986 538.351
internal_count=18383 15545 8585 7917 201 2838 7716 1591 6960 1635 1196 722 588 5325
cat_boundaries=0 2 4
cat_threshold=1115264 4 8685720 10
is_linear=0
shrinkage=0.05


Tree=50
num_leaves=15
num_cat=1
split_feature=8 2 19 21 13 5 24 18 14 8 4 6 12 5
split_gain=19.4855 9.73142 9.52583 14.4826 10.8052 9.32818 7.69387 7.44721 7.09223 6.59512 7.38898 8.54991 6.376 7.87318
threshold=4.1000000000000005 6.5000000000000009 1.0000000180025095e-35 0.11805555555555557 1.0000000180025095e-35 7.5000000000000009 -0.29166666666666657 0 1.5000000000000002 10.225000000000001 1750.0000000000002 24.500000000000004 14.100000000000001 9.5000000000000018
decision_type=10 2 2 2 10 2 10 9 8 10 2 10 10 2
left_child=7 2 4 6 5 -2 9 -1 -9 10 -4 -12 13 -5
right_child=1 -3 3 12 -6 -7 -8 8 -10 -11 11 -13 -14 -15
leaf_value=-0.0053745731681890301 0.086314136672402939 -0.021364088821279947 -0.0040335389881795605 0.0089525344569532858 -0.0012313350043881501 0.019652984854280194 -0.024686206562837182 0.051771365492374745 0.0075019224587464049 -0.03726456249915621 0.0014800880424892036 0.13468680143012082 0.025947759498263043 -0.0082747139913429048
leaf_weight=120.32595007866621 6.2174405343830577 89.04936539195478 74.335845235735178 106.81724259443581 89.775932094082236 33.656355928629637 125.03479637764394 9.1937993466854095 567.40537131950259 14.065525226294993 2.7733460534363976 2.1296356767416 22.442884847521782 174.94332259148359
leaf_count=888 62 1668 1701 1373 1436 393 2959 66 4399 552 74 50 271 2526
internal_value=-0.000216525 -0.00585984 -0.00374291 -0.00675286 0.00838842 0.0300473 -0.0165782 0.00578564 0.00806787 -0.00571295 -0.000112292 0.0593391 0.000299213 -0.00174375
internal_weight=1438.17 741.242 652.192 522.543 129.65 39.8738 218.339 696.925 576.599 93.3044 79.2388 4.90298 304.203 281.761
internal_count=18418 13065 11397 9506 1891 455 5336 5353 4465 2377 1825 124 4170 3899
cat_boundaries=0 2
cat_threshold=1075052564 23
is_linear=0
shrinkage=0.05


Tree=51
num_leaves=15
num_cat=2
split_feature=8 9 19 21 13 7 8 18 6 9 6 18 19 6
split_gain=17.6124 10.8949 12.6334 14.8236 11.5047 12.2558 11.3393 10.3901 8.13837 7.69775 7.64865 7.29544 8.30623 7.17976
threshold=4.1000000000000005 1.2500000000000002 1.0000000180025095e-35 0.24038461538461542 1.0000000180025095e-35 5.5000000000000009 4.291666666666667 0 47.500000000000007 -1.1499999999999997 91.500000000000014 1 7.5000000000000009 55.500000000000007
decision_type=10 10 2 2 10 10 10 9 10 8 10 9 2 8
left_child=9 7 4 -4 5 -3 -6 -2 -7 -1 -10 12 -11 -5
right_child=1 2 3 13 6 8 -8 -9 10 11 -12 -13 -14 -15
leaf_value=0.034244673948682421 0.0062110937063992958 -0.036885373240313039 -0.024116075653790866 -0.003678886043645713 0.090937025984202391 0.09486998049188082 -0.013682182284302197 -0.010743561517199043 -0.0090760938994860242 0.0084401700777900126 0.062071139704373349 -0.0052339150060673363 -0.02701519896165477 0.046601333342350205
leaf_weight=22.496906124055386 249.38126143999398 5.1626166533678797 199.59569464623928 74.130376415327191 2.7379922047257415 6.656649990007284 47.926527034491301 128.6850958969444 7.1431955695152274 513.65891584008932 8.0173611678183061 146.23925665766001 17.067740835249424 7.8519919738173476
leaf_count=101 3094 61 5581 1239 36 106 994 1684 75 4001 97 1095 156 98
internal_value=-0.000212362 -0.00560438 -0.0118398 -0.0167636 0.00601655 0.0323911 -0.00802839 0.000320233 0.048784 0.00547125 0.0285487 0.00451505 0.00716495 0.00113678
internal_weight=1436.75 737.289 359.222 281.578 77.6443 26.9798 50.6645 378.066 21.8172 699.463 15.1606 676.966 530.727 81.9824
internal_count=18418 13065 8287 6918 1369 339 1030 4778 278 5353 172 5252 4157 1337
cat_boundaries=0 2 4
cat_threshold=1345668 11 8400040 8
is_linear=0
shrinkage=0.05


Tree=52
num_leaves=15
num_cat=0
split_feature=9 10 12 6 19 24 2 3 10 4 10 22 24 20
split_gain=16.1373 14.6046 11.2155 10.6526 9.37664 8.80725 8.32581 7.56075 7.47475 7.41006 9.32069 7.6364 7.31046 9.56708
threshold=1.2500000000000002 0.81000000000000016 6.6333333333333337 30.500000000000004 1.5000000000000002 3.3250000000000006 4.5000000000000009 53.250000000000007 -0.5099999999999999 1550.0000000000002 0.94500000000000017 4.1000000000000005 -0.77499999999999991 0.13392857142857145
decision_type=10 10 10 10 2 10 2 2 8 2 10 10 8 2
left_child=7 6 -3 5 -5 -4 -2 -1 -9 10 -6 -11 13 -10
right_child=1 2 3 4 9 -7 -8 8 12 11 -12 -13 -14 -15
leaf_value=-0.010637357552792799 0.032047829984180085 0.045633771809650205 -0.017752719131883359 0.0095547319360121848 0.053475405252484245 0.082883503547388215 -0.0039059971056698423 0.039537447528155925 0.0089625643236012145 0.071219442559363327 -0.029338705177522226 -0.0052096721556171531 0.0030875682622051605 0.049478959907780964
leaf_weight=81.92762085981667 34.228467162698507 8.8145375512540323 291.32757989689708 91.40393834002316 3.6428103558719149 2.1904081907123318 30.405185203999281 15.629810653626919 56.929887861013412 4.3305268734693554 50.486348336562514 13.322952996939419 730.83131374232471 19.581351093947887
leaf_count=916 308 99 6892 1265 40 37 287 70 701 52 913 241 6440 157
internal_value=-0.000210356 -0.00713744 -0.0102297 -0.0113079 -0.00106659 -0.0170017 0.0151343 0.00384801 0.00529004 -0.0145912 -0.0237654 0.0135389 0.00462703 0.0193318
internal_weight=1435.05 530.153 465.519 456.705 163.187 293.518 64.6337 904.9 822.972 71.7826 54.1292 17.6535 807.343 76.5112
internal_count=18418 10134 9539 9440 2511 6929 595 8284 7368 1246 953 293 7298 858
is_linear=0
shrinkage=0.05


Tree=53
num_leaves=15
num_cat=1
split_feature=8 18 19 1 11 8 12 12 5 11 11 4 22 11
split_gain=14.9838 7.97943 10.8219 6.89729 8.62682 6.85671 8.02627 7.99818 7.67085 7.94387 6.82472 6.10922 7.92545 7.78668
threshold=4.1000000000000005 0 4.5000000000000009 10.500000000000002 38.445000000000014 8.4500000000000011 10.775000000000002 14.775000000000002 6.5000000000000009 40.345000000000006 37.470000000000006 1300.0000000000002 6.9000000000000012 42.022500000000015
decision_type=10 9 2 2 8 10 10 10 2 10 10 2 10 10
left_child=3 5 10 -1 -5 6 -2 -7 9 -8 -3 -4 13 -13
right_child=1 2 11 4 -6 7 8 -9 -10 -11 -12 12 -14 -15
leaf_value=0.0069570793327700421 -0.022588188728688448 0.051745665886897364 -0.033652751242598505 0.027242048030501193 -0.014187501726721216 -0.029692776067253259 -0.0049863444537798863 0.028346217506397233 -0.0047857672128492675 0.085097561588594994 0.0038772986136913429 -0.0029774275317503377 -0.025165666097760817 0.059931450374593034
leaf_weight=608.50925750657916 66.275409728288651 7.6668987255543462 29.988891266286373 14.94145170971751 79.009077236056328 64.231239629909396 4.8610604461282474 6.540403224527835 240.71768131293356 4.9283873625099659 258.52728638425469 16.490516595542434 23.756201690062881 7.0098567381501189
leaf_count=4585 1008 74 672 104 664 2097 57 103 3599 64 4268 275 699 149
internal_value=-0.000204467 -0.00521569 0.000461404 0.00501031 -0.00759874 -0.0100004 -0.00711499 -0.0243291 -0.00302133 0.0403654 0.005256 -0.0160014 -0.00479995 0.0157875
internal_weight=1433.45 730.994 343.44 702.46 93.9505 387.554 316.783 70.7716 250.507 9.78945 266.194 77.2455 47.2566 23.5004
internal_count=18418 13065 6137 5353 768 6928 4728 2200 3720 121 4342 1795 1123 424
cat_boundaries=0 2
cat_threshold=1082132542 16
is_linear=0
shrinkage=0.05


Tree=54
num_leaves=15
num_cat=1
split_feature=9 10 14 6 12 24 18 24 10 5 8 9 10 24
split_gain=14.2576 12.9354 10.05 9.1303 9.2529 7.87975 7.65848 7.32132 7.11436 6.42674 6.22784 6.2161 8.82998 6.1092
threshold=1.2500000000000002 0.81000000000000016 2.5000000000000004 30.500000000000004 12.550000000000002 3.3250000000000006 0 -0.89999999999999991 -0.5099999999999999 9.5000000000000018 7.1000000000000005 3.8500000000000001 1.5450000000000004 -0.63333333333333319
decision_type=10 10 10 10 10 10 9 8 8 2 10 10 8 8
left_child=6 -2 7 5 11 -4 10 -3 -8 -6 -1 -5 -13 -10
right_child=1 2 3 4 9 -7 8 -9 13 -11 -12 12 -14 -15
leaf_value=-0.0065190463498034524 0.014044841538803067 0.080675391239393351 -0.017287876722518712 -0.013321495823836148 0.046597648172463507 0.075463138383175477 0.040066706876196047 0.0073548611007866367 0.016971920143552695 0.0047618871641405859 -0.054673757907835401 0.085714673063300884 -0.00024891945491432155 0.0030503612930839492
leaf_weight=88.877700038254261 65.455293396487832 4.7837333008646965 281.0841235332191 101.95556703954935 13.849061360582708 2.3086992911994448 14.396026775240898 11.81051034294069 88.682119311764836 27.227761456742883 7.2629733495414248 3.8705912008881569 13.089307250455024 707.47493917681277
leaf_count=698 595 69 6812 1639 149 36 62 149 1002 401 124 41 243 6398
internal_value=-0.000198485 -0.00675198 -0.00971138 -0.0111412 -0.00159197 -0.0165323 0.00359931 0.0284915 0.0051672 0.0188668 -0.00919998 -0.00865903 0.0193697 0.00460105
internal_weight=1432.13 525.435 459.979 443.385 159.992 283.393 906.694 16.5942 810.553 41.0768 96.1407 118.915 16.9599 796.157
internal_count=18418 10134 9539 9321 2473 6848 8284 218 7462 550 822 1923 284 7400
cat_boundaries=0 2
cat_threshold=3489677328 21
is_linear=0
shrinkage=0.05


Tree=55
num_leaves=15
num_cat=1
split_feature=8 5 12 6 9 10 24 18 12 11 6 11 24 2
split_gain=12.1763 12.6707 11.5829 8.53471 8.57939 11.0179 10.5938 8.37985 7.06255 6.97861 10.7104 9.93502 7.25253 6.97438
threshold=10.225000000000001 11.500000000000002 11.550000000000002 251.50000000000003 2.6500000000000008 2.9225000000000008 -0.89999999999999991 0 12.775000000000002 39.222500000000011 12.500000000000002 37.64500000000001 1.5500000000000003 5.5000000000000009
decision_type=10 2 10 10 8 8 10 9 10 10 10 10 10 2
left_child=1 2 7 4 5 8 -7 -1 9 11 -11 -3 -13 -9
right_child=-2 3 -4 -5 -6 6 -8 13 -10 10 -12 12 -14 -15
leaf_value=-0.010194720921371123 -0.026391510272882002 -0.039417151794070286 0.010894602405894403 0.070889874767239583 -0.028594685402069043 -0.0061504262443950897 0.15060021407632401 0.0058496400909000892 0.0028217678387717012 0.047397967435815952 -0.019714897933232542 0.0049330395250293162 0.061611693104457091 -0.0093643169446529732
leaf_weight=157.79491063579917 44.113811895251274 11.413778580725191 337.15207584016025 3.4801116175949565 43.998964663594961 2.1024554204195738 2.2118716705590478 379.91669622808695 135.60490819253027 6.182480012997984 154.61495691165328 43.541592102497816 6.484606346115469 93.9587477222085
leaf_count=1652 1584 101 4111 34 974 48 56 4418 1701 83 1976 439 58 1135
internal_value=-0.000533236 0.000294288 0.00341139 -0.00707792 -0.00774598 -0.00521304 0.0742126 -0.00058275 -0.00617063 -0.0116576 -0.0171345 0.00267613 0.01228 0.00277451
internal_weight=1422.57 1378.46 968.822 409.636 406.156 362.157 4.31433 631.67 357.842 222.237 160.797 61.44 50.0262 473.875
internal_count=18370 16786 11316 5470 5436 4462 104 7205 4358 2657 2059 598 497 5553
cat_boundaries=0 2
cat_threshold=3221225514 21
is_linear=0
shrinkage=0.05


Tree=56
num_leaves=15
num_cat=1
split_feature=8 5 12 6 18 6 11 23 20 1 4 2 10 12
split_gain=11.2665 11.4759 10.3666 8.08936 7.64073 7.55352 7.08078 9.51526 13.4938 8.10492 7.1521 6.29863 7.0453 7.49472
threshold=10.225000000000001 11.500000000000002 11.550000000000002 253.50000000000003 0 146.50000000000003 39.110000000000014 4.9000000000000012 0.47222222222222227 3.5000000000000004 1450.0000000000002 5.5000000000000009 0.84000000000000019 9.7750000000000021
decision_type=10 2 10 10 9 8 10 10 2 2 2 2 8 10
left_child=1 2 4 5 -1 6 7 10 9 -9 -3 12 13 -6
right_child=-2 3 -4 -5 11 -7 -8 8 -10 -11 -12 -13 -14 -15
leaf_value=-0.0097816686816947825 -0.025699124031560938 0.012556838039435051 0.010268575085186228 0.068628045330409546 -0.001018178336980614 -0.039115087790275199 -0.009734062048217168 0.027928785240964146 0.075646993630075113 -0.028865396070847139 0.062319120941957899 -0.0089572414100914741 0.00083150683690682192 0.024617605018120284
leaf_weight=156.68641262687743 43.064255248755217 36.571567580103874 339.75241801142693 3.5264030508697024 44.645681835711002 17.973240245133638 294.25397146865726 7.6978396940976372 4.1947941780090323 34.147683689370751 8.9969297945499402 93.33374971523881 257.94699415378273 78.886685632169247
leaf_count=1652 1584 261 4111 33 269 187 4319 113 28 470 59 1135 3620 529
internal_value=-0.000515 0.000271685 0.00322606 -0.00677227 -0.000562875 -0.00743069 -0.00595485 0.00618426 -0.00984727 -0.0184176 0.0223818 0.00262991 0.0055338 0.0153526
internal_weight=1421.68 1378.61 971.252 407.362 631.5 403.836 385.863 91.6088 46.0403 41.8455 45.5685 474.813 381.479 123.532
internal_count=18370 16786 11316 5470 7205 5437 5250 931 611 583 320 5553 4418 798
cat_boundaries=0 2
cat_threshold=3221225514 21
is_linear=0
shrinkage=0.05


Tree=57
num_leaves=15
num_cat=0
split_feature=7 21 5 5 23 2 4 8 10 7 12 2 5 12
split_gain=10.4599 8.73052 7.56674 6.90177 6.98572 6.37514 7.7376 7.36584 6.66555 13.9008 6.02132 7.50596 7.16264 10.6152
threshold=9.5000000000000018 0.57738095238095244 12.500000000000002 11.500000000000002 3.1000000000000005 6.5000000000000009 1625.0000000000002 8.4500000000000011 1.9200000000000004 12.500000000000002 10.708333333333334 5.5000000000000009 9.5000000000000018 12.900000000000002
decision_type=8 2 2 2 8 2 2 8 10 10 10 2 2 10
left_child=2 3 10 5 -5 6 8 -8 9 -2 11 -1 -12 -14
right_child=1 -3 -4 4 -6 -7 7 -9 -10 -11 12 -13 13 -15
leaf_value=0.00092191826352554468 -0.0056428844624986686 0.057508761070353909 -0.0077736332898629568 0.076895616457629573 -0.032503418020651383 -0.046963441773387155 0.097318040454265828 -0.0065881888702544735 -0.026224154779774845 0.073220024197723041 0.012612420473120277 -0.017789344417487356 -0.0028414264165197763 0.015716659874991927
leaf_weight=334.36983352154493 56.760521471500397 4.3605871498584738 203.06080813147128 1.5031606722623099 49.932945061475039 9.1976523287594301 3.5841480102390042 3.2542055491358042 30.930802147835493 6.1978421639651051 239.15834021568298 63.82807033136487 311.81545822694898 102.34738412313163
leaf_count=3517 791 51 2526 26 1576 298 67 117 1078 99 2563 724 3768 1169
internal_value=-0.000496823 -0.0123028 0.00106267 -0.0141894 -0.0293064 -0.00711585 -0.00347728 0.0478716 -0.00721724 0.00212066 0.00276907 -0.00207735 0.00572295 0.00174462
internal_weight=1420.3 165.722 1254.58 161.361 51.4361 109.925 100.728 6.83835 93.8892 62.9584 1051.52 398.198 653.321 414.163
internal_count=18370 4103 14267 4052 1602 2450 2152 184 1968 890 11741 4241 7500 4937
is_linear=0
shrinkage=0.05


Tree=58
num_leaves=15
num_cat=1
split_feature=7 6 13 18 9 21 3 12 0 1 22 12 12 11
split_gain=9.5786 9.79433 10.9592 8.43241 10.5203 8.58559 13.3349 8.76497 7.77877 12.3117 13.4374 9.92067 9.46442 10.8173
threshold=9.5000000000000018 42.500000000000007 1.0000000180025095e-35 0 0.15000000000000005 0.12916666666666668 55.500000000000007 11.225000000000001 7.5000000000000009 10.500000000000002 7.4500000000000011 12.100000000000001 13.550000000000002 39.690000000000012
decision_type=8 8 8 9 10 2 2 10 2 2 10 10 10 10
left_child=3 -2 -3 4 -1 6 -6 -8 -5 10 -10 -11 13 -13
right_child=1 2 -4 8 5 -7 7 -9 9 11 -12 12 -14 -15
leaf_value=0.0067447697452241223 -0.021889036410159522 0.03626537860411122 -0.0094560053517786773 0.0015413349843553079 -0.04305308110277184 -0.0031913185331398524 -0.030743584897099854 0.0084958297828798268 0.02362619388367819 -0.0083906570798489601 0.098809743575258402 0.11544581761543392 -0.0059363797842773153 0.026769657987009577
leaf_weight=115.26952660828829 97.826141191646457 18.033768339082599 47.967050716280937 756.86197440512478 44.67526788264513 131.5789832919836 23.447657346725464 36.20655182749033 47.314868874847889 62.354198856279254 6.7967806570231906 4.6637322641909185 13.124545890837906 13.096939323469995
leaf_count=752 3338 207 558 8848 703 1428 326 508 466 749 107 40 157 183
internal_value=-0.000476366 -0.0118472 0.0030367 0.00100752 -0.0054796 -0.011685 -0.022397 -0.0069276 0.00354834 0.014098 0.0330697 0.00308779 0.0262616 0.0500549
internal_weight=1419.22 163.827 66.0008 1255.39 351.178 235.908 104.329 59.6542 904.213 147.351 54.1116 93.2394 30.8852 17.7607
internal_count=18370 4103 765 14267 3717 2965 1537 834 10550 1702 573 1129 380 223
cat_boundaries=0 2
cat_threshold=3221495862 17
is_linear=0
shrinkage=0.05


Tree=59
num_leaves=15
num_cat=1
split_feature=8 1 18 24 10 10 9 8 1 10 2 1 13 8
split_gain=9.63924 7.96571 6.52506 10.5128 14.2452 10.0195 12.7003 11.0203 9.50771 7.80733 8.22149 14.8227 7.6469 6.55745
threshold=10.225000000000001 10.500000000000002 0 -0.44999999999999996 2.1225000000000005 1.8291666666666668 1.2500000000000002 3.7083333333333335 1.5000000000000002 1.5775000000000003 5.5000000000000009 9.5000000000000018 1.0000000180025095e-35 3.7750000000000004
decision_type=10 2 9 8 10 10 8 10 2 10 2 2 10 10
left_child=1 2 3 4 5 7 -7 -1 -9 10 12 -12 -4 -13
right_child=-2 -3 9 -5 -6 6 -8 8 -10 -11 11 13 -14 -15
leaf_value=0.050407247810954681 -0.024351243156104124 -0.0092112891175824118 -0.0083134692383570134 0.0020005960742747399 -0.0042044406892721561 0.12756593732483676 0.036014141527589145 0.071742289180887139 -0.0014467059151466457 -0.014508415926707027 -0.016948613574976949 0.0083967731892078054 0.0082365101371050485 0.087936161485324391
leaf_weight=21.763055257499218 40.990599795244634 191.39971477352083 92.346672795712948 461.91970984637737 46.161970373243093 5.3990271482616663 12.69580250233412 5.0083600096404544 38.920920062810183 102.55133091285825 102.53494550101459 5.5278181955218297 285.82041949033737 4.8778182566165924
leaf_count=170 1584 2510 875 5294 957 65 226 65 511 2233 1111 41 2659 69
internal_value=-0.000457776 0.000253523 0.00178159 0.00544306 0.0180986 0.0303863 0.0633308 0.0213118 0.00689754 -0.00192806 0.00065967 -0.0111782 0.00419508 0.0456822
internal_weight=1417.92 1376.93 1185.53 591.869 129.949 83.7872 18.0948 65.6923 43.9293 593.659 491.108 112.941 378.167 10.4056
internal_count=18370 16786 14276 7288 1994 1037 291 746 576 6988 4755 1221 3534 110
cat_boundaries=0 2
cat_threshold=68161684 10
is_linear=0
shrinkage=0.05


Tree=60
num_leaves=15
num_cat=1
split_feature=18 9 2 21 19 3 9 1 12 21 1 7 11 9
split_gain=9.05183 11.2081 10.7864 9.01011 8.72116 11.9481 8.67063 15.5662 10.1385 9.71946 9.30512 7.86459 10.9666 7.73297
threshold=0 -1.4499999999999997 5.5000000000000009 0.47727272727272735 1.5000000000000002 55.500000000000007 0.95000000000000007 10.500000000000002 11.900000000000002 0.94444444444444453 1.5000000000000002 6.5000000000000009 39.545000000000009 -0.34999999999999992
decision_type=9 8 2 2 2 2 10 2 10 2 2 10 8 10
left_child=1 -1 3 -3 5 -2 8 9 13 10 -8 -12 -13 -7
right_child=4 2 -4 -5 -6 6 7 -9 -10 -11 11 12 -14 -15
leaf_value=0.054356607200379249 0.0013072701293991079 -0.0069893332815557183 -0.014561653554950045 0.0056559704707639588 -0.0019259499075602331 0.027030538291721379 -0.026941222019967126 -0.02433414271751862 0.042386895473461875 0.1097823733019018 0.061734076476117353 0.081552699172238785 -0.011196966170205184 -0.013929960054744948
leaf_weight=8.0809587687253934 176.63384633697569 311.26811906602234 208.50119707267731 257.32106006890535 318.94483807496727 16.602633908390999 4.9112056642770758 9.4416552074253541 17.480724032968283 5.2724282518029204 27.379713706672192 4.5655238498002264 10.555293843150139 37.659913364797831
leaf_count=36 2104 5038 2985 1903 4945 91 60 137 128 41 308 43 211 268
internal_value=-0.000617906 -0.00417146 -0.00483377 -0.00126657 0.00382036 0.00984595 0.0211123 0.0347868 0.00927098 0.045382 0.0382203 0.0457501 0.0168075 -0.00139734
internal_weight=1414.62 785.171 777.09 568.589 629.448 310.503 133.869 62.1258 71.7433 52.6842 47.4117 42.5005 15.1208 54.2625
internal_count=18298 9962 9926 6941 8336 3391 1287 800 487 663 622 562 254 359
cat_boundaries=0 2
cat_threshold=3296774206 16
is_linear=0
shrinkage=0.05


Tree=61
num_leaves=15
num_cat=1
split_feature=18 22 19 19 1 12 21 12 5 6 12 19 1 22
split_gain=8.51942 9.54878 8.48076 8.08022 8.33535 8.48849 12.7695 6.60408 6.40217 9.65512 8.06052 6.78107 8.46323 10.026
threshold=0 7.6333333333333337 6.5000000000000009 4.5000000000000009 11.500000000000002 12.100000000000001 0.63068181818181823 12.450000000000001 7.5000000000000009 13.500000000000002 10.900000000000002 8.5000000000000018 5.5000000000000009 5.366666666666668
decision_type=9 8 2 2 2 10 2 10 2 10 10 2 2 10
left_child=1 2 -1 4 -2 -6 7 -7 9 -5 -10 12 -11 -14
right_child=3 -3 -4 8 5 6 -8 -9 10 11 -12 -13 13 -15
leaf_value=-0.0093512839878349997 0.0044641768098807764 -0.039264322917084246 0.039169781643769219 -0.056356051513970468 -0.027289100875927244 0.046465416160201584 0.050413369912116847 -0.024957135914496421 -0.026272569772830615 0.0075398792343639477 -0.0044982422677552801 -0.027369393692643774 0.023069100379120386 0.11796202066428058
leaf_weight=144.626375162974 884.52384719997644 25.67177376896143 9.6036367751657945 4.2968124896287909 43.541052542626858 3.8137595076113966 11.003811631351708 21.384371025487781 55.682667193002999 12.905322890728717 179.55983919091523 5.2913520261645308 6.0201090350747091 5.177501268684864
leaf_count=1391 10592 523 113 67 577 64 72 398 858 175 3241 85 59 83
internal_value=-0.000591746 -0.0104488 -0.00632996 0.00092347 0.00306837 -0.0124142 0.00547635 -0.0141473 -0.00673278 0.0136522 -0.0096523 0.023886 0.0351381 0.0669453
internal_weight=1413.1 179.902 154.23 1233.2 964.267 79.743 36.2019 25.1981 268.934 33.6911 235.243 29.3943 24.1029 11.1976
internal_count=18298 2027 1504 16271 11703 1111 534 462 4568 469 4099 402 317 142
cat_boundaries=0 2
cat_threshold=3221225494 16
is_linear=0
shrinkage=0.05


Tree=62
num_leaves=15
num_cat=2
split_feature=18 10 10 2 18 21 10 24 6 12 24 7 10 10
split_gain=7.93463 10.9698 9.46457 8.8798 9.89894 6.13321 5.991 9.88747 5.92558 8.6479 6.58993 15.7591 6.56877 8.41611
threshold=0 -0.5099999999999999 1.5775000000000003 5.5000000000000009 1 0.57738095238095244 1.5225000000000004 0.36666666666666675 37.500000000000007 8.1000000000000014 -0.44999999999999996 7.5000000000000009 1.9100000000000001 1.4775000000000003
decision_type=9 8 8 2 9 2 10 10 10 10 8 10 10 10
left_child=1 -1 3 4 6 -4 -3 -8 10 -10 11 -2 13 -11
right_child=8 2 5 -5 -6 -7 7 -9 9 12 -12 -13 -14 -15
leaf_value=0.040186537687896977 0.02446877038815716 0.0036613760760758323 -0.01878704589957016 -0.012136002531597061 -0.016272666048068912 0.023744501099566547 -0.0012057446183246306 0.12271663249123049 -0.019372735805545355 0.0155088065819178 -0.0021718737009105483 -0.019192832493897916 -0.0031821083366096216 0.05087398588118968
leaf_weight=13.828335553407669 73.301189141348004 396.04314490407705 137.68914067465812 161.59346280246973 57.957141701132059 9.0323302261531335 3.7647111415863028 2.8118570167571306 18.976016435772181 80.781517673283815 374.60623751580715 28.781356961466372 31.705692768096924 21.247703328728676
leaf_count=60 934 3775 3577 1850 529 86 66 50 165 660 4873 915 512 246
internal_value=-0.000566581 -0.00390169 -0.00474535 -0.00205146 0.0014867 -0.0161688 0.00433955 0.0517781 0.00358597 0.0122144 0.000897015 0.0121587 0.0166964 0.0228736
internal_weight=1412.12 782.72 768.892 622.17 460.577 146.721 402.62 6.57657 629.4 152.711 476.689 102.083 133.735 102.029
internal_count=18298 9993 9933 6270 4420 3663 3891 116 8305 1583 6722 1849 1418 906
cat_boundaries=0 2 3
cat_threshold=3565209662 16 51256
is_linear=0
shrinkage=0.05


Tree=63
num_leaves=15
num_cat=1
split_feature=18 9 8 12 3 24 9 6 12 8 2 12 12 12
split_gain=7.18902 9.65118 8.90012 8.871 7.31973 10.6318 14.198 12.6389 8.6012 6.8409 14.0791 12.9059 8.56738 6.66452
threshold=0 -1.4499999999999997 8.4500000000000011 14.775000000000002 55.500000000000007 -1.5499999999999998 2.3500000000000001 37.500000000000007 8.2250000000000014 7.9000000000000012 3.5000000000000004 12.225000000000001 10.900000000000002 10.708333333333334
decision_type=9 8 8 10 2 8 10 8 10 10 2 10 10 10
left_child=1 -1 13 -4 -2 6 -6 8 -7 -10 11 12 -11 -3
right_child=4 2 3 -5 5 7 -8 -9 9 10 -12 -13 -14 -15
leaf_value=0.05034865051434765 -0.0012982182282659566 -0.011567896520968433 -0.027819611052993732 0.035947424435039114 0.093871781386888176 0.047955376267262831 -0.018784222999811834 0.024742882358664602 -0.0049796593184558337 0.06633211331374507 -0.01614556791094135 0.0084861325329899599 0.20943234240268654 -5.1736479169263127e-05
leaf_weight=8.1484998166561109 355.13556674588472 163.46880376152694 59.539432007819414 6.0040570311248294 8.081286294385789 9.0890985839068872 4.2769335582852355 75.309528544545174 162.94261514768004 2.1125695575028685 8.3215404180809838 3.6451537851244211 2.0715986620634794 542.73887926526368
leaf_count=36 5145 1743 2150 100 96 76 92 649 1743 66 292 89 57 5964
internal_value=-0.000548378 -0.00373381 -0.00435322 -0.0219783 0.00339421 0.00955838 0.0548838 0.00743254 0.000505045 -0.00190309 0.0291358 0.0772639 0.137182 -0.00271743
internal_weight=1410.89 779.9 771.751 65.5435 630.986 275.85 12.3582 263.492 188.183 179.093 16.1509 7.82932 4.18417 706.208
internal_count=18298 9993 9957 2250 8305 3160 188 2972 2323 2247 504 212 123 7707
cat_boundaries=0 2
cat_threshold=3565209662 16
is_linear=0
shrinkage=0.05


Tree=64
num_leaves=15
num_cat=1
split_feature=5 3 2 6 23 6 6 7 18 21 0 11 6 10
split_gain=6.95943 8.92084 10.8575 10.4582 11.7202 8.22906 7.61107 6.02234 5.73138 6.86492 7.57037 7.95451 8.26227 6.63295
threshold=8.5000000000000018 55.500000000000007 4.5000000000000009 21.500000000000004 2.6333333333333337 7.5000000000000009 12.500000000000002 12.500000000000002 0 0.38750000000000007 2.5000000000000004 39.222500000000011 35.500000000000007 1.4366666666666672
decision_type=2 2 2 10 8 8 8 10 9 2 2 10 8 10
left_child=6 5 -3 4 -4 -2 -1 -8 -7 10 11 -10 -13 -11
right_child=1 2 3 -5 -6 8 7 -9 9 13 -12 12 -14 -15
leaf_value=-0.032841312105649605 0.048855532977911627 0.0084218299843397595 0.021124276046986662 0.0021585640709295573 -0.02510041985752158 -0.0017340564253001591 0.0066269143917632202 0.061836865807037969 -0.043144068877215121 -0.0093146052224351988 -0.024176332653275651 -0.0039793468084462161 0.060344102876126737 0.022192516527148862
leaf_weight=12.13553828652948 6.4576305588707319 300.60733756516129 16.261438101530075 175.96803006995469 87.494185153394938 230.95999300852418 300.23956332728267 5.0219731470569959 6.8133054031059173 85.243865286931396 139.88768788333982 14.139524383470418 7.7169617190957061 20.775489704683423
leaf_count=175 95 3318 109 1995 1495 3677 3148 91 95 728 2689 342 100 241
internal_value=-0.000525839 -0.00241956 0.0018246 -0.00526517 -0.0178557 -0.00723019 0.00599142 0.00753519 -0.00794662 -0.0126485 -0.0193793 0.004027 0.0187316 -0.00314049
internal_weight=1409.72 1092.33 580.331 279.724 103.756 511.994 317.397 305.262 505.537 274.577 168.557 28.6698 21.8565 106.019
internal_count=18298 14884 6917 3599 1604 7967 3414 3239 7872 4195 3226 537 442 969
cat_boundaries=0 2
cat_threshold=538545280 2
is_linear=0
shrinkage=0.05


Tree=65
num_leaves=15
num_cat=3
split_feature=18 11 7 4 1 18 12 5 21 16 22 12 9 2
split_gain=9.82044 9.81413 11.0743 9.16598 12.8679 7.14018 14.0916 8.13935 8.14157 8.6165 7.7741 8.9151 7.12766 6.94109
threshold=0 38.845000000000013 7.5000000000000009 1550.0000000000002 2.5000000000000004 1 14.450000000000001 12.500000000000002 0.24038461538461542 2 1.9000000000000001 11.708333333333334 0.25000000000000006 6.5000000000000009
decision_type=9 8 10 2 2 9 8 2 2 1 10 10 10 2
left_child=-1 -2 5 -4 -5 6 7 8 9 -3 -10 -12 -11 -7
right_child=1 2 3 4 -6 13 -8 -9 10 12 11 -13 -14 -15
leaf_value=-0.0082021928063471337 0.012503535810546008 -0.019491169051740729 -0.017837806306548812 0.063332007155736197 -0.0048819614971632895 0.00082396798606526817 0.084760783393861047 -0.018596491053221004 0.075633197779144665 0.060409257927264738 0.0074132552833108215 0.043037995851629859 0.0059953085902019788 -0.024273529982048347
leaf_weight=297.00129085872322 182.61734374985099 31.41706271469593 134.66921032499522 8.5949983382597548 35.339046099223197 535.45319575071335 6.2654926404356948 24.097908686846495 6.4818945974111548 7.1483522653579703 55.294778352603316 25.734914282336831 38.065903784707189 29.043340692296624
leaf_count=3630 1761 438 3775 234 1041 5525 66 287 42 50 497 224 538 365
internal_value=-0.000275566 0.00188241 -0.000166186 -0.0113682 0.00846302 0.00246978 0.0104562 0.00853849 0.0125222 0.000622307 0.0229426 0.0187276 0.0145981 -0.000459164
internal_weight=1417.22 1120.22 937.606 178.603 43.934 759.003 194.506 188.241 164.143 76.6313 87.5116 81.0297 45.2143 564.497
internal_count=18473 14843 13082 5050 1275 8032 2142 2076 1789 1026 763 721 588 5890
cat_boundaries=0 2 3 4
cat_threshold=3758645348 21 66704 4
is_linear=0
shrinkage=0.05


Tree=66
num_leaves=15
num_cat=1
split_feature=18 10 19 12 6 6 2 22 6 23 21 8 1 21
split_gain=8.9217 8.67486 11.0287 10.9146 9.35204 9.10754 12.3489 8.59619 8.39476 7.66672 6.92601 6.4202 6.39876 7.4998
threshold=0 0.84500000000000031 7.5000000000000009 13.225000000000001 27.500000000000004 47.500000000000007 4.5000000000000009 7.9000000000000012 39.500000000000007 1.9000000000000001 0.47727272727272735 1.5500000000000003 6.5000000000000009 0.70714285714285718
decision_type=9 10 2 10 10 10 2 10 10 10 2 10 2 2
left_child=12 2 -2 7 10 6 8 9 -6 -3 -5 -11 -1 -14
right_child=1 3 -4 4 5 -7 -8 -9 -10 11 -12 -13 13 -15
leaf_value=-0.0016294975868948987 0.0091627181070986479 -0.037995755504368643 -0.033875898126760666 -0.0065329156838162487 0.0025452967090483607 0.0089083947337229678 0.11604844450543039 -0.018140810015607352 0.087283361217808636 0.057751670046412067 0.033822393470074201 -0.001126185512426156 -0.023667695560717492 0.0037043226994367914
leaf_weight=166.21540385577828 397.92821152880788 14.073100123554466 15.463337589055298 51.965993760153651 9.0065252017229813 20.03564621321857 6.075576262548565 92.911595964804292 4.3268855307251206 4.6741145253181449 13.36704342626035 490.99900539312512 95.132708930410445 33.957927998155355
leaf_count=1960 2781 128 142 1339 126 224 99 2557 42 36 129 7240 1455 215
internal_value=-0.000268926 0.00178258 0.00755281 -0.00156407 0.0133306 0.0325554 0.0569659 -0.00415365 0.030044 -0.0016042 0.00172372 -0.000570977 -0.00784992 -0.0164674
internal_weight=1416.13 1120.83 413.392 707.435 104.778 39.4446 19.409 602.658 13.3334 509.746 65.333 495.673 295.306 129.091
internal_count=18473 14843 2923 11920 1959 491 267 9961 168 7404 1468 7276 3630 1670
cat_boundaries=0 2
cat_threshold=3758645348 21
is_linear=0
shrinkage=0.05


Tree=67
num_leaves=15
num_cat=1
split_feature=18 11 8 1 21 11 22 11 20 0 1 10 12 0
split_gain=8.20542 8.90865 6.6702 6.15254 7.17927 8.05616 7.22429 5.9856 5.94355 5.88654 6.61406 6.0972 6.24838 7.27522
threshold=0 39.429166666666681 8.4500000000000011 6.5000000000000009 0.70714285714285718 38.910000000000011 5.2250000000000005 40.490000000000016 0.13392857142857145 5.5000000000000009 5.5000000000000009 0.17750000000000007 13.708333333333334 6.5000000000000009
decision_type=9 10 10 2 2 10 10 10 2 2 2 8 10 2
left_child=3 8 -3 -1 5 -5 -6 -4 9 10 -2 -11 -13 -14
right_child=1 2 7 4 6 -7 -8 -9 -10 11 -12 12 13 -15
leaf_value=-0.0014337454742462809 0.0023708280584474415 0.00034828800951231675 0.0072885429684174845 -0.048380831782449341 -0.0094872255258112454 -0.014673179936682585 0.043621130747939343 -0.024378741979659217 0.019915597555583333 0.045927024237170835 -0.028395159351839366 0.0026396380583743467 0.077742092797956228 0.012072496039420316
leaf_weight=166.59802047163248 105.92108316998929 723.13215639442205 20.78677695710212 23.686007739044726 26.339810937643051 70.44625352229923 8.4600910097360593 52.888149143196642 86.881073201075196 12.550793737173079 20.918991693295538 77.642799275927246 6.4660231955349472 12.128337183035908
leaf_count=1971 1151 8845 698 287 156 1185 64 2101 554 64 254 917 75 151
internal_value=-0.000259698 0.00171068 -0.00111192 -0.00752571 -0.0159811 -0.0231549 0.00342377 -0.0154441 0.00873737 0.00461572 -0.00270323 0.0131492 0.00887443 0.0349085
internal_weight=1414.85 1119.32 796.807 295.53 128.932 94.1323 34.7999 73.6749 322.509 235.628 126.84 108.788 96.2372 18.5944
internal_count=18473 14810 11644 3663 1692 1472 220 2799 3166 2612 1405 1207 1143 226
cat_boundaries=0 2
cat_threshold=4027080804 21
is_linear=0
shrinkage=0.05


Tree=68
num_leaves=15
num_cat=1
split_feature=11 18 24 11 3 10 5 23 23 20 1 23 6 1
split_gain=7.57135 8.81207 7.71449 9.84541 8.98931 10.0244 7.84599 8.09536 11.4969 12.728 13.0984 10.712 12.0792 10.1499
threshold=41.110000000000014 0 -0.29166666666666657 41.045000000000009 55.500000000000007 1.3225000000000005 8.5000000000000018 4.291666666666667 6.2250000000000005 0.47222222222222227 3.5000000000000004 7.9000000000000012 25.500000000000004 6.5000000000000009
decision_type=8 9 10 10 2 10 2 10 10 2 2 8 10 2
left_child=1 2 3 6 5 -4 -1 13 -9 10 11 12 -10 -8
right_child=-2 -3 4 -5 -6 -7 7 8 9 -11 -12 -13 -14 -15
leaf_value=0.033692556969708812 -0.0064834878726287015 -0.0047919935673262437 0.0017725633865210413 0.087146273802580956 0.0082893830592301269 -0.019645304605685053 0.048192423707520943 -0.021009072811259639 0.019339925296294622 0.13041219883639119 -0.0086588185391738553 -0.0042780735261938171 0.1463241207693152 -0.0029285067827161623
leaf_weight=34.271459478884935 362.27353690937161 330.47004600148648 188.694580424577 4.5426502870395771 291.38335921801627 76.894589054398239 21.85209684446454 41.095109861344099 3.3804046008735869 2.2912173457443705 29.806021775119007 5.0560873271897444 4.1990064382553101 17.474077664315701
leaf_count=372 6104 3919 1765 76 2874 1536 172 516 70 16 703 128 58 164
internal_value=-0.000249753 0.00189814 0.00496245 0.0145639 0.00222496 -0.00442844 0.0124957 0.0066913 -0.00191651 0.0156235 0.00942656 0.0520884 0.0896894 0.0254775
internal_weight=1413.68 1051.41 720.941 163.968 556.973 265.589 159.425 125.154 85.8278 44.7327 42.4415 12.6355 7.57941 39.3262
internal_count=18473 12369 8450 2275 6175 3301 2199 1827 1491 975 959 256 128 336
cat_boundaries=0 2
cat_threshold=68454546 10
is_linear=0
shrinkage=0.05


Tree=69
num_leaves=15
num_cat=1
split_feature=9 6 24 20 23 16 6 2 23 14 6 7 8 1
split_gain=7.31329 10.0883 9.42766 10.5108 24.5574 8.74155 8.04829 7.52843 7.46543 7.40167 13.8929 8.25434 9.00566 7.23787
threshold=1.6500000000000001 38.500000000000007 -0.70833333333333315 0.13392857142857145 5.9000000000000012 0 29.500000000000004 7.5000000000000009 5.9000000000000012 4.5000000000000009 35.500000000000007 9.5000000000000018 4.366666666666668 5.5000000000000009
decision_type=8 10 10 2 8 1 10 2 10 10 10 10 10 2
left_child=2 -2 3 9 6 8 -5 -4 -3 10 -1 12 -11 -7
right_child=1 5 7 4 -6 13 -8 -9 -10 11 -12 -13 -14 -15
leaf_value=0.00039362016802072972 -0.010617375945140645 0.092452530471105229 0.0010791174930884345 0.036880579781075472 0.11898852964802911 0.017150719901022363 -0.029011638126725265 -0.025882190447725103 0.0031972776625495574 -0.020579422372318745 0.1013799030709123 -0.042575452510249932 0.019189468330297447 -0.01023416046473946
leaf_weight=8.6582026444375497 299.04057744517922 5.3109847269952297 861.96136734262109 13.010893225669866 7.5713643319904795 46.122354065999389 7.1979743987321845 26.693664005026221 4.1918470337986946 20.463252086192369 5.6139684673398724 9.5565214157104474 46.773766454309225 50.598478384315968
leaf_count=125 6706 51 8459 105 65 611 54 331 62 168 57 245 697 737
internal_value=-0.000243561 -0.00591567 0.00203803 0.0152639 0.0421857 0.00732054 0.0134112 0.000269246 0.0530806 0.00705117 0.0401166 0.000905917 0.007086 0.00282461
internal_weight=1412.77 405.264 1007.5 118.846 27.7802 106.224 20.2089 888.655 9.50283 91.0657 14.2722 76.7935 67.237 96.7208
internal_count=18473 8167 10306 1516 224 1461 159 8790 113 1292 182 1110 865 1348
cat_boundaries=0 1
cat_threshold=1
is_linear=0
shrinkage=0.05


Tree=70
num_leaves=15
num_cat=1
split_feature=3 22 2 12 24 8 5 12 10 11 24 18 9 23
split_gain=11.3967 10.6023 8.95039 10.8284 11.0065 7.98898 6.7693 8.88774 5.84877 8.44607 7.42579 6.10669 8.1351 7.42158
threshold=54.250000000000007 1.2250000000000003 6.5000000000000009 14.775000000000002 0.55000000000000016 10.100000000000001 12.500000000000002 10.775000000000002 3.5633333333333339 42.390000000000015 -2.5499999999999994 0 -0.84999999999999998 3.9000000000000004
decision_type=2 8 2 10 8 10 2 8 10 10 8 9 8 8
left_child=1 -1 3 5 -5 8 7 -3 10 -10 -2 13 -13 -12
right_child=2 6 -4 4 -6 -7 -8 -9 9 -11 11 12 -14 -15
leaf_value=0.038738258064810474 0.062092231574519055 -0.011362765170696463 -0.0096558175848584157 0.068540924209157958 -0.0043356183392808849 -0.032715387194553122 -0.018479926718300812 0.0021771364588732802 0.12574408357454889 0.0046876517280695657 0.015011007135947938 0.052679570611451176 -0.0068546445862294834 0.0031139587179372956
leaf_weight=14.170515047386287 5.8758716098964214 194.27063633874059 91.983891548588872 13.875651894137262 8.2682488840073365 13.198717726394532 80.786425368860364 322.22597454022616 2.5060463314875951 3.389834719710052 224.71166655793786 6.0082480385899544 127.62925479747355 314.62348149344325
leaf_count=121 90 2501 1379 126 67 603 1561 4848 55 65 1527 27 1390 4214
internal_value=0.00114905 -0.00400669 0.0050311 0.00690721 0.0413298 0.00581507 -0.00502082 -0.00291565 0.00655776 0.0561427 0.00612711 0.00563846 -0.00388716 0.00792389
internal_weight=1423.52 611.454 812.071 720.087 22.1439 697.943 597.283 516.497 684.744 5.89588 678.849 672.973 133.638 539.335
internal_count=18574 9031 9543 8164 193 7971 8910 7349 7368 120 7248 7158 1417 5741
cat_boundaries=0 2
cat_threshold=8666172 8
is_linear=0
shrinkage=0.05


Tree=71
num_leaves=15
num_cat=2
split_feature=16 2 10 5 22 22 6 11 24 8 7 10 12 15
split_gain=9.06623 8.9739 8.60922 11.6659 7.7099 7.40974 8.83264 8.15898 7.29653 12.1365 6.90344 12.2524 6.66309 7.77734
threshold=0 7.5000000000000009 2.1900000000000008 8.5000000000000018 2.9000000000000004 3.5500000000000003 21.500000000000004 40.963333333333345 -0.36666666666666664 6.7750000000000012 5.5000000000000009 3.1291666666666669 10.775000000000002 1
decision_type=1 2 8 2 10 10 10 10 10 10 8 10 10 1
left_child=1 -1 3 5 -5 7 -7 -2 9 -8 11 -4 -6 -14
right_child=2 -3 10 4 12 6 8 -9 -10 -11 -12 -13 13 -15
leaf_value=0.0056882807801946506 -0.018181577164967426 -0.024907380741613847 -0.015458875966076492 0.0077283135311513283 -0.020156406441435213 -0.0040305629636444634 0.02102685811021919 0.032009218525052896 0.024072011896245797 0.1226187555526953 -0.024928759062691697 0.063301142948772079 0.011685122001235086 -0.008454328077956888
leaf_weight=754.48377253394574 28.150040693581104 24.752596370875835 18.625206548720602 98.956853089854121 86.003136872313917 20.955087882466614 6.2239292263984662 11.366533163934944 38.554304521530867 5.5713144801557064 71.84071147814393 6.7195078656077376 53.575392838567495 197.78179107513279
leaf_count=8815 198 477 259 858 1101 300 62 104 405 81 2083 88 740 3003
internal_value=0.00108802 0.0047164 -0.00330009 -0.000864235 -0.00454374 0.0136225 0.0232472 -0.00374471 0.0346001 0.0690123 -0.0170136 0.00542234 -0.00814347 -0.00403318
internal_weight=1423.56 779.236 644.324 547.138 436.317 110.821 71.3046 39.5166 50.3495 11.7952 97.1854 25.3447 337.36 251.357
internal_count=18574 9292 9282 6852 5702 1150 848 302 548 143 2430 347 4844 3743
cat_boundaries=0 1 2
cat_threshold=4 4
is_linear=0
shrinkage=0.05


Tree=72
num_leaves=15
num_cat=0
split_feature=3 22 6 1 10 23 13 6 0 12 7 12 5 12
split_gain=9.56264 9.22056 7.68836 7.64831 7.52323 8.63105 7.26303 7.12031 13.7679 6.79685 6.57762 7.32856 7.87259 6.45601
threshold=54.250000000000007 1.2250000000000003 18.500000000000004 10.500000000000002 0.79000000000000037 4.2250000000000005 1.0000000180025095e-35 9.5000000000000018 5.5000000000000009 9.9000000000000021 9.5000000000000018 10.708333333333334 12.500000000000002 11.550000000000002
decision_type=2 8 10 2 10 10 8 10 2 10 10 8 2 10
left_child=1 -1 6 13 5 -5 7 8 -2 -6 11 -3 -13 -4
right_child=2 10 3 4 9 -7 -8 -9 -10 -11 -12 12 -14 -15
leaf_value=0.035608593850242766 -0.029682301677631397 -0.010844082529004116 0.0040594794289189684 -0.005363373631755629 0.030263196822732871 0.042680450173228933 0.0032423071780932999 -0.028908946066447228 0.081387523457804534 -0.024842417198815012 -0.020141909092077373 0.0048552053791130756 -0.015290538978675512 0.014671755327617796
leaf_weight=14.549960257485507 6.9322573048993927 187.44725660141557 308.4700431516394 30.635309107601643 6.3282752875238648 13.453459437936543 84.409895041957498 45.009613162837923 4.6694004917517304 48.339347334578633 61.636715279892087 286.13449571840465 58.390401132404804 267.67257566191256
leaf_count=121 100 2284 3189 197 79 112 1124 724 81 810 2118 3578 930 3127
internal_value=0.00103022 -0.00371556 0.00456756 0.00678619 -0.0060701 0.00929695 -0.00605038 -0.0199062 0.0150207 -0.0184634 -0.00467943 -0.00288788 0.00144089 0.00898988
internal_weight=1424.08 608.159 815.92 674.899 98.7564 44.0888 141.021 56.6113 11.6017 54.6676 593.609 531.972 344.525 576.143
internal_count=18574 9031 9543 7514 1198 309 2029 905 181 889 8910 6792 4508 6316
is_linear=0
shrinkage=0.05


Tree=73
num_leaves=15
num_cat=0
split_feature=3 22 2 21 11 2 21 22 11 0 4 1 10 7
split_gain=8.61977 8.18392 7.60431 6.26802 8.96682 6.11886 11.679 10.2834 10.9966 8.4106 10.7238 8.26377 6.72494 6.09376
threshold=54.250000000000007 1.2250000000000003 6.5000000000000009 0.94444444444444453 37.470000000000006 3.5000000000000004 0.26136363636363641 2.9000000000000004 40.363333333333337 3.5000000000000004 1450.0000000000002 10.500000000000002 3.4291666666666671 9.5000000000000018
decision_type=2 8 2 2 8 2 2 8 10 2 2 2 10 10
left_child=1 -1 3 4 -2 6 7 8 -6 10 -8 12 -9 -3
right_child=2 13 -4 -5 5 -7 9 11 -10 -11 -12 -13 -14 -15
leaf_value=0.033104590385661603 0.042903268785354706 -0.0027510162271352835 -0.0092799476805279987 0.014452634807862736 0.013723348128137094 -0.00091175928946942298 -0.021520161789492408 0.015964281110485572 0.098017086197164149 -0.020498337541488491 0.064361482462970715 -0.02965523879601837 0.082242965378987218 -0.019496751601103077
leaf_weight=14.859661825001238 14.053705829195676 530.8069467311725 91.277650816366076 169.44217596575618 7.3398869708180419 387.63946531899273 6.8452754411846382 73.501116161234677 8.1821738779544813 38.445894815027714 7.7502970192581415 9.6472364142537099 4.0374267287552348 60.521375420503318
leaf_count=121 123 6792 1379 961 44 5235 72 947 68 391 78 167 78 2118
internal_value=0.000974865 -0.00354396 0.00432293 0.00603109 0.00347125 0.00245141 0.0108219 0.0206612 0.0581573 -0.00823069 0.0240833 0.0139857 0.0194154 -0.00446491
internal_weight=1424.35 606.188 818.162 726.885 557.442 543.389 155.749 102.708 15.5221 53.0415 14.5956 87.1858 77.5385 591.328
internal_count=18574 9031 9543 8164 7203 7080 1845 1304 112 541 150 1192 1025 8910
is_linear=0
shrinkage=0.05


Tree=74
num_leaves=15
num_cat=2
split_feature=3 18 22 7 22 2 12 24 8 18 19 24 1 13
split_gain=7.76827 7.55073 8.10928 7.16135 8.14052 6.85994 8.97059 9.24554 7.19589 5.2938 8.45554 5.68256 11.3039 9.70323
threshold=54.250000000000007 0 1.2916666666666667 7.5000000000000009 9.3666666666666689 6.5000000000000009 14.775000000000002 0.55000000000000016 10.100000000000001 1 6.5000000000000009 -1.4499999999999997 6.5000000000000009 1.0000000180025095e-35
decision_type=2 9 8 10 10 2 10 8 10 9 2 8 2 10
left_child=1 2 -1 4 -4 6 8 -8 9 11 -11 12 13 -2
right_child=5 -3 3 -5 -6 -7 7 -9 -10 10 -12 -13 -14 -15
leaf_value=0.082979335427105422 -0.0018166630833397199 -0.0064758339537676112 0.0075469439389936324 -0.018483757405419379 0.075220996232924761 -0.0088799244370409754 0.060406327924347504 -0.005445025485901275 -0.032271418217442935 -0.0091006211236911317 0.046145122804181017 0.0061893137027681346 -0.00441825119176514 0.085195913512184807
leaf_weight=3.403487177565693 4.6077158208936444 457.33853151556104 112.27786970324814 26.678964869119227 4.6268521230667821 90.63681123778224 14.634798346087335 8.3836242761462945 12.917411142028866 98.229566629976034 7.4514095205813637 559.11988702602684 13.368013891391454 10.517159895971419
leaf_count=28 81 6823 1195 894 91 1379 126 67 603 946 88 5904 213 136
internal_value=0.000922628 -0.00337852 0.00627238 0.00489097 0.0102253 0.00409301 0.00570543 0.0364224 0.00470424 0.00539317 -0.00475535 0.00717714 0.0290804 0.058688
internal_weight=1424.19 604.326 146.987 143.584 116.905 819.866 729.23 23.0184 706.211 693.294 105.681 587.613 28.4929 15.1249
internal_count=18574 9031 2208 2180 1286 9543 8164 193 7971 7368 1034 6334 430 217
cat_boundaries=0 2 4
cat_threshold=538547328 4 8666284 8
is_linear=0
shrinkage=0.05


Tree=75
num_leaves=15
num_cat=1
split_feature=18 22 11 7 13 6 23 10 12 11 23 7 12 19
split_gain=8.2853 10.4339 8.29456 7.08422 10.8108 19.7098 13.1911 9.21458 8.70543 7.87206 6.48168 6.13228 6.07717 6.11339
threshold=0 7.2250000000000005 41.345000000000006 9.5000000000000018 1.0000000180025095e-35 21.500000000000004 7.9000000000000012 3.8100000000000001 7.9000000000000012 40.445000000000014 4.9000000000000012 6.5000000000000009 13.225000000000001 7.5000000000000009
decision_type=9 10 10 10 10 10 10 10 10 10 8 10 10 2
left_child=1 2 -1 7 5 10 9 12 -9 -7 -5 -10 13 -2
right_child=3 -3 -4 4 -6 6 -8 8 11 -11 -12 -13 -14 -15
leaf_value=-0.001191135548952525 0.0023325059947458481 -0.032762186943095122 -0.050296624077956369 0.078155252131643205 -0.02099471633237035 0.051479060060785634 -0.0050598291853405008 -0.0038769001207445719 0.12049984039699589 0.14032155116272599 -0.046973876815871146 0.023551993526669965 0.012326034821950368 -0.015632033085425396
leaf_weight=170.29142506606877 889.76514818239957 37.218197755515575 9.0568658569827658 1.1403864771127707 72.325602128170431 8.0118396077305096 7.7550818072631946 4.8692736215889436 4.2647877465933561 3.6199313458055249 11.191507380455732 2.64132578112185 146.46712043788284 50.019906245172024
leaf_count=1561 9841 744 150 23 2607 88 155 72 61 87 505 86 1704 843
internal_value=0.000496579 -0.00828772 -0.0036709 0.00213039 -0.0103214 0.0140162 0.0454513 0.00332967 0.0473222 0.0791278 -0.0354026 0.083421 0.00285277 0.00137635
internal_weight=1418.64 216.566 179.348 1202.07 104.044 31.7187 19.3869 1098.03 11.7754 11.6318 12.3319 6.90611 1086.25 939.785
internal_count=18527 2455 1711 16072 3465 858 330 12607 219 175 528 147 12388 10684
cat_boundaries=0 2
cat_threshold=3221259350 19
is_linear=0
shrinkage=0.05


Tree=76
num_leaves=15
num_cat=1
split_feature=18 7 6 10 12 14 19 22 10 9 7 3 12 24
split_gain=7.48544 7.61525 7.94295 7.75798 7.84423 7.72086 10.618 7.19221 6.44838 8.60218 6.04539 7.46351 6.03713 11.3333
threshold=0 9.5000000000000018 42.500000000000007 3.6600000000000001 7.9000000000000012 4.5000000000000009 1.0000000180025095e-35 7.2250000000000005 1.9100000000000001 1.5500000000000003 5.5000000000000009 55.500000000000007 13.225000000000001 1.1000000000000003
decision_type=9 10 10 10 10 10 2 8 8 10 8 2 10 10
left_child=7 3 5 12 -5 6 -3 -1 9 -4 -6 -12 -2 -14
right_child=1 2 8 4 10 -7 -8 -9 -10 -11 11 -13 13 -15
leaf_value=-0.0049977961961852127 0.001099733461828472 0.12950992575080247 -0.0093626772181127933 -0.0091849176956327414 0.10763670221823191 -0.024409218201957267 -0.0032470698194671278 -0.032525853544621446 -0.018981429916881634 0.063286585346706628 -0.0199010305165431 0.1066279834212959 0.017895595476236658 -0.018643086052370084
leaf_weight=138.67827227525413 977.24217290524393 1.9037437587976436 7.1873151920735863 5.4262864161282769 4.5670587960630629 70.823071193881333 7.2115999860689044 28.625161003321409 10.014610756188633 9.4083915632218105 3.084836984053255 1.8731745174154637 127.09011229500175 25.476476026698947
leaf_count=1323 11028 50 90 79 54 2781 291 600 229 118 92 45 1472 275
internal_value=0.000466993 0.0018129 -0.010958 0.00301739 0.0387981 -0.0188345 0.0244793 -0.00916025 0.0127034 0.0318234 0.0661333 0.0279026 0.00254388 0.0117941
internal_weight=1418.61 1251.31 106.549 1144.76 14.9514 79.9384 9.11534 167.303 26.6103 16.5957 9.52507 4.95801 1129.81 152.567
internal_count=18527 16604 3559 13045 270 3122 341 1923 437 208 191 137 12775 1747
cat_boundaries=0 2
cat_threshold=1073774676 19
is_linear=0
shrinkage=0.05


Tree=77
num_leaves=15
num_cat=2
split_feature=18 7 8 10 16 4 5 3 19 13 6 11 9 12
split_gain=6.7909 6.93909 9.59564 6.74648 6.35461 6.34245 10.6101 10.2126 6.3101 6.98858 11.9603 9.04299 5.9366 5.54062
threshold=0 9.5000000000000018 5.2250000000000005 3.8100000000000001 1 1625.0000000000002 11.500000000000002 54.250000000000007 4.5000000000000009 1.0000000180025095e-35 21.500000000000004 40.345000000000006 1.8500000000000003 7.9000000000000012
decision_type=9 10 10 10 1 2 2 2 2 10 10 8 10 10
left_child=-1 3 4 -2 -3 8 7 -7 9 10 -4 -12 -9 -5
right_child=1 2 5 13 -6 6 -8 12 -10 -11 11 -13 -14 -15
leaf_value=-0.0087657341511489968 0.0024518050138965094 0.083493041970551199 -0.051482154665788926 -0.0032618810387251545 -0.0087733443058167909 -0.02775676644636927 -0.051628206423531067 0.18166614952949167 -0.039784290128899599 -0.022209090912664875 0.014855229184973832 0.10610675696091865 0.0576866996177288 0.064722801076877168
leaf_weight=166.09620860312134 1134.4781132573262 4.3120653685182333 5.3962455950677422 4.8176173251122218 3.2898988779634228 2.0116078434512001 2.9802012909203768 1.6862432248890402 25.519555167295039 41.909231211058795 12.558084253221752 3.4638920007273546 2.2591949552297592 7.9300063224509358
leaf_count=1923 12823 63 243 72 54 77 125 36 1137 1516 135 97 76 150
internal_value=0.000439703 0.00171662 -0.0105482 0.00285825 0.043563 -0.0147549 0.0253949 0.0639282 -0.0187936 -0.0103349 0.0128995 0.0345835 0.110674 0.0390298
internal_weight=1418.71 1252.61 105.386 1147.23 7.60196 97.7843 8.93725 5.95705 88.847 63.3275 21.4182 16.022 3.94544 12.7476
internal_count=18527 16604 3559 13045 117 3442 314 189 3128 1991 475 232 112 222
cat_boundaries=0 2 3
cat_threshold=1073774676 19 4
is_linear=0
shrinkage=0.05


Tree=78
num_leaves=15
num_cat=1
split_feature=18 7 23 11 12 11 0 9 24 21 22 9 1 22
split_gain=6.33182 5.35516 7.87936 8.93474 7.81275 11.067 12.2449 10.2017 7.08139 11.3242 7.08444 7.03663 6.89897 6.50743
threshold=0 7.5000000000000009 5.7750000000000012 40.56333333333334 11.550000000000002 40.090000000000011 2.5000000000000004 0.95000000000000007 0.45000000000000007 0.84523809523809534 1.6333333333333335 0.45000000000000007 8.5000000000000018 9.5500000000000025
decision_type=9 10 10 10 10 8 2 10 8 2 10 8 2 10
left_child=-1 8 -3 4 11 -6 -7 -8 10 -10 12 -4 -2 -9
right_child=1 2 3 -5 5 6 7 13 9 -11 -12 -13 -14 -15
leaf_value=-0.011316425785212657 -0.00019571523510491875 0.0075582852418766781 0.064481675998366531 -0.024461524795128725 -0.0016961120170909064 0.15403222202756151 0.11846988436876937 -0.040268954600986673 -0.0066187160062673653 0.011762269996609511 0.007815821216600986 -0.03074553088316119 -0.038799895942261305 0.058282086238859381
leaf_weight=96.699592588469386 44.824331551790237 75.337683854624629 2.1167444624006748 75.123173688538373 38.700705417431891 2.4144954979419699 2.3317354787141067 4.3306513065472245 336.11878607794642 111.61960862949491 587.7845499003306 23.22197577171028 15.601393703371285 2.7315988894551992
leaf_count=1073 309 1336 37 2994 981 78 53 160 3600 673 6264 719 123 127
internal_value=0.000410385 0.00134342 -0.00564875 -0.0122393 -0.000133932 0.0112321 0.0536024 0.0277894 0.00279953 -0.0020364 0.00613985 -0.0227904 -0.010163 -0.00215052
internal_weight=1418.96 1322.26 226.309 150.971 75.8479 50.5092 11.8085 9.39399 1095.95 447.738 648.21 25.3387 60.4257 7.06225
internal_count=18527 17454 6485 5149 2155 1399 418 340 10969 4273 6696 756 432 287
cat_boundaries=0 2
cat_threshold=1073741892 19
is_linear=0
shrinkage=0.05


Tree=79
num_leaves=15
num_cat=0
split_feature=7 13 6 23 11 14 4 5 7 24 12 7 8 24
split_gain=5.74984 8.23055 13.0354 11.2467 8.35232 6.41229 6.86804 7.40499 6.68364 5.98751 5.8431 8.59741 5.53398 5.41382
threshold=9.5000000000000018 1.0000000180025095e-35 21.500000000000004 4.7083333333333348 41.445000000000014 4.5000000000000009 1625.0000000000002 11.500000000000002 10.500000000000002 -0.77499999999999991 11.708333333333334 10.500000000000002 5.9000000000000012 -0.63333333333333319
decision_type=10 10 10 8 10 10 2 2 10 10 10 10 10 8
left_child=13 2 3 -2 12 9 -7 8 -8 -3 -11 -12 -4 -1
right_child=1 5 4 -5 -6 6 7 -9 -10 10 11 -13 -14 -15
leaf_value=0.0092193155062406402 0.11385447234278781 -0.051631066936892435 0.067564909894202718 -0.047358403418375251 0.096969313898083928 -0.031426741035448208 -0.021746785647272903 -0.05160970774122553 0.105456409325506 -0.017704079693911686 0.16825142839405233 0.025624553972948688 0.0054678904483903591 1.864663431874798e-05
leaf_weight=186.65723165124655 1.186145305633542 2.4225315479561687 4.330409385263926 12.302837159484625 3.6565866647288194 58.304944582283497 1.6212039701640595 2.2712894538417459 2.8445598063990474 2.8853616500273329 1.5712049063295124 3.2259065201506019 20.923794973641634 1114.6746237371117
leaf_count=2696 21 100 49 594 92 2245 50 99 99 89 39 125 306 11923
internal_value=0.000381736 -0.0102087 0.0074051 -0.0331822 0.026342 -0.0201468 -0.0259038 0.0218939 0.0592779 0.0169084 0.0385211 0.0723393 0.0161158 0.00133835
internal_weight=1418.88 117.547 42.3998 13.489 28.9108 75.147 65.042 6.73705 4.46576 10.105 7.68247 4.79711 25.2542 1301.33
internal_count=18527 3908 1062 615 447 2846 2493 248 149 353 253 164 355 14619
is_linear=0
shrinkage=0.05


Tree=80
num_leaves=15
num_cat=1
split_feature=18 3 21 10 22 1 7 10 23 24 11 3 10 10
split_gain=8.29919 7.37362 6.98769 7.96631 7.05045 6.50688 10.5611 20.0343 8.25685 6.17332 17.3548 5.96566 6.07361 14.1165
threshold=0 51.500000000000007 0.55050505050505061 -0.5099999999999999 11.100000000000001 4.5000000000000009 5.5000000000000009 0.65500000000000014 8.9000000000000021 -1.3666666666666665 39.663333333333341 56.750000000000007 1.8900000000000006 1.7775000000000003
decision_type=9 2 2 10 8 2 10 10 10 8 10 2 10 8
left_child=1 -1 4 -4 5 6 -2 -8 11 10 -3 12 13 -9
right_child=2 9 3 -5 -6 -7 7 8 -10 -11 -12 -13 -14 -15
leaf_value=-0.02255429900891287 -0.0078880774403259617 0.11572466686396486 0.045819394781725406 0.0012598626240773738 -0.044701781538456671 -0.010231976449344543 0.12987676278643909 0.01394262127159916 -0.038688072908729602 0.0038820423059302105 0.012697851063639218 0.077559205955092664 -0.012881892590949767 0.11956872971383187
leaf_weight=24.716950136236846 112.91725305840373 4.5514476355165234 10.429495796561239 262.08348391763866 12.057627144269643 327.69659401569515 3.7134526651352635 34.661918368190527 7.5501920683309427 560.58932151366025 40.100642240606248 3.7878537736833087 16.300215321592987 3.4808478057384482
leaf_count=518 1125 48 45 1795 382 5281 37 664 323 6946 731 86 498 84
internal_value=-0.00010282 0.00414818 -0.00348107 0.00296523 -0.006912 -0.00601874 0.00155019 0.0168858 0.0105073 0.0053072 0.0231995 0.016886 0.0126646 0.0235819
internal_weight=1424.64 629.958 794.679 272.513 522.166 510.108 182.412 69.4945 65.781 605.241 44.6521 58.2308 54.443 38.1428
internal_count=18563 8243 10320 1840 8480 8098 2817 1692 1655 7725 779 1332 1246 748
cat_boundaries=0 2
cat_threshold=46208 14
is_linear=0
shrinkage=0.05


Tree=81
num_leaves=15
num_cat=1
split_feature=22 12 15 1 9 23 23 6 23 7 22 10 7 11
split_gain=5.72154 6.33158 10.128 9.35466 7.73466 7.43208 9.56948 8.19714 7.90626 7.32192 7.46107 7.59162 11.8314 13.3331
threshold=12.29166666666667 11.550000000000002 0 3.5000000000000004 1.7500000000000002 9.2250000000000014 7.9000000000000012 27.500000000000004 6.291666666666667 3.5000000000000004 6.9000000000000012 1.4900000000000004 6.5000000000000009 41.56333333333334
decision_type=10 8 1 2 10 8 10 10 8 8 10 10 10 8
left_child=1 -1 9 5 -5 6 7 -4 -9 -3 11 -11 13 -13
right_child=-2 2 3 4 -6 -7 -8 8 -10 10 -12 12 -14 -15
leaf_value=-0.0030018935720764195 -0.053452800654559852 0.0030213017592237105 9.0346405280403399e-05 -0.00054309319440957354 -0.018564031626037484 -0.017907961706797211 0.061713018610412812 0.019990355428609191 0.083193291807364303 0.019971595595512492 0.0033574489932610609 0.14712606501160494 0.02644231004492811 0.029241642988883532
leaf_weight=764.99436779785901 5.007748330011963 81.992593236267567 57.980725836008787 274.07379585970193 76.068185559473932 18.142706634476781 10.63447513245046 29.299470389261842 5.9535062387585631 43.108636535704136 32.156091454438865 5.6731596030294904 14.721078773029147 4.1555920746177444
leaf_count=9309 156 572 723 3168 2019 368 226 236 66 440 820 79 318 63
internal_value=-0.000102099 8.61849e-05 0.00369858 -0.000297325 -0.00445813 0.0116188 0.0167763 0.0116507 0.030664 0.0133576 0.0231866 0.0326108 0.0548047 0.0972846
internal_weight=1423.96 1418.95 653.96 472.153 350.142 122.011 103.868 93.2337 35.253 181.807 99.8146 67.6585 24.5498 9.82875
internal_count=18563 18407 9098 6806 5187 1619 1251 1025 302 2292 1720 900 460 142
cat_boundaries=0 1
cat_threshold=12
is_linear=0
shrinkage=0.05


Tree=82
num_leaves=15
num_cat=4
split_feature=18 3 12 1 15 21 18 11 7 12 12 15 24 0
split_gain=7.79131 6.73863 6.42428 6.75193 7.33576 6.62562 6.53746 10.7364 8.47438 6.39994 6.21652 8.70234 8.24918 10.3455
threshold=0 51.500000000000007 10.900000000000002 3.5000000000000004 1 0.38750000000000007 2 40.222500000000011 3.5000000000000004 13.366666666666669 11.225000000000001 3 -0.63333333333333319 4.5000000000000009
decision_type=9 2 10 2 1 2 9 10 10 10 8 1 10 2
left_child=1 -1 5 -4 9 -2 7 -7 -9 -5 12 -12 13 -3
right_child=2 10 3 4 -6 6 -8 8 -10 -11 11 -13 -14 -15
leaf_value=-0.021793173587274978 -0.019494032955788859 0.038745380245718192 0.0083989905152393237 0.0074488773936183935 -0.0067301024313033133 -0.00098936977279512838 -0.012333912651203587 0.016279690542331141 0.099186668870285988 0.066161111072126841 0.023482173590123633 0.0036553886189977982 -0.0028283099289767161 -0.0014038061639357524
leaf_weight=24.231199331581593 108.60793257784098 29.532313778996468 151.15019803587347 63.539040235802531 356.00777116417885 36.948884073644876 57.37778240442276 7.0392111465334875 5.4831072371453047 5.0072809606790534 81.408736805431545 174.16022051777691 288.19469081424177 35.132540668360889
leaf_count=520 1653 409 2002 915 4828 281 444 54 69 50 932 2639 3240 527
internal_value=-0.000101228 0.00400118 -0.00338949 -0.000676005 -0.00390689 -0.0107973 -0.00195735 0.010457 0.0525819 0.0102434 0.00509422 0.0110328 0.000793 0.0169322
internal_weight=1423.82 632.66 791.161 575.704 424.554 215.457 106.849 49.4712 12.5223 68.5463 608.429 255.569 352.86 64.6649
internal_count=18563 8267 10296 7795 5793 2501 848 404 123 965 7747 3571 4176 936
cat_boundaries=0 2 3 4 5
cat_threshold=536917120 14 4 54 12
is_linear=0
shrinkage=0.05


Tree=83
num_leaves=15
num_cat=1
split_feature=5 0 24 24 7 11 24 1 21 15 9 13 0 6
split_gain=6.34725 8.21043 9.90892 9.68082 12.8157 13.0012 18.3813 8.12211 10.3106 7.93219 7.47756 7.48476 7.21051 7.05888
threshold=9.5000000000000018 6.5000000000000009 -0.29166666666666657 -1.0999999999999999 6.5000000000000009 39.163333333333348 -0.70833333333333315 3.5000000000000004 0.55050505050505061 0 0.95000000000000007 1.0000000180025095e-35 7.5000000000000009 30.500000000000004
decision_type=2 2 8 10 10 8 10 2 2 1 10 10 2 8
left_child=1 -1 3 -3 12 -6 -7 9 -9 13 -10 -12 -5 -2
right_child=7 2 -4 4 5 6 -8 8 10 -11 11 -13 -14 -15
leaf_value=0.00012441043203943833 0.0053240179446802224 0.00049140068972364996 0.0059001163375533641 -0.0025670295558695702 0.19745290197223961 0.1738742849896503 -0.010779106584398341 -0.0094189828965612066 -0.00012670567113087422 -0.0059065211073334725 0.067041049505271483 0.011969882780564614 0.05490585659537206 0.029330864068793313
leaf_weight=362.99111407995224 88.592071011662483 14.896195122040806 114.73770857416093 9.6376325897872483 2.5268712034448955 2.2064522951841354 3.4629137627780446 473.32040012348443 170.14378232136369 89.40060851816088 8.298986751586197 24.047826062887907 12.58179684728384 46.793115387670696
leaf_count=4086 1365 237 1198 95 32 61 78 8199 1116 1205 79 229 116 467
internal_value=-9.6738e-05 0.00428413 0.0137184 0.0335155 0.0496892 0.103127 0.0610859 -0.00264102 -0.00537951 0.00559215 0.00406273 0.0260991 0.0299771 0.0126846
internal_weight=1423.64 523.041 160.05 45.3119 30.4157 8.19624 5.66937 900.597 675.811 224.786 202.491 32.3468 22.2194 135.385
internal_count=18563 5903 1817 619 382 171 139 12660 9623 3037 1424 308 211 1832
cat_boundaries=0 1
cat_threshold=3
is_linear=0
shrinkage=0.05


Tree=84
num_leaves=15
num_cat=0
split_feature=5 1 12 21 23 12 24 10 23 6 1 24 24 21
split_gain=5.7196 7.32563 10.8807 9.38221 8.37846 7.04916 8.26464 6.60345 6.5569 11.0645 6.43967 14.4132 12.9222 10.7572
threshold=9.5000000000000018 3.5000000000000004 10.708333333333334 0.55050505050505061 4.1000000000000005 10.708333333333334 -0.77499999999999991 1.1900000000000004 5.1000000000000005 15.500000000000002 8.5000000000000018 0.22500000000000003 1.7750000000000001 0.080128205128205135
decision_type=2 2 8 2 10 8 10 10 10 10 2 10 10 2
left_child=5 2 4 -3 7 6 -1 -2 -4 -10 -7 13 -13 -12
right_child=1 3 8 -5 -6 10 -8 -9 9 -11 11 12 -14 -15
leaf_value=0.020630265117692743 -0.0075785082619630687 -0.0090169680851832409 0.0025108460186255175 0.0038448398148504224 -0.031386324637326379 0.0057570821306863517 -0.0067844791914409737 0.045468807223935412 -0.023187760961473038 0.030329589108779111 0.085396179449509779 -0.02773097522568755 0.059160295482682312 0.022562886244177797
leaf_weight=32.206314267590642 24.034228783100847 469.79406319744885 85.872875571250916 203.08010848611593 30.258611454628408 254.77808912564069 187.78215482924134 7.7609522305428973 11.299934457056223 66.463855690322816 11.855446697212757 16.22615621145815 5.8112104944884768 16.011383229866624
leaf_count=440 162 8199 757 1424 482 2934 1929 87 290 1259 187 189 63 161
internal_value=-9.84827e-05 -0.00252053 0.00527468 -0.00513515 -0.0125531 0.00404958 -0.00277096 0.00536992 0.0120353 0.0225529 0.00897419 0.0253986 -0.00481792 0.0492942
internal_weight=1423.24 898.565 225.69 672.874 62.0538 524.671 219.988 31.7952 163.637 77.7638 304.682 49.9042 22.0374 27.8668
internal_count=18563 12660 3037 9623 731 5903 2369 249 2306 1549 3534 600 252 348
is_linear=0
shrinkage=0.05


Tree=85
num_leaves=15
num_cat=1
split_feature=9 8 18 10 10 10 0 19 7 9 10 12 12 6
split_gain=11.5431 8.8152 7.92317 7.50362 6.07665 5.82647 5.74715 12.7635 9.6922 14.1919 12.5805 10.5452 9.33922 6.9503
threshold=1.9500000000000002 6.2250000000000005 0 4.1633333333333349 0.17750000000000007 2.9900000000000007 7.5000000000000009 2.5000000000000004 4.5000000000000009 1.0500000000000003 1.0100000000000005 11.900000000000002 12.100000000000001 20.500000000000004
decision_type=10 10 9 8 10 10 2 2 10 8 10 10 10 8
left_child=2 3 4 5 -1 -2 -4 8 12 10 -10 -12 -8 -11
right_child=1 -3 6 -5 -6 -7 7 -9 9 13 11 -13 -14 -15
leaf_value=0.010469341672774791 -0.00079535600767934988 -0.019913900218068714 0.0025209165975190349 0.060633201944568949 -0.023182441185159195 -0.037534158957766101 0.0033757944569239003 -0.0032506508945016701 0.015150923125106984 -0.053211220586598718 0.077593472458373003 0.1883172677951726 0.045285579780228791 0.033345563044691988
leaf_weight=18.264958307147026 160.67196454666555 103.76394171733409 896.41198737639934 4.7206710744649163 50.519722359254956 11.568876797333358 49.156107034534216 71.508906323462725 4.1926905103027812 3.0015731919556865 5.6411952935159189 3.4750258047133684 18.219988083466887 10.201864237897098
leaf_count=106 2318 3775 9627 63 570 177 364 870 49 73 79 52 128 180
internal_value=0.000731521 -0.00834315 0.00298475 -0.00155847 -0.0124383 -0.00326299 0.00406275 0.0126647 0.0247865 0.0503961 0.0868328 0.1198 0.0147091 0.0136684
internal_weight=1411.32 280.725 1130.59 176.962 68.7847 172.241 1061.81 165.397 93.8884 26.5123 13.3089 9.11622 67.3761 13.2034
internal_count=18431 6333 12098 2558 676 2495 11422 1795 925 433 180 131 492 253
cat_boundaries=0 2
cat_threshold=3297263618 17
is_linear=0
shrinkage=0.05


Tree=86
num_leaves=15
num_cat=0
split_feature=9 8 10 10 10 8 11 23 10 2 19 0 19 12
split_gain=10.4662 8.17827 6.46534 5.72931 8.91188 7.25821 8.92339 9.75895 5.45189 5.28319 4.64283 4.7013 8.45356 9.57989
threshold=1.9500000000000002 6.2250000000000005 4.1633333333333349 1.9291666666666669 1.7633333333333339 9.4500000000000011 41.010000000000012 6.7083333333333348 2.9900000000000007 7.5000000000000009 8.5000000000000018 7.5000000000000009 2.5000000000000004 12.100000000000001
decision_type=10 10 8 10 10 10 8 10 10 2 2 2 2 10
left_child=9 2 8 4 -3 6 7 -6 -2 10 11 -1 13 -13
right_child=1 3 -4 -5 5 -7 -8 -9 -10 -11 -12 12 -14 -15
leaf_value=0.0025476883468473024 -0.00075609069917659786 -0.019414287168259131 0.054837679208493577 -0.027937130746317991 0.019593521058926693 -0.054639331827459371 -0.017662490090227967 0.14896563481989641 -0.03681596249491971 -0.017779822450578103 -0.014664477458625534 0.011025658537010343 -0.001963677598841257 0.045233794194129803
leaf_weight=901.30730575695634 160.56790998764336 24.87928525917232 4.9522327501326791 66.421504090540111 2.6894889660179588 1.8510903073474754 2.8858694732189187 3.1826411560177803 11.213915670290588 30.276378605514765 34.488765584304929 70.397457196377218 67.506640673615038 28.855466364882886
leaf_count=9319 2318 671 63 2801 58 76 88 81 177 430 618 667 775 289
internal_value=0.000690343 -0.00799098 -0.00148634 -0.0192715 -0.00305246 0.0353175 0.0543308 0.089712 -0.00311008 0.0028257 0.00339153 0.00397457 0.0116866 0.0209709
internal_weight=1411.48 278.644 176.734 101.91 35.4884 10.6091 8.758 5.87213 171.782 1132.83 1102.56 1068.07 166.76 99.2529
internal_count=18431 6333 2558 3775 974 303 227 139 2495 12098 11668 11050 1731 956
is_linear=0
shrinkage=0.05


Tree=87
num_leaves=15
num_cat=1
split_feature=9 8 18 11 10 10 10 10 11 8 23 19 0 24
split_gain=9.50899 7.60231 6.57518 8.35214 5.59963 5.40196 7.91248 5.09856 4.97354 8.98078 6.39333 4.94202 6.34658 8.07389
threshold=1.9500000000000002 6.2250000000000005 0 39.310000000000009 4.1633333333333349 1.9291666666666669 1.7633333333333339 2.9900000000000007 41.022500000000015 8.9000000000000021 6.7083333333333348 8.5000000000000018 7.5000000000000009 2.9000000000000004
decision_type=10 10 9 10 8 10 10 10 10 10 10 2 2 10
left_child=2 4 3 -1 7 6 -3 -2 9 10 -8 12 -4 -14
right_child=1 5 11 -5 -6 -7 8 -9 -10 -11 -12 -13 13 -15
leaf_value=0.00059814249599829199 -0.00071874047915751124 -0.018768541801901933 0.0026137995569984864 -0.035676423626356576 0.049858593376428895 -0.027254095362006944 0.026802909060556691 -0.036096759472826243 -0.02050567480426255 -0.032123637399131474 0.13455965079837554 -0.014876116498553631 0.011381420525618118 0.075397283109733079
leaf_weight=41.630696942098439 160.46904035657644 24.459396686404943 870.69978862721473 25.642646410502493 5.1685263887047759 64.725472561083734 2.4458548296242935 10.874176044017075 3.1598823312669992 2.1832223860546947 3.1483984477818012 34.710643042810261 156.97285689599812 5.0850249398499718
leaf_count=359 2318 671 9119 299 63 2801 51 177 106 77 69 633 1643 45
internal_value=0.000652215 -0.0076599 0.00267859 -0.0115167 -0.00141726 -0.0186655 -0.00296051 -0.00296398 0.0323913 0.0538826 0.0874475 0.00364693 0.00430479 0.0133901
internal_weight=1411.38 276.634 1134.74 67.2733 176.512 100.122 35.3968 171.343 10.9374 7.77748 5.59425 1067.47 1032.76 162.058
internal_count=18431 6333 12098 658 2558 3775 974 2495 303 197 120 11440 10807 1688
cat_boundaries=0 2
cat_threshold=3230154754 17
is_linear=0
shrinkage=0.05


Tree=88
num_leaves=15
num_cat=2
split_feature=9 8 18 11 10 10 10 12 18 23 23 9 21 9
split_gain=8.63582 7.0595 5.96316 7.81416 5.08946 7.05059 4.87109 4.80817 5.36358 9.55168 9.48211 9.07528 8.8345 15.0864
threshold=1.9500000000000002 6.2250000000000005 0 39.310000000000009 1.9291666666666669 1.7633333333333339 4.1633333333333349 12.775000000000002 1 9.2250000000000014 6.1000000000000005 0.95000000000000007 0.12916666666666668 1.0000000180025095e-35
decision_type=10 10 9 10 10 10 10 8 9 10 10 10 2 10
left_child=2 6 3 -1 5 -3 -2 8 9 -4 12 -11 13 -10
right_child=1 4 7 -5 -6 -7 -8 -9 10 11 -12 -13 -14 -15
leaf_value=0.00056802108256238492 -0.0028244179720553065 -0.018134365918006868 -0.0021945994699270966 -0.034797722198860973 -0.026571820677004844 0.029839268017045763 0.045535124551145292 0.0092367706632029718 0.043913417648656111 0.11934234338404506 -0.011503557336782728 0.0033509481919251553 0.019238523981079017 -0.013871860965361169
leaf_weight=41.646024450659752 170.92421281710267 24.059401434846222 524.42149840388447 24.992370034568012 63.109629264101386 11.235317517071961 5.3707918152213088 271.43925365898758 14.108524702489374 3.165944190695881 53.02390378434211 3.6083582267165184 143.55727964453399 56.642845550552011
leaf_count=359 2495 671 5320 299 2801 303 63 3054 85 63 1045 133 1102 638
internal_value=0.000616251 -0.00733962 0.00253906 -0.0110391 -0.0180682 -0.00286299 -0.00135115 0.00345559 0.0015337 -0.00140609 0.00715992 0.0575591 0.0121117 -0.0023489
internal_weight=1411.31 274.699 1136.61 66.6384 98.4043 35.2947 176.295 1069.97 798.528 531.196 267.333 6.7743 214.309 70.7514
internal_count=18431 6333 12098 658 3775 974 2558 11440 8386 5516 2870 196 1825 723
cat_boundaries=0 2 4
cat_threshold=3230154754 17 3104 10
is_linear=0
shrinkage=0.05


Tree=89
num_leaves=15
num_cat=1
split_feature=9 23 18 11 11 12 9 22 10 9 22 19 2 22
split_gain=7.83149 6.21802 5.90816 7.93189 5.72245 5.66068 4.98208 9.38632 5.46436 4.684 4.88343 4.53085 4.59091 4.50965
threshold=1.9500000000000002 9.9000000000000021 0 40.145000000000017 41.710000000000015 6.5500000000000007 2.2500000000000004 2.9000000000000004 2.7633333333333341 4.3500000000000005 2.6333333333333337 8.5000000000000018 7.5000000000000009 4.291666666666667
decision_type=10 10 9 10 10 10 10 8 10 10 8 2 2 10
left_child=2 4 3 -1 13 -6 7 -7 -9 -8 -11 12 -4 -2
right_child=1 -3 11 -5 5 6 9 8 -10 10 -12 -13 -14 -15
leaf_value=-0.0052466409244671212 0.0096136417849485394 -0.040636206159280354 0.0044220802793163549 -0.052680313759225175 0.063950424937581615 0.091698441218562798 -0.034417588306780954 -0.043864964671927763 0.056441435075780255 -0.054823901354747753 0.016813667891617336 -0.014535658282782506 -0.016907789412639943 -0.0064901169640458186
leaf_weight=49.299091139808297 66.270523917861283 13.100065492093561 1017.7087780963629 10.732000255025921 2.0476900450885287 2.7019678074866507 42.16336829867214 5.2375964755192408 1.8329074801877139 3.1208419287577245 10.007090975530446 34.452588982880116 25.868003032170236 126.37947251275182
leaf_count=469 885 717 10491 138 20 37 1118 129 61 53 279 633 367 3034
internal_value=0.000582013 -0.00702567 0.00240603 -0.0117665 -0.00533065 -0.0179043 -0.0204804 0.0124299 -0.0178622 -0.0262971 -0.000216396 0.00327402 0.00389336 -0.000950514
internal_weight=1410.92 272.862 1138.06 60.0311 259.761 67.1115 65.0638 9.77247 7.0705 55.2913 13.1279 1078.03 1043.58 192.65
internal_count=18431 6333 12098 607 5616 1697 1677 227 190 1450 332 11491 10858 3919
cat_boundaries=0 2
cat_threshold=3288875010 16
is_linear=0
shrinkage=0.05


Tree=90
num_leaves=15
num_cat=1
split_feature=18 10 10 10 12 1 5 6 22 1 6 9 9 9
split_gain=6.6469 5.7017 8.02678 7.53891 8.14453 7.90633 7.27352 7.70518 7.10718 6.72953 8.65016 8.99217 14.3719 14.595
threshold=0 -1.0000000180025095e-35 -0.12 0.54500000000000026 13.225000000000001 10.500000000000002 8.5000000000000018 157.50000000000003 1.5500000000000003 5.5000000000000009 15.500000000000002 1.9500000000000002 1.4500000000000002 1.6500000000000001
decision_type=9 8 10 8 10 2 2 10 10 2 8 8 10 10
left_child=-1 2 -2 8 6 -6 7 9 -3 -5 -11 12 -12 -14
right_child=1 3 -4 4 5 -7 -8 -9 -10 10 11 -13 13 -15
leaf_value=-0.012530969425709136 0.0036773010929075515 -0.046472282692522286 0.040609458907894511 0.0011409835312290136 0.017830242742364749 -0.010261451246976168 -0.0033444154585165822 -0.058502637336599266 -0.006874534182136887 -0.021438439622164591 0.025645138886917475 0.0011970821422231661 0.17138283522844922 0.03920467648636624
leaf_weight=102.72161578852683 55.560439012944698 11.971040464937685 20.010697670280933 122.95452723652124 118.43756403401494 31.764845280908048 652.56245414260775 4.3600564505904904 212.18845540843904 11.296878546476362 41.309209672734141 25.267551220953465 3.7157217524945718 4.7687877668067813
leaf_count=1190 251 73 99 1494 1897 582 10422 43 1397 179 377 382 50 74
internal_value=-0.000881529 0.000121945 0.0134567 -0.000689359 0.00114105 0.0118894 -0.000722686 0.00728415 -0.00898922 0.00865451 0.0193521 0.0254911 0.037819 0.097091
internal_weight=1418.89 1316.17 75.5711 1240.6 1016.44 150.202 866.235 213.673 224.159 209.313 86.3581 75.0613 49.7937 8.48451
internal_count=18510 17320 350 16970 15500 2479 13021 2599 1470 2556 1062 883 501 124
cat_boundaries=0 2
cat_threshold=3221487632 17
is_linear=0
shrinkage=0.05


Tree=91
num_leaves=15
num_cat=1
split_feature=18 4 23 21 1 1 6 9 10 10 4 23 10 12
split_gain=6.10276 7.17602 12.7805 6.76445 10.1931 8.04958 12.2157 7.60386 6.51544 7.61661 7.64579 5.70761 5.68157 8.75389
threshold=0 1900.0000000000002 4.366666666666668 0.16025641025641027 5.5000000000000009 5.5000000000000009 21.500000000000004 1.1500000000000001 -1.0000000180025095e-35 -0.12 1550.0000000000002 5.9000000000000012 0.54500000000000026 13.225000000000001
decision_type=9 2 10 2 2 2 10 10 8 10 2 8 8 10
left_child=11 8 -3 5 7 6 -4 -5 9 10 -2 -1 -10 -14
right_child=1 2 3 4 -6 -7 -8 -9 12 -11 -12 -13 13 -15
leaf_value=-0.0066566615156334573 0.014149909744870973 -0.0160932293851478 -0.032749007558665055 -0.026797009224555537 0.094292836061251856 -0.021784087883187135 0.10758729067602157 0.067765103897155995 -0.0088488158047842474 0.040238145624711973 -0.031015070792243984 -0.034522952391979903 -0.001881241018846869 0.011341305363306051
leaf_weight=77.80028904043138 41.881035968661308 17.134134201332927 2.5342646809294802 4.4361561536788958 9.2659423155710083 7.9581982605159283 3.9953553592786193 4.0821050805971026 215.89399176649749 19.896517351269722 12.071211382746695 24.057377956807613 829.58767302148044 147.41603024117649
leaf_count=679 187 134 86 43 133 224 83 74 1420 97 56 511 12380 2403
internal_value=-0.000845946 0.000112251 0.0188076 0.0373374 0.0579987 0.0119751 0.0531202 0.0185189 -0.000616025 0.0137961 0.00404475 -0.0120548 -0.00150824 0.000113854
internal_weight=1418.01 1316.15 49.4062 32.272 17.7842 14.4878 6.52962 8.51826 1266.75 73.8488 53.9522 101.858 1192.9 977.004
internal_count=18510 17320 777 643 250 393 169 117 16543 340 243 1190 16203 14783
cat_boundaries=0 2
cat_threshold=3221487632 17
is_linear=0
shrinkage=0.05


Tree=92
num_leaves=15
num_cat=2
split_feature=18 4 7 16 19 12 21 0 12 23 24 24 12 3
split_gain=5.5628 6.32911 11.2251 9.14489 12.3491 11.9922 11.2802 7.85282 6.83363 5.40026 4.95841 4.82383 6.40627 4.63366
threshold=0 1900.0000000000002 4.5000000000000009 1 5.5000000000000009 12.633333333333335 0.18465909090909094 4.5000000000000009 11.550000000000002 5.9000000000000012 0.90000000000000013 1.9000000000000001 11.450000000000001 51.500000000000007
decision_type=9 2 10 1 2 8 2 2 10 8 10 8 8 2
left_child=9 13 -3 7 5 6 8 -4 -5 10 -1 12 -12 -2
right_child=1 2 3 4 -6 -7 -8 -9 -10 -11 11 -13 -14 -15
leaf_value=-0.014477433946333355 -0.01674899396515811 -0.0032130220400896762 0.18686426347913798 -0.022171546481488127 -0.053681485138183299 -0.037648827085406393 0.13176218078689267 0.050531151826454727 0.084196828086083531 -0.033766748102926437 0.00015170240691175449 -0.023757531226883819 0.063330706966757272 -2.0259505212407571e-05
leaf_weight=54.840303430333734 42.843967672437429 28.395122621208429 1.8694651471450923 3.1322247749194538 3.6293026804924002 3.0529174925759444 4.7998748291283846 2.4281174913048744 2.9154045758768916 23.383621163666248 9.2014143615961093 6.3174946680665043 7.1148598045110694 1223.1754872491583
leaf_count=494 888 252 44 78 99 69 71 77 87 511 75 56 54 15655
internal_value=-0.000807648 0.000103391 0.017512 0.0444732 0.0284487 0.0498924 0.0745299 0.109837 0.0291059 -0.0115611 -0.00635116 0.0133383 0.0277015 -0.000586385
internal_weight=1417.1 1316.24 50.2224 21.8273 17.5297 13.9004 10.8475 4.29758 6.04763 100.858 77.4741 22.6338 16.3163 1266.02
internal_count=18510 17320 777 525 404 305 236 121 165 1190 679 185 129 16543
cat_boundaries=0 2 3
cat_threshold=3221487632 17 2
is_linear=0
shrinkage=0.05


Tree=93
num_leaves=15
num_cat=1
split_feature=18 10 4 23 10 10 4 21 10 9 1 10 12 1
split_gain=5.18536 6.55837 5.54792 10.5675 6.14 7.05674 7.02435 5.96331 5.5929 10.4011 5.72876 5.01128 7.99048 7.148
threshold=0 1.2900000000000005 1900.0000000000002 4.366666666666668 -1.0000000180025095e-35 -0.12 1550.0000000000002 0.47727272727272735 2.0900000000000012 2.2500000000000004 4.5000000000000009 0.54500000000000026 13.225000000000001 10.500000000000002
decision_type=9 10 2 10 8 10 2 2 8 10 2 8 10 2
left_child=1 -1 4 -4 5 6 -2 8 -5 -10 -11 -6 -13 -14
right_child=2 -3 3 7 11 -7 -8 -9 9 10 -12 12 13 -15
leaf_value=-0.0053285440911547896 0.013714753903051933 -0.035378719338149442 -0.015782998711648694 0.0037031580425648265 -0.00831587885504078 0.03886168721978895 -0.029728709794774783 0.066126842701345542 0.11850583408050919 0.071203751855712691 -0.051834035968597772 -0.001794025904787644 0.016436486908773171 -0.010603824228678962
leaf_weight=82.463748122565448 41.83252876251936 23.28347953222692 17.082450477406383 17.101962515152994 214.31790225021541 19.961325995624065 11.966170459985731 9.4688963219523412 3.4863526783883563 1.6251171287149193 2.2641700012609363 823.11396610643715 117.50133032817394 30.858506175689399
leaf_count=739 186 521 134 305 1417 96 56 88 90 64 96 12318 1839 561
internal_value=-0.000771644 -0.010913 0.000128921 0.0162922 -0.000524888 0.0134723 0.00405185 0.032433 0.0193989 0.0557927 -0.000423376 -0.00139556 0.000131144 0.0108122
internal_weight=1416.33 105.747 1310.58 51.0289 1259.55 73.76 53.7987 33.9465 24.4776 7.37564 3.88929 1185.79 971.474 148.36
internal_count=18510 1260 17250 777 16473 338 242 643 555 250 160 16135 14718 2400
cat_boundaries=0 2
cat_threshold=3221488656 17
is_linear=0
shrinkage=0.05


Tree=94
num_leaves=15
num_cat=1
split_feature=22 19 18 10 0 12 9 7 4 23 11 7 19 12
split_gain=4.87281 4.70961 4.64011 5.93772 4.62439 5.04544 4.63357 5.68123 4.5724 8.32266 6.24546 6.86126 9.78373 5.60911
threshold=11.450000000000001 8.5000000000000018 0 1.2900000000000005 7.5000000000000009 12.100000000000001 0.8500000000000002 9.5000000000000018 1900.0000000000002 4.366666666666668 39.25500000000001 4.5000000000000009 2.5000000000000004 12.708333333333334
decision_type=10 2 9 10 2 10 10 10 2 10 10 10 2 10
left_child=1 2 3 -1 5 -3 -7 -8 -4 -10 -11 12 -12 -13
right_child=-2 4 8 -5 -6 6 7 -9 9 10 11 13 -14 -15
leaf_value=-0.0043814588524558181 -0.031204626758320982 -0.024414690210824166 0.00031844683207124828 -0.033880457222755643 -0.053983035694853222 0.042910809659419506 -0.043049826092044441 0.061204278748722335 -0.013392156030010822 0.09262366255983058 -0.058593627430886142 0.058093373519598195 0.032108765103913244 -0.012100155274944582
leaf_weight=80.160434291698039 13.002270366996525 21.859266052953899 1208.9197293464094 21.670248159207404 7.0005845827981821 6.9552822057157737 4.9190234821289778 1.7794915419071911 16.24281008169055 3.5877868663519612 5.115159250795843 13.434573700651528 7.0995582714676857 3.6110023679211727
leaf_count=710 404 501 15221 488 162 93 123 99 127 35 52 334 75 86
internal_value=-0.000736471 -0.000453978 5.83562e-05 -0.0097059 -0.0168415 -0.00951991 0.0143261 -0.0153542 0.000918583 0.0158847 0.0303617 0.0227273 -0.00587469 0.0432233
internal_weight=1415.36 1402.35 1359.84 101.831 42.5136 35.5131 13.6538 6.69852 1258.01 49.0909 32.8481 29.2603 12.2147 17.0456
internal_count=18510 18106 17128 1198 978 816 315 222 15930 709 582 547 127 420
cat_boundaries=0 2
cat_threshold=3221488656 17
is_linear=0
shrinkage=0.05


Tree=95
num_leaves=15
num_cat=1
split_feature=5 12 7 20 22 10 3 23 24 18 22 9 10 7
split_gain=6.13475 6.28068 6.56188 6.51057 5.65116 5.50599 9.68933 5.42274 6.59604 5.6485 6.02955 5.19206 9.93622 5.88388
threshold=9.5000000000000018 10.708333333333334 7.5000000000000009 0.34848484848484856 2.1000000000000005 2.5900000000000012 54.250000000000007 6.5500000000000007 1.3666666666666669 0 1.7083333333333337 1.7500000000000002 2.8225000000000007 1.5000000000000002
decision_type=2 10 10 2 10 8 2 10 10 9 10 10 10 10
left_child=1 2 3 -1 -5 -4 -7 9 -9 -3 -11 12 -2 -13
right_child=11 7 5 4 -6 6 -8 8 -10 10 -12 13 -14 -15
leaf_value=0.0049396299173186629 -0.00077830621271936381 0.025831442811148443 -0.041588626680990809 -0.054041816794920441 -0.0069462010470994319 -0.035598877505599438 0.10941204517443247 0.0052287263919078512 -0.03371623418547632 -0.035388838020412088 0.0096294324795235513 0.026008108040958496 0.054851549482431164 -0.01127666201136094
leaf_weight=188.26744029857218 686.36611373256892 60.261846899986267 16.430139834992588 8.5603847503662092 24.88995199650526 3.0752436434850123 1.8418991034850476 57.797814924269915 13.391309169121085 7.8637709561735383 137.3232118524611 11.199400167912243 8.1218356331810337 191.73714297870174
leaf_count=1824 7406 544 351 43 152 111 53 1252 231 59 1233 100 159 4977
internal_value=0.000319902 0.0046429 -0.00122105 0.00132809 -0.0189986 -0.027697 0.0187204 0.0097952 -0.00209717 0.013916 0.00672772 -0.00218357 -0.000127731 -0.00921904
internal_weight=1417.13 519.703 243.065 221.718 33.4503 21.3473 4.91714 276.638 71.1891 205.449 145.187 897.424 694.488 202.937
internal_count=18495 5853 2534 2019 195 515 164 3319 1483 1836 1292 12642 7565 5077
cat_boundaries=0 2
cat_threshold=148 16
is_linear=0
shrinkage=0.05


Tree=96
num_leaves=15
num_cat=1
split_feature=18 23 19 5 19 3 6 12 23 12 11 21 10 8
split_gain=5.73231 5.46044 7.05907 4.93885 8.67212 7.71482 7.02217 7.55094 6.7716 6.47202 7.9455 6.97046 7.61357 7.99127
threshold=0 7.6333333333333337 6.5000000000000009 9.5000000000000018 4.5000000000000009 52.250000000000007 14.500000000000002 10.550000000000002 1.4500000000000002 12.900000000000002 37.355000000000011 0.47727272727272735 1.4633333333333336 5.1000000000000005
decision_type=9 8 2 2 2 2 8 10 8 10 10 2 8 10
left_child=1 2 -1 5 8 -2 -7 -8 -5 -10 -11 -12 13 -13
right_child=3 -3 -4 4 -6 6 7 -9 9 10 11 12 -14 -15
leaf_value=-0.0090695814982080288 -0.021050807387376684 -0.041518446208269374 0.046426449759760929 0.028856502572398232 -0.011370789230856299 -0.014491940597823501 0.001369351022708546 0.01532214952076842 -0.0021864087735991469 0.067259377971522816 -0.0015636814999293626 0.024751641410311387 0.066597837513833621 -0.01975504418619713
leaf_weight=123.7555287713185 25.617551137693226 12.17661014664918 6.0083116227760902 22.051075603812933 159.53840311430395 34.310613331384957 175.09665898699313 217.30689230654389 483.93570431694388 5.735366489738225 89.941331430338323 40.238988179713488 7.7540655601769677 13.459150293841956
leaf_count=1236 431 336 65 130 3095 561 1716 2431 6404 45 1598 252 78 117
internal_value=0.000310273 -0.00887861 -0.00650001 0.00139196 -0.000904664 0.00559961 0.00719955 0.00909619 0.00161337 0.000676274 0.00949295 0.00730453 0.020284 0.0135963
internal_weight=1416.93 141.94 129.764 1274.99 822.654 452.332 426.714 392.404 663.116 641.065 157.129 151.394 61.4522 53.6981
internal_count=18495 1637 1301 16858 11719 5139 4708 4147 8624 8494 2090 2045 447 369
cat_boundaries=0 2
cat_threshold=3767533574 18
is_linear=0
shrinkage=0.05


Tree=97
num_leaves=15
num_cat=3
split_feature=18 24 12 11 9 16 12 16 1 0 12 12 10 10
split_gain=5.93385 4.78621 6.14069 5.7085 4.90227 4.76333 5.50045 4.68954 4.58829 5.90646 6.69746 8.52314 7.08292 7.44065
threshold=0 -1.0999999999999999 12.900000000000002 40.345000000000006 1.0500000000000003 1 10.708333333333334 2 11.500000000000002 7.5000000000000009 12.100000000000001 11.550000000000002 0.75500000000000023 1.6600000000000001
decision_type=9 8 8 10 10 1 10 1 2 2 10 8 10 8
left_child=1 3 4 -1 7 -6 -7 -3 -2 -10 11 -11 -12 -14
right_child=8 2 -4 -5 5 6 -8 -9 9 10 12 -13 13 -15
leaf_value=0.075839360411612239 0.002126821497604727 0.010901240315087841 -0.037647444024987292 -0.014471089334554647 -0.040879260989992977 -0.041586082764616839 0.041657094620332562 -0.021777368710362722 -0.030113237158025569 -0.0024031435220254289 0.042505064690413374 -0.052424117304279629 -0.024910147254656404 0.036737735805727055
leaf_weight=3.3289476986974478 1204.6039092838764 36.358178377151489 22.021741788834333 3.6886471975594759 17.016686151735485 3.4916038531810063 4.5973605336621404 15.727500081062315 24.756231711711735 34.209044591523707 13.567363847047089 11.338632865808902 14.145829833112659 7.4841481586918226
leaf_count=43 15668 290 272 76 283 46 84 145 403 464 96 180 219 226
internal_value=0.00029207 -0.0105433 -0.0143583 0.0283696 -0.00771425 -0.0258635 0.00572515 0.00103379 0.00124166 -0.00874738 -0.00219666 -0.0148554 0.0141845 -0.00357948
internal_weight=1416.34 106.231 99.2131 7.01759 77.1913 25.1057 8.08896 52.0857 1310.11 105.501 80.745 45.5477 35.1973 21.63
internal_count=18495 1239 1120 119 848 413 130 435 17256 1588 1185 644 541 445
cat_boundaries=0 2 3 4
cat_threshold=3767566340 18 4 4
is_linear=0
shrinkage=0.05


Tree=98
num_leaves=15
num_cat=0
split_feature=8 5 19 6 12 6 7 0 8 8 10 12 20 10
split_gain=5.48142 4.66724 6.00819 5.88264 6.35789 7.47809 5.69346 6.31858 6.71271 6.21227 7.5154 13.544 5.64594 5.15855
threshold=11.550000000000002 9.5000000000000018 4.5000000000000009 176.50000000000003 10.708333333333334 14.500000000000002 7.5000000000000009 1.5000000000000002 1.5500000000000003 4.7750000000000012 2.5900000000000012 8.6333333333333346 0.34848484848484856 2.5900000000000012
decision_type=10 2 2 10 10 10 10 2 8 10 10 10 2 8
left_child=1 3 -3 4 6 -6 7 -1 -9 12 11 -11 -10 -8
right_child=-2 2 -4 -5 5 -7 13 8 9 10 -12 -13 -14 -15
leaf_value=-0.02103174983056956 -0.032916891148230647 0.00032131554137893059 -0.010288332178808597 -0.030959630489578296 -0.014324311052568504 0.013216740447280356 -0.040507377371173131 0.038092849983685589 0.00085099504148780257 0.092774809105203915 -0.018705131691640786 0.014075949162456636 -0.028258120440692591 0.018277037744925943
leaf_weight=27.14649853669107 12.330371765419839 720.84717228263617 163.75122591666877 11.547610858455299 27.44964215811342 241.42819208744913 15.305316831916569 13.987206988036631 110.39538420923054 6.6887922696769229 10.983297586441038 29.929317112080753 19.618037741631269 4.9354724762961295
leaf_count=242 571 9155 3017 98 462 2692 344 74 892 75 175 415 121 162
internal_value=0.000274843 0.00056634 -0.00164267 0.00432844 0.0051308 0.0104051 -0.000803091 0.00154443 0.00474306 0.00211676 0.0175707 0.0284514 -0.00354135 -0.0261735
internal_weight=1416.34 1404.01 884.598 519.415 507.867 268.878 238.989 218.749 191.602 177.615 47.6014 36.6181 130.013 20.2408
internal_count=18495 17924 12172 5752 5654 3154 2500 1994 1752 1678 665 490 1013 506
is_linear=0
shrinkage=0.05


Tree=99
num_leaves=15
num_cat=2
split_feature=8 18 24 6 12 9 20 20 16 6 10 1 7 10
split_gain=5.09715 5.48208 4.46819 6.15252 5.57882 4.51649 5.66481 4.95196 4.43995 4.0728 6.19384 6.16707 5.63247 11.8791
threshold=11.550000000000002 0 -1.0999999999999999 27.500000000000004 12.900000000000002 1.0500000000000003 0.47222222222222227 0.61250000000000016 1 18.500000000000004 2.1225000000000005 11.500000000000002 12.500000000000002 1.5450000000000004
decision_type=10 9 8 10 8 10 2 2 1 8 10 2 10 8
left_child=1 2 3 -1 5 7 -7 8 -4 10 -3 12 -11 -14
right_child=-2 9 4 -5 -6 6 -8 -9 -10 11 -12 -13 13 -15
leaf_value=-0.024556315445810592 -0.032225287315940584 -0.0014533084358063608 0.018763478417012362 0.06944463753826062 -0.036456715620521975 -0.034078970367487721 0.03915179339044772 -0.032135737274275017 -0.016235446674726761 0.0033966665980838112 -0.026127902223017647 -0.010432521642649382 0.10983218637068506 0.0042253696323421045
leaf_weight=3.1402247883379459 11.974380835425107 193.6449434934184 29.765088817104697 3.9058360168710351 21.077681538648903 21.529508504085246 3.0100260823965064 9.3061323016881925 13.027879070490597 982.03604958672076 29.278536775615066 82.183219525963068 3.8796280659735185 8.4898927351459843
leaf_count=64 571 2640 250 50 254 382 27 55 130 11574 999 1160 65 274
internal_value=0.000258241 0.000535231 -0.00995298 0.0275511 -0.0136759 -0.00741052 -0.0250965 0.000919857 0.00810842 0.00144622 -0.00469404 0.00273108 0.003819 0.0373483
internal_weight=1416.25 1404.27 104.762 7.04606 97.7163 76.6386 24.5395 52.0991 42.793 1299.51 222.923 1076.59 994.406 12.3695
internal_count=18495 17924 1212 114 1098 844 409 435 380 16712 3639 13073 11913 339
cat_boundaries=0 2 3
cat_threshold=3767566340 18 4
is_linear=0
shrinkage=0.05


Tree=100
num_leaves=15
num_cat=0
split_feature=23 21 20 9 12 24 14 10 9 19 10 24 12 1
split_gain=5.32728 5.31604 4.22323 4.2085 4.06834 5.68123 11.3358 10.9037 10.6025 8.2392 7.07193 8.03517 10.5501 19.5489
threshold=8.9000000000000021 0.94444444444444453 0.31666666666666671 5.9500000000000011 12.775000000000002 -0.29166666666666657 2.5000000000000004 2.1450000000000009 4.1500000000000012 6.5000000000000009 2.8100000000000009 1.0000000180025095e-35 8.5500000000000025 4.5000000000000009
decision_type=10 2 2 10 8 10 10 10 8 2 10 10 10 2
left_child=3 2 -2 4 5 6 -1 8 9 -8 -7 12 -12 -14
right_child=1 -3 -4 -5 -6 10 7 -9 -10 -11 11 -13 13 -15
leaf_value=0.060722639043995531 -0.018038921067780291 0.036740598058415307 0.063549510233343584 -0.035372953824659048 0.0063522410315943675 -0.0031726282572395468 0.010633020724720178 -0.015297855525371704 0.080161381778779406 -0.024752961772961535 -0.0016821777933289377 -0.0046182597749872953 0.24240750471799771 0.019344518658282406
leaf_weight=9.1068041343241912 69.207613734062761 5.0884723775088778 1.6232926193624724 7.909021044149994 298.26539020333439 743.4256227966398 186.05053709913045 57.463813580572605 5.1476512188091865 18.045378166250885 2.8414327055215818 6.9952837312594056 1.8615208193659785 2.0793824233114719
leaf_count=94 2457 43 19 156 3374 8101 2212 1367 75 296 46 170 50 60
internal_value=0.00026182 -0.0126228 -0.0161691 0.000992257 0.0012083 -0.000276923 0.00586685 0.00399379 0.00929178 0.00750433 -0.00251482 0.03298 0.0717587 0.12471
internal_weight=1415.11 75.9194 70.8309 1339.19 1331.28 1033.02 275.814 266.707 209.244 204.096 757.203 13.7776 6.78234 3.9409
internal_count=18520 2519 2476 16001 15845 12471 4044 3950 2583 2508 8427 326 156 110
is_linear=0
shrinkage=0.05


Tree=101
num_leaves=15
num_cat=2
split_feature=22 12 4 14 3 16 4 18 24 11 10 12 12 0
split_gain=4.53193 7.14351 5.23575 5.32813 3.97124 4.37687 5.95451 4.26107 4.55216 5.03585 3.84965 6.90283 12.0388 5.87437
threshold=7.6333333333333337 10.550000000000002 2150.0000000000005 3.5000000000000004 52.250000000000007 0 1100.0000000000002 1 4.5000000000000009 41.622500000000009 1.7775000000000003 13.775000000000002 14.225000000000001 4.5000000000000009
decision_type=10 10 2 10 2 1 2 9 8 10 10 10 8 2
left_child=-1 -2 3 -3 -5 -6 -7 8 9 10 -8 -12 13 -13
right_child=1 2 -4 4 5 6 7 -9 -10 -11 11 12 -14 -15
leaf_value=0.0014361326035384513 -0.036875643409396003 0.072042221088245137 0.06956564136119707 -0.039842129517332958 -0.030754757436369046 -0.0538053803708919 0.00031750233192098689 -0.017114133014081209 0.066469143150508267 -0.029880599297054812 0.0062349436221162515 0.062181247206679183 0.0071964565218744052 0.19207857504255871
leaf_weight=1201.9590420247987 17.716582715511322 2.2394681274890891 2.407222448848187 8.0768923386931402 14.121671915985646 5.3254908174276343 98.568615381605923 20.560073257423937 2.8199589103460303 11.181748252362011 22.064168881624941 1.6604177504777884 4.6141561213880786 1.8292041132226584
leaf_count=13390 454 41 57 336 323 155 1625 503 28 474 920 43 103 68
internal_value=0.000244492 -0.00647408 -0.0037186 -0.00463236 -0.0055322 -0.00401579 -0.00177649 -7.97209e-05 0.00333899 0.00230528 0.00510087 0.0207297 0.0601946 0.130271
internal_weight=1415.14 213.186 195.469 193.062 190.822 182.746 168.624 163.298 142.738 139.918 128.737 30.1679 8.10378 3.48962
internal_count=18520 5130 4676 4619 4578 4242 3919 3764 3261 3233 2759 1134 214 111
cat_boundaries=0 1 3
cat_threshold=1 269523112 9
is_linear=0
shrinkage=0.05


Tree=102
num_leaves=15
num_cat=1
split_feature=19 23 1 6 12 22 19 4 10 24 18 19 7 12
split_gain=5.041 4.7441 7.62713 8.57723 8.92079 7.12188 6.99128 6.41223 6.32712 5.86123 5.58608 7.17666 11.2999 11.6901
threshold=8.5000000000000018 5.9000000000000012 3.5000000000000004 20.500000000000004 10.708333333333334 10.450000000000001 2.5000000000000004 1450.0000000000002 0.84500000000000031 -1.4499999999999997 0 1.5000000000000002 8.5000000000000018 13.550000000000002
decision_type=2 10 2 10 10 10 2 2 10 10 9 2 10 10
left_child=1 10 3 -3 9 -6 -4 -8 -9 -5 11 -1 -13 -14
right_child=-2 2 6 4 5 -7 7 8 -10 -11 -12 12 13 -15
leaf_value=-0.0010955973503640037 -0.016745257400781196 -0.017188510560698516 -0.0011922317307792865 0.045853571798265637 0.028964953994227372 -0.025365018505590975 -0.026940110483151244 0.037251555645526256 -0.011319651205903194 -0.032100306741945632 -0.0025785004054859114 0.0078131127547666889 0.066368972345555652 -0.053020752060771316
leaf_weight=260.19956506695598 42.45618685008958 27.167930029332638 148.62409697240219 2.9455571174621609 59.074866896495223 6.717858579941093 71.825447883456945 7.9418872445821753 43.0452736238949 13.294714844785629 343.26049737166613 371.74165262468159 14.562504308298232 2.3863183045759788
leaf_count=2316 1001 771 2848 50 969 170 1923 89 1271 276 3247 3220 309 60
internal_value=0.000223264 0.000748049 -0.00399741 0.00716135 0.0152256 0.0234175 -0.00848666 -0.0173141 -0.00375408 -0.0179615 0.00256864 0.00525028 0.00963346 0.0495594
internal_weight=1415.24 1372.79 380.638 109.201 82.033 65.7927 271.437 122.813 50.9872 16.2403 992.151 648.89 388.69 16.9488
internal_count=18520 17519 8367 2236 1465 1139 6131 3283 1360 326 9152 5905 3589 369
cat_boundaries=0 2
cat_threshold=8404156 4
is_linear=0
shrinkage=0.05


Tree=103
num_leaves=15
num_cat=0
split_feature=19 12 13 10 20 24 14 9 2 24 11 11 1 4
split_gain=4.6115 4.46874 5.65924 3.72679 10.1239 8.34356 10.7823 6.13007 6.02283 6.21353 9.20598 9.48927 5.59162 10.4917
threshold=8.5000000000000018 11.366666666666669 1.0000000180025095e-35 2.1450000000000009 0.81666666666666676 -0.29166666666666657 2.5000000000000004 4.1500000000000012 6.5000000000000009 0.77500000000000013 40.910000000000011 40.390000000000015 5.5000000000000009 1900.0000000000002
decision_type=2 10 8 10 2 10 8 10 2 10 8 10 2 2
left_child=3 -2 -3 5 8 6 -1 -8 9 12 11 -11 13 -5
right_child=1 2 -4 4 -6 -7 7 -9 -10 10 -12 -13 -14 -15
leaf_value=0.083600767985146429 -0.036290044999044022 0.054458951267476297 -0.012662213522857561 -0.0018205695496335242 0.10357929267095374 -0.00075352709126105149 0.0064418046384863608 0.051119804852917172 -0.046865227034118835 0.010312086939699186 -0.0033555204593903342 0.15233173794168048 -0.01881693533622392 0.11154862969958768
leaf_weight=4.7434214167296886 16.60302431602031 3.6751430905424058 21.58099422976375 55.952572893351316 2.0528324320912352 918.36017964035273 290.97156600514427 7.8855348201468578 9.4431206719018501 2.2970554539933774 8.942113533616066 2.4104198943823576 67.922695190180093 2.1180362291634074
leaf_count=36 364 99 538 1416 13 9749 3491 105 400 53 269 66 1856 65
internal_value=0.000207521 -0.0161409 -0.00289509 0.000705905 -0.00670083 0.00162201 0.00880777 0.00762066 -0.00821933 -0.00560596 0.0264378 0.083032 -0.00907745 0.0023144
internal_weight=1414.96 41.8592 25.2561 1373.1 151.139 1221.96 303.601 298.857 149.086 139.643 13.6496 4.70748 125.993 58.0706
internal_count=18520 1001 637 17519 4138 13381 3632 3596 4125 3725 388 119 3337 1481
is_linear=0
shrinkage=0.05


Tree=104
num_leaves=15
num_cat=2
split_feature=19 12 0 13 7 21 10 10 6 6 11 18 7 16
split_gain=4.22333 4.2306 5.61375 4.51931 4.76559 6.33458 3.82168 7.72725 3.56231 6.88749 4.38171 5.89934 5.66806 6.38374
threshold=8.5000000000000018 11.366666666666669 7.5000000000000009 1.0000000180025095e-35 2.5000000000000004 0.26136363636363641 1.8291666666666668 2.2100000000000004 125.50000000000001 135.50000000000003 41.110000000000014 0 12.500000000000002 1
decision_type=2 10 2 8 10 2 8 8 10 10 10 9 8 1
left_child=8 -2 3 -3 -5 6 -6 -8 10 -10 11 -1 -13 -14
right_child=1 2 -4 4 5 -7 7 -9 9 -11 -12 12 13 -15
leaf_value=0.0047947811712736217 -0.035581384951576478 0.060138084530991877 -0.053700942295798172 -0.059573040938592683 -0.043298944762380109 0.050772261855077008 0.10313007070557678 -0.051171641744055488 -0.039578701328194042 -0.0025900297997958127 -0.0040052714087034013 -0.0063519835994402174 -0.01115552178669801 0.10637182468825268
leaf_weight=796.86441301135346 16.099897938780487 3.4810102111659944 4.4538865862414232 3.0018834061920741 5.3478840328752915 5.6677495855838051 1.6122776558622716 1.6333742057904665 15.32439841609448 70.410798334516585 296.78486016159877 189.59576361160725 2.2329588755965233 2.3943218905478707
leaf_count=9098 364 88 114 27 152 91 65 100 170 695 5335 2116 65 40
internal_value=0.000193647 -0.0155607 -0.00276884 0.00816656 -0.00231317 0.00973956 -0.017323 0.0254777 0.000667307 -0.00920142 0.00132428 0.00292023 -0.00477189 0.0496574
internal_weight=1414.91 41.298 25.1981 20.7442 17.2632 14.2613 8.59354 3.24565 1373.61 85.7352 1287.87 991.087 194.223 4.62728
internal_count=18520 1001 637 523 435 408 317 165 17519 865 16654 11319 2221 105
cat_boundaries=0 2 3
cat_threshold=9476262 12 4
is_linear=0
shrinkage=0.05


Tree=105
num_leaves=15
num_cat=1
split_feature=22 4 10 18 11 4 12 9 22 9 10 9 22 6
split_gain=5.62615 5.92277 5.38178 4.34802 5.05867 9.51941 10.389 14.4628 7.90756 7.59567 6.26187 5.49794 5.83976 5.78413
threshold=10.100000000000001 1625.0000000000002 1.3550000000000004 0 41.110000000000014 1300.0000000000002 14.550000000000002 0.8500000000000002 1.6333333333333335 3.9500000000000006 1.9633333333333338 3.2500000000000004 1.9000000000000001 23.500000000000004
decision_type=10 2 10 9 8 2 10 10 10 10 10 10 10 10
left_child=3 -2 -3 -1 5 -5 8 -8 -7 11 -11 12 -10 -14
right_child=1 2 -4 4 -6 6 7 -9 9 10 -12 -13 13 -15
leaf_value=-0.0043799850060455801 -0.02467821412416206 0.07361013667617726 -0.0086687411517493655 -0.002527974890804475 -0.0035072212582362471 -0.025907877448573785 -0.0072752787622392583 0.093631898302297067 0.054704819086458523 0.11133143248923615 0.015572430683564906 -0.03125645114781201 0.015187709541016663 0.0029635546414729444
leaf_weight=326.38005672674626 40.440907168202102 3.1058862330391985 5.5188854685984552 303.74743790831417 284.50679283356294 16.985329803079367 6.1977582871913901 8.3150449851527792 6.8326270803809157 3.2565222214907399 3.5883761974982917 8.7195261716842634 166.53710659360513 230.99328025337309
leaf_count=3945 1206 53 184 3520 4805 105 39 86 45 37 87 188 2058 2186
internal_value=-2.07073e-05 -0.0166558 0.0209609 0.000576785 0.00215424 0.00431569 0.00892053 0.050539 0.0075381 0.00889094 0.0611306 0.00802531 0.00887236 0.00808461
internal_weight=1415.13 49.0657 8.62477 1366.06 1039.68 755.173 451.426 14.5128 436.913 419.927 6.8449 413.083 404.363 397.53
internal_count=18544 1443 237 17101 13156 8351 4831 125 4706 4601 124 4477 4289 4244
cat_boundaries=0 2
cat_threshold=3490447400 21
is_linear=0
shrinkage=0.05


Tree=106
num_leaves=15
num_cat=1
split_feature=22 4 12 10 18 11 4 12 10 22 23 11 21 5
split_gain=5.15643 5.43357 5.24244 10.699 3.93336 4.55184 8.5195 8.94917 7.71328 7.20592 7.20701 5.33254 9.44917 9.32805
threshold=10.100000000000001 1625.0000000000002 13.633333333333335 1.3550000000000004 0 41.110000000000014 1300.0000000000002 14.550000000000002 1.0100000000000005 1.7083333333333337 1.6333333333333335 41.045000000000009 0.38750000000000007 9.5000000000000018
decision_type=10 2 8 10 9 8 2 10 10 10 10 10 2 2
left_child=4 -2 3 -3 -1 6 -6 9 -9 -8 -11 -12 13 -13
right_child=1 2 -4 -5 5 -7 7 8 -10 10 11 12 -14 -15
leaf_value=-0.0041799865470461359 -0.023955346569106011 0.14029259558404966 -0.028121291095874724 -0.0056341934174456579 -0.0024057992885805754 -0.0033411902680341951 -0.024240583671799126 0.0054453898612678011 0.077814383726869704 0.046392858833906217 0.0062986631702999065 0.13783277924181947 -0.012028226500620735 0.023456835408218836
leaf_weight=325.40058508096263 39.599899097345769 2.0498108742758605 3.4818085464648911 3.2437644433230162 303.22790068294853 283.73263928992674 17.583123002201319 6.5047443471848956 8.4843675494194013 12.141066476702688 397.09590076236054 3.3429966866970044 5.1357192881405354 3.8191920062527061
leaf_count=3945 1206 34 65 138 3520 4805 110 41 84 58 4368 49 47 74
internal_value=-2.42461e-05 -0.016067 0.0195301 0.0508725 0.000543694 0.0020407 0.00408395 0.00841744 0.0464088 0.00712062 0.00842877 0.0073029 0.0397293 0.0768425
internal_weight=1414.84 48.3753 8.77538 5.29358 1366.47 1041.07 757.335 454.107 14.9891 439.118 421.535 409.394 12.2979 7.16219
internal_count=18544 1443 237 172 17101 13156 8351 4831 125 4706 4596 4538 170 123
cat_boundaries=0 2
cat_threshold=3490447400 21
is_linear=0
shrinkage=0.05


Tree=107
num_leaves=15
num_cat=2
split_feature=22 18 11 0 9 21 8 22 22 0 10 16 10 6
split_gain=4.7298 4.89604 7.05659 5.69023 3.90745 15.1514 8.36402 5.75447 6.42538 6.17234 6.69891 4.88611 3.84334 4.27611
threshold=10.100000000000001 0 38.963333333333345 6.5000000000000009 3.8500000000000001 0.57738095238095244 2.5500000000000003 4.1000000000000005 4.4500000000000011 7.5000000000000009 1.9200000000000004 1 3.9100000000000006 22.500000000000004
decision_type=10 9 8 2 10 2 10 10 10 2 8 1 10 10
left_child=4 2 -2 -4 12 6 -6 -8 -9 10 -10 -11 -1 -14
right_child=1 -3 3 -5 5 -7 7 8 9 11 -12 -13 13 -15
leaf_value=-0.00019122549501345321 0.12046997476626656 -0.020448658412559557 -0.023177780318265461 0.070366479807595361 0.068124009578350242 0.13044920814365138 -0.024535586022131461 0.092962746291961329 0.050317374331033608 0.10591121432121463 -0.020815312239346899 -0.00034065245455559785 0.076870455259456377 -0.0052469684242163186
leaf_weight=1311.291981915012 1.6788397962227453 38.60972980922088 5.041821845807136 2.3993137236684561 5.1002407632768145 2.6587722599506369 14.938912170939146 2.3637210438028005 4.2194437645375746 2.5041590500622988 15.353376598563047 1.9052205304615188 3.4132606638595453 2.9602384478785098
leaf_count=15878 29 1147 198 69 47 26 269 48 61 60 490 69 86 67
internal_value=-2.75054e-05 -0.0154994 0.0132962 0.00698456 0.00051282 0.0143704 0.00771687 0.000254295 0.0143109 0.00655884 -0.00548076 0.0600015 -2.96421e-06 0.0387302
internal_weight=1414.44 47.7297 9.11998 7.44114 1366.71 49.0438 46.3851 41.2848 26.3459 23.9822 19.5728 4.40938 1317.67 6.3735
internal_count=18544 1443 296 267 17101 1070 1044 997 728 680 551 129 16031 153
cat_boundaries=0 1 2
cat_threshold=128 4
is_linear=0
shrinkage=0.05


Tree=108
num_leaves=15
num_cat=1
split_feature=22 18 23 6 8 9 19 6 9 23 1 24 19 7
split_gain=4.61281 7.47783 7.40625 8.79731 6.79306 7.13008 5.79084 6.38809 5.93743 5.58466 5.5472 5.54227 5.4203 4.84801
threshold=6.9000000000000012 0 6.9000000000000012 25.500000000000004 4.1000000000000005 0.75000000000000011 4.5000000000000009 14.500000000000002 0.35000000000000003 10.775000000000002 10.500000000000002 -0.77499999999999991 7.5000000000000009 6.5000000000000009
decision_type=8 9 10 10 10 8 2 10 8 8 2 10 2 10
left_child=2 6 -1 10 -5 -6 7 -2 -8 -10 12 -9 -4 -7
right_child=1 -3 3 4 5 13 8 11 9 -11 -12 -13 -14 -15
leaf_value=0.00071053938580719451 -0.014964224246287034 -0.010805183041041206 -0.021408220544794854 0.11473237787756502 0.09461412561048721 -0.015899593934412794 0.057313527592921999 -0.026688743768025797 -0.026999528407408914 0.066521111218697859 0.056493992887752566 0.019030700322096923 0.062707956070249662 0.039377762188538223
leaf_weight=1019.6671160999686 21.570861663669348 206.40587101783603 16.835780128836639 2.8628108985722092 3.7844245471060249 6.3362108841538527 2.6094353515654802 7.2094390634447327 26.975916557479657 1.6967327441088844 3.52028471417725 82.284937462303787 2.1609781347215167 10.605880634859203
leaf_count=10251 303 4191 495 26 42 99 36 216 882 100 99 1470 69 265
internal_value=-3.6475e-05 -0.00502785 0.00159685 0.0211982 0.0425366 0.0325647 0.00383876 0.00946055 -0.0148939 -0.0214654 -0.0011564 0.0153477 -0.0118396 0.0187045
internal_weight=1414.53 348.753 1065.77 46.1064 23.5893 20.7265 142.347 111.065 31.2821 28.6726 22.517 89.4944 18.9968 16.9421
internal_count=18544 7198 11346 1095 432 406 3007 1989 1018 982 663 1686 564 364
cat_boundaries=0 2
cat_threshold=1142214784 11
is_linear=0
shrinkage=0.05


Tree=109
num_leaves=15
num_cat=1
split_feature=22 4 8 7 23 18 24 1 24 0 7 10 22 22
split_gain=4.37916 4.98419 5.68634 8.85067 3.85507 3.44087 4.81665 4.55064 8.07995 5.04036 7.22882 10.9583 4.22366 5.16642
threshold=10.100000000000001 1625.0000000000002 9.3666666666666689 4.5000000000000009 10.225000000000001 0 2.5500000000000003 7.5000000000000009 1.7750000000000001 1.5000000000000002 5.5000000000000009 1.2775000000000005 1.5500000000000003 3.7083333333333335
decision_type=10 2 10 10 10 9 10 2 10 2 10 10 10 10
left_child=5 4 3 -3 -2 6 7 9 12 10 -1 -12 -9 -14
right_child=1 2 -4 -5 -6 -7 -8 8 -10 -11 11 -13 13 -15
leaf_value=-0.037635061880540471 -0.037559257359832031 -0.035658515845861168 -0.052769810917245953 0.084154626137589839 -0.0057603379719066254 0.0016163821418247481 -0.040048610082675781 -0.062722249003361819 0.051262392323666611 0.0054722000458468862 0.10845483213158121 -0.035565897067801361 0.0016607701593139919 -0.025925307240680231
leaf_weight=16.010620560497049 20.565421364270151 2.3978388700634223 2.1083305142819881 4.3153536161407828 17.764074600767344 1134.1587154776789 9.4835243942216021 4.7895423583686343 4.5599222276359788 123.46384099079296 2.4117950629442921 2.9197235084138811 29.564780759625137 39.849777890834957
leaf_count=132 538 33 100 104 668 14269 101 40 54 1449 31 79 272 674
internal_value=-4.14641e-05 -0.015023 0.0188627 0.0413594 -0.0228218 0.000475205 -0.00493591 -0.00366726 -0.0133395 0.00159376 -0.0208429 0.0295841 -0.0173094 -0.014176
internal_weight=1414.36 47.151 8.82152 6.71319 38.3295 1367.21 233.054 223.57 78.764 144.806 21.3421 5.33152 74.2041 69.4146
internal_count=18544 1443 237 137 1206 17101 2832 2731 1040 1691 242 110 986 946
cat_boundaries=0 2
cat_threshold=3490447392 21
is_linear=0
shrinkage=0.05


Tree=110
num_leaves=15
num_cat=2
split_feature=18 21 7 8 24 8 23 23 11 19 18 11 11 8
split_gain=4.49716 12.3384 12.0013 9.89738 8.60561 8.37868 8.33776 6.80311 6.78382 6.16943 8.93508 6.92316 6.12785 6.07234
threshold=0 0.16025641025641027 4.5000000000000009 3.7750000000000004 1.7750000000000001 6.5500000000000007 6.5500000000000007 2.5500000000000003 37.990000000000016 1.0000000180025095e-35 1 37.470000000000006 37.922500000000007 5.2250000000000005
decision_type=9 2 10 10 10 10 10 10 10 2 9 8 8 8
left_child=1 7 8 -4 5 6 13 -1 -3 10 11 -2 -13 -5
right_child=9 2 3 4 -6 -7 -8 -9 -10 -11 -12 12 -14 -15
leaf_value=0.029498320261559248 0.053775437172056684 -0.035013028685751714 0.098990320938537713 0.066364479938464546 -0.041459444571101733 0.072617122593297084 -0.05347056660768456 -0.01006022820123271 0.010484760831299532 -0.0043617971539499922 -0.0047380539503126123 -0.042978470915965655 0.012927877699869689 -0.0095706939552968606
leaf_weight=11.98567036539316 10.048608334735034 8.9047744031995517 5.9838728308677664 6.4897965975105807 3.8304702937602988 10.655474980361758 3.4639980979263774 116.59616819070652 102.47318471781909 863.18118479754776 137.4568004719913 5.1117716915905467 119.13814194314182 4.4298312235623607
leaf_count=90 78 56 53 73 67 225 67 2432 762 11721 1522 45 1212 69
internal_value=-0.000886134 0.00475251 0.01486 0.040466 0.0283355 0.0390127 0.0141184 -0.0063728 0.00684717 -0.00227332 0.0042767 0.012896 0.0106278 0.0355594
internal_weight=1409.75 274.813 146.231 34.8534 28.8696 25.0391 14.3836 128.582 111.378 1134.94 271.755 134.299 124.25 10.9196
internal_count=18472 3894 1372 554 501 434 209 2522 818 14578 2857 1335 1257 142
cat_boundaries=0 1 3
cat_threshold=9991300 262160 27
is_linear=0
shrinkage=0.05


Tree=111
num_leaves=15
num_cat=2
split_feature=18 21 7 24 11 23 5 19 9 19 18 9 13 23
split_gain=4.04276 11.0082 10.2602 6.46456 6.17984 6.09939 5.95449 7.36756 5.72558 5.56137 8.01779 6.43339 7.68063 7.70172
threshold=0 0.16025641025641027 4.5000000000000009 1.7750000000000001 37.990000000000016 2.5500000000000003 8.5000000000000018 5.5000000000000009 0.75000000000000011 1.0000000180025095e-35 1 0.35000000000000003 1.0000000180025095e-35 6.4500000000000011
decision_type=9 2 10 10 10 10 2 2 8 2 9 8 8 10
left_child=1 5 4 -4 -3 -1 8 -8 -6 10 11 -2 -13 -14
right_child=9 2 3 -5 6 -7 7 -9 -10 -11 -12 12 13 -15
leaf_value=0.027556722000041473 0.035087098106814894 -0.033869408652477978 0.045000905773885796 -0.020301161146773137 0.053538859068793548 -0.0096378560839606598 0.011208876330032737 -0.026482042266303775 0.00012451302450171327 -0.0041566057306576323 -0.0036377931051616852 0.031050004843246378 -0.0083885803364459992 0.040602491499883583
leaf_weight=12.183363832533358 28.283296711742878 8.749195406213401 31.646586169488728 4.3054829817265263 13.30918027833104 115.64545088261366 65.568295199424028 16.161265021190047 8.052418354898693 860.57112444285303 153.64601720310748 25.467232694849372 55.733230549842119 9.3710744176059944
leaf_count=90 173 56 482 72 80 2432 463 153 66 11721 1690 233 568 193
internal_value=-0.000847729 0.00448872 0.0139446 0.0371806 0.00647525 -0.00609284 0.00989924 0.00375585 0.0334039 -0.00216632 0.00403959 0.0131629 0.00776981 -0.00133683
internal_weight=1408.69 275.621 147.792 35.9521 111.84 127.829 103.091 81.7296 21.3616 1133.07 272.501 118.855 90.5715 65.1043
internal_count=18472 3894 1372 554 818 2522 762 616 146 14578 2857 1167 994 761
cat_boundaries=0 1 3
cat_threshold=9991300 16 8
is_linear=0
shrinkage=0.05


Tree=112
num_leaves=15
num_cat=3
split_feature=18 21 7 16 5 19 18 12 5 8 0 10 7 0
split_gain=3.66282 9.6925 6.96201 12.9541 5.86746 5.67482 6.85916 6.78191 5.71891 5.58004 6.61437 5.33499 7.23057 12.5062
threshold=0 0.16025641025641027 4.5000000000000009 1 8.5000000000000018 1.0000000180025095e-35 2 12.366666666666669 11.500000000000002 4.4500000000000011 2.5000000000000004 1.9100000000000001 5.5000000000000009 6.5000000000000009
decision_type=9 2 10 1 2 2 9 10 2 10 2 10 10 2
left_child=1 9 4 -4 -3 6 7 -2 11 10 -1 12 -8 -14
right_child=5 2 3 -5 -6 -7 8 -9 -10 -11 -12 -13 13 -15
leaf_value=0.041730095158816045 0.0070179395008450121 0.026092558668353884 -0.055194147765954937 0.038773438965250817 0.00060597827224656748 -0.004235421190811761 -0.0012031121643525031 0.035680925337325871 -0.01897951327927145 -0.014138867025945374 -0.0018218036226637846 -0.044971017406112285 -0.001560351858732109 0.087315510908106991
leaf_weight=10.625930085778235 111.08515993878245 29.024421688169241 4.0608964115381241 37.877995978109539 101.74143043160439 827.25691185845062 63.633772004395723 25.345789874903858 44.493849501013756 82.168092570267618 48.551952891051769 5.3981538964435449 9.3127013463526982 6.8842572551220647
leaf_count=91 1105 196 63 560 757 11364 508 230 571 2210 449 136 144 88
internal_value=-0.000810217 0.0038781 0.0119481 0.0296747 0.00626291 -0.0021724 0.00415824 0.0115 -0.00413118 -0.00570794 0.00599834 0.0031357 0.00638868 0.0362149
internal_weight=1407.46 314.051 172.705 41.9389 130.766 1093.41 266.154 136.431 129.723 141.346 59.1779 85.2289 79.8307 16.197
internal_count=18472 4326 1576 623 953 14146 2782 1335 1447 2750 540 876 740 232
cat_boundaries=0 1 2 4
cat_threshold=9991302 1 262160 27
is_linear=0
shrinkage=0.05


Tree=113
num_leaves=15
num_cat=1
split_feature=3 8 18 21 10 1 6 1 5 9 11 11 13 10
split_gain=8.13139 5.62585 4.41003 8.019 9.15598 7.94446 7.52281 7.38659 6.82611 6.78779 7.16936 7.448 6.3851 6.39968
threshold=51.500000000000007 2.9000000000000004 0 0.16025641025641027 1.2633333333333339 10.500000000000002 21.500000000000004 10.500000000000002 8.5000000000000018 0.15000000000000005 40.722500000000011 40.322500000000012 1.0000000180025095e-35 0.91000000000000025
decision_type=2 10 9 2 10 2 10 2 2 10 10 10 10 10
left_child=1 -1 3 -2 6 9 12 8 -8 -6 11 -11 -5 -14
right_child=2 -3 -4 4 5 -7 7 -9 -10 10 -12 -13 13 -15
leaf_value=0.018114955357181741 -0.003805615110650409 -0.030469482849894203 -0.0015079723922210766 -0.0066145342803215967 0.087322785136926206 -0.03205285421379625 0.020795763993063449 0.04044862814785135 -0.02225403658857171 0.033828701868840731 0.012556761625112132 0.11702591070165497 0.0496294112764478 -0.0025993999098727818
leaf_weight=7.1641342453658572 119.91710145026445 35.405074486974627 1098.1948162070476 13.621712340041993 6.3662982732057563 4.2283913968130937 11.906975675374268 7.5322931446135035 40.625049082562327 8.2088177911937219 20.187913600355387 4.0013051740825167 20.79027904570103 8.1699629705399257
leaf_count=68 2349 876 13876 112 42 65 72 54 289 114 276 49 142 88
internal_value=-0.000773622 -0.022293 -0.000101899 0.00556026 0.0136538 0.033025 0.00554024 -0.00585682 -0.0124963 0.0401237 0.0308489 0.0610928 0.0216165 0.0348952
internal_weight=1406.32 42.5692 1363.75 265.556 145.639 42.9927 102.646 60.0643 52.532 38.7643 32.398 12.2101 42.582 28.9602
internal_count=18472 944 17528 3652 1303 546 757 415 361 481 439 163 342 230
cat_boundaries=0 1
cat_threshold=9991300
is_linear=0
shrinkage=0.05


Tree=114
num_leaves=15
num_cat=1
split_feature=3 8 18 21 10 6 1 23 1 5 3 13 10 1
split_gain=7.49681 5.2323 3.88781 5.91971 8.10378 7.91728 6.88948 6.60341 5.72946 6.05271 5.7131 5.21558 5.51195 4.65006
threshold=51.500000000000007 2.9000000000000004 0 0.16025641025641027 1.2633333333333339 21.500000000000004 10.500000000000002 2.5500000000000003 10.500000000000002 8.5000000000000018 54.250000000000007 1.0000000180025095e-35 0.91000000000000025 8.5000000000000018
decision_type=2 10 9 2 10 10 2 8 2 2 2 10 10 2
left_child=1 -1 3 7 5 11 -6 -2 9 -7 13 -5 -13 -9
right_child=2 -3 -4 4 6 8 -8 10 -10 -11 -12 12 -14 -15
leaf_value=0.016981634205261928 0.034378601087524219 -0.029724698617209035 -0.0014040625799714435 -0.0052175301383304762 0.036677497321517663 0.018155808714322087 -0.03126871712228093 -0.0045837836378524975 0.033171171588532979 -0.022945153986513603 -0.01788586225583785 0.045846258314683232 -0.002474318714185731 0.02870421350084076
leaf_weight=7.2576510645449153 10.739794343709944 34.500833678990602 1103.3031686046161 13.294405946508048 39.443417456001043 11.609646383672951 4.1204814855009309 34.619150744285434 7.5325757004320613 39.210551530122757 55.030275809578598 21.365013834089044 8.1542345862835628 15.052856458351014
leaf_count=68 77 876 13944 110 477 69 65 801 53 283 1044 142 88 375
internal_value=-0.000738891 -0.0216071 -9.97702e-05 0.00528223 0.0122211 0.00445722 0.0302508 -0.0029595 -0.00752398 -0.0135558 -0.00678944 0.020787 0.0324984 0.00550398
internal_weight=1405.23 41.7585 1363.48 260.172 144.73 101.166 43.5639 115.442 58.3528 50.8202 104.702 42.8137 29.5192 49.672
internal_count=18472 944 17528 3584 1287 745 542 2297 405 352 2220 340 230 1176
cat_boundaries=0 1
cat_threshold=9990276
is_linear=0
shrinkage=0.05


Tree=115
num_leaves=15
num_cat=1
split_feature=11 11 5 3 9 4 8 2 18 9 6 8 8 23
split_gain=5.40265 7.28364 6.70713 4.86175 9.75313 9.42642 4.73942 4.24384 6.56772 6.61472 6.24409 6.53409 7.19637 7.83579
threshold=41.110000000000014 41.210000000000015 7.5000000000000009 54.250000000000007 1.1500000000000001 1450.0000000000002 10.225000000000001 5.5000000000000009 0 4.9500000000000011 113.50000000000001 8.7083333333333339 6.7083333333333348 4.366666666666668
decision_type=10 10 2 2 10 2 10 2 9 10 8 10 10 10
left_child=7 -2 3 -3 -5 -6 -4 8 -1 -10 11 12 -9 -14
right_child=1 2 6 4 5 -7 -8 10 9 -11 -12 -13 13 -15
leaf_value=-0.013799300171146101 -0.028389326973877516 0.00081711740296990226 -0.0040064778722284349 -0.010242791883205735 0.12626883864164665 0.029047508194688678 -0.040304283417138542 -0.0020874979297617583 0.004933651150725334 0.059789216176888538 -0.028326622567002552 -0.034280004282815087 0.08870519619679218 0.014100377277456272
leaf_weight=39.03238282725215 29.746844867244363 20.459733062423766 240.04884980618954 6.6932351160794523 4.0917596966028196 6.3819704316556454 9.3430267348885518 178.96306714043021 797.38200283935294 5.5336709693074217 22.516605189070106 13.573132814839481 4.1641998086124685 22.73566228710115
leaf_count=393 493 308 4167 53 64 94 669 1853 8833 88 242 578 62 543
internal_value=0.000905939 -0.0048383 -0.00239745 0.0172804 0.0369014 0.0670288 -0.00536631 0.00258467 0.00426184 0.00524637 -0.00325156 -0.000678578 0.00153686 0.0256495
internal_weight=1400.67 316.765 287.019 37.6267 17.167 10.4737 249.392 1083.9 841.948 802.916 241.953 219.436 205.863 26.8999
internal_count=18440 5848 5355 519 211 158 4836 12592 9314 8921 3278 3036 2458 605
cat_boundaries=0 2
cat_threshold=3557105664 18
is_linear=0
shrinkage=0.05


Tree=116
num_leaves=15
num_cat=3
split_feature=11 11 8 15 10 11 3 3 18 16 3 11 10 2
split_gain=4.88034 6.76117 5.59337 5.49269 7.09694 7.85537 9.30239 6.19573 6.10206 6.66996 7.93452 8.58676 9.94295 7.61833
threshold=41.110000000000014 41.210000000000015 10.225000000000001 0 0.76333333333333353 41.363333333333337 55.500000000000007 51.500000000000007 1 2 53.250000000000007 41.690000000000012 2.5225000000000009 3.5000000000000004
decision_type=10 10 10 1 8 10 2 2 9 1 2 10 10 2
left_child=-1 -2 3 4 -3 6 -6 -5 -9 10 -10 12 13 -12
right_child=1 2 -4 7 5 -7 -8 8 9 -11 11 -13 -14 -15
leaf_value=0.0024426601115205698 -0.027583749650725149 -0.062306864586384063 -0.040292124866442784 -0.04725936831535188 0.10232620321024991 0.0087284651398490815 0.0030253220665209801 -0.014578050004839783 0.063073809843871939 -0.0090122476708488532 -0.010957186986653711 -0.007878984533562703 0.091151509409026971 0.042491004455531792
leaf_weight=1085.8123291335069 29.101464510429651 2.973556861281395 9.3654695171862823 8.327507019042967 5.3222071230411512 48.515253765974194 4.2352507002651691 66.414083760697395 7.1418998716399065 63.158034318126738 13.788446409627801 39.187446149066091 5.0882082525640717 12.908752194605766
leaf_count=12592 493 22 693 231 85 866 72 1140 123 1133 166 556 95 173
internal_value=0.000852047 -0.00462167 -0.00228867 -0.00100404 0.0111984 0.0168905 0.0583224 -0.00475096 -0.00327528 0.00286724 0.0128392 0.00778416 0.0270949 0.0148863
internal_weight=1401.34 315.528 286.426 277.061 61.0463 58.0727 9.55746 216.014 207.687 141.273 78.1148 70.9729 31.7854 26.6972
internal_count=18440 5848 5355 4662 1045 1023 157 3617 3386 2246 1113 990 434 339
cat_boundaries=0 1 3 4
cat_threshold=4 2082 16 4
is_linear=0
shrinkage=0.05


Tree=117
num_leaves=15
num_cat=2
split_feature=24 1 15 10 8 7 21 22 8 10 22 9 18 19
split_gain=4.51376 7.11783 9.773 9.39335 7.35096 12.2018 10.2023 6.74697 7.01931 6.66256 6.30054 6.10865 5.67544 7.32166
threshold=0.45000000000000007 4.5000000000000009 0 0.34500000000000008 6.4500000000000011 5.5000000000000009 0.17424242424242428 5.9000000000000012 7.2250000000000005 0.59000000000000019 8.1000000000000014 0.25000000000000006 1 7.5000000000000009
decision_type=10 2 1 10 10 10 2 10 10 10 10 8 9 2
left_child=12 9 3 -3 -4 6 -6 -7 10 -2 -9 -10 13 -1
right_child=1 2 4 -5 5 7 -8 8 11 -11 -12 -13 -14 -15
leaf_value=-0.0013320378099665332 0.0025830115504476676 0.019227146449435351 0.002320125780005925 -0.02694466476049073 0.12341258751574835 0.078587412866626169 0.032300148660238122 -0.0075607356542035549 0.080515669747123375 -0.017606196970070855 0.088958959207719054 -0.024730064992728163 0.0053613339972809777 -0.036230976711463705
leaf_weight=229.20250708330423 61.485004361718893 14.074599005281923 220.41986862570047 50.682523714378476 4.7399420198053113 2.9414614550769356 8.7335013560950738 3.2581274686381247 1.4939862284809313 121.84436294483021 3.5146921453997493 17.869915949180729 645.70759909320623 16.083422169554979
leaf_count=3058 389 79 2023 730 85 56 103 71 31 1808 91 697 8857 362
internal_value=0.000800295 -0.00294563 0.00146771 -0.0146476 0.00577357 0.0250195 0.0643534 0.00679398 -0.00128575 -0.0108351 0.0425273 -0.01661 0.00294889 -0.00347855
internal_weight=1402.05 511.058 327.729 64.7571 262.971 42.5516 13.4734 29.0782 26.1367 183.329 6.77282 19.3639 890.994 245.286
internal_count=18440 6163 3966 809 3157 1134 188 946 890 2197 162 728 12277 3420
cat_boundaries=0 1 3
cat_threshold=2 335874052 19
is_linear=0
shrinkage=0.05


Tree=118
num_leaves=15
num_cat=0
split_feature=11 11 5 19 24 11 22 22 21 6 9 24 12 22
split_gain=4.39979 6.26187 5.90289 5.30532 5.08923 8.15859 13.1599 7.09107 6.35555 7.43216 6.45749 6.20019 7.18709 7.94624
threshold=41.110000000000014 41.210000000000015 7.5000000000000009 4.5000000000000009 0.45000000000000007 41.045000000000009 2.5500000000000003 5.1000000000000005 0.84523809523809534 9.5000000000000018 0.15000000000000005 0.36666666666666675 12.900000000000002 4.5500000000000007
decision_type=10 10 2 2 10 10 10 8 2 10 10 10 10 10
left_child=4 -2 -3 -4 5 11 -7 -8 9 -6 -10 -1 13 -13
right_child=1 2 3 -5 8 6 7 -9 10 -11 -12 12 -14 -15
leaf_value=0.0022972847676681822 -0.026802907215729501 0.016083804552618323 -0.00077858985504166973 -0.01759372685566208 0.049382027704742357 -0.046552933227782617 0.095675680473201116 0.014710312020908174 -0.0019928802294679779 -0.0067781673128558652 0.022108861201914829 0.024996676560976289 0.040948096968884823 -0.011700938752722424
leaf_weight=565.1027808310464 28.49446632200852 38.155088544357568 184.99573916336522 62.843205238226801 6.006855931133031 3.3118844889104357 7.4636577311903212 4.2408777363598356 66.42304752394557 305.74962034774944 47.78374870121479 31.575847338885069 22.68372470093891 27.684322451706976
leaf_count=6745 493 519 3272 1564 75 30 84 101 352 3967 323 220 276 419
internal_value=0.000758106 -0.00445084 -0.00222383 -0.00504231 0.00226373 0.00500664 0.0414411 0.0663397 -0.00199952 -0.00569608 0.00809121 0.00416108 0.0170143 0.00785281
internal_weight=1402.51 314.488 285.994 247.839 1088.03 662.063 15.0164 11.7045 425.963 311.756 114.207 647.047 81.9439 59.2602
internal_count=18440 5848 5355 4836 12592 7875 215 185 4717 4042 675 7660 915 639
is_linear=0
shrinkage=0.05


Tree=119
num_leaves=15
num_cat=1
split_feature=18 10 9 24 8 22 23 12 24 23 4 23 22 10
split_gain=4.08177 8.69475 5.37108 5.62734 5.7058 6.54872 8.16493 8.60439 6.09659 7.44832 5.68908 5.55852 10.5162 5.33235
threshold=0 2.2225000000000006 -0.84999999999999998 1.1000000000000003 2.6333333333333337 8.9000000000000021 10.633333333333335 13.900000000000002 -0.44999999999999996 1.7750000000000001 1450.0000000000002 3.3666666666666671 4.7750000000000012 2.0900000000000012
decision_type=9 10 8 10 8 10 10 10 10 10 2 10 10 10
left_child=1 2 -1 4 8 13 7 10 -4 -10 -7 -11 -13 -6
right_child=-2 -3 3 -5 5 6 -8 -9 9 11 -12 12 -14 -15
leaf_value=0.041137941856697162 -0.00087245061976857238 -0.022428837714538206 0.063468557149123014 -0.0064984500647666775 0.0015935313542746463 -0.02011202774947931 -0.024631932253651689 0.12622146289683941 0.058626130394413195 -0.011466369879340356 0.08048174541794767 0.069524496701700439 -0.0038705705169851511 0.04477455618183887
leaf_weight=11.514558039605616 1045.8374968902208 26.021562994923443 8.2655891031026822 67.031187052838504 175.62100219819695 3.0095263984985632 3.4881697837263337 3.5487149525433779 8.7891258820891363 19.28807232901454 2.6371479742228985 8.2409288138151187 11.968732491135595 7.4528522258624426
leaf_count=52 13603 986 62 789 2119 86 106 67 50 126 89 57 92 156
internal_value=0.000717106 0.0052526 0.00758849 0.00637879 0.00979989 0.00575852 0.0405027 0.0652108 0.0237891 0.0169969 0.026868 0.00773352 0.0260579 0.00335141
internal_weight=1402.71 356.877 330.856 319.341 252.31 195.757 12.6836 9.19539 56.5524 48.2869 5.64667 39.4977 20.2097 183.074
internal_count=18440 4837 3851 3799 3010 2623 348 242 387 325 175 275 149 2275
cat_boundaries=0 2
cat_threshold=546845842 4
is_linear=0
shrinkage=0.05


Tree=120
num_leaves=15
num_cat=1
split_feature=9 12 24 18 6 24 23 10 1 24 6 11 9 24
split_gain=7.18626 5.29756 4.45085 4.18738 7.00445 5.17695 4.3202 9.19626 7.03582 6.87736 6.69051 6.37424 6.01022 5.33172
threshold=-0.84999999999999998 9.9000000000000021 0.29166666666666669 0 115.50000000000001 -1.2916666666666663 5.1000000000000005 0.52250000000000019 7.5000000000000009 -0.70833333333333315 34.500000000000007 40.122500000000009 1.8500000000000003 1.2250000000000003
decision_type=8 10 10 9 10 8 10 10 2 8 10 10 10 10
left_child=1 -1 -3 4 5 -2 7 10 -8 -10 11 -7 -11 -9
right_child=3 2 -4 -5 -6 6 8 13 9 12 -12 -13 -14 -15
leaf_value=-0.010693720159124192 -0.033923438437155277 0.04114646064898906 0.0086522789406769975 0.00027285467735795277 -0.035759538243631817 -0.0058352799827635317 -0.023601597804221514 0.020086998274317366 0.073828758399679908 0.011050120090784168 -0.028653231934351334 0.041985388557995433 -0.05299280220593771 -0.016124635999563704
leaf_weight=13.005793958902357 14.212140454910694 22.30844559520483 19.973806887865067 1071.4432066362351 19.342512352392077 55.893584791570902 50.734282341320068 64.626057857647538 3.4690339500084519 18.401126966346062 29.533892467617989 7.960995450615882 4.5740688056685022 12.062378302216528
leaf_count=60 299 106 94 14798 211 387 947 671 68 309 187 54 151 131
internal_value=-0.00045607 0.0172126 0.0257965 -0.00117847 -0.0064945 -0.00457796 -0.00289119 0.00156101 -0.0127024 0.00820808 -0.00897488 0.000126706 -0.00170001 0.0143912
internal_weight=1407.54 55.288 42.2823 1352.25 280.81 261.468 247.255 170.077 77.1785 26.4442 93.3885 63.8546 22.9752 76.6884
internal_count=18473 260 200 18213 3415 3204 2905 1430 1475 528 628 441 460 802
cat_boundaries=0 2
cat_threshold=3489726494 21
is_linear=0
shrinkage=0.05


Tree=121
num_leaves=15
num_cat=1
split_feature=9 12 23 9 24 4 22 12 20 8 22 24 24 18
split_gain=6.46859 4.75281 4.07553 4.30681 4.19488 4.10844 8.43072 8.55678 7.41589 7.3702 5.82514 5.49364 5.22079 8.28623
threshold=-0.84999999999999998 9.9000000000000021 10.450000000000001 0.35000000000000003 2.1000000000000005 1300.0000000000002 1.6333333333333335 12.708333333333334 0.21111111111111114 2.4500000000000006 1.2916666666666667 -0.44999999999999996 0.45000000000000007 0
decision_type=8 10 10 10 10 2 8 10 2 10 10 10 8 9
left_child=1 -1 4 -4 5 -2 9 12 11 -7 -11 -9 -8 -14
right_child=2 -3 3 -5 -6 6 7 8 -10 10 -12 -13 13 -15
leaf_value=-0.010185579509701774 -0.0037804809531668026 0.024393037002327773 0.035126166611542074 -0.03270000096707236 -0.011773495316581407 -0.051429124486420043 0.0045334126813485788 -0.00035440718209032638 -0.0058431203882566536 0.034023615170489421 -0.023465110803931991 0.026038918249984673 -0.016610042707196238 0.0018839450311237888
leaf_weight=12.972764156758783 466.97840399015695 42.472125612199306 2.7066723629832294 17.298191007226706 81.54743960686028 13.281007662415503 347.371805915609 25.361308314837515 36.096532318741083 6.843589746393266 12.372890070080755 88.566831449046731 84.901243018452078 167.79499674448743
leaf_count=60 6033 200 36 788 962 86 5082 517 248 67 129 1240 972 2053
internal_value=-0.000435816 0.0163025 -0.00112269 -0.0235231 -0.000786045 -6.89992e-05 0.00214567 0.00322587 0.0139062 -0.0227869 -0.00299158 0.0201636 0.00055564 -0.00491245
internal_weight=1406.57 55.4449 1351.12 20.0049 1331.12 1249.57 782.59 750.093 150.025 32.4975 19.2165 113.928 600.068 252.696
internal_count=18473 260 18213 824 17389 16427 10394 10112 2005 282 196 1757 8107 3025
cat_boundaries=0 2
cat_threshold=1073741832 28
is_linear=0
shrinkage=0.05


Tree=122
num_leaves=15
num_cat=1
split_feature=9 12 11 6 18 6 24 7 8 1 1 19 6 23
split_gain=5.82864 4.26645 4.09465 4.94593 3.80836 6.38015 4.7505 5.67608 6.46827 7.6011 12.7218 11.0957 6.40743 5.82712
threshold=-0.84999999999999998 9.9000000000000021 39.763333333333343 23.500000000000004 0 115.50000000000001 -1.2916666666666663 6.5000000000000009 8.4500000000000011 2.5000000000000004 8.5000000000000018 2.5000000000000004 32.500000000000007 5.1000000000000005
decision_type=8 10 10 10 9 8 10 10 10 2 2 2 8 10
left_child=1 -1 -3 -4 5 6 -2 13 9 -9 12 -12 -11 -8
right_child=4 2 3 -5 -6 -7 7 8 -10 10 11 -13 -14 -15
leaf_value=-0.0097007989992706212 -0.033022044931054616 0.039230420039393588 -0.017573743249117476 0.029799475979914364 0.00023882565589732161 -0.03475444106095997 -0.001265856092228174 0.074210284516693495 -0.021041548549447512 -0.032630631132011478 -0.0025403999824031766 0.10927412290055356 0.029115808433831908 -0.021650486708507142
leaf_weight=12.940838530659674 13.72300989134237 20.432600952684879 10.1201498657465 12.093674324452875 1093.3436108548194 18.752819871529937 132.71560516394675 6.1614956380799404 10.43498155614361 12.008785483427351 3.8852262990549189 5.17255172226578 6.4624369200319043 47.643588773906231
leaf_count=60 296 93 50 57 14986 210 1026 102 421 287 77 96 93 619
internal_value=-0.000421787 0.0154456 0.0230762 0.00821724 -0.00107499 -0.00642444 -0.00446387 -0.00271808 0.013356 0.02401 0.0127742 0.0613126 -0.0110277 -0.00665065
internal_weight=1405.89 55.5873 42.6464 22.2138 1350.3 256.961 238.208 224.485 44.1255 33.6905 27.529 9.05778 18.4712 180.359
internal_count=18473 260 200 107 18213 3227 3017 2721 1076 655 553 173 380 1645
cat_boundaries=0 2
cat_threshold=3489660958 17
is_linear=0
shrinkage=0.05


Tree=123
num_leaves=15
num_cat=2
split_feature=9 23 9 11 23 23 16 9 24 22 15 11 0 9
split_gain=5.25616 3.81036 4.03466 3.79091 3.73655 6.89405 7.4743 3.98248 3.64695 5.12498 3.98106 12.9582 6.60346 10.8485
threshold=-0.84999999999999998 4.5500000000000007 -1.4499999999999997 39.522500000000015 10.450000000000001 10.225000000000001 0 0.35000000000000003 0.45000000000000007 2.2250000000000005 1 40.190000000000012 7.5000000000000009 0.55000000000000016
decision_type=8 10 10 10 10 10 1 10 8 8 1 10 2 10
left_child=1 2 -1 -4 5 8 -7 -6 -2 -10 11 12 -11 -14
right_child=4 -3 3 -5 7 6 -8 -9 9 10 -12 -13 13 -15
leaf_value=0.032781636406074913 0.0011882817437413923 0.040703253109509986 0.019808662712173609 -0.015102225808530984 0.032783925966507144 0.13987402229336768 -0.0010138991610523737 -0.031934203126150737 0.043416720707027297 -0.013950625499619283 -0.0092061513386363508 0.012718253567139556 -0.012048975877147438 0.05730417907284259
leaf_weight=12.050678759813307 812.01565327122808 11.211889758706091 12.978285431861876 19.39957320690155 2.770404368638995 1.8151261094026268 1.955612927209585 16.742551840376109 5.590810675173997 132.85732046561316 240.56308289756998 111.12283087987453 14.653216809034349 9.1657115961424989
leaf_count=53 11137 60 57 90 36 70 81 788 34 1383 2781 1669 104 130
internal_value=-0.000403577 0.0146567 0.00808369 -0.00110861 -0.00102463 -0.000705894 0.0668055 -0.0227457 -0.00089788 -0.00419389 -0.0047175 -0.000329292 -0.0096043 0.0146387
internal_weight=1404.89 55.6404 44.4285 32.3779 1349.25 1329.74 3.77074 19.513 1325.97 513.953 508.362 267.799 156.676 23.8189
internal_count=18473 260 200 147 18213 17389 151 824 17238 6101 6067 3286 1617 234
cat_boundaries=0 1 2
cat_threshold=2 5
is_linear=0
shrinkage=0.05


Tree=124
num_leaves=15
num_cat=1
split_feature=9 12 23 23 11 7 9 11 12 22 15 0 4 0
split_gain=4.73627 3.82229 3.45511 5.82306 5.70283 13.031 3.67107 3.45093 3.28518 8.3012 7.47062 7.19936 8.87514 8.98482
threshold=-0.84999999999999998 9.9000000000000021 10.450000000000001 10.225000000000001 39.610000000000014 9.5000000000000018 0.35000000000000003 39.763333333333343 10.633333333333335 1.1000000000000003 0 1.5000000000000002 1900.0000000000002 5.5000000000000009
decision_type=8 10 10 10 10 10 10 10 8 10 1 2 2 2
left_child=1 -1 3 8 -5 -6 -4 -3 9 -2 11 -10 -13 -14
right_child=2 7 6 4 5 -7 -8 -9 10 -11 -12 12 13 -15
leaf_value=-0.0099297973849877125 0.048560280305424086 0.035876202467253669 0.030368492814397886 -0.018810191987077909 0.21553822051612534 -0.011167042051200046 -0.031247061464745179 0.0074646286062827671 -0.020477941179321012 -0.0054722799049512919 -0.0013681197222462239 0.010169546277079691 0.0071119451990557499 0.086808513060162726
leaf_weight=12.933781310915945 7.2339500784873954 20.530427902936935 2.8393614906817701 1.4714992092922319 1.2990326825529339 1.2378791370429096 16.267387150786817 22.293008662760258 16.714964518789202 409.46007783384994 741.58122929977253 136.06756899226457 6.3448817897587997 7.989755876827985
leaf_count=60 50 93 36 40 36 75 788 107 214 4955 9945 1833 111 130
internal_value=-0.000389207 0.0138912 -0.000979662 -0.000676246 0.059497 0.104918 -0.0220907 0.0210857 -0.000858229 -0.00453426 0.000827456 0.0100508 0.0141118 0.0515327
internal_weight=1404.26 55.7572 1348.51 1329.4 4.00841 2.53691 19.1067 42.8234 1325.39 416.694 908.698 167.117 150.402 14.3346
internal_count=18473 260 18213 17389 151 111 824 200 17238 5005 12233 2288 2074 241
cat_boundaries=0 1
cat_threshold=4
is_linear=0
shrinkage=0.05


Tree=125
num_leaves=15
num_cat=1
split_feature=1 1 24 9 19 9 18 5 23 22 9 5 4 24
split_gain=4.64473 6.14861 5.84687 3.74534 4.59596 4.15545 3.342 5.14956 4.5809 5.63789 3.94423 3.61083 3.89963 4.88346
threshold=11.500000000000002 13.500000000000002 1.5500000000000003 1.4500000000000002 1.5000000000000002 0.55000000000000016 0 11.500000000000002 5.9000000000000012 7.1000000000000005 0.55000000000000016 9.5000000000000018 1300.0000000000002 0.36666666666666675
decision_type=2 2 10 8 2 8 9 2 10 10 10 2 2 10
left_child=-1 6 3 4 -3 -6 7 8 -2 -10 -9 -8 13 -13
right_child=1 2 -4 -5 5 -7 11 10 9 -11 -12 12 -14 -15
leaf_value=0.0010907068288050074 0.0027967836110048827 0.042616999268530603 0.071852170151185737 -0.028026216593370165 -0.037178321128008153 0.023568165118915445 0.011426411784493311 0.0088978113897674634 0.12111321287342197 0.0097311518443984491 -0.034804353908720775 -0.033810886823522818 -0.045760711300547145 0.025446067618588471
leaf_weight=1293.7907568016089 10.24378408398479 8.0021451478824037 3.3713761363178483 7.4882724117487731 5.6561023239046264 5.6050869394093805 4.9982484919019035 8.7052495330572146 2.1803743382915846 2.3722110921517015 12.687921211589126 10.376897430513052 25.203736623749137 5.2288522250019005
leaf_count=16739 108 82 39 200 56 82 62 67 35 72 286 187 392 75
internal_value=0.000244685 -0.00951782 0.0098004 0.00198032 0.0136448 -0.00694267 -0.0166147 -0.00104636 0.0213435 0.0630755 -0.0170212 -0.0235456 -0.0335985 -0.0139563
internal_weight=1405.91 112.12 30.123 26.7516 19.2633 11.2612 81.9973 36.1895 14.7964 4.55259 21.3932 45.8077 40.8095 15.6057
internal_count=18482 1743 459 420 220 138 1284 568 215 107 353 716 654 262
cat_boundaries=0 2
cat_threshold=2176 2
is_linear=0
shrinkage=0.05


Tree=126
num_leaves=15
num_cat=0
split_feature=1 0 23 0 6 4 8 11 8 5 19 7 7 22
split_gain=4.24257 7.98515 6.19808 4.23959 8.77419 8.7058 5.8058 9.77341 5.6017 8.56331 6.74397 6.94805 11.1696 6.27257
threshold=11.500000000000002 7.5000000000000009 1.9000000000000001 6.5000000000000009 9.5000000000000018 950.00000000000011 7.291666666666667 38.845000000000013 6.7750000000000012 10.500000000000002 7.5000000000000009 9.5000000000000018 12.500000000000002 2.3666666666666671
decision_type=2 2 10 2 8 2 8 8 10 2 2 10 10 8
left_child=3 -2 -3 -1 -5 6 -6 -8 13 10 11 -10 -13 -7
right_child=1 2 -4 4 5 8 7 -9 9 -11 -12 12 -14 -15
leaf_value=-0.00065774699358834426 -0.0339318302151125 -0.049807293834725277 0.0018551143530635757 0.065675182527725293 -0.033113528326207731 0.024847486527364473 0.12430483152403807 -0.033023787045673041 0.064080899424276305 -0.0046305802076398407 -0.018704525723139576 -0.034403580484862174 0.093495727990310265 0.0011786883091253976
leaf_weight=958.94412424229085 25.139253763947636 6.2608638722449532 79.841236252803355 6.0230081276968113 21.98705085460097 32.026907548308372 1.6802255194634188 2.392985007725656 19.088587823323913 18.287053375970572 4.4290436054579905 5.1663621659390619 2.5493889921344817 222.18136870209128
leaf_count=12601 444 50 1249 99 222 223 40 82 354 580 142 186 46 2164
internal_value=0.000230313 -0.00913997 -0.00190149 0.00103538 0.00587027 0.00477804 -0.0229558 0.0318753 0.00715763 0.0225423 0.038452 0.0478963 0.00785609 0.00416065
internal_weight=1406 111.241 86.1021 1294.76 335.812 329.789 26.0603 4.07321 303.729 49.5204 31.2334 26.8043 7.71575 254.208
internal_count=18482 1743 1299 16739 4138 4039 344 122 3695 1308 728 586 232 2387
is_linear=0
shrinkage=0.05


Tree=127
num_leaves=15
num_cat=1
split_feature=12 15 9 24 19 22 1 21 20 2 1 9 5 9
split_gain=4.97923 8.25785 14.1341 8.01372 6.013 5.98953 10.53 7.01063 5.5939 8.32079 7.17511 16.1177 8.14541 14.5589
threshold=11.225000000000001 0 -0.6499999999999998 -0.77499999999999991 1.5000000000000002 7.9000000000000012 7.5000000000000009 0.12916666666666668 0.29285714285714287 7.5000000000000009 7.5000000000000009 0.65000000000000002 9.5000000000000018 0.75000000000000011
decision_type=10 1 10 10 2 10 2 2 2 2 2 8 2 10
left_child=5 2 -2 4 -4 -1 -7 -8 9 10 12 -12 -5 -14
right_child=1 -3 3 8 -6 6 7 -9 -10 -11 11 -13 13 -15
leaf_value=-0.0016453834702714204 -0.053811770013530713 0.0007269192031154159 0.036343618676373708 -9.7721797793325585e-06 -0.021282791908287441 -0.040301735765668811 -0.020795559533242504 0.047205044559259057 0.00099641077661300338 -0.033236134730756921 0.11904566763931701 0.030651078556382869 -0.0053521641294440314 0.079926685721551136
leaf_weight=644.75416359724477 6.6776607036590567 612.05541449645534 6.2960194377228644 16.306327226106077 16.108836906496435 26.403674442786723 7.8692373456433398 7.3123112772591412 14.707887280732391 4.1544014886021605 8.0326042827218753 14.404801147524269 8.1476252404972929 12.974669315386562
leaf_count=7093 31 8765 86 211 333 736 286 124 98 62 69 252 78 258
internal_value=0.00021546 0.00312062 0.0152299 0.0212945 -0.00508912 -0.00283162 -0.0212234 0.0119575 0.0288029 0.0351911 0.0399396 0.0622964 0.0265373 0.0470316
internal_weight=1406.21 719.866 107.811 101.133 22.4049 686.339 41.5852 15.1815 78.7283 64.0204 59.866 22.4374 37.4286 21.1223
internal_count=18482 10243 1478 1447 419 8239 1146 410 1028 930 868 321 547 336
cat_boundaries=0 1
cat_threshold=4
is_linear=0
shrinkage=0.05


Tree=128
num_leaves=15
num_cat=1
split_feature=12 15 11 19 10 22 11 11 5 10 24 5 8 22
split_gain=4.59023 6.93673 10.2363 10.1586 10.0115 9.72242 7.43835 6.92705 6.8811 6.48046 7.99923 6.39971 6.21702 5.99433
threshold=11.900000000000002 0 40.690000000000012 5.5000000000000009 1.3100000000000005 5.366666666666668 41.045000000000009 40.122500000000009 11.500000000000002 0.10000000000000005 1.7083333333333337 6.5000000000000009 9.4500000000000011 4.5500000000000007
decision_type=10 1 10 2 10 10 10 10 2 10 10 2 10 10
left_child=12 -2 3 7 -4 -5 -6 9 11 -3 -11 -8 -1 -9
right_child=1 2 4 5 6 -7 8 13 -10 10 -12 -13 -14 -15
leaf_value=-0.0013972426246413932 -0.0004628508810045137 -0.033198565591440334 -0.030040477956721903 0.017226956994271386 -0.038317216187592075 0.13038182214678332 0.08874627525380703 0.072033066228867723 0.07337665053783235 0.0092728160933236697 0.05961394266111042 0.0018732048507057023 -0.036071259163960416 0.019565818097832467
leaf_weight=901.32872510235757 318.14466511597857 7.6721386834979048 23.359736052341759 3.6060885190963736 5.945041468832641 4.0084206792525947 2.3691772855818334 9.492610180750491 5.5036371024325481 70.198053972329944 8.8906119018793088 20.154496845789254 13.115600732620804 12.763365826103835
leaf_count=10575 4972 36 231 26 129 82 35 75 157 659 83 463 773 186
internal_value=0.000200809 0.00409447 0.0117784 0.0209591 -0.00484349 0.0767938 0.0124822 0.0170592 0.0232576 0.0106757 0.0149318 0.011011 -0.00189456 0.0419441
internal_weight=1406.55 492.108 173.963 116.631 57.3321 7.61451 33.9724 109.017 28.0273 86.7608 79.0887 22.5237 914.444 22.256
internal_count=18482 7134 2162 1147 1015 108 784 1039 655 778 742 498 11348 261
cat_boundaries=0 1
cat_threshold=1
is_linear=0
shrinkage=0.05


Tree=129
num_leaves=15
num_cat=1
split_feature=12 15 9 4 10 6 5 10 11 21 11 9 10 22
split_gain=4.18636 7.18727 12.6215 8.30983 8.82325 7.99363 6.93422 9.85477 9.30132 18.2244 11.9049 8.77706 8.03452 5.50804
threshold=11.225000000000001 0 -0.6499999999999998 1300.0000000000002 0.71000000000000019 134.50000000000003 9.5000000000000018 0.91000000000000025 40.290000000000013 0.47727272727272735 39.722500000000018 0.75000000000000011 1.0900000000000005 7.9000000000000012
decision_type=10 1 10 2 10 10 2 10 10 2 10 8 10 10
left_child=13 2 -2 4 -4 6 11 -8 10 12 -9 -5 -10 -1
right_child=1 -3 3 5 -6 -7 7 8 9 -11 -12 -13 -14 -15
leaf_value=-0.0014884623739125663 -0.051685824580215214 0.00059962160344274396 0.039150441788198376 0.044397266403119341 -0.033754579467633924 -0.044781570666283375 0.0070452975418286434 0.048658799027366063 0.10622862354396621 0.1131425924865353 0.16241241630485775 -0.0098492694481471244 0.0033707040692135728 -0.020462233468067102
leaf_weight=643.32791260629892 6.604795664548873 613.08073052577674 6.1245298907160786 12.23622954264283 12.87285240087658 3.7707620076835147 14.592638375237582 5.2304754750803095 2.1457092799246373 6.3780320771038523 4.1052839644253254 19.0899385297671 16.48295089090243 40.667782995384187
leaf_count=7093 31 8765 38 100 199 38 109 80 24 63 70 308 418 1146
internal_value=0.000187201 0.00284076 0.0140382 0.019614 -0.0102509 0.0263657 0.0297083 0.041467 0.0560932 0.0401941 0.0986805 0.0113398 0.0152182 -0.00261657
internal_weight=1406.71 722.715 109.634 103.029 18.9974 84.032 80.2613 48.9351 34.3425 25.0067 9.33576 31.3262 18.6287 683.996
internal_count=18482 10243 1478 1447 237 1210 1172 764 655 505 150 408 442 8239
cat_boundaries=0 1
cat_threshold=4
is_linear=0
shrinkage=0.05


Tree=130
num_leaves=15
num_cat=0
split_feature=2 4 6 24 12 10 23 19 8 8 1 6 24 20
split_gain=3.75925 4.99634 6.48439 4.80987 4.35573 5.13639 4.76053 4.23494 12.549 11.7764 7.3834 6.0184 5.70421 5.83564
threshold=5.5000000000000009 1550.0000000000002 31.500000000000004 -0.36666666666666664 12.100000000000001 0.42250000000000015 1.9000000000000001 6.5000000000000009 6.1000000000000005 4.1000000000000005 7.5000000000000009 23.500000000000004 0.90000000000000013 0.47222222222222227
decision_type=2 2 8 8 10 10 10 2 10 10 2 10 10 2
left_child=4 -2 -3 -4 -1 6 -6 11 9 -9 -10 12 13 -7
right_child=1 2 3 -5 5 7 -8 8 10 -11 -12 -13 -14 -15
leaf_value=-5.7964038270184035e-05 -0.0081944232948456246 0.015944227539316978 0.020096498552970004 -0.024124704572840005 -0.011826659050766439 -0.0050016105463072018 0.026795119962947644 0.0092376025275320555 0.025092814224254835 0.12021810343025566 -0.044641965549710803 0.0096966411736742388 -0.028601376577524252 0.034416271240856146
leaf_weight=757.19049137597904 222.99770240671933 56.813881820999086 8.3811266710981709 23.089618724770848 9.5651733726263029 87.597156424075365 48.104146242141724 4.4821334294974822 9.0218087988905591 5.1217955406755209 6.5526501191779962 123.50772076053545 22.676015675999224 10.516776546835898
leaf_count=9186 3240 988 109 269 52 1752 274 46 331 69 253 1375 400 65
internal_value=0.000634645 -0.00420866 0.00585894 -0.0123479 0.00202502 0.00684618 0.0203892 0.00394789 0.0234724 0.0684237 -0.00424674 0.00193561 -0.00600003 -0.00077643
internal_weight=1395.62 311.282 88.2846 31.4707 1084.34 327.145 57.6693 269.476 25.1784 9.60393 15.5745 244.298 120.79 98.1139
internal_count=18409 4606 1366 378 13803 4617 326 4291 699 115 584 3592 2217 1817
is_linear=0
shrinkage=0.05


Tree=131
num_leaves=15
num_cat=0
split_feature=11 6 0 10 24 5 12 24 5 11 23 7 1 23
split_gain=4.35673 4.94399 9.13578 8.72144 9.62267 8.83832 10.4684 10.7461 5.92528 5.69751 6.08654 12.5362 5.30616 6.23793
threshold=40.790000000000013 34.500000000000007 4.5000000000000009 3.1291666666666669 -1.7083333333333333 10.500000000000002 11.100000000000001 0.36666666666666675 9.5000000000000018 41.110000000000014 5.1000000000000005 5.5000000000000009 1.5000000000000002 3.7083333333333335
decision_type=8 10 2 10 10 2 10 8 2 10 10 8 2 8
left_child=-1 12 3 4 -3 -6 -7 -8 9 -4 -11 -12 13 -2
right_child=1 2 8 -5 5 6 7 -9 -10 10 11 -13 -14 -15
leaf_value=0.0025800665952808157 0.0073118319247487866 0.098453360485647484 0.047937796142911888 -0.044283513337994129 0.00078874072283251131 0.099285590369023666 0.064642450267354615 -0.036610265543432795 -0.018102560583576875 -0.026290646405321721 0.078985174627801566 -0.032894571799589926 -0.0043233235684997538 -0.039132606531447373
leaf_weight=929.02744458196685 10.372565465047954 4.4620289811864486 7.7574381856247809 4.4932844880968323 22.905531188473105 6.3329564966261414 5.6834698207676384 4.8623064020648608 41.83643957041204 11.804393857717516 5.3519388176500771 4.7049819622188815 312.32321020355448 23.859282771125436
leaf_count=10625 100 64 79 83 247 74 72 58 640 109 52 98 5644 464
internal_value=0.000600044 -0.00334103 0.00539693 0.0220877 0.0288278 0.0210189 0.0484725 0.0179582 -0.00598783 0.0111242 -0.00193903 0.0266439 -0.00637159 -0.0250595
internal_weight=1395.78 466.75 120.195 48.7396 44.2463 39.7843 16.8787 10.5458 71.4552 29.6188 21.8613 10.0569 346.555 34.2318
internal_count=18409 7784 1576 598 515 451 204 130 978 338 259 150 6208 564
is_linear=0
shrinkage=0.05


Tree=132
num_leaves=15
num_cat=1
split_feature=9 1 5 23 4 24 22 23 8 6 24 6 23 16
split_gain=3.85048 8.08903 9.29412 7.033 12.1124 7.92321 7.41972 6.2015 6.26551 6.02794 13.4051 11.7713 11.461 6.25392
threshold=1.7500000000000002 5.5000000000000009 14.500000000000002 4.5500000000000007 1100.0000000000002 -0.22499999999999998 2.5500000000000003 5.4500000000000011 3.5500000000000003 41.500000000000007 0.45000000000000007 108.50000000000001 6.9000000000000012 0
decision_type=8 2 2 8 2 10 10 8 8 10 10 8 8 1
left_child=-1 2 3 4 -2 6 -6 -5 -9 13 11 12 -11 -10
right_child=1 -3 -4 7 5 -7 -8 8 9 10 -12 -13 -14 -15
leaf_value=0.0020977190833333078 0.091883430306945513 -0.011473146495991047 0.096183904051358959 -0.027361440473304389 0.003269858418651868 -0.0075914088065909052 0.064431121884607437 0.040545500460055256 -0.025493040400474922 0.15149276920772792 -0.047105233275510063 -0.014037826325561626 0.035334708235373657 0.0044321563056891784
leaf_weight=1041.7183808074333 4.9600064232945433 177.57416870258749 2.6718474924564353 23.642378073185682 9.9160557985305804 27.542537985369563 9.919053163379429 9.1579512692987901 32.942071993369609 3.5788703486323348 5.0827681226655832 4.9135335758328447 5.2221651906147608 37.145867640618235
leaf_count=10727 53 4175 74 392 124 333 132 98 956 46 83 83 87 1046
internal_value=0.000566356 -0.00393657 0.00363749 0.00221659 0.0175433 0.00976058 0.0338551 -0.00437551 0.00116737 -0.0028898 0.022253 0.0479579 0.0825694 -0.009633
internal_weight=1395.99 354.269 176.695 174.023 52.3377 47.3776 19.8351 121.686 98.0432 88.8853 18.7973 13.7146 8.80104 70.0879
internal_count=18409 7682 3507 3433 642 589 256 2791 2399 2301 299 216 133 2002
cat_boundaries=0 1
cat_threshold=2
is_linear=0
shrinkage=0.05


Tree=133
num_leaves=15
num_cat=1
split_feature=18 12 3 9 9 9 6 24 10 1 6 12 10 6
split_gain=3.98312 5.90998 5.57012 4.21969 5.48974 3.85539 6.89824 8.32904 10.671 7.83353 8.96068 10.1336 12.4709 12.7754
threshold=0 11.900000000000002 56.250000000000007 0.45000000000000007 0.8500000000000002 0.75000000000000011 34.500000000000007 0.22500000000000003 0.69000000000000028 5.5000000000000009 78.500000000000014 10.225000000000001 1.1775000000000004 54.500000000000007
decision_type=9 8 2 10 10 8 10 10 10 2 10 10 10 10
left_child=1 3 -3 -1 -5 -2 -7 8 -8 10 11 -10 -13 -14
right_child=5 2 -4 4 -6 6 7 -9 9 -11 -12 12 13 -15
leaf_value=-0.041239090910613549 0.0041365751609293167 -0.0065584684635782986 0.040437754801165016 0.03532713955221458 -0.023737624627397372 -0.0046715783081306634 0.059925033888390905 -0.0058645770007884979 -0.0024234883701980225 -0.0022473729338426496 -0.00056316442553727729 -0.021585427814633164 0.052431595862447881 0.14962995187596401
leaf_weight=19.314850427210331 609.96965011209249 31.43840958783403 7.8865296267904332 5.2672279756516245 15.542281630448995 481.14607180235907 11.45731486007571 90.012879869900644 10.15088011883199 66.238118491135538 23.843971223570406 4.1467537879943874 15.367807702161373 4.3340338151901951
leaf_count=155 4793 332 83 51 235 9842 82 1102 128 973 306 41 234 52
internal_value=0.000533884 -0.00968886 0.00286652 -0.0244088 -0.00878736 0.00121509 -0.00128932 0.0059257 0.0137558 0.00949263 0.0229364 0.0394168 0.0572256 0.0738134
internal_weight=1396.12 79.4493 39.3249 40.1244 20.8095 1316.67 706.698 225.552 135.539 124.082 57.8434 33.9995 23.8486 19.7018
internal_count=18409 856 415 441 286 17553 12760 2918 1816 1734 761 455 327 286
cat_boundaries=0 2
cat_threshold=3288351744 23
is_linear=0
shrinkage=0.05


Tree=134
num_leaves=15
num_cat=1
split_feature=11 12 18 4 24 9 9 12 12 11 11 9 8 9
split_gain=3.70334 4.41067 5.91142 8.64641 6.42373 6.28899 7.7589 8.20834 6.1087 4.67893 6.50917 4.5177 5.04366 4.42878
threshold=40.790000000000013 11.900000000000002 0 1300.0000000000002 -1.2249999999999999 0.25000000000000006 2.9500000000000006 13.900000000000002 12.550000000000002 39.036666666666676 38.263333333333343 2.7500000000000004 2.9000000000000004 0.75000000000000011
decision_type=8 10 9 2 10 10 10 10 10 10 10 10 10 10
left_child=1 11 3 4 -3 9 -7 8 -8 10 -4 -1 -13 -6
right_child=-2 2 5 -5 13 6 7 -9 -10 -11 -12 12 -14 -15
leaf_value=0.00066437527995312723 -0.0031417829469204059 0.060513223702520005 0.0031291753676910791 0.023181339372180421 0.010142315331905896 -0.011691650545416708 0.060982713375200809 0.10450861092215487 -0.054720117762556301 -0.0011522566050097115 0.050682659934352114 0.020402049462131908 -0.029348744207788071 -0.012278786638418976
leaf_weight=542.67391698947176 464.72757219569758 4.457976145669817 14.410295248031618 99.63503825198859 44.293861288577318 98.295480597764254 2.1127864583395413 3.0323848389089108 2.4796225805766881 30.845366848632693 14.374386195093392 6.4339044354856041 24.467538152821362 43.807656060438603
leaf_count=5642 7784 63 86 1091 352 1482 43 42 66 221 89 67 586 795
internal_value=0.000503802 0.00232294 0.00667988 0.0123187 0.00195662 -0.000575819 -0.00792264 0.0406658 -0.0014898 0.0123777 0.0268763 -0.000394521 -0.0189903 -0.00100637
internal_weight=1396.05 931.32 357.745 192.195 92.5595 165.55 105.92 7.62479 4.59241 59.63 28.7847 573.575 30.9014 88.1015
internal_count=18409 10625 4330 2301 1210 2029 1633 151 109 396 175 6295 653 1147
cat_boundaries=0 2
cat_threshold=1074792576 11
is_linear=0
shrinkage=0.05


Tree=135
num_leaves=15
num_cat=0
split_feature=1 23 8 7 23 4 21 11 8 10 11 10 23 12
split_gain=3.18136 7.76984 5.73246 8.11874 9.0319 11.8067 4.47001 5.92862 7.36329 4.42713 4.41093 4.5449 4.01308 3.84808
threshold=1.5000000000000002 1.9000000000000001 9.1000000000000014 7.5000000000000009 4.6333333333333337 1550.0000000000002 0.14835164835164838 39.863333333333344 3.5500000000000003 -0.5099999999999999 38.522500000000015 0.82250000000000023 2.6333333333333337 6.6333333333333337
decision_type=2 10 8 10 8 2 2 10 10 8 10 10 10 8
left_child=1 -1 3 6 -5 -6 10 8 -8 -2 -3 -12 -9 -11
right_child=9 2 -4 4 5 -7 7 12 -10 13 11 -13 -14 -15
leaf_value=-0.043637310437512566 0.027723259629720456 -0.032354672215470205 -0.052251440690736319 0.099679378781512784 -0.026216062902171711 0.091776559215405298 0.029355070779868198 0.010142243332884573 -0.027426051477979236 0.023382110542302936 0.044631972896558333 0.0025066799877553818 -0.035329201445346105 -0.00076244614779501414
leaf_weight=13.911029698327182 14.108893387019634 6.1113126389682284 5.87555705057457 3.8176600728183958 7.0315431747585535 3.0352843021973968 12.999629966914656 5.7824416607618323 10.181329306215046 16.724647287279367 8.7950307950377447 23.541522693820298 30.162183677777648 1241.4724816628732
leaf_count=100 63 56 279 48 198 65 78 38 103 138 63 328 294 16589
internal_value=-0.000893731 -0.00830543 -0.00411649 -0.00157903 0.0341943 0.0093603 -0.0066695 -0.0152994 0.00441618 -0.000129178 0.0066017 0.0139641 -0.0280142 -0.000441503
internal_weight=1403.55 131.245 117.333 111.458 13.8845 10.0668 97.5735 59.1256 23.181 1272.31 38.4479 32.3366 35.9446 1258.2
internal_count=18440 1650 1550 1271 311 263 960 513 181 16790 447 391 332 16727
is_linear=0
shrinkage=0.05


Tree=136
num_leaves=15
num_cat=0
split_feature=5 14 1 23 10 22 6 11 11 11 6 22 7 19
split_gain=7.89362 10.5825 4.63052 8.41113 6.06381 5.35747 6.01619 6.86189 6.53748 6.53258 4.47951 6.44534 4.30206 5.84944
threshold=12.500000000000002 3.5000000000000004 1.5000000000000002 1.9000000000000001 -0.5099999999999999 2.2250000000000005 33.500000000000007 39.590000000000011 39.055000000000014 39.222500000000011 72.500000000000014 5.6333333333333337 7.5000000000000009 3.5000000000000004
decision_type=2 8 2 10 8 10 10 10 8 10 10 10 10 2
left_child=2 -2 3 -1 -4 -5 7 8 -7 -8 11 -11 -9 -14
right_child=1 -3 4 5 -6 6 9 12 -10 10 -12 -13 13 -15
leaf_value=-0.04731631107538653 0.078104026228620532 -0.01081607530941201 0.036803629631057454 0.031776941366286178 0.0013941125422498807 -0.017611376666732504 -0.026440041464129219 -0.036972563230894172 0.046532077054266978 0.063166224023868553 -0.0068966505721422926 -0.0016963379766674475 0.046072251904225585 -0.039716216119257658
leaf_weight=12.624318972229956 3.3976587764918804 220.21500658942387 12.230863370001316 9.4705529324710351 1053.8708796421997 9.3473217198625225 9.4811684824526292 32.246727978810668 6.9080525478348127 9.8374778591096455 8.5306113772094232 6.2717452570796004 4.0602863472886375 3.8912772494368255
leaf_count=93 39 3453 53 71 13493 110 81 396 80 85 90 91 149 156
internal_value=-0.000852251 -0.00946499 0.000781584 -0.00885817 0.00180035 -0.00400529 -0.00774671 -0.017765 0.00964769 0.00882864 0.0223997 0.0379135 -0.0288501 0.00408973
internal_weight=1402.38 223.613 1178.77 112.67 1066.1 100.045 90.5747 56.4537 16.2554 34.121 24.6398 16.1092 40.1983 7.95156
internal_count=18440 3492 14948 1402 13546 1309 1238 891 190 347 266 176 701 305
is_linear=0
shrinkage=0.05


Tree=137
num_leaves=15
num_cat=1
split_feature=5 14 12 22 22 12 10 23 1 12 16 20 20 6
split_gain=7.17599 9.22712 4.82964 4.46119 6.2286 6.57421 6.77522 9.42874 5.31425 5.31118 4.52464 5.92592 7.66754 6.15906
threshold=12.500000000000002 3.5000000000000004 12.100000000000001 2.9000000000000004 1.6333333333333335 11.708333333333334 0.040000000000000036 1.7083333333333337 13.500000000000002 12.450000000000001 0 0.31666666666666671 0.53571428571428581 29.500000000000004
decision_type=2 8 10 8 10 10 10 10 2 10 1 2 2 10
left_child=3 -2 -3 4 9 6 -6 -8 10 -1 -5 -12 -13 -14
right_child=1 2 -4 8 5 -7 7 -9 -10 -11 11 12 13 -15
leaf_value=-0.0010159914952250512 0.070871405041194949 -0.020377765106194507 -0.0048430267777625283 -0.0055605421788897146 0.031192178221173129 0.026407206297133758 -0.053709859159461096 0.0043794902079954358 0.047151843920789187 -0.043205615645444999 0.004128252467341418 -0.020495141996318876 -0.010212003843221301 0.025387238395658082
leaf_weight=56.12855463847518 3.5529199196025729 77.569286930840462 140.93329906696454 356.43062330596149 21.341243721544743 52.280935752205551 7.5006473176181307 101.72073272243142 5.7314788973890236 8.6030471073463541 458.71194016421214 61.659509552642703 26.673554953187704 22.314022406935692
leaf_count=419 39 1130 2323 5678 98 399 51 879 96 70 6532 472 138 116
internal_value=-0.000812829 -0.00905824 -0.0103579 0.000740003 0.00670574 0.0114245 0.00542503 0.000390274 -0.00084554 -0.00662313 -0.00114269 0.00162298 -0.00876317 0.00600358
internal_weight=1401.15 222.056 218.503 1179.1 247.575 182.844 130.563 109.221 931.521 64.7316 925.79 569.359 110.647 48.9876
internal_count=18440 3492 3453 14948 1916 1427 1028 930 13032 489 12936 7258 726 254
cat_boundaries=0 1
cat_threshold=2
is_linear=0
shrinkage=0.05


Tree=138
num_leaves=15
num_cat=0
split_feature=5 14 12 13 12 21 0 10 10 21 9 22 9 21
split_gain=6.52384 8.08123 4.47941 4.28713 4.25422 4.56842 4.19773 5.26623 4.69019 4.24398 10.7042 16.1775 16.3414 6.81119
threshold=12.500000000000002 3.5000000000000004 12.100000000000001 1.0000000180025095e-35 11.100000000000001 0.24038461538461542 1.5000000000000002 -0.5099999999999999 -0.18999999999999997 0.29285714285714287 0.35000000000000003 6.9000000000000012 1.0000000180025095e-35 0.18465909090909094
decision_type=2 8 10 10 10 2 2 8 10 2 8 10 10 2
left_child=6 -2 4 -4 5 -3 8 -8 -1 10 11 -9 -13 -12
right_child=1 2 3 -5 -6 -7 7 9 -10 -11 13 12 -14 -15
leaf_value=-0.042104748763414641 0.064631447406957754 -0.022896488395262399 0.034620553673530986 -0.0065621362678513206 -0.032413836004683033 0.010856335480967608 0.034273368549926221 0.011709593664058219 -0.0053817904217921602 -0.0019512919068263577 -0.00077176188737386128 0.008910948271272822 0.12502634345983518 0.018875589369553025
leaf_weight=9.494339779019354 3.6972048543393612 23.91319369059056 6.6326497597619882 133.81337457895279 35.235389433801174 17.261484878137708 12.244039706885815 71.70521491765976 103.23518433468416 515.42854159884155 405.32125045638531 5.4224066901952011 6.867748623713851 49.498902432620525
leaf_count=63 39 389 87 2236 571 170 53 503 1345 4349 7606 57 91 881
internal_value=-0.0007752 -0.00866804 -0.00991774 -0.00461726 -0.0196603 -0.00874644 0.000701026 0.00167091 -0.00847468 0.00129227 0.00439504 0.0207941 0.0737963 0.00136649
internal_weight=1399.77 220.553 216.856 140.446 76.4101 41.1747 1179.22 1066.49 112.73 1054.24 538.816 83.9954 12.2902 454.82
internal_count=18440 3492 3453 2323 1130 559 14948 13540 1408 13487 9138 651 148 8487
is_linear=0
shrinkage=0.05


Tree=139
num_leaves=15
num_cat=1
split_feature=22 15 12 22 12 22 8 21 24 20 11 10 2 12
split_gain=3.39406 6.57702 6.8996 8.97483 5.47943 6.12035 6.655 4.96652 6.30204 4.96429 4.92991 6.99901 5.36719 4.81102
threshold=2.9000000000000004 0 11.708333333333334 1.7750000000000001 6.7083333333333348 2.6333333333333337 2.4500000000000006 0.72077922077922085 0.36666666666666675 0.61250000000000016 40.310000000000009 1.5100000000000005 4.5000000000000009 10.366666666666669
decision_type=8 1 10 10 10 10 10 2 10 2 10 8 2 10
left_child=1 2 7 -4 -3 6 9 -1 13 -6 -8 12 -12 -9
right_child=-2 4 3 -5 5 -7 10 8 -10 -11 11 -13 -14 -15
leaf_value=0.014404449760546063 -0.0019850065049081718 0.037123986844336647 -0.01011696631702183 0.05019680131571818 -0.0055509651615745365 0.017900953482962487 -0.03506527465011882 -0.0015503079213986196 0.0233853726401589 0.028598551674460865 0.030989546190437329 -0.033838873974787208 -0.019763987247743017 -0.048069774797100819
leaf_weight=64.611458452418447 1114.1200432493351 8.0493746846914274 8.5183513350784796 22.352572416886687 43.148657787591219 23.992095047608018 30.772401830181479 11.294239595532419 9.9779960662126523 14.126156657934187 12.820279877632862 15.295670027844603 8.773931182920931 10.942748181521891
leaf_count=592 16174 51 66 168 260 192 270 68 53 65 105 227 80 69
internal_value=-0.000740028 0.00413237 0.0120289 0.0335542 -0.00287442 -0.00522928 -0.00967105 0.00640844 -0.00962862 0.00287161 -0.0202882 -0.00796157 0.0103679 -0.0244424
internal_weight=1398.8 284.676 127.697 30.8709 156.979 148.929 124.937 96.8264 32.215 57.2748 67.6623 36.8899 21.5942 22.237
internal_count=18440 2266 1016 234 1250 1199 1007 782 190 325 682 412 185 137
cat_boundaries=0 1
cat_threshold=6
is_linear=0
shrinkage=0.05


Tree=140
num_leaves=15
num_cat=1
split_feature=18 6 0 1 10 6 2 6 21 11 10 9 6 9
split_gain=6.29086 5.32798 4.44084 9.55932 8.82529 7.71498 6.66131 7.99291 7.40901 7.70929 6.377 6.22303 8.82239 5.6748
threshold=0 176.50000000000003 6.5000000000000009 6.5000000000000009 1.3366666666666671 26.500000000000004 4.5000000000000009 26.500000000000004 0.20714285714285716 41.345000000000006 3.9100000000000006 1.9500000000000002 31.500000000000004 -0.24999999999999997
decision_type=9 10 2 2 8 8 2 10 2 10 10 10 10 10
left_child=1 -1 3 -2 11 13 10 -8 9 -9 -6 -4 -13 -5
right_child=2 -3 4 5 6 -7 7 8 -10 -11 -12 12 -14 -15
leaf_value=-0.0033677749611210114 0.003395979118010671 -0.029444617406517076 0.014409132900938273 0.052996776050406293 -0.012649141304594824 -0.031947101311103558 -0.0058665147930460973 0.038029017953409433 -0.0013049565353401901 0.14236856546223692 0.050772668169413865 0.014059991558079847 0.1073098600610275 -0.0071991589771498617
leaf_weight=685.54737710906193 380.93758372263983 20.164246635511518 105.11029804125428 4.2562823519110671 74.070160298142582 37.718090671114624 13.410316140390934 4.2434827070683223 4.2852207636460662 3.0375928813591599 4.187577662523835 5.7563273841515166 4.5345929972827435 48.860294947400689
leaf_count=9033 4897 198 852 23 1309 475 354 76 44 64 84 84 44 896
internal_value=-0.000768316 -0.0040554 0.00261253 -7.95116e-05 0.00854092 -0.0146548 -0.00208012 0.0204019 0.0508582 0.0815584 -0.00925544 0.0180422 0.0551496 -0.0023756
internal_weight=1396.12 705.712 690.408 471.772 218.636 90.8347 103.234 24.9766 11.5663 7.28108 78.2577 115.401 10.2909 53.1166
internal_count=18433 9231 9202 6291 2911 1394 1931 538 184 140 1393 980 128 919
cat_boundaries=0 2
cat_threshold=3490777142 23
is_linear=0
shrinkage=0.05


Tree=141
num_leaves=15
num_cat=1
split_feature=18 24 24 3 22 0 12 0 8 22 24 24 2 10
split_gain=5.45356 7.09158 4.98944 3.9107 4.73513 7.22065 7.11218 5.93638 8.13746 6.8369 4.07118 4.88429 3.73801 4.35193
threshold=0 3.3250000000000006 2.5500000000000003 56.250000000000007 4.7750000000000012 2.5000000000000004 10.550000000000002 5.5000000000000009 5.2250000000000005 6.1000000000000005 -0.44999999999999996 1.0000000180025095e-35 5.5000000000000009 0.72250000000000025
decision_type=9 10 10 2 10 2 10 2 8 10 10 8 2 10
left_child=2 -2 3 12 10 -6 -7 9 -9 -8 -5 -12 -1 -14
right_child=1 -3 -4 4 5 6 7 8 -10 -11 11 -13 13 -15
leaf_value=-0.0021925045910263364 0.0017516832352028823 0.045699410514983219 -0.023845874029084058 -0.037363436727442183 0.069626465603265977 -0.05534216027127007 0.033252993850673117 0.084088591849916738 -0.006785066977269787 -0.055151218669964031 0.032535612146104044 -0.013245581712152704 -0.023912328649116188 -0.0048000818129787237
leaf_weight=457.37192480731755 709.99797093868256 9.2995410896837694 30.203306101262569 7.226214328780773 6.5831718537956503 3.5055118454620269 4.6829601749777812 6.1919367164373371 4.0912215597927579 4.1033620899543166 9.8360155858099425 14.290113728493456 47.24701963365078 80.589504700619727
leaf_count=5759 9451 82 360 87 94 70 46 52 98 93 73 96 384 1688
internal_value=-0.000733597 0.00228806 -0.00392494 -0.00305393 0.00904691 0.0235505 0.0101141 0.0221469 0.0479339 -0.00803328 -0.00444165 0.00541902 -0.00430515 -0.0118638
internal_weight=1395.22 719.298 675.922 645.719 60.5105 29.1582 22.575 19.0695 10.2832 8.78632 31.3523 24.1261 585.208 127.837
internal_count=18433 9533 8900 8540 709 453 359 289 150 139 256 169 7831 2072
cat_boundaries=0 2
cat_threshold=3489663030 21
is_linear=0
shrinkage=0.05


Tree=142
num_leaves=15
num_cat=2
split_feature=18 24 6 24 6 3 22 6 0 6 0 24 24 16
split_gain=4.93651 6.1902 4.72669 4.49171 3.97294 3.77196 4.52245 7.16016 6.91486 5.54573 9.01468 3.87019 4.59067 3.71778
threshold=0 3.3250000000000006 176.50000000000003 2.5500000000000003 267.50000000000006 56.250000000000007 4.7750000000000012 20.500000000000004 2.5000000000000004 40.500000000000007 5.5000000000000009 -0.44999999999999996 1.0000000180025095e-35 1
decision_type=9 10 10 10 10 2 10 10 2 10 2 10 8 1
left_child=2 -2 3 5 -4 -1 11 -8 -9 10 -10 -7 -13 -5
right_child=1 -3 4 13 -6 6 7 8 9 -11 -12 12 -14 -15
leaf_value=-0.0034601372014361519 0.0016620488033262473 0.042135853233671972 -0.042567283121943328 -0.012738111812362977 0.0097280174756318328 -0.036354069455311756 -0.024043237255673953 0.086104703249124892 -0.0091814495065198603 -0.017353354182704245 0.0810253017627445 0.032286043561209288 -0.012285799480099422 -0.055701807729826594
leaf_weight=566.62403379753232 710.85137795237824 9.5742945894598943 13.651151836849751 22.661859378218651 4.9483189284801474 6.9639147538691786 6.1154194371774819 5.4341812748461988 4.8716051238589007 6.0097374469041815 6.4186607245355844 9.7990685179829562 14.074042368680242 6.4736273763701346
leaf_count=7660 9451 82 143 255 46 86 142 61 79 74 88 70 95 101
internal_value=-0.00069969 0.00216982 -0.0037433 -0.00309352 -0.0286543 -0.00220078 0.00975472 0.0239841 0.0369032 0.0214483 0.0421022 -0.00355755 0.00600937 -0.0222842
internal_weight=1394.47 720.426 674.046 655.446 18.5995 626.311 59.6866 28.8496 22.7342 17.3 11.2903 30.837 23.8731 29.1355
internal_count=18433 9533 8900 8711 189 8355 695 444 302 241 167 251 165 356
cat_boundaries=0 2 3
cat_threshold=3489663030 21 4
is_linear=0
shrinkage=0.05


Tree=143
num_leaves=15
num_cat=1
split_feature=18 24 24 3 23 23 12 12 9 0 6 6 6 24
split_gain=4.70118 5.51975 4.93223 4.48618 4.31368 6.56697 5.98372 10.8168 4.54179 3.81397 3.34976 3.53359 3.22492 3.17234
threshold=0 3.3250000000000006 2.5500000000000003 56.250000000000007 5.7750000000000012 8.4500000000000011 10.900000000000002 12.29166666666667 1.3500000000000003 7.5000000000000009 176.50000000000003 267.50000000000006 38.500000000000007 0.55000000000000016
decision_type=9 10 10 2 10 10 10 8 8 2 10 10 10 10
left_child=2 -2 3 10 8 6 -6 -8 -5 -4 13 -12 -10 -1
right_child=1 -3 9 4 5 -7 7 -9 12 -11 11 -13 -14 -15
leaf_value=-0.0061302702070663989 0.0017392254635919101 0.039602955382759444 -0.030675743077843279 0.0095806261770463707 -0.011616006330025696 -0.036139028774897004 0.12494646652482577 0.023033822215124566 -0.055120287335021313 0.019810003774856016 -0.040242526065022523 0.0098993111748479079 0.0042871220616650706 0.0015413002717427006
leaf_weight=378.23492928221822 683.82756349863485 9.7626749258488399 25.796872904524211 38.55330996774137 3.5127296829596188 3.0052564754150799 4.3140795854851577 6.5669081090018162 5.2655913606286031 4.3754290621727696 12.213341714814307 4.9327145684510461 4.0349696893244982 209.34050685819238
leaf_count=5333 9121 81 317 279 81 121 77 78 77 56 130 46 44 2592
internal_value=-0.000667335 0.00223988 -0.00352892 -0.00268874 0.00976665 0.0310868 0.0451229 0.06344 0.00201493 -0.0233546 -0.00403275 -0.0258173 -0.0293469 -0.00339705
internal_weight=1393.74 693.59 700.147 669.974 65.2528 17.399 14.3937 10.881 47.8539 30.1723 604.721 17.1461 9.30056 587.575
internal_count=18433 9202 9231 8858 757 357 236 155 400 373 8101 176 121 7925
cat_boundaries=0 2
cat_threshold=3490777142 23
is_linear=0
shrinkage=0.05


Tree=144
num_leaves=15
num_cat=1
split_feature=18 22 24 24 6 8 24 6 23 1 23 9 1 20
split_gain=4.26963 5.28934 5.53042 4.02158 3.97743 5.73896 3.7234 8.82892 7.24922 12.7731 13.3118 6.08571 5.99913 7.02182
threshold=0 1.1000000000000003 2.2250000000000005 3.6750000000000003 31.500000000000004 2.7750000000000004 0.45000000000000007 39.500000000000007 8.5500000000000025 6.5000000000000009 9.3666666666666689 1.5500000000000003 2.5000000000000004 0.19090909090909094
decision_type=9 8 10 10 10 10 10 10 10 2 10 10 2 2
left_child=1 -1 6 -2 5 -4 -3 8 11 -10 -11 -8 -13 -14
right_child=3 2 4 -5 -6 -7 7 -9 9 10 -12 12 13 -15
leaf_value=-0.05108187235940486 0.0011817253785993632 -0.005761787808750086 0.029993397837148772 0.03519953033251233 -0.050498133042199037 -0.032184358831015607 0.012662943252385256 -0.014254765479546717 -0.011192260022061619 0.23256276359953204 0.04645182526406471 0.040540559317487131 -0.046146743406708851 0.035310355168484707
leaf_weight=5.960074257105588 862.8642131080851 313.60050982935354 5.6708782278001371 8.7764508016407472 10.165219588205217 10.738608672283588 96.512126492802054 50.682296278886497 3.5695269536226979 1.5683978283777831 2.4801128176040947 3.6642790567129877 13.428320436738433 3.2947867615148416
leaf_count=46 11602 4277 37 76 109 189 899 482 133 46 80 76 335 46
internal_value=-0.000636565 -0.00416934 -0.00370771 0.00150696 -0.0259213 -0.0106966 -0.00250002 0.0033384 0.0104993 0.0577584 0.118551 0.00741959 -0.017402 -0.0300981
internal_weight=1392.98 521.335 515.375 871.641 26.5747 16.4095 488.8 175.2 124.518 7.61804 4.04851 116.9 20.3874 16.7231
internal_count=18433 6755 6709 11678 335 226 6374 2097 1615 259 126 1356 457 381
cat_boundaries=0 2
cat_threshold=4027648022 23
is_linear=0
shrinkage=0.05


Tree=145
num_leaves=15
num_cat=0
split_feature=2 11 11 21 21 1 22 0 8 13 24 22 10 24
split_gain=4.81629 6.5678 3.91571 4.47042 10.0384 3.91502 6.36065 5.8124 5.91904 8.09301 6.3655 7.01526 6.31379 9.86733
threshold=7.5000000000000009 40.64500000000001 40.422500000000007 0.57738095238095244 0.18465909090909094 10.500000000000002 1.7750000000000001 7.5000000000000009 7.1000000000000005 1.0000000180025095e-35 0.22500000000000003 6.366666666666668 1.7366666666666668 -0.36666666666666664
decision_type=2 8 8 2 2 2 10 2 10 10 10 10 10 8
left_child=5 2 3 4 -2 7 -7 -1 12 -10 11 -11 13 -9
right_child=1 -3 -4 -5 -6 6 -8 8 9 10 -12 -13 -14 -15
leaf_value=-0.00054673517603591058 -0.020618888296988325 -0.042871727745097399 0.051399689594127919 -0.049353771733359197 0.068972066275390292 -0.045966959934152979 -0.0051648848749955775 0.056079483179307978 -0.0074138111316995707 0.06077690282332824 0.021821079661771797 0.19437466558473582 -0.023028385065354689 0.0051323492181974189
leaf_weight=1078.6726940111257 11.35650933720172 16.125905732624233 3.0430128420703104 5.2261592596769324 4.3144979495555154 10.112658414989708 172.1655453434214 11.715677898377178 4.0950762936845422 2.1380014736205326 2.6307429103180766 1.8183093583211301 13.457619360648094 50.340622054412961
leaf_count=13911 243 382 53 48 59 100 2658 99 96 42 59 68 182 393
internal_value=-0.00112266 -0.018206 -0.00159145 -0.00930793 0.00404704 -0.000614576 -0.00742855 0.000451673 0.0129459 0.0477826 0.0820974 0.122178 0.00801796 0.0147507
internal_weight=1387.21 40.0661 23.9402 20.8972 15.671 1347.15 182.278 1164.87 86.196 10.6821 6.58705 3.95631 75.5139 62.0563
internal_count=18393 785 403 350 302 17608 2758 14850 939 265 169 110 674 492
is_linear=0
shrinkage=0.05


Tree=146
num_leaves=15
num_cat=2
split_feature=18 9 5 16 12 22 2 9 24 10 5 9 4 22
split_gain=5.05807 8.60229 6.11577 7.19586 6.38334 6.69611 7.25805 5.82762 7.28478 5.75126 8.93285 6.31739 4.95431 12.8968
threshold=0 -1.4499999999999997 7.5000000000000009 1 11.550000000000002 5.7750000000000012 4.5000000000000009 0.8500000000000002 3.2250000000000005 1.8100000000000003 10.500000000000002 0.35000000000000003 1625.0000000000002 9.1000000000000014
decision_type=9 8 2 1 10 8 2 10 10 10 2 10 2 10
left_child=-1 -2 3 -3 5 -4 -7 8 9 -6 -11 -12 -9 -14
right_child=1 2 4 -5 7 6 -8 12 -10 10 11 -13 13 -15
leaf_value=-0.0054343629629463449 0.05341736401070063 0.059132702894572231 -0.0012169003194964412 0.0083863711968526888 0.0078891752926632582 -0.0013864380782144176 -0.026789180795085452 -0.0058300183122013752 -0.046033325326069179 0.10433881678894355 -0.041936643435698619 0.051867721823091954 -0.0060623088018240956 0.06570049616366791
leaf_weight=439.44918472552672 7.7666792646050453 7.5440262826159596 251.29431401286274 94.400397373363376 232.97907436639071 49.5488869138062 65.014579588081688 191.47751434473321 6.0335894823074332 4.0111424149945361 3.1502877660095692 4.1716444557532668 20.109330981038514 9.0911000201012921
leaf_count=5499 35 78 2581 1000 1918 942 1394 4115 50 54 43 79 361 244
internal_value=-0.0010706 0.00100207 0.000579128 0.0121417 -0.000829359 -0.00578417 -0.0158025 0.00301919 0.00824079 0.00958115 0.0443639 0.0115081 -0.0029044 0.0162799
internal_weight=1386.04 946.593 938.826 101.944 836.881 365.858 114.563 471.024 250.346 244.312 11.3331 7.32193 220.678 29.2004
internal_count=18393 12894 12859 1078 11781 4917 2336 6864 2144 2094 176 122 4720 605
cat_boundaries=0 2 3
cat_threshold=3557368836 25 1
is_linear=0
shrinkage=0.05


Tree=147
num_leaves=15
num_cat=2
split_feature=18 9 8 10 24 5 12 8 16 19 12 19 8 7
split_gain=4.58494 7.7334 5.9407 5.53745 5.99689 5.21336 6.87265 7.17091 6.10386 8.98226 9.36633 5.11224 4.96788 14.6187
threshold=0 -1.4499999999999997 10.225000000000001 1.8200000000000003 -0.29166666666666657 7.5000000000000009 11.550000000000002 7.7083333333333348 1 5.5000000000000009 11.366666666666669 6.5000000000000009 9.1000000000000014 10.500000000000002
decision_type=9 8 10 10 10 2 10 10 1 2 10 2 10 10
left_child=12 -2 5 4 -4 8 7 -7 -3 -10 11 -11 -1 -14
right_child=1 2 3 -5 -6 6 -8 -9 9 10 -12 -13 13 -15
leaf_value=-0.0063994667745346278 0.050551893309023876 0.054336366938132145 0.073264834085280353 -0.047257199026092787 -0.020825235485757893 -0.0034942580477292534 0.0039154506989868823 -0.032449976311139661 -0.00068629800498401917 0.10009387598651585 -0.0049480705110408231 0.037984774204639395 0.064592215293710481 -0.026340421996249454
leaf_weight=420.13494975445792 7.7957737445831299 7.7991746366024017 2.3444670755416155 12.330004834569989 6.0988209098577517 339.71783752320334 454.05596059886739 22.818032966926694 70.025703563354909 5.1193953910842565 9.0364486845210177 9.3903374532237631 9.1447952734306472 8.5543878851458413
leaf_count=4826 35 77 74 944 209 3853 5822 931 649 45 120 135 299 374
internal_value=-0.00102334 0.000947811 0.000545969 -0.025895 0.00530097 0.00114432 -0.000183289 -0.00531673 0.0118389 0.00829671 0.0350119 0.0598984 -0.00518782 0.0206426
internal_weight=1384.37 946.532 938.736 20.7733 8.44329 917.963 816.592 362.536 101.371 93.5719 23.5462 14.5097 437.834 17.6992
internal_count=18393 12894 12859 1227 283 11632 10606 4784 1026 949 300 180 5499 673
cat_boundaries=0 2 3
cat_threshold=3557368836 25 1
is_linear=0
shrinkage=0.05


Tree=148
num_leaves=15
num_cat=2
split_feature=11 2 18 22 9 5 11 11 22 21 15 10 1 22
split_gain=4.43013 6.74385 5.4042 5.95474 5.19415 5.07408 4.61703 6.45388 8.2837 6.58671 4.31353 6.48309 5.01549 8.08397
threshold=40.822500000000012 7.5000000000000009 0 6.2250000000000005 0.25000000000000006 4.5000000000000009 40.490000000000016 39.410000000000011 4.9000000000000012 0.72077922077922085 1 0.15500000000000005 1.5000000000000002 3.1000000000000005
decision_type=10 2 9 10 10 2 10 8 10 2 1 10 2 10
left_child=2 10 3 6 -5 -4 7 8 -1 -10 11 -2 13 -13
right_child=1 -3 5 4 -6 -7 -8 -9 9 -11 -12 12 -14 -15
leaf_value=-0.020635667335684438 -0.071160136747007788 -0.040110309342289811 0.046710774216713546 0.0088323515069731982 -0.03359759689566244 0.0021344820388857536 -0.03478024392146066 0.016733651609614583 -0.0024380909556025172 0.065259319055259876 -0.0093233346146668859 0.026413069693248328 0.0046071966088617597 -0.046834695298622449
leaf_weight=42.865993021056056 3.0585566833615294 13.492290164809672 6.4341513216495505 9.2789103351533395 32.394465105608106 818.23427127301693 9.7265413943678123 40.251121408306062 9.987535488791762 5.6119970306754103 190.01938597206026 5.5267941970378187 184.14645941741765 11.828902810346333
leaf_count=313 17 339 54 90 686 9327 103 382 121 34 3041 53 3578 255
internal_value=-0.00097631 -0.00535027 0.000854755 -0.00758103 -0.0241502 0.00245253 -0.00191277 0.00132566 -0.00928212 0.0219163 -0.00416169 0.00103807 0.00218546 -0.0235095
internal_weight=1382.86 408.072 974.785 150.117 41.6734 824.668 108.443 98.7166 58.4655 15.5995 394.58 204.561 201.502 17.3557
internal_count=18393 7283 11110 1729 776 9381 953 850 468 155 6944 3903 3886 308
cat_boundaries=0 2 3
cat_threshold=3489666060 17 5
is_linear=0
shrinkage=0.05


Tree=149
num_leaves=15
num_cat=2
split_feature=1 0 18 22 18 11 6 23 6 6 22 11 3 10
split_gain=4.08026 5.88144 16.5622 5.78918 6.39681 9.18552 7.3727 6.0806 5.62018 5.31118 6.04674 9.19196 13.2321 8.56837
threshold=10.500000000000002 7.5000000000000009 0 1.7750000000000001 1 40.345000000000006 23.500000000000004 7.7750000000000012 19.500000000000004 112.50000000000001 7.1000000000000005 39.610000000000014 55.500000000000007 1.7366666666666668
decision_type=2 2 9 10 9 10 10 10 10 10 10 10 2 10
left_child=1 -1 -3 -2 5 6 7 8 -5 10 13 -12 -13 -4
right_child=3 2 9 4 -6 -7 -8 -9 -10 -11 11 12 -14 -15
leaf_value=-0.00086114317868714188 -0.045082650559818568 -0.020649153322353522 0.034893889260633519 0.024252383620922528 -0.012934913741428966 -0.016241683108154336 0.001106080538639176 -0.0099337634560758802 0.082639109552443746 -0.022065102808950951 -3.8424517111938891e-05 0.16481712162316575 0.024469544063609391 -0.013690585258233468
leaf_weight=1107.1817357875407 9.8786197025328857 22.477596777491271 39.69968375377357 7.5890841614455047 104.00963147962466 27.255887088365853 22.969095935113728 4.4358133734203866 9.0205473164096457 5.153403351083397 3.4901906610466522 3.6302890153601766 3.1251370287500322 11.764061322435735
leaf_count=14546 103 258 298 87 1640 563 251 117 105 44 44 81 68 188
internal_value=-0.00093422 0.000134642 0.0124753 -0.00784136 -0.00574248 0.00576056 0.0206942 0.0420727 0.0559617 0.0232255 0.0307715 0.0658497 0.0998907 0.023788
internal_weight=1381.68 1196.52 89.3404 185.159 175.28 71.2704 44.0145 21.0454 16.6096 66.8628 61.7094 10.2456 6.75543 51.4637
internal_count=18393 15527 981 2866 2763 1123 560 309 192 723 679 193 149 486
cat_boundaries=0 1 2
cat_threshold=54 8429736
is_linear=0
shrinkage=0.05


Tree=150
num_leaves=15
num_cat=2
split_feature=18 14 12 15 8 8 13 4 7 2 19 3 8 7
split_gain=4.29667 6.10209 5.17686 7.39581 5.55507 5.60108 5.6593 5.54653 14.8368 5.88683 4.89397 8.70594 5.26896 8.78688
threshold=0 4.5000000000000009 12.775000000000002 1 5.9000000000000012 3.3666666666666671 1.0000000180025095e-35 1900.0000000000002 2.5000000000000004 5.5000000000000009 5.5000000000000009 54.250000000000007 4.9000000000000012 4.5000000000000009
decision_type=9 10 10 1 10 10 8 2 10 2 2 2 10 10
left_child=1 -1 7 4 5 -4 -7 9 -9 -2 12 -12 13 -10
right_child=2 -3 3 -5 -6 6 -8 8 10 -11 11 -13 -14 -15
leaf_value=-0.027547121767420392 0.00096998750266441471 -0.0029374110421330085 0.012171878093663248 0.0031845504797872537 0.010668651099580213 0.098823109659766276 0.037897511057721628 -0.023849746586337567 0.030275663863630477 -0.0094815196846236363 0.070576489149443353 -0.055214031063746297 0.02726489232746436 0.12418723227172929
leaf_weight=28.979076316580176 703.44965790119022 192.57810314232484 7.72135101258755 210.52981150639243 19.272633368615061 6.7230787333101034 8.8013963382691127 14.15414698794484 5.0324350222945267 166.64724726090208 2.3762371423654249 3.2660955828614533 11.683083241339771 4.9317280501127243
leaf_count=347 8880 2441 45 3242 267 50 66 108 49 2473 55 77 279 54
internal_value=0.000339996 -0.00589043 0.00156247 0.00790296 0.0247064 0.0469732 0.0642821 -0.000180548 0.0176904 -0.00103176 0.0392358 -0.00223805 0.0500459 0.0767569
internal_weight=1386.15 221.557 1164.59 253.048 42.5185 23.2458 15.5245 911.541 41.4437 870.097 27.2896 5.64233 21.6472 9.96416
internal_count=18433 2788 15645 3670 428 161 116 11975 622 11353 514 132 382 103
cat_boundaries=0 2 3
cat_threshold=1889312782 17 6
is_linear=0
shrinkage=0.05


Tree=151
num_leaves=15
num_cat=1
split_feature=18 1 23 12 11 22 21 11 5 23 12 13 9 22
split_gain=3.75778 4.74067 5.23003 5.32752 5.98646 4.92093 5.61369 6.09633 4.32897 4.0397 5.01319 7.14331 6.22672 8.47117
threshold=0 13.500000000000002 4.4500000000000011 11.366666666666669 40.310000000000009 4.7750000000000012 0.24038461538461542 40.310000000000009 7.5000000000000009 11.366666666666669 12.775000000000002 1.0000000180025095e-35 4.9500000000000011 3.1000000000000005
decision_type=9 2 8 10 10 10 2 10 2 10 10 10 10 10
left_child=1 2 3 4 -1 6 -5 -8 -4 10 12 -12 -2 -14
right_child=9 -3 8 5 -6 -7 7 -9 -10 -11 11 -13 13 -15
leaf_value=-0.0038212177820351038 -0.00063146942347872741 0.044645892201718995 0.012305731097268775 0.035157056690331347 -0.050822899278445945 0.043455026395525655 -0.02984200304343217 0.020987940890652718 -0.023371999231054204 -0.034782770081152707 0.027435780184766351 0.0042132429439102398 -0.038645935417026919 0.057111851377703207
leaf_weight=38.350554516538978 936.32378147542477 4.343733070883899 9.8701316276565176 9.8339349050074798 8.2280824705958349 9.7574093751609308 14.769015144556763 9.8217816874384862 61.345569153316319 7.705450350418686 38.848401975817978 224.36535600759089 3.024276925250887 9.7733289347961527
leaf_count=310 12084 62 131 100 101 75 105 75 1143 345 365 3255 47 235
internal_value=0.000321132 -0.00651064 -0.00828446 -0.000325891 -0.012124 0.0121122 0.00322832 -0.00954007 -0.0184272 0.00129521 0.0015352 0.00764072 -0.000158002 0.0344828
internal_weight=1386.36 166.32 161.976 90.7608 46.5786 44.1821 34.4247 24.5908 71.2157 1220.04 1212.34 263.214 949.121 12.7976
internal_count=18433 2102 2040 766 411 355 280 180 1274 16331 15986 3620 12366 282
cat_boundaries=0 2
cat_threshold=1083711498 16
is_linear=0
shrinkage=0.05


Tree=152
num_leaves=15
num_cat=1
split_feature=18 11 20 20 6 23 7 1 24 7 2 23 4 7
split_gain=3.507 4.20551 4.5221 7.57242 4.18811 4.14593 5.59503 4.7788 5.29243 3.91105 3.82873 3.75875 3.29149 7.5248
threshold=0 38.845000000000013 0.61250000000000016 0.38750000000000007 19.500000000000004 4.291666666666667 5.5000000000000009 4.5000000000000009 1.0000000180025095e-35 8.5000000000000018 6.5000000000000009 11.366666666666669 1900.0000000000002 2.5000000000000004
decision_type=9 8 2 2 10 8 10 2 10 10 2 10 2 10
left_child=1 2 3 4 -1 -3 -7 8 9 -8 -6 12 -2 -14
right_child=11 5 -4 -5 10 6 7 -9 -10 -11 -12 -13 13 -15
leaf_value=-0.032078343855930412 0.00091084732670913349 -0.0038118542115319364 -0.026172043940016012 0.063553787320151697 0.00340889493736167 -0.038919313791668117 0.093585822825925119 -0.022193502654314218 -0.023269076260141991 0.001382943374699707 0.050063080565920737 -0.03407463108509564 -0.012435082243337763 0.026505740213274856
leaf_weight=6.930590766016393 1153.6638467102312 64.320768090896308 9.8883588090538961 5.9866354614496222 28.553367095068097 26.122853509150445 3.0320587912574428 14.566138443537055 3.3111334107816219 1.8530071657150982 5.1981658227741709 7.4781321790069333 18.716667041182518 36.792861167341471
leaf_count=106 15144 575 53 38 305 312 56 447 83 77 85 345 141 666
internal_value=0.000302604 -0.00622453 0.00454274 0.0110507 0.00332455 -0.0121536 -0.0231294 -0.00500829 0.025533 0.0586114 0.0105942 0.00125421 0.00148307 0.0133757
internal_weight=1386.41 169.763 56.5571 46.6688 40.6821 113.206 48.8852 22.7623 8.1962 4.88507 33.7515 1216.65 1209.17 55.5095
internal_count=18433 2137 587 534 496 1550 975 663 216 133 390 16296 15951 807
cat_boundaries=0 2
cat_threshold=1083711498 17
is_linear=0
shrinkage=0.05


Tree=153
num_leaves=15
num_cat=1
split_feature=3 18 21 21 7 6 11 6 20 21 1 0 6 21
split_gain=3.46165 4.62217 4.96593 13.0743 7.09297 13.2488 8.29846 7.85483 6.16301 5.55984 8.20361 7.16449 5.4616 5.41145
threshold=55.500000000000007 0 0.29285714285714287 0.26136363636363641 6.5000000000000009 33.500000000000007 39.745000000000012 16.500000000000004 0.10555555555555557 0.16025641025641027 2.5000000000000004 7.5000000000000009 18.500000000000004 0.47727272727272735
decision_type=2 9 2 2 10 8 10 8 2 2 2 2 10 2
left_child=-1 -2 3 9 13 6 -6 -8 -9 -3 -11 12 -12 -4
right_child=1 2 4 -5 5 -7 7 8 -10 10 11 -13 -14 -15
leaf_value=-0.0022701985274203472 -0.0034175008253385271 0.0064054203817986571 -0.021337747470310347 0.10272306665116625 -0.054991527044966543 0.094891116984912136 0.090357714149381596 0.039557069933440721 -0.044112025674225293 -0.02630016612731342 0.0087000892947696699 -0.011225794639781204 0.076116459113950277 0.0010343054299180993
leaf_weight=677.64472188707441 211.20509098889306 208.15190891129896 31.094511153176427 3.7918080501258364 4.2347010448575082 5.5115009360015383 3.4344695303589079 4.8129886807873845 4.0553844403475523 5.0497325062751797 3.9516652245074573 4.5007435716688624 12.529928118456153 206.77222752571106
leaf_count=10174 2570 3155 341 59 68 61 51 90 55 75 84 70 209 1371
internal_value=0.000285242 0.00272734 0.00529623 0.0106212 0.000624533 0.0277539 0.00537895 0.0261588 0.00129635 0.00912992 0.030915 0.0446847 0.0599526 -0.00189022
internal_weight=1386.74 709.097 497.892 237.976 259.916 22.049 16.5375 12.3028 8.86837 234.184 26.0321 20.9823 16.4816 237.867
internal_count=18433 8259 5689 3652 2037 325 264 196 145 3593 438 363 293 1712
cat_boundaries=0 2
cat_threshold=3230703768 17
is_linear=0
shrinkage=0.05


Tree=154
num_leaves=15
num_cat=0
split_feature=23 6 22 5 11 11 23 11 6 10 21 10 19 5
split_gain=3.22993 3.05456 6.96249 7.27185 3.88495 3.43765 6.82918 4.20853 5.93278 8.67627 6.57544 5.93516 10.8613 6.07618
threshold=11.366666666666669 10.500000000000002 3.9000000000000004 10.500000000000002 41.690000000000012 40.710000000000015 1.2916666666666667 40.145000000000017 41.500000000000007 1.7366666666666668 0.94444444444444453 1.8400000000000003 2.5000000000000004 11.500000000000002
decision_type=10 8 10 2 8 8 8 10 10 10 2 10 2 2
left_child=1 2 3 -1 -4 7 -7 -3 9 -9 -10 12 -11 -13
right_child=-2 5 4 -5 -6 6 -8 8 10 11 -12 13 -14 -15
leaf_value=0.008267701855849267 -0.030501354554882888 -3.6124177901488823e-05 -0.013025723815800166 0.086613100812392207 0.057314888252625262 -0.061251940111714732 -0.0027197223632841961 0.006630499145576764 -0.016946681900992994 0.0075945495357313516 0.037103760557677411 0.010124131962397977 0.13545682995725425 0.063780097450199941
leaf_weight=6.1560820760205406 8.4778830434661341 661.88326623989269 14.978453164920213 5.7080914610996842 2.2590211653150609 5.0374281518161288 463.89838357688859 141.85609434079379 36.572940823622048 3.0595412775874129 6.649986181408166 19.819873601663861 3.6331049017608166 7.1906138830818227
leaf_count=56 386 6948 299 54 82 40 7758 1533 408 49 42 480 72 226
internal_value=0.000266084 0.000455278 0.0164823 0.0459612 -0.00380738 0.000109685 -0.00334849 0.00195109 0.00796303 0.0120485 -0.00863085 0.0348526 0.0770046 0.0244082
internal_weight=1387.18 1378.7 29.1016 11.8642 17.2375 1349.6 468.936 880.665 218.782 175.559 43.2229 33.7031 6.69265 27.0105
internal_count=18433 18047 491 110 381 17556 7798 9758 2810 2360 450 827 121 706
is_linear=0
shrinkage=0.05


Tree=155
num_leaves=15
num_cat=3
split_feature=22 18 22 15 12 23 12 6 20 12 6 18 23 2
split_gain=4.15323 5.84023 7.06352 6.64377 9.82693 7.89873 6.28323 9.15906 8.1023 6.1472 5.75877 4.99381 7.13661 6.75254
threshold=4.5500000000000007 0 5.2250000000000005 1 10.775000000000002 3.9000000000000004 9.2250000000000014 32.500000000000007 0.13392857142857145 7.5500000000000007 48.500000000000007 2 1.1000000000000003 5.5000000000000009
decision_type=8 9 8 1 8 10 8 10 2 10 8 9 10 2
left_child=11 2 -2 4 -3 -6 7 8 9 -4 -9 12 -1 -13
right_child=1 3 6 -5 5 -7 -8 10 -10 -11 -12 13 -14 -15
leaf_value=-0.057482323203454193 -0.011165638323303036 -0.022052481888858517 -0.040588730418530658 -0.014236540683919902 0.042355315780403628 0.0027821131478827084 0.0018984612163323413 0.091587253262463086 -0.068217914147867195 0.034009277820609689 0.024994176687052443 0.0098053904977962129 -0.0022694995246839785 -0.0045926467696482199
leaf_weight=6.0271262824535361 97.815048985183239 35.029924272093922 3.5277423970401349 179.1002703497652 14.881694406270979 82.581817237660289 323.68098883377388 6.3391511579975459 3.2916918247938147 12.716236714739351 6.654384396970273 294.94193786429241 202.16898183431476 112.49186197388917
leaf_count=36 1146 593 62 3130 114 1449 5928 86 25 216 78 2545 1906 1109
internal_value=-0.000507138 -0.0029657 0.000719715 -0.00809891 0.000614583 0.00882454 0.00400363 0.024951 0.00331348 0.0178087 0.0574829 0.00255041 -0.0036906 0.00569045
internal_weight=1381.25 765.619 454.025 311.594 132.493 97.4635 356.21 32.5292 19.5357 16.244 12.9935 615.63 208.196 407.434
internal_count=18423 12827 7541 5286 2156 1563 6395 467 303 278 164 5596 1942 3654
cat_boundaries=0 2 3 5
cat_threshold=336184482 10 12 263170 27
is_linear=0
shrinkage=0.05


Tree=156
num_leaves=15
num_cat=2
split_feature=22 18 1 15 12 23 22 10 6 1 6 6 23 21
split_gain=3.76923 5.33996 7.18781 8.27102 8.8207 6.8691 6.40084 5.8216 8.10839 8.51924 6.98606 6.40268 5.51534 7.16636
threshold=4.5500000000000007 0 13.500000000000002 1 10.775000000000002 5.9000000000000012 5.2250000000000005 1.0775000000000003 15.500000000000002 11.500000000000002 78.500000000000014 54.500000000000007 5.9000000000000012 0.47727272727272735
decision_type=8 9 2 1 8 10 8 10 10 2 10 10 10 2
left_child=-1 6 3 4 -3 -6 -2 10 -9 12 11 -8 -10 -14
right_child=1 2 -4 -5 5 -7 7 8 9 -11 -12 -13 13 -15
leaf_value=0.0024183570705730859 -0.010693292847255226 -0.021094869621651347 0.039839483483453737 -0.016053226260371069 0.020734422394960674 -0.0058112528174001296 -0.003659005982018116 -0.016161640509266457 0.029560362942571663 -0.025423130746155549 -0.037221549751889176 0.045347462995066798 0.0051328284926425681 0.036990403319789193
leaf_weight=616.50891977362335 97.048973526339978 34.245150036644191 7.6519686218816778 169.82005344494246 52.384082252159715 45.569305671844631 105.46806391421705 29.043780946172774 47.883110152557492 14.067315916065125 14.691626612097023 7.1145154759287825 118.3285071500577 20.748066355474293
leaf_count=5596 1146 592 141 2993 517 1043 1016 965 616 388 134 47 3017 212
internal_value=-0.000490094 -0.00283687 -0.00776706 -0.00923039 0.000695802 0.008385 0.000679057 0.0037866 0.00853325 0.0121011 -0.00479381 -0.000562103 0.0149245 0.00988548
internal_weight=1380.57 764.065 309.671 302.019 132.199 97.9534 454.394 357.345 230.071 201.027 127.274 112.583 186.96 139.077
internal_count=18423 12827 5286 5145 2152 1560 7541 6395 5198 4233 1197 1063 3845 3229
cat_boundaries=0 2 3
cat_threshold=336184482 10 12
is_linear=0
shrinkage=0.05


Tree=157
num_leaves=15
num_cat=3
split_feature=18 0 7 23 23 8 8 1 21 16 16 23 10 9
split_gain=2.32612 5.42004 9.86505 10.1576 6.76414 8.4053 7.53576 6.14171 7.32101 5.74858 5.35775 5.14027 8.00541 6.57863
threshold=0 6.5000000000000009 7.5000000000000009 3.5500000000000003 5.9000000000000012 3.1000000000000005 4.1000000000000005 6.5000000000000009 0.80909090909090919 1 2 2.2250000000000005 1.2775000000000005 2.5500000000000003
decision_type=9 2 10 8 10 8 10 2 2 1 1 8 10 10
left_child=1 7 3 -3 5 -5 -7 11 -9 -6 -8 -1 -13 -14
right_child=-2 2 -4 4 9 6 10 8 -10 -11 -12 12 13 -15
leaf_value=0.033769998932441085 -0.0014057932749331631 -0.0071751430524957752 -0.029382187433422947 0.0025934821998923087 -0.019718363354074838 0.10724663005650246 0.077312235834274212 -0.030198213235587884 0.024019088083815747 0.038502947162486645 0.015138688548170532 -0.012675482870249387 0.02332457889875238 -0.020793888388294598
leaf_weight=13.22802880592644 1145.3784885266796 20.048346843570471 10.692800032906232 6.870753891766074 8.1151069840416312 7.3284329734742668 6.5832138266414404 29.622869409620762 7.8833681941032401 8.8780121225863695 7.3156358860433084 54.730028500780463 42.587110587395728 10.540960933081804
leaf_count=84 15077 143 411 52 118 55 76 517 45 148 78 477 798 344
internal_value=-0.000474737 0.00396515 0.015129 0.0224356 0.0356011 0.0506612 0.0662196 -0.00112292 -0.0188024 0.0106992 0.0445873 0.00435326 0.00074551 0.0145712
internal_weight=1379.8 234.425 75.8323 65.1395 45.0912 28.098 21.2273 158.592 37.5062 16.9931 13.8988 121.086 107.858 53.1281
internal_count=18423 3346 1081 670 527 261 209 2265 562 266 154 1703 1619 1142
cat_boundaries=0 1 2 3
cat_threshold=9004160 4 4
is_linear=0
shrinkage=0.05


Tree=158
num_leaves=15
num_cat=2
split_feature=22 18 1 15 12 23 22 12 6 21 23 6 2 7
split_gain=3.41485 4.78903 6.35755 7.63583 8.05187 6.486 5.80739 5.27836 7.66469 7.42769 6.44473 4.86271 4.85371 5.10918
threshold=4.5500000000000007 0 13.500000000000002 1 10.775000000000002 3.9000000000000004 5.2250000000000005 9.2250000000000014 32.500000000000007 0.24038461538461542 5.6333333333333337 111.50000000000001 3.5000000000000004 3.5000000000000004
decision_type=8 9 2 1 8 10 8 8 10 2 8 8 2 10
left_child=-1 6 3 4 -3 -6 12 8 9 10 -8 -7 -2 -14
right_child=1 2 -4 -5 5 11 7 -9 -10 -11 -12 -13 13 -15
leaf_value=0.002309948249324712 -0.022550567068099141 -0.020340042343357009 0.036707028821955007 -0.015411598936674625 0.037718172711926873 0.0054432221392818796 0.068582381938900303 0.0016258156112378703 0.051288744137611988 -0.040046484668810625 -0.003470277851816798 -0.046566953545653447 -0.014814380548156973 0.01640593261668365
leaf_weight=617.15561815025285 43.784787436947227 33.638669437728822 7.8794366489164522 167.56118480977602 15.470392584800718 78.135182063095272 5.0848283115774402 324.74874507123604 13.662831666879354 6.7354309484362593 7.9643941717222342 4.768351847305893 27.638164777308702 24.920007914770395
leaf_count=5596 529 592 141 2993 114 1382 55 5928 164 66 182 64 206 411
internal_value=-0.000454627 -0.00269372 -0.007386 -0.00879229 0.000722207 0.00799779 0.000628824 0.00357372 0.0224863 0.00259598 0.0246061 0.00245176 -0.0102548 -1.15362e-05
internal_weight=1379.15 761.992 307.453 299.574 132.013 98.3739 454.539 358.196 33.4475 19.7847 13.0492 82.9035 96.343 52.5582
internal_count=18423 12827 5286 5145 2152 1560 7541 6395 467 303 237 1446 1146 617
cat_boundaries=0 2 3
cat_threshold=336184482 10 12
is_linear=0
shrinkage=0.05


end of trees

feature_importances:
last_margin=188
avg5_margin=180
avg5_headcount=178
days_since_last=156
avg5_last3f=138
avg5_corner_last=126
avg5_ninki=122
avg5_corner_first=122
レースの格=112
avg5_corner_gain=112
last_ninki=109
頭数_real=96
career_top3rate=95
馬番=91
career_starts=75
斤量=59
枠_x=54
齢=50
distance_main=42
career_winrate=32
性=31
same_track_as_last=26
場所=19
n_past_races=13

parameters:
[boosting: gbdt]
[objective: binary]
[metric: auc]
[tree_learner: serial]
[device_type: cpu]
[data_sample_strategy: bagging]
[data: ]
[valid: ]
[num_iterations: 1000]
[learning_rate: 0.05]
[num_leaves: 15]
[num_threads: 0]
[seed: 42]
[deterministic: 0]
[force_col_wise: 0]
[force_row_wise: 0]
[histogram_pool_size: -1]
[max_depth: -1]
[min_data_in_leaf: 50]
[min_sum_hessian_in_leaf: 0.001]
[bagging_fraction: 0.8]
[pos_bagging_fraction: 1]
[neg_bagging_fraction: 1]
[bagging_freq: 5]
[bagging_seed: 400]
[bagging_by_query: 0]
[feature_fraction: 0.8]
[feature_fraction_bynode: 1]
[feature_fraction_seed: 30056]
[extra_trees: 0]
[extra_seed: 12879]
[early_stopping_round: 0]
[early_stopping_min_delta: 0]
[first_metric_only: 0]
[max_delta_step: 0]
[lambda_l1: 0]
[lambda_l2: 0]
[linear_lambda: 0]
[min_gain_to_split: 0]
[drop_rate: 0.1]
[max_drop: 50]
[skip_drop: 0.5]
[xgboost_dart_mode: 0]
[uniform_drop: 0]
[drop_seed: 17869]
[top_rate: 0.2]
[other_rate: 0.1]
[min_data_per_group: 100]
[max_cat_threshold: 32]
[cat_l2: 10]
[cat_smooth: 10]
[max_cat_to_onehot: 4]
[top_k: 20]
[monotone_constraints: ]
[monotone_constraints_method: basic]
[monotone_penalty: 0]
[feature_contri: ]
[forcedsplits_filename: ]
[refit_decay_rate: 0.9]
[cegb_tradeoff: 1]
[cegb_penalty_split: 0]
[cegb_penalty_feature_lazy: ]
[cegb_penalty_feature_coupled: ]
[path_smooth: 0]
[interaction_constraints: ]
[verbosity: -1]
[saved_feature_importance_type: 0]
[use_quantized_grad: 0]
[num_grad_quant_bins: 4]
[quant_train_renew_leaf: 0]
[stochastic_rounding: 1]
[linear_tree: 0]
[max_bin: 255]
[max_bin_by_feature: ]
[min_data_in_bin: 3]
[bin_construct_sample_cnt: 200000]
[data_random_seed: 175]
[is_enable_sparse: 1]
[enable_bundle: 1]
[use_missing: 1]
[zero_as_missing: 0]
[feature_pre_filter: 1]
[pre_partition: 0]
[two_round: 0]
[header: 0]
[label_column: ]
[weight_column: ]
[group_column: ]
[ignore_column: ]
[categorical_feature: 15,16,17,18]
[forcedbins_filename: ]
[precise_float_parser: 0]
[parser_config_file: ]
[objective_seed: 16083]
[num_class: 1]
[is_unbalance: 0]
[scale_pos_weight: 1]
[sigmoid: 1]
[boost_from_average: 1]
[reg_sqrt: 0]
[alpha: 0.9]
[fair_c: 1]
[poisson_max_delta_step: 0.7]
[tweedie_variance_power: 1.5]
[lambdarank_truncation_level: 30]
[lambdarank_norm: 1]
[label_gain: ]
[lambdarank_position_bias_regularization: 0]
[eval_at: ]
[multi_error_top_k: 1]
[auc_mu_weights: ]
[num_machines: 1]
[local_listen_port: 12400]
[time_out: 120]
[machine_list_filename: ]
[machines: ]
[gpu_platform_id: -1]
[gpu_device_id: -1]
[gpu_device_id_list: ]
[gpu_use_dp: 0]
[num_gpu: 1]

end of parameters

pandas_categorical:[["\u5927\u4e95", "\u5ddd\u5d0e", "\u6d66\u548c", "\u8239\u6a4b"], ["\u30bb\u30f3", "\u725d", "\u7261"], ["\u30c0"], ["A\u4e00", "A\u4e8c", "B\u4e00", "B\u4e09", "B\u4e8c", "C\u4e00", "C\u4e00\u4e09", "C\u4e09", "C\u4e09\u4e00\u4e00", "C\u4e09\u4e00\u4e00\u4e00\u4e8c", "C\u4e09\u56db", "C\u4e8c", "C\u4e8c\u4e00\u4e00", "C\u4e8c\u4e00\u4e00\u4e00\u4e8c", "C\u4e8c\u4e00\u4e00\u4e00\u4e8c\u4e00\u4e09", "C\u4e8c\u4e00\u4e03\u4e00\u516b", "C\u4e8c\u4e00\u4e03\u4e00\u516b\u4e00\u4e5d", "C\u4e8c\u4e00\u4e09", "C\u4e8c\u4e00\u4e09\u4e00\u56db", "C\u4e8c\u4e00\u4e09\u4e00\u56db\u4e00\u4e94", "C\u4e8c\u4e00\u4e8c\u4e00\u4e09", "C\u4e8c\u4e00\u4e8c\u4e00\u4e09\u4e00\u56db", "C\u4e8c\u4e00\u4e94", "C\u4e8c\u4e00\u4e94\u4e00\u516d", "C\u4e8c\u4e00\u4e94\u4e00\u516d\u4e00\u4e03", "C\u4e8c\u4e00\u516d", "C\u4e8c\u4e00\u516d\u4e00\u4e03", "C\u4e8c\u4e00\u56db", "C\u4e8c\u4e00\u56db\u4e00\u4e94", "C\u4e8c\u4e00\u56db\u4e00\u4e94\u4e00\u516d", "JPN1", "JPN2", "JPN3", "OP", "\u65b0\u99ac", "\u672a\u683c\u4ed8", "\u91cd\u8cde"]]
