tree
version=v4
num_class=1
num_tree_per_iteration=1
label_index=0
max_feature_idx=24
objective=binary sigmoid:1
feature_names=枠_x 馬番 齢 斤量 distance_main 頭数_real days_since_last last_ninki avg5_ninki last_margin avg5_margin avg5_last3f avg5_headcount same_track_as_last n_past_races 場所 性 surface_main レースの格 career_starts career_winrate career_top3rate avg5_corner_first avg5_corner_last avg5_corner_gain
feature_infos=[1:8] [1:16] [2:11] [49:59] [800:2600] [4:16] [0:400] [1:18] [1:16] [-3.8999999999999999:15.800000000000001] [-3.0499999999999998:9.2400000000000002] [33.924999999999997:48.260000000000005] [4:17.600000000000001] [0:1] [1:5] -1:0:3:2:1 -1:2:1:0 none -1:35:11:7:5:3:4:2:1:33:36:34:10:23:18:20:13:30:12:15:32:26:28:14:16:19:29:31:8:27:6:9:22 [0:16] [0:1] [0:1] [1:15] [1:15] [-6.5999999999999996:6.4000000000000004]
tree_sizes=1721 1750 1758 1744 1753 1757 1749 1753 1744 1750 1754 1746 1751 1759 1762 1757 1782 1751 1792 1789 1752 1776 1762 1746 1744 1756 1763 1777 1774 1768 1785 1772 1774 1771 1767 1782 1783 1786 1782 1756 1782 1782 1754 1767 1770 1766 1766 1789 1764 1772 1759 1783 1742 1786 1780 1777 1766 1784 1791 1791 1786 1784 1795 1780 1785 1774 1764 1773 1774 1756 1773 1761 1754 1770 1773 1783 1789 1777 1791 1776 1770 1762 1777 1732 1768 1745 1778 1788 1777 1758 1780 1771 1769 1796 1777 1760 1783 1788 1745 1799 1785 1783 1780 1770 1770 1763 1792 1774 1774 1787 1760 1755 1759 1730 1781 1737 1768 1757 1749 1759 1763 1763 1752 1748 1761 1755 1748 1768 1775 1785 1754 1752 1771 1772 1761 1773 1758 1755 1772 1761 1762 1752 1777 1746 1789 1767 1755 1775 1757 1781 1807 1794 1769 1774 1755 1795 1791 1776 1761 1744 1732 1755 1748 1742 1735 1768 1738

Tree=0
num_leaves=15
num_cat=0
split_feature=7 9 8 9 10 8 8 10 10 7 21 21 8 23
split_gain=1237.36 222.27 198.986 104.04 95.2717 58.8625 40.5117 32.6919 29.1961 28.1441 21.8871 21.7439 20.954 19.8933
threshold=4.5000000000000009 0.8500000000000002 8.4500000000000011 1.6500000000000001 0.24500000000000008 3.9000000000000004 5.4500000000000011 1.9800000000000004 1.4900000000000004 1.5000000000000002 0.47727272727272735 0.70714285714285718 5.366666666666668 5.2250000000000005
decision_type=10 10 10 10 8 10 10 10 10 8 2 2 10 8
left_child=1 4 3 6 -1 10 -2 -4 13 11 -3 -6 -11 -5
right_child=2 5 7 8 9 -7 -8 -9 -10 12 -12 -13 -14 -15
leaf_value=-0.86927939829918499 -0.94254261951232166 -0.93897671051522213 -0.98908059227928158 -0.95135934766400987 -0.9111937787659754 -0.9601416311788874 -0.9665758691914037 -1.0101818066623796 -0.98959999558732059 -0.91303821954427899 -0.91200536147943501 -0.87311655454838311 -0.9388357654955739 -0.98248612253207135
leaf_weight=160.84858840703964 280.43340444564819 207.52071928977966 299.6631236076355 98.352001130580902 82.527544736862183 291.25012147426605 467.92316627502441 473.73214393854141 565.87454825639725 352.34454172849655 117.98233944177628 68.706184089183807 101.35664474964142 107.36593198776245
leaf_count=803 1400 1036 1496 491 412 1454 2336 2365 2825 1759 589 343 506 536
internal_value=-0.958835 -0.921473 -0.981359 -0.970853 -0.903481 -0.943812 -0.95757 -1.00201 -0.983736 -0.912575 -0.929201 -0.893895 -0.918801 -0.967605
internal_weight=3675.88 1382.54 2293.34 1519.95 765.784 616.753 748.357 773.395 771.592 604.935 325.503 151.234 453.701 205.718
internal_count=18351 6902 11449 7588 3823 3079 3736 3861 3852 3020 1625 755 2265 1027
is_linear=0
shrinkage=1


Tree=1
num_leaves=15
num_cat=0
split_feature=7 9 8 9 10 8 5 8 5 10 10 7 9 8
split_gain=1109.05 191.066 186.208 95.4559 78.9907 52.4797 38.5958 36.3906 33.8224 31.2891 28.9259 23.7322 19.2405 18.0274
threshold=4.5000000000000009 0.8500000000000002 8.4500000000000011 1.6500000000000001 0.24500000000000008 4.6333333333333337 6.5000000000000009 5.4500000000000011 11.500000000000002 1.9800000000000004 1.4900000000000004 1.5000000000000002 0.65000000000000002 5.366666666666668
decision_type=10 10 10 10 8 10 2 10 2 10 10 8 10 10
left_child=1 4 3 7 -1 8 -5 -2 -3 12 -8 -6 -4 -13
right_child=2 5 9 6 11 -7 10 -9 -10 -11 -12 13 -14 -15
leaf_value=0.081906031478606894 0.015480511232096192 0.034158225877973666 0.0029941772441152794 0.023614061384258173 0.060049083244005347 -0.0065214432460963968 -0.0099610368241639553 -0.0072605439404539885 0.0035852429758850414 -0.049840975507711417 -0.032538086858960334 0.042736809446317248 -0.034100200645284871 0.018944227742053538
leaf_weight=167.13688722252846 282.47819840908051 284.67574726045132 40.508392453193665 40.617793723940849 155.54504780471325 203.60746787488461 193.93408730626106 466.33162403106689 132.5989927649498 462.79509365558624 528.45940068364143 359.47955547273159 255.10407149791718 102.26177501678467
leaf_count=803 1400 1406 205 205 755 1017 972 2336 656 2365 2675 1759 1291 506
internal_value=0.000102615 0.0350114 -0.0215065 -0.0113642 0.0514137 0.0142887 -0.0238105 0.00131821 0.0244429 -0.0417242 -0.026477 0.0431576 -0.0290171 0.0374675
internal_weight=3675.53 1405.31 2270.23 1511.82 784.423 620.882 763.011 748.81 417.275 758.408 722.393 617.286 295.612 461.741
internal_count=18351 6902 11449 7588 3823 3079 3852 3736 2062 3861 3647 3020 1496 2265
is_linear=0
shrinkage=0.05


Tree=2
num_leaves=15
num_cat=0
split_feature=7 10 9 10 7 5 10 10 10 5 5 9 5 13
split_gain=995.516 172.752 165.299 66.4905 66.3351 45.368 35.7655 31.8281 29.3184 27.9485 22.7394 29.9683 21.2422 28.8836
threshold=4.5000000000000009 1.4366666666666672 0.8500000000000002 0.24500000000000008 7.5000000000000009 11.500000000000002 1.9600000000000002 0.79000000000000037 0.84500000000000031 10.500000000000002 7.5000000000000009 1.8500000000000003 9.5000000000000018 1.0000000180025095e-35
decision_type=10 10 10 8 10 2 10 10 10 2 2 10 2 10
left_child=2 7 3 -1 10 8 9 -2 -4 -6 -3 -12 13 -5
right_child=1 4 5 12 6 -7 -8 -9 -10 -11 11 -13 -14 -15
leaf_value=0.075287101365788936 0.020757496838905494 0.014114798083047603 0.04489619600619546 0.029489887323484516 -0.0077886254563093969 -0.0065846784325736697 -0.044472981360008747 -0.0056920976330659158 0.014920739039701173 -0.036148265163722167 -0.0050646965964221188 -0.031095504224826039 0.033279901248324931 0.066128570862440283
leaf_weight=172.58962592482567 141.39276634156704 57.975550696253777 109.33409282565117 86.124329090118408 143.75385358929634 194.09026551246643 657.78606204688549 581.56515389680862 321.27406643331051 219.56719033420086 203.97997370362282 241.43957409262657 399.05730697512627 143.28197130560875
leaf_count=803 702 293 532 414 733 963 3412 2918 1584 1121 1028 1242 1918 688
internal_value=8.31258e-05 -0.0206492 0.0327641 0.0477986 -0.0301953 0.0134854 -0.0375184 -0.000519208 0.0225317 -0.0249273 -0.0153408 -0.0191747 0.0402496 0.0523736
internal_weight=3673.21 2247.46 1425.75 801.053 1524.5 624.698 1021.11 722.958 430.608 363.321 503.395 445.42 628.464 229.406
internal_count=18351 11449 6902 3823 7829 3079 5266 3620 2116 1854 2563 2270 3020 1102
is_linear=0
shrinkage=0.05


Tree=3
num_leaves=15
num_cat=0
split_feature=7 8 9 9 10 8 5 8 10 10 21 5 5 5
split_gain=894.621 168.091 143.757 82.243 58.1613 45.8276 34.1043 31.1471 28.3578 24.7092 21.3214 20.3375 19.9309 19.8979
threshold=4.5000000000000009 8.4500000000000011 0.8500000000000002 1.6500000000000001 0.42250000000000015 3.9000000000000004 6.5000000000000009 5.4500000000000011 1.9800000000000004 1.4900000000000004 0.72077922077922085 11.500000000000002 9.5000000000000018 13.500000000000002
decision_type=10 10 10 10 8 10 2 10 10 10 2 2 2 2
left_child=2 3 4 7 10 13 -5 -2 -3 -8 -1 -7 -6 -4
right_child=1 8 5 6 12 11 9 -9 -10 -11 -12 -13 -14 -15
leaf_value=0.047441671593431635 0.014539179733002379 -0.027275210958401037 0.028894886791718657 0.022393231859222949 0.047546562433385321 0.0072042078626366347 -0.0092528450463365518 -0.0064827878420155418 -0.047408724566363525 -0.030259847514813587 0.076218737286750937 -0.021179030103282009 0.02796159854755343 -0.016400875845054175
leaf_weight=112.46558073163033 284.52494828402996 289.1229303330183 309.29184733331203 40.986214518547058 208.56496387720108 200.55852748453617 192.56996582448483 462.82055225968361 442.66812101006508 512.58778721094131 150.50410528481007 92.092124506831169 344.43164071440697 26.307856440544128
leaf_count=518 1400 1496 1495 205 982 992 972 2336 2365 2675 688 462 1635 130
internal_value=6.63459e-05 -0.0198225 0.0307115 -0.0102032 0.0445535 0.0127337 -0.0219459 0.00152057 -0.0394542 -0.0245231 0.0639115 -0.00172751 0.0353481 0.0253441
internal_weight=3669.5 2225.28 1444.22 1493.49 815.966 628.25 746.144 747.346 731.791 705.158 262.97 292.651 552.997 335.6
internal_count=18351 11449 6902 7588 3823 3079 3852 3736 3861 3647 1206 1454 2617 1625
is_linear=0
shrinkage=0.05


Tree=4
num_leaves=15
num_cat=0
split_feature=8 9 9 8 10 8 21 5 9 12 23 12 5 5
split_gain=752.009 205.737 131.653 72.602 72.1285 38.8154 36.6872 30.0574 27.417 26.1731 19.3935 18.3247 17.4893 16.9572
threshold=5.4500000000000011 1.3500000000000003 0.95000000000000007 8.9000000000000021 0.17750000000000007 3.1000000000000005 0.47727272727272735 10.500000000000002 2.3500000000000001 10.775000000000002 6.1000000000000005 15.100000000000001 7.5000000000000009 9.5000000000000018
decision_type=10 10 10 10 8 10 2 2 10 10 10 10 2 2
left_child=1 4 12 8 -1 -3 7 -6 13 -8 -7 -5 -2 -4
right_child=2 5 3 11 6 10 9 -9 -10 -11 -12 -13 -14 -15
leaf_value=0.067849979432447791 0.034215176364995582 0.020172742620116511 -0.0012017845834943067 -0.044939973187722457 0.034797372872055921 -4.2559698325083689e-05 0.025003791128073036 0.010432796885404438 -0.031359060055635796 0.050494529019237039 -0.022589809487572794 0.018065498833843341 -0.00099267210109040124 -0.019588306278113629
leaf_weight=159.0881387591362 38.565728232264519 185.96822220087051 184.75078409910202 522.75541163980961 246.08789901435375 308.43237969279289 152.09990894794464 260.66141133010387 354.57578656077385 297.98684443533421 138.05828951299191 11.800932869315146 413.03755608201027 390.34231182932854
leaf_count=710 192 900 943 2825 1165 1547 711 1252 1866 1396 701 63 2072 2008
internal_value=5.15684e-05 0.0237626 -0.0215871 -0.0288663 0.036675 0.00097975 0.0314917 0.0222647 -0.0204238 0.0418803 -0.00701434 -0.0435491 0.00201399 -0.0136816
internal_weight=3664.21 1748.38 1915.83 1464.23 1115.92 632.459 956.836 506.749 929.669 450.087 446.491 534.556 451.603 575.093
internal_count=18351 8382 9969 7705 5234 3148 4524 2417 4817 2107 2248 2888 2264 2951
is_linear=0
shrinkage=0.05


Tree=5
num_leaves=15
num_cat=0
split_feature=7 8 10 9 21 9 8 23 10 8 8 10 11 23
split_gain=733.31 136.054 111.819 74.6468 50.4336 44.0954 36.0749 26.0877 23.3283 19.7059 19.6576 16.6253 15.9113 15.0221
threshold=4.5000000000000009 8.9000000000000021 0.71000000000000019 1.6500000000000001 0.84523809523809534 1.3500000000000003 5.2250000000000005 5.1000000000000005 1.9800000000000004 2.9000000000000004 4.1000000000000005 -1.0000000180025095e-35 41.06333333333334 5.2250000000000005
decision_type=10 10 8 10 2 10 10 10 10 10 8 10 10 10
left_child=2 3 4 6 11 10 13 -5 -3 -7 -4 -1 -12 -2
right_child=1 8 5 7 -6 9 -8 -9 -10 -11 12 -13 -14 -15
leaf_value=0.064365114147963712 0.024421139559539177 -0.026129892198426305 0.036503718478700181 -0.007629090240779424 0.066144499108502633 0.022645110446318034 -0.0075596427991448077 -0.027535955619836412 -0.046648778935466539 -0.004267676141711611 0.023327755454358973 0.030253106422585753 -0.0026743101484381347 -3.9347397214161168e-05
leaf_weight=40.284485161304474 162.44711983203888 221.59382282197475 229.96561425924301 232.23999018967152 187.94075304269791 91.938247755169868 540.32399559020996 564.87879709899426 369.50098364055157 261.41603189706802 267.51268950104713 315.14459325373173 75.42175367474556 102.2939789891243
leaf_count=177 785 1180 1066 1206 836 438 2747 3002 2068 1292 1265 1454 359 497
internal_value=-0.000141101 -0.018454 0.0271892 -0.01089 0.0451962 0.0166258 -0.000150966 -0.0217361 -0.0389565 0.00273469 0.0251935 0.0341194 0.0176091 0.0149698
internal_weight=3662.9 2193.28 1469.62 1602.18 543.37 926.254 805.065 797.119 591.095 353.354 572.9 355.429 342.934 264.741
internal_count=18372 11485 6887 8237 2467 4420 4029 4208 3248 1730 2690 1631 1624 1282
is_linear=0
shrinkage=0.05


Tree=6
num_leaves=15
num_cat=0
split_feature=7 10 10 23 21 9 5 5 23 5 7 9 21 5
split_gain=660.785 126.431 98.1149 55.8562 43.658 39.1193 32.0644 26.799 26.1743 23.6375 21.0198 19.7627 17.149 16.0733
threshold=4.5000000000000009 1.4775000000000003 0.71000000000000019 6.7750000000000012 0.84523809523809534 1.3500000000000003 8.5000000000000018 6.5000000000000009 5.2250000000000005 12.500000000000002 7.5000000000000009 1.2500000000000002 0.17424242424242428 9.5000000000000018
decision_type=10 10 8 10 2 10 2 2 10 2 10 10 2 2
left_child=2 6 4 7 -1 13 -2 -3 -8 -7 -5 -9 -10 -4
right_child=1 3 5 10 -6 9 8 11 12 -11 -12 -13 -14 -15
leaf_value=0.032029576267214178 0.02106707317165107 0.033123692599658937 0.034232396706878103 -0.020318946659454041 0.061574781887512947 0.008398745621264584 0.0057196378862872585 0.00022026282377064473 -0.022696261523360593 -0.026188529322077866 -0.039336505113176469 -0.022421925065052924 -0.00063446830507579211 0.01710393413780854
leaf_weight=359.57007400691509 129.9620405882597 27.946529850363731 222.82075507938862 188.01485447585583 191.69208446145058 294.33400364220142 271.4487374573946 125.98802743852139 240.47123523056507 59.360359042882919 639.50993937253952 409.96263906359673 138.9985671043396 355.46198724210262
leaf_count=1631 648 141 1024 1001 836 1433 1345 643 1238 297 3557 2207 705 1666
internal_value=-0.0001437 -0.0177096 0.0255827 -0.0267461 0.0423034 0.0156924 -0.00160777 -0.0146103 -0.00613502 0.00259398 -0.0350157 -0.0170993 -0.0146151 0.0237038
internal_weight=3655.54 2172.3 1483.24 1391.42 551.262 931.977 780.881 563.897 650.919 353.694 827.525 535.951 379.47 578.283
internal_count=18372 11485 6887 7549 2467 4420 3936 2991 3288 1730 4558 2850 1943 2690
is_linear=0
shrinkage=0.05


Tree=7
num_leaves=15
num_cat=0
split_feature=7 8 10 9 9 8 5 10 23 10 5 5 5 8
split_gain=595.791 122.415 86.4072 65.2675 34.7596 30.9538 30.2414 28.0481 25.0783 22.2242 21.4914 20.9907 17.9981 17.4968
threshold=4.5000000000000009 8.9000000000000021 0.71000000000000019 1.6500000000000001 1.3500000000000003 5.2250000000000005 7.5000000000000009 0.17750000000000007 5.1000000000000005 1.9633333333333338 12.500000000000002 8.5000000000000018 11.500000000000002 4.9000000000000012
decision_type=10 10 8 10 10 10 2 10 10 10 2 2 2 10
left_child=2 3 7 5 13 12 -5 -1 -8 -3 -6 -7 -2 -4
right_child=1 9 4 6 10 11 8 -9 -10 -11 -12 -13 -14 -15
leaf_value=0.057156461155104046 0.023348887502446125 -0.023851494433831527 0.02872321381582045 0.0075461115444147176 0.0079500517307149066 0.01479876713275574 -0.0088976250244789251 0.032485378102078639 -0.029771016622390296 -0.044371983796626102 -0.025183001282895075 -0.011294098919753939 -0.0041669924287462854 0.010607482331813661
leaf_weight=162.5002963244915 176.89233131706715 207.84841467440128 377.12164549529552 87.610605582594872 295.37122596800327 93.331977769732475 203.86055201292038 395.81535172462463 489.21491082012653 361.30531483888626 58.662144258618355 442.55118364095688 89.4964709430933 206.14427287876606
leaf_count=691 849 1135 1717 455 1433 471 1072 1776 2681 2113 297 2276 433 973
internal_value=-0.000145384 -0.0169909 0.0240944 -0.00984037 0.0148189 0.000174865 -0.0201325 0.039666 -0.0236313 -0.0368781 0.00246002 -0.00674964 0.0141046 0.0223206
internal_weight=3647.73 2152.11 1495.61 1582.96 937.299 802.272 780.686 558.316 693.075 569.154 354.033 535.883 266.389 583.266
internal_count=18372 11485 6887 8237 4420 4029 4208 2467 3753 3248 1730 2747 1282 2690
is_linear=0
shrinkage=0.05


Tree=8
num_leaves=15
num_cat=0
split_feature=7 8 21 9 9 5 8 9 21 5 11 10 5 5
split_gain=538.743 152.701 60.9077 60.709 50.6485 32.8454 28.7995 28.2017 26.544 20.9263 19.194 17.5342 16.503 15.1638
threshold=3.5000000000000004 6.1000000000000005 0.84523809523809534 2.2500000000000004 1.6500000000000001 8.5000000000000018 4.1000000000000005 -0.14999999999999999 0.18465909090909094 6.5000000000000009 40.110000000000014 0.17750000000000007 8.5000000000000018 11.500000000000002
decision_type=10 10 2 10 10 2 10 8 2 2 10 8 2 2
left_child=2 4 7 5 6 -3 -2 -1 -7 -6 -4 -9 -5 -13
right_child=1 3 10 12 9 8 -8 11 -10 -11 -12 13 -14 -15
leaf_value=0.045586916661859073 0.025779932980792661 0.0064184647596441814 0.057788784244178854 -0.016829769121158276 0.032244808571695614 -0.025380895797968695 0.0028110942685293026 0.048756288372124312 -0.0045244086144632491 -0.014534816471817091 0.03052765337873441 0.020928089994471641 -0.040768974582705259 0.0050295312504935316
leaf_weight=106.59982080757618 211.35136523842812 140.3136164098978 183.04509098827839 85.564418703317642 25.445611864328384 575.37835244834423 385.2094224691391 44.101162955164909 207.59523664414883 395.28147645294666 99.756471619009972 513.51712873578072 453.84820517897606 211.85557450354099
leaf_count=469 980 734 788 480 125 3151 1872 188 1084 2079 441 2362 2619 1000
internal_value=-0.000146495 -0.0132979 0.0279974 -0.0236448 0.00157933 -0.0158588 0.0109486 0.0214848 -0.0198511 -0.0117056 0.0481726 0.0181457 -0.0369716 0.0162847
internal_weight=3638.86 2479.99 1158.88 1462.7 1017.29 923.287 596.561 876.074 782.974 420.727 282.802 769.474 539.413 725.373
internal_count=18372 13124 5248 8068 5056 4969 2852 4019 4235 2204 1229 3550 3099 3362
is_linear=0
shrinkage=0.05


Tree=9
num_leaves=15
num_cat=0
split_feature=7 8 10 10 21 5 5 10 23 8 10 21 5 21
split_gain=486.521 110.594 69.5896 49.436 34.2764 31.1087 30.3005 21.2729 20.5566 18.4988 14.926 14.7467 14.3896 14.1507
threshold=4.5000000000000009 8.9000000000000021 0.71000000000000019 1.4775000000000003 0.5634920634920636 9.5000000000000018 7.5000000000000009 1.9800000000000004 5.2250000000000005 4.9000000000000012 1.0100000000000005 0.43650793650793657 12.500000000000002 0.11805555555555557
decision_type=10 10 8 10 2 2 2 10 10 8 8 2 2 2
left_child=2 3 4 8 -1 10 -5 13 -2 -7 -4 -8 -6 -3
right_child=1 7 5 6 12 9 11 -9 -10 -11 -12 -13 -14 -15
leaf_value=0.02196352787693262 0.010100474283427965 -0.029773581669538914 0.04417537878038038 0.0094284906378798248 0.051447649917089201 0.012899719787995381 -0.022094252824659683 -0.042730251397176892 -0.0070870346238835792 -0.0054479054901303958 0.019406556221612071 0.0048649678021771576 0.02256048254694637 0.00056484608059505963
leaf_weight=261.35726921260357 329.46189372241497 160.09224471449852 77.625118210911751 97.339771062135696 256.06066949665546 369.90987128019333 714.59246157109737 338.24193105101585 368.59922249615192 218.54443299770355 281.01286000013351 54.600454211235046 51.837280184030533 50.578268781304359
leaf_count=1156 1621 901 348 502 1089 1720 3937 2068 1890 1054 1298 287 222 279
internal_value=-0.000146948 -0.015652 0.0214642 -0.00887741 0.0352803 0.01316 -0.0168545 -0.0349621 0.0010249 0.00608565 0.0247676 -0.0201806 0.0465842 -0.0224899
internal_weight=3629.85 2113.51 1516.35 1564.59 569.255 947.092 866.533 548.912 698.061 588.454 358.638 769.193 307.898 210.671
internal_count=18372 11485 6887 8237 2467 4420 4726 3248 3511 2774 1646 4224 1311 1180
is_linear=0
shrinkage=0.05


Tree=10
num_leaves=15
num_cat=0
split_feature=10 23 10 9 9 12 5 5 5 21 21 6 23 5
split_gain=415.265 159.004 63.3108 47.9783 45.0354 33.8676 24.1849 22.9548 20.7455 18.4052 16.6007 16.1296 14.8063 13.7296
threshold=0.94000000000000006 6.7750000000000012 0.17750000000000007 1.2500000000000002 1.3500000000000003 15.100000000000001 11.500000000000002 8.5000000000000018 9.5000000000000018 0.72077922077922085 0.43650793650793657 28.500000000000004 4.4500000000000011 6.5000000000000009
decision_type=10 10 8 10 10 10 2 2 2 2 2 10 10 2
left_child=2 3 10 -2 -3 8 13 -4 -6 12 -1 -10 -9 -5
right_child=1 4 7 6 5 -7 -8 9 11 -11 -12 -13 -14 -15
leaf_value=0.029437823802959236 0.011444642060222658 -0.010058772335899392 0.035660175576230989 0.022496266116518747 -0.01961171724523705 0.059677723827129416 -0.020326540719063105 0.019174266576369028 -0.042735180755499473 0.030052389830708022 0.062582062325883744 -0.022662444887706888 0.0026303936594026327 -0.0042499311935464959
leaf_weight=53.756831184029579 561.15478350222111 344.46037973463535 194.08764079213142 52.568559318780899 210.97566597163677 9.9935828000307065 253.42193609476089 300.01720289885998 426.2276049554348 182.61422097682953 127.10640521347523 130.79130165278912 246.24401181936264 549.86537981033325
leaf_count=227 2693 1812 863 255 1202 56 1368 1370 2512 797 524 755 1175 2881
internal_value=7.63881e-05 -0.0110529 0.0256803 8.23781e-05 -0.0251103 -0.0317745 -0.00736746 0.0203795 -0.0329645 0.0163105 0.0527308 -0.038022 0.0117166 -0.00191605
internal_weight=3643.29 2539.46 1103.83 1417.01 1122.45 777.988 855.856 922.963 767.995 728.875 180.863 557.019 546.261 602.434
internal_count=18490 13534 4956 7197 6337 4525 4504 4205 4469 3342 751 3267 2545 3136
is_linear=0
shrinkage=0.05


Tree=11
num_leaves=15
num_cat=0
split_feature=8 7 9 10 9 10 5 8 5 21 12 5 2 21
split_gain=430.689 123.357 74.8209 61.7357 35.558 31.4505 30.9781 17.9564 17.7792 17.185 15.5627 15.6615 14.961 14.8436
threshold=4.7083333333333348 7.5000000000000009 1.0500000000000003 1.9291666666666669 0.95000000000000007 0.17750000000000007 8.5000000000000018 3.1000000000000005 7.5000000000000009 0.38750000000000007 10.708333333333334 13.500000000000002 4.5000000000000009 0.5634920634920636
decision_type=10 10 10 10 10 8 2 10 2 2 10 2 2 2
left_child=2 4 5 6 -2 13 -3 -4 -6 -8 12 -12 -7 -1
right_child=1 3 7 -5 8 10 9 -9 -10 -11 11 -13 -14 -15
leaf_value=0.027724981496453423 0.0095388276950748585 0.014968998985771054 0.01771789868151093 -0.036973039785061931 0.014100900219303467 0.022660011071616644 -0.021906690964779495 -0.0001201013821327753 -0.012206383343391674 0.0093802524617288899 0.035010753394864445 0.0040011747820730432 -0.0051409344706693991 0.05989894365515587
leaf_weight=52.216485634446144 417.14002284407616 81.452576398849487 238.46553947031498 579.35209169983864 72.428752169013023 222.67708602547646 405.05035711824894 345.46252928674221 566.97388236224651 49.223385348916054 382.26026624441147 45.571815207600594 61.829917415976524 114.36286048591137
leaf_count=217 1999 423 1107 3534 362 978 2242 1715 3034 256 1681 204 273 465
internal_value=6.65855e-05 -0.01406 0.0210378 -0.0256598 -0.00181759 0.0302548 -0.0134254 0.00716461 -0.00922641 -0.0185166 0.025681 0.0317077 0.0166182 0.0498136
internal_weight=3634.47 2171.62 1462.85 1115.08 1056.54 878.918 535.726 583.928 639.403 454.274 712.339 427.832 284.507 166.579
internal_count=18490 11850 6640 6455 5395 3818 2921 2822 3396 2498 3136 1885 1251 682
is_linear=0
shrinkage=0.05


Tree=12
num_leaves=15
num_cat=0
split_feature=7 8 10 10 10 7 9 12 21 6 9 10 12 6
split_gain=391.565 136.389 57.9786 48.3372 27.7554 24.3312 21.4369 16.2486 18.1407 15.412 14.3133 14.1568 13.3835 13.3201
threshold=3.5000000000000004 8.7750000000000021 1.0900000000000005 0.17750000000000007 1.9800000000000004 7.5000000000000009 1.0500000000000003 10.708333333333334 0.88194444444444453 150.50000000000003 0.45000000000000007 1.9100000000000001 7.291666666666667 28.500000000000004
decision_type=10 10 10 8 10 10 10 10 2 10 10 10 8 10
left_child=3 2 10 -1 -3 -4 7 12 -9 13 -2 -7 -5 -8
right_child=1 4 5 6 -6 11 9 8 -10 -11 -12 -13 -14 -15
leaf_value=0.048542525257417785 0.022852255062825799 -0.019234531023414742 -0.0045439613537727698 0.061276768024188667 -0.041404207576951652 -0.010986269824478317 0.0037895404557769389 0.024346855556257575 0.047619586784563045 -0.03467693354150457 0.0042837258249181281 -0.027013216861814099 0.011767814898556925 0.023896666745182187
leaf_weight=165.85925155878067 145.91413301229477 236.58969324827194 781.37108780443668 14.491368949413298 350.07790926098824 305.04276682436466 201.11391581594944 304.45007534325123 115.49967674911022 18.632470548152924 359.43129450082779 251.29182873666286 235.19868777692318 139.49728007614613
leaf_count=675 673 1357 4050 62 2269 1648 952 1340 491 88 1740 1467 1025 653
internal_value=5.73178e-05 -0.0114669 -0.00478328 0.0234937 -0.0324637 -0.0102339 0.0194558 0.024742 0.0307476 0.00960221 0.00964523 -0.0182255 0.0146412 0.0120244
internal_weight=3624.46 2429.72 1843.05 1194.74 586.668 1337.71 1028.88 669.64 419.95 359.244 505.345 556.335 249.69 340.611
internal_count=18490 13204 9578 5286 3626 7165 4611 2918 1831 1693 2413 3115 1087 1605
is_linear=0
shrinkage=0.05


Tree=13
num_leaves=15
num_cat=0
split_feature=8 7 10 21 9 23 6 2 19 10 9 8 21 21
split_gain=359.152 124.103 55.664 46.7795 42.2993 29.0496 20.3389 18.9893 22.2149 16.4715 14.2755 13.9554 13.6562 13.0698
threshold=4.1000000000000005 7.5000000000000009 1.9291666666666669 0.72077922077922085 0.95000000000000007 6.5500000000000007 29.500000000000004 3.5000000000000004 1.0000000180025095e-35 0.17750000000000007 0.25000000000000006 8.5500000000000025 0.18465909090909094 0.38750000000000007
decision_type=10 10 10 2 10 10 10 2 2 10 8 10 2 2
left_child=3 4 6 5 -2 10 12 8 -8 -5 -1 -4 -3 -6
right_child=1 2 11 9 13 -7 7 -9 -10 -11 -12 -13 -14 -15
leaf_value=0.032156120758993011 0.010295274721380046 -0.024034472687390132 -0.024611439224462732 0.054419632186817814 -0.010986677465360393 -0.011219834367534071 0.078311574703770537 -0.0066765881475872165 0.00068221893997032559 0.030534957385744545 0.015748380513725561 -0.040800910087289866 -0.0035719529325592709 0.0069069201015781656
leaf_weight=167.82371211051941 525.90790672600269 281.53472971916199 217.64230827987194 106.74796161055565 641.00988195836544 87.061201825737953 16.22814005613327 116.07232132554054 21.327333748340607 222.92509841918945 631.02220569550991 342.72547508776188 114.77724447846413 121.37281030416489
leaf_count=716 2469 1588 1287 430 3422 415 88 629 113 948 2888 2276 610 611
internal_value=4.9124e-05 -0.0111715 -0.0234224 0.0221898 -0.00061313 0.0162064 -0.0121215 0.00332254 0.0342267 0.0382688 0.0191954 -0.0345131 -0.0181083 -0.00813798
internal_weight=3614.18 2398.6 1110.31 1215.58 1288.29 885.907 549.94 153.628 37.5555 329.673 798.846 560.368 396.312 762.383
internal_count=18490 13093 6591 5397 6502 4019 3028 830 201 1378 3604 3563 2198 4033
is_linear=0
shrinkage=0.05


Tree=14
num_leaves=15
num_cat=2
split_feature=8 7 10 10 7 23 18 19 12 7 8 18 21 21
split_gain=324.347 96.3788 52.1474 51.6992 24.7209 18.0967 17.9496 19.1015 16.7879 16.6962 15.8755 15.8069 14.367 13.2023
threshold=4.7083333333333348 7.5000000000000009 1.9291666666666669 0.17750000000000007 1.5000000000000002 6.7750000000000012 0 1.0000000180025095e-35 10.775000000000002 3.5000000000000004 8.5500000000000025 1 0.20714285714285716 0.43650793650793657
decision_type=10 10 10 8 8 10 9 2 8 10 10 9 2 2
left_child=3 9 6 13 -5 8 7 -3 11 10 -2 -6 -9 -1
right_child=1 2 -4 4 5 -7 -8 12 -10 -11 -12 -13 -14 -15
leaf_value=0.022089463242583852 0.0069305386421869911 0.039907083829105301 -0.033933557861164171 0.029280742609891764 0.01384721441055576 -0.007227777603328038 -0.016836340938648255 -0.020472503174874493 0.01888151210874912 -0.0052224128461118473 0.068591492616934188 -0.0066056311172283727 0.019167044869702641 0.05168895988883853
leaf_weight=53.352320119738579 233.65332080423832 30.023707762360573 543.28990095853806 232.44243286550045 210.77929154038429 117.45697282254696 397.39876613020897 61.294794410467148 580.29463635385036 809.25287202000618 10.926895037293432 158.97317010164261 36.452917337417603 128.17998212575912
leaf_count=220 1086 162 3534 997 979 569 2221 345 2634 4258 51 725 193 516
internal_value=4.12642e-05 -0.0124913 -0.0230733 0.0179949 0.0145044 0.011287 -0.0118383 0.00465986 0.013576 -0.00176253 0.00968531 0.00524947 -0.00568978 0.0429897
internal_weight=3603.77 2122.29 1068.46 1481.48 1299.95 1067.5 525.17 127.771 950.047 1053.83 244.58 369.752 97.7477 181.532
internal_count=18490 11850 6455 6640 5904 4907 2921 700 4338 5395 1137 1704 538 736
cat_boundaries=0 2 4
cat_threshold=8208 10 128 8
is_linear=0
shrinkage=0.05


Tree=15
num_leaves=15
num_cat=0
split_feature=7 23 10 5 9 9 5 8 12 8 5 9 6 10
split_gain=277.643 108.82 47.0229 34.6608 33.3933 32.0125 23.6486 23.6242 21.1341 19.5032 16.4407 15.6751 14.5595 14.0912
threshold=3.5000000000000004 6.7750000000000012 1.7100000000000006 8.5000000000000018 1.4500000000000002 -0.14999999999999999 8.5000000000000018 4.1000000000000005 14.900000000000002 9.7750000000000021 9.5000000000000018 1.8500000000000003 53.500000000000007 0.7775000000000003
decision_type=10 10 10 2 10 8 2 10 10 10 2 10 10 8
left_child=5 3 6 -2 7 -1 -3 -5 9 -4 13 -8 -6 -7
right_child=1 2 8 4 12 10 11 -9 -10 -11 -12 -13 -14 -15
leaf_value=0.036992238965883578 0.016486548867849858 0.021690049146559573 -0.024650402879877742 0.021847797231284313 -0.016560786750565964 0.037226641421768188 -0.0077872461202518426 -0.0015904963380908355 0.045169791848326118 -0.043187404842050824 0.011057916523921909 -0.032550431674414786 0.0068589577585851449 0.016970286097263063
leaf_weight=224.90615212917328 259.61771324276924 55.838022947311401 399.86339662969112 147.15835072100163 437.95337451994419 135.71119643747807 292.91668920218945 399.01857776939869 9.1864522695541364 219.94453263282776 612.85881125926971 81.738238126039505 78.214128777384758 233.70253631472588
leaf_count=934 1286 285 2447 655 2449 567 1567 2022 56 1524 2729 475 427 1039
internal_value=0.000442476 -0.00945933 -0.0213983 0.000109128 -0.00389322 0.0199762 -0.00866565 0.00472456 -0.0301126 -0.0312284 0.0160801 -0.0131898 -0.013012 0.0244118
internal_weight=3588.63 2381.45 1059.49 1321.96 1062.34 1207.18 430.493 546.177 628.994 619.808 982.273 374.655 516.168 369.414
internal_count=18462 13193 6354 6839 5553 5269 2327 2677 4027 3971 4335 2042 2876 1606
is_linear=0
shrinkage=0.05


Tree=16
num_leaves=15
num_cat=1
split_feature=7 9 10 7 5 5 18 10 23 19 6 14 23 5
split_gain=252.3 71.031 67.8583 33.1382 27.7226 25.6358 21.534 22.2398 19.3953 16.6475 16.3526 16.0483 15.392 14.6605
threshold=6.5000000000000009 1.3500000000000003 1.9291666666666669 3.5000000000000004 8.5000000000000018 11.500000000000002 0 -0.049999999999999968 8.2250000000000014 1.0000000180025095e-35 104.50000000000001 3.5000000000000004 5.9000000000000012 12.500000000000002
decision_type=10 10 10 8 2 2 9 10 10 2 10 10 10 2
left_child=1 3 4 6 9 -3 -1 -8 11 -2 -9 -4 -6 -5
right_child=2 5 8 13 12 -7 7 10 -10 -11 -12 -13 -14 -15
leaf_value=-0.0085890268000742009 0.057462032917007994 0.0044801350977921907 0.02883344503742229 0.011696964196432036 -0.00048418513115338523 -0.015860863993402197 0.051367383922820559 0.02521046506794173 -0.038763970477516639 0.0075499140338289002 -0.0020162329684847895 -0.02314980399481259 -0.0164392686342365 -0.0096777607616129208
leaf_weight=50.273982062935829 20.041250705718994 511.46749441325665 15.493327632546423 486.76982100307941 245.74920462071896 222.18443137407303 76.263001829385757 684.73357643187046 261.14081430435181 100.39204461872578 59.979635626077652 355.97617582976818 392.72550866007805 96.049928277730942
leaf_count=210 100 2554 90 2268 1288 1164 306 2926 1827 514 258 2243 2254 460
internal_value=0.000416398 0.0110036 -0.0162286 0.0174032 -0.00614771 -0.00168008 0.0235768 0.0253424 -0.0283222 0.0158558 0.0230176 -0.0209817 -0.0102981 0.00817436
internal_weight=3579.24 2187.72 1391.52 1454.07 758.908 733.652 871.25 820.976 632.61 120.433 744.713 371.47 638.475 582.82
internal_count=18462 10146 8316 6428 4156 3718 3700 3490 4160 614 3184 2333 3542 2728
cat_boundaries=0 2
cat_threshold=3221487616 19
is_linear=0
shrinkage=0.05


Tree=17
num_leaves=15
num_cat=0
split_feature=8 9 9 5 5 8 8 12 7 22 3 5 12 1
split_gain=230.694 67.4484 63.2235 40.0421 34.0021 27.7072 26.801 23.8841 17.1366 13.4889 18.9817 12.8776 12.8219 13.4012
threshold=5.4500000000000011 1.2500000000000002 1.9500000000000002 8.5000000000000018 9.5000000000000018 9.9000000000000021 2.6333333333333337 11.225000000000001 1.5000000000000002 6.9000000000000012 55.500000000000007 10.500000000000002 10.900000000000002 3.5000000000000004
decision_type=10 10 10 2 2 10 8 10 10 8 2 2 10 2
left_child=2 8 4 -3 7 -5 -6 -1 -2 10 12 -10 -8 -14
right_child=1 3 -4 5 6 -7 9 -9 11 -11 -12 -13 13 -15
leaf_value=0.020603055276650642 0.042046982647318737 0.00059355819045055669 -0.0053689359286957566 -0.020065815943677828 0.023826410767646172 -0.041085793060927439 -0.013092695810615796 0.044032604191959035 0.00698191184184461 -0.0070926851461904795 0.019603751574258196 -0.0077777158946195028 0.037863504064413314 0.001257013085247279
leaf_weight=363.81118810176849 23.529209420084953 187.40104873478413 388.38437868654728 692.78875887393951 308.34303645789623 202.62416750192642 105.90631277859211 155.16392093896866 258.75681355595589 152.44446767866611 249.73448269069195 344.58286944031715 32.951045349240303 103.63440139591694
leaf_count=1574 102 1074 1975 4213 1296 1447 484 670 1324 718 1122 1845 149 469
internal_value=0.00039102 -0.0128674 0.0125755 -0.0204237 0.0173102 -0.0248225 0.0117024 0.0276081 0.000184858 0.00590349 0.00992845 -0.00144769 -3.58251e-05 0.0100883
internal_weight=3570.06 1709.68 1860.37 1082.81 1471.99 895.413 953.014 518.975 626.869 644.671 492.226 603.34 242.492 136.585
internal_count=18462 10005 8457 6734 6482 5660 4238 2244 3271 2942 2224 3169 1102 618
is_linear=0
shrinkage=0.05


Tree=18
num_leaves=15
num_cat=1
split_feature=7 10 8 9 8 9 6 18 23 10 9 14 12 9
split_gain=211.527 61.2585 59.1292 35.6968 25.2239 22.2153 18.3301 16.7816 15.4793 15.6318 13.9647 11.9828 11.6248 11.0102
threshold=6.5000000000000009 1.9291666666666669 4.1000000000000005 0.95000000000000007 8.7750000000000021 -0.14999999999999999 30.500000000000004 0 6.5500000000000007 0.84000000000000019 1.3500000000000003 3.5000000000000004 12.550000000000002 2.4500000000000006
decision_type=10 10 10 10 10 8 10 9 10 8 10 10 10 10
left_child=2 6 5 -4 11 -1 10 -7 9 -9 -2 -3 -11 -13
right_child=1 4 3 -5 -6 7 -8 8 -10 12 -12 13 -14 -15
leaf_value=0.033224214804846587 -0.0018944533825601042 0.026557652908918202 0.011448119682634383 -0.0073148680629741142 -0.036922617517587374 0.00034691972204043618 0.0071332017687669759 0.027570407589412191 -0.0051951740563214487 0.010087314426025076 -0.017920319145233007 -0.0091628734447597969 0.039546109514521088 -0.028610631002779968
leaf_weight=191.54709613323212 258.26114904880524 15.248665124177931 464.02100084722042 558.71719625592232 307.30469530820847 181.25444173812866 207.44339968264103 350.19381223618984 66.846539512276649 345.04445721209049 286.99069502949715 145.1821698397398 37.087918698787689 145.93037191033363
leaf_count=782 1377 87 2124 2938 2271 789 1109 1478 315 1550 1670 867 170 935
internal_value=0.000368168 -0.0150761 0.00998333 0.00119799 -0.0268012 0.01765 -0.00551683 0.0146072 0.0176167 0.0199395 -0.0103296 -0.0166486 0.0129464 -0.0189117
internal_weight=3561.07 1366.36 2194.71 1022.74 613.666 1171.97 752.695 980.427 799.173 732.326 545.252 306.361 382.132 291.113
internal_count=18462 8316 10146 5062 4160 5084 4156 4302 3513 3198 3047 1889 1720 1802
cat_boundaries=0 2
cat_threshold=1075052576 19
is_linear=0
shrinkage=0.05


Tree=19
num_leaves=15
num_cat=1
split_feature=7 9 5 22 9 10 6 18 10 12 5 24 9 5
split_gain=192.627 76.0164 36.4688 25.8053 23.5764 22.0851 22.0825 17.5581 18.6294 17.4449 15.1407 17.0316 13.655 13.1547
threshold=3.5000000000000004 1.6500000000000001 8.5000000000000018 6.5500000000000007 -0.14999999999999999 2.2900000000000005 43.500000000000007 0 0.82250000000000023 14.900000000000002 9.5000000000000018 0.29166666666666669 0.65000000000000002 11.500000000000002
decision_type=10 10 2 10 8 10 10 9 8 10 2 10 10 2
left_child=4 3 -3 10 13 6 -4 -6 -9 12 11 -2 -5 -1
right_child=1 2 5 9 7 -7 -8 8 -10 -11 -12 -13 -14 -15
leaf_value=0.038806295417835091 0.0089465524228258039 0.0015720762861654214 -0.020030335757185026 0.0035307090138112481 0.00073751304451077774 -0.032253846847064158 0.0077281945971769605 0.026699405387796034 0.010645390973876876 0.049301423971169302 0.0019933899898779152 0.039860634775374763 -0.013807796495406569 0.012599059970504249
leaf_weight=159.38919687271118 148.91248872876167 202.94312432408333 492.41651672124863 160.46043881773949 234.70022247731686 327.37356290221214 83.846297070384026 296.42077097296715 462.90382318198681 13.258861243724821 448.57531671226025 63.574491143226624 388.47006818652153 68.444091588258743
leaf_count=652 722 1147 2961 813 1014 2302 474 1240 2081 71 2236 290 2177 282
internal_value=0.000346797 -0.00808575 -0.0175815 0.000504281 0.0164259 -0.0218831 -0.0159915 0.0131008 0.0166926 -0.00737064 0.00720138 0.0181958 -0.0087395 0.0309333
internal_weight=3551.69 2329.83 1106.58 1223.25 1221.86 903.636 576.263 994.025 759.325 562.189 661.062 212.487 548.931 227.833
internal_count=18462 13193 6884 6309 5269 5737 3435 4335 3321 3061 3248 1012 2990 934
cat_boundaries=0 2
cat_threshold=3222536232 19
is_linear=0
shrinkage=0.05


Tree=20
num_leaves=15
num_cat=0
split_feature=7 23 9 10 7 5 5 12 5 10 9 4 9 12
split_gain=177.838 68.5237 39.4674 25.0743 24.7685 18.8532 17.923 19.8547 15.2942 14.2217 14.0785 13.9396 14.1273 14.4097
threshold=3.5000000000000004 6.7750000000000012 1.8500000000000003 0.8633333333333334 1.5000000000000002 9.5000000000000018 11.500000000000002 14.100000000000001 9.5000000000000018 0.17750000000000007 2.2500000000000004 1625.0000000000002 0.65000000000000002 14.775000000000002
decision_type=10 10 10 10 8 2 2 10 2 8 10 2 10 10
left_child=4 3 11 -2 -1 -4 7 10 9 -6 -5 12 -3 -14
right_child=1 2 5 6 8 -7 -8 -9 -10 -11 -12 -13 13 -15
leaf_value=0.025750158523176653 0.013721449153242693 0.004260778738883122 -0.012801943238779298 0.0040918017059246043 0.059505066433799415 -0.034501995226275943 -0.013696670278419854 0.060468527649968622 0.0051973387842622117 0.016355061292658232 -0.011034990124130711 0.014944923076172234 -0.01834523151711746 0.029250491991723429
leaf_weight=392.95920884609222 248.99549226462841 111.74973075091839 141.16301752626896 485.92287182807922 20.387365147471428 344.03170997649431 324.36839427053928 13.520008116960524 515.70022508502007 301.32481122016907 225.0569694340229 56.972961574792862 339.50007035583258 16.683720678091049
leaf_count=1637 1131 582 922 2473 82 2436 1804 78 2276 1298 1285 326 2005 92
internal_value=4.15363e-05 -0.00814284 -0.0179086 -0.000542318 0.015394 -0.0281886 -0.00392846 0.000444905 0.0105344 0.0190895 -0.000696506 -0.00840646 -0.0112496 -0.0161158
internal_weight=3538.34 2307.96 1010.1 1297.86 1230.37 485.195 1048.87 724.5 837.412 321.712 710.98 524.906 467.934 356.184
internal_count=18427 13134 6363 6771 5293 3358 5640 3836 3656 1380 3758 3005 2679 2097
is_linear=0
shrinkage=0.05


Tree=21
num_leaves=15
num_cat=1
split_feature=8 9 21 5 9 5 18 23 10 21 6 6 11 23
split_gain=175.87 48.0268 43.9141 35.9739 21.1783 20.7195 16.6282 13.4009 13.3851 13.3326 14.8249 13.0435 12.9113 12.9689
threshold=6.1000000000000005 1.3500000000000003 0.42261904761904767 9.5000000000000018 1.9500000000000002 10.500000000000002 0 5.5500000000000007 -1.0000000180025095e-35 0.60769230769230786 26.500000000000004 29.500000000000004 40.445000000000014 9.7083333333333339
decision_type=10 10 2 2 10 2 9 10 8 2 10 10 10 10
left_child=1 5 3 12 -5 6 -1 -3 -8 -7 -11 -9 13 -2
right_child=2 7 -4 4 -6 9 8 11 -10 10 -12 -13 -14 -15
leaf_value=0.031647072323267855 0.013456850461075058 0.0040649395870920148 0.01290475221077432 -0.015417956746694723 -0.031075971109212105 0.0032652696277811438 0.042559370822018251 -0.017402238454035886 0.011714448214218909 0.027553215446118353 0.0027171408511046952 0.0053026702892983958 -0.011404165483978572 -0.028014686841908405
leaf_weight=236.29389105737209 129.85505293309689 469.90944936871529 138.87433895468712 492.35155740380287 384.67655147612095 442.38566321134567 38.435079276561737 186.84003542363644 414.26521082222462 151.33696641027927 99.648309230804443 95.630574882030487 226.5458599999547 22.052736416459084
leaf_count=1011 715 2313 700 2907 2746 1993 155 1030 1778 635 417 509 1383 135
internal_value=3.59877e-05 0.00905684 -0.0137748 -0.016726 -0.0222858 0.0145897 0.0207304 -0.00110873 0.0140235 0.00848765 0.0176926 -0.00971548 -0.00384176 0.00743635
internal_weight=3529.1 2134.75 1394.36 1255.48 877.028 1382.37 688.994 752.38 452.7 693.371 250.985 282.471 378.454 151.908
internal_count=18427 9841 8586 7886 5653 5989 2944 3852 1933 3045 1052 1539 2233 850
cat_boundaries=0 1
cat_threshold=3216
is_linear=0
shrinkage=0.05


Tree=22
num_leaves=15
num_cat=2
split_feature=8 9 21 8 7 23 4 9 8 21 9 12 16 18
split_gain=159.656 43.223 40.0783 30.5189 18.4426 16.131 15.4966 14.3707 12.702 12.2652 10.3045 10.2102 10.1262 16.2045
threshold=6.1000000000000005 1.3500000000000003 0.42261904761904767 8.9000000000000021 1.5000000000000002 8.2250000000000014 1750.0000000000002 2.4500000000000006 3.3666666666666671 0.72077922077922085 1.0000000180025095e-35 12.366666666666669 0 1
decision_type=10 10 2 10 8 10 2 10 10 2 10 10 1 9
left_child=1 4 3 7 6 -5 9 -2 -3 10 -1 -4 -10 -14
right_child=2 8 11 5 -6 -7 -8 -9 12 -11 -12 -13 13 -15
leaf_value=0.03258786664048878 -0.0062080284383671299 0.0090691755995489579 0.0014719858256639852 -0.015140307041137691 0.010614065005370097 -0.034403522142929271 -0.014602501507833369 -0.021596404108677511 -0.013067309873665778 0.037407292988527935 0.0064907377840866826 0.029244904383363503 0.012735846541299448 -0.009806516618147949
leaf_weight=64.851341754198074 589.45260651409626 219.38564655184746 85.742852717638016 184.59287129342556 1056.5366992950439 264.26190770417452 23.907221868634224 204.30048100650311 232.21847574412823 149.86986239254475 90.765454217791557 53.892261505126953 140.43271608650684 159.7205593585968
leaf_count=264 3292 1007 434 1270 4642 1982 98 1342 1242 606 379 266 752 851
internal_value=3.54913e-05 0.00859829 -0.0132072 -0.0160612 0.0138346 -0.0264815 0.0241645 -0.0101688 -0.00105527 0.0271983 0.0173664 0.012191 -0.00522746 0.000837974
internal_weight=3519.93 2137.69 1382.24 1242.61 1385.93 448.855 329.394 793.753 751.757 305.487 155.617 139.635 532.372 300.153
internal_count=18427 9841 8586 7886 5989 3252 1347 4634 3852 1249 643 700 2845 1603
cat_boundaries=0 1 3
cat_threshold=2 128 8
is_linear=0
shrinkage=0.05


Tree=23
num_leaves=15
num_cat=0
split_feature=8 9 9 5 9 5 12 6 12 5 8 5 3 19
split_gain=144.847 38.8481 35.5608 19.5711 18.6031 18.5725 17.1903 16.8713 15.7546 12.9726 14.5568 12.5298 12.4481 14.5136
threshold=6.1000000000000005 1.3500000000000003 2.2500000000000004 8.5000000000000018 0.65000000000000002 10.500000000000002 11.450000000000001 43.500000000000007 13.775000000000002 6.5000000000000009 3.2916666666666674 9.5000000000000018 55.500000000000007 6.5000000000000009
decision_type=10 10 10 2 10 2 10 10 10 2 10 2 2 2
left_child=1 5 3 -2 -5 6 12 11 -9 -3 -11 -4 13 -1
right_child=2 9 7 4 -6 -7 -8 8 -10 10 -12 -13 -14 -15
leaf_value=0.011077636936703106 0.0087151659217660441 0.024757580470221984 -0.014603375328835336 0.0033775472099442459 -0.014813579588165759 0.0073447260920980924 0.031536060772437667 -0.012873199331531276 0.052007602428045169 0.0084676673625307015 -0.0073088648344256414 -0.034044269348732607 0.023894215802010964 -0.027482732253516631
leaf_weight=278.0192419141531 161.14954228699207 45.886151716113091 120.30387305468321 184.95130299031734 585.31523253768682 696.30508124828339 194.01387922465801 40.136952981352806 12.200670771300791 206.94003076851368 498.24430730938911 266.42938119918108 194.05736492574215 26.750386819243431
leaf_count=1182 849 214 805 951 3619 3045 823 275 79 949 2689 2008 824 115
internal_value=3.13092e-05 0.00815843 -0.0126604 -0.00713053 -0.0104456 0.0131117 0.0189075 -0.024391 0.00225147 -0.00100293 -0.00267916 -0.0279967 0.0139958 0.0076931
internal_weight=3510.7 2140.22 1370.49 931.416 770.267 1389.15 692.841 439.071 52.3376 751.07 705.184 386.733 498.827 304.77
internal_count=18427 9841 8586 5419 4570 5989 2944 3167 354 3852 3638 2813 2121 1297
is_linear=0
shrinkage=0.05


Tree=24
num_leaves=15
num_cat=0
split_feature=7 9 6 5 9 22 6 5 7 22 24 3 12 2
split_gain=126.627 49.9982 24.3618 22.3413 19.3742 17.7967 17.4097 16.4772 15.0477 14.5551 13.318 10.5739 10.2165 10.1632
threshold=3.5000000000000004 1.6500000000000001 43.500000000000007 7.5000000000000009 -0.6499999999999998 6.7750000000000012 73.500000000000014 9.5000000000000018 7.5000000000000009 8.3666666666666689 1.3666666666666669 54.250000000000007 10.708333333333334 3.5000000000000004
decision_type=10 10 10 2 8 10 10 2 10 10 10 2 10 2
left_child=4 5 3 8 -1 -2 11 -6 -3 10 -5 -4 -9 -13
right_child=1 2 6 9 7 -7 -8 12 -10 -11 -12 13 -14 -15
leaf_value=0.036104334722792557 0.0051467175663543127 0.023762289305654299 0.0037671979085866798 -0.018235418036862794 0.018914324825179726 -0.0070941655175020034 -0.0078325642813196743 -0.0027669288030583105 -0.016343948493411396 -0.031241348341460293 0.01649249877211206 0.089508721848662154 0.010362489259716889 0.024527910967082393
leaf_weight=83.751337587833405 694.35230099409819 49.960755422711372 22.125371687114239 542.72484814375639 432.63607539236546 518.77775356173515 102.91447614878416 208.26613184809685 43.971424505114555 235.38236746937037 29.086644843220711 10.232398495078089 513.44865550100803 14.607367120683191
leaf_count=341 3412 253 136 3497 1825 2864 618 903 270 1774 164 57 2224 89
internal_value=2.67507e-05 -0.00700376 -0.0149864 -0.018091 0.0128836 -8.79214e-05 0.00367924 0.0111988 0.0049878 -0.0207766 -0.0164689 0.028905 0.00657372 0.0512959
internal_weight=3502.24 2264.14 1051.01 901.126 1238.1 1213.13 149.88 1154.35 93.9322 807.194 571.811 46.9651 721.715 24.8398
internal_count=18427 13134 6858 5958 5293 6276 900 4952 523 5435 3661 282 3127 146
is_linear=0
shrinkage=0.05


Tree=25
num_leaves=15
num_cat=4
split_feature=7 23 12 18 21 7 16 18 6 12 13 11 9 18
split_gain=127.929 52.1053 25.8922 21.7068 22.999 19.8871 15.0634 18.8032 14.8474 14.1294 13.865 13.296 13.1388 17.9834
threshold=3.5000000000000004 6.7750000000000012 14.633333333333335 0 0.55050505050505061 7.5000000000000009 1 2 30.500000000000004 12.900000000000002 1.0000000180025095e-35 39.922500000000007 1.9500000000000002 3
decision_type=10 10 10 9 2 10 1 9 10 10 8 10 10 9
left_child=3 6 5 10 -5 12 -2 8 -8 -10 -1 -6 13 -3
right_child=1 2 -4 4 11 -7 7 -9 9 -11 -12 -13 -14 -15
leaf_value=-0.022240444679493723 -0.0068060736238317781 0.016053780875332959 0.022812477952092895 0.0099258896149013592 0.034962018192015679 -0.023702786891183596 0.0054596820788207151 -0.0045114756657034143 0.021294907381823835 0.080276703660662432 0.0055497918138896268 0.016307256590729787 -0.022790948534823958 -0.011568741387198468
leaf_weight=57.240555003285408 587.28776605427265 81.36799843609333 40.638664931058884 597.5665927529335 190.99861767888069 572.41012642532587 261.17774992436171 338.22408277541399 97.982976004481316 11.327634252607821 207.88358922302723 191.07051882147789 110.64726091921329 156.65511041879654
leaf_count=243 3133 444 240 2613 783 4143 1378 1739 499 59 878 794 706 821
internal_value=-0.000332427 -0.0074278 -0.0162455 0.012537 0.0158896 -0.0179687 -0.000884488 0.00402254 0.0116215 0.0274071 -0.000433785 0.0256329 -0.0085552 -0.00193758
internal_weight=3502.48 2257.72 961.719 1244.76 979.636 921.08 1296 708.712 370.488 109.311 265.124 382.069 348.67 238.023
internal_count=18473 13162 6354 5311 4190 6114 6808 3675 1936 558 1121 1577 1971 1265
cat_boundaries=0 2 3 5 7
cat_threshold=3222536224 23 2 263328 8 128 8
is_linear=0
shrinkage=0.05


Tree=26
num_leaves=15
num_cat=0
split_feature=7 8 5 10 5 10 6 5 19 19 13 19 10 6
split_gain=115.583 65.3935 27.9837 22.3961 20.0124 15.7611 14.5767 12.2165 13.6409 11.1241 10.9102 11.5105 10.8277 10.3543
threshold=3.5000000000000004 8.9000000000000021 9.5000000000000018 -0.049999999999999968 9.5000000000000018 1.2225000000000004 29.500000000000004 8.5000000000000018 1.0000000180025095e-35 8.5000000000000018 1.0000000180025095e-35 1.5000000000000002 1.5366666666666668 121.50000000000001
decision_type=10 10 2 8 2 10 10 2 2 2 10 2 10 8
left_child=3 2 9 -1 10 -4 -7 8 -3 -2 -5 -12 -13 -6
right_child=1 7 5 4 13 6 -8 -9 -10 -11 11 12 -14 -15
leaf_value=0.035732161366476292 0.0078298392561544101 0.056279267975409192 8.9097888057918375e-06 0.0076318704611671746 0.0066835009360500415 -0.016185109485315902 -0.00084058729338364968 -0.027706446707157356 -0.01297509245784207 -0.019028478011776172 0.037193093340449838 0.022006007155762813 -0.011258692270916236 -0.015398684937394375
leaf_weight=91.276723206043243 555.28712839633226 8.2968189269304258 461.74984852969646 150.00441043078899 666.1968048363924 533.02292184531689 218.1017265021801 379.5183368101716 49.718745306134224 41.428435787558556 107.47975133359432 144.84991848468781 29.434012576937675 57.682023927569389
leaf_count=371 2882 52 2256 628 2875 3217 1265 2922 348 220 455 601 129 252
internal_value=-0.000319321 -0.00709353 -0.00289942 0.0118887 0.0100055 -0.00726065 -0.0117296 -0.0244399 -0.00307101 0.00596513 0.018525 0.0243242 0.0163881 0.00492389
internal_weight=3494.05 2247.12 1809.59 1246.92 1155.65 1212.87 751.125 437.534 58.0156 596.716 431.768 281.764 174.284 723.879
internal_count=18473 13162 9840 5311 4940 6738 4482 3322 400 3102 1813 1185 730 3127
is_linear=0
shrinkage=0.05


Tree=27
num_leaves=15
num_cat=3
split_feature=8 8 18 21 13 12 15 9 21 12 18 12 9 11
split_gain=105.249 53.6694 24.4349 23.8997 22.3829 20.7979 29.2222 20.2019 16.3355 20.5054 14.8875 14.2371 13.9511 13.0794
threshold=4.1000000000000005 8.9000000000000021 0 0.5634920634920636 1.0000000180025095e-35 13.100000000000001 1 2.0500000000000003 0.20714285714285716 14.100000000000001 2 10.550000000000002 -0.14999999999999999 41.045000000000009
decision_type=10 10 9 2 8 10 1 10 2 10 9 10 8 10
left_child=2 5 4 -4 -1 7 -7 10 -3 -10 13 -12 -6 -2
right_child=1 8 3 -5 12 6 -8 -9 9 -11 11 -13 -14 -15
leaf_value=-0.022782348025270197 0.013125888482355389 -0.02570663963819142 0.0097986195519384131 0.026996556926255119 0.030687106549445221 0.0025436638568708827 0.047884709783555607 -0.014211565323490539 -0.01056615959878212 0.074787715970386068 -0.022116139081284732 -0.0028841559992033531 0.0017859267071678939 -0.0043176803111937157
leaf_weight=81.777074813842773 247.84746877849102 395.00398980826139 567.38964042067528 313.70378331840038 50.616322308778763 259.56485703587532 31.967967003583908 450.18818105757236 35.684909395873547 8.7649039924144727 119.46230076253414 494.84245204925537 238.53504851460457 189.72284927964211
leaf_count=356 1234 3086 2522 1295 206 1405 164 2816 228 49 596 2500 1025 991
internal_value=-0.000306673 -0.0068129 0.0112975 0.0157431 0.000305046 -0.00297601 0.00924529 -0.00534802 -0.0224728 0.00626447 -0.00155455 -0.00651805 0.00684512 0.00543838
internal_weight=3485.07 2233.05 1252.02 881.093 370.928 1793.6 291.533 1502.06 439.454 44.4498 1051.88 614.305 289.151 437.57
internal_count=18473 13069 5404 3817 1587 9706 1569 8137 3363 277 5321 3096 1231 2225
cat_boundaries=0 2 3 5
cat_threshold=3222536232 23 3 128 8
is_linear=0
shrinkage=0.05


Tree=28
num_leaves=15
num_cat=2
split_feature=8 8 5 21 5 2 18 21 5 19 21 13 19 18
split_gain=94.9892 49.6585 31.2773 22.2535 25.424 20.4389 15.2296 15.154 14.3295 13.4893 13.0122 12.6742 12.4604 11.867
threshold=4.1000000000000005 8.9000000000000021 9.5000000000000018 0.63068181818181823 11.500000000000002 3.5000000000000004 0 0.20714285714285716 8.5000000000000018 2.5000000000000004 0.38750000000000007 1.0000000180025095e-35 1.0000000180025095e-35 1
decision_type=10 10 2 2 2 2 9 2 2 2 2 8 2 9
left_child=3 2 -2 4 6 13 -1 8 9 -3 12 -8 -4 -5
right_child=1 7 10 5 -6 -7 11 -9 -10 -11 -12 -13 -14 -15
leaf_value=0.018187872198493497 0.0064244019325301318 0.033517450190608832 -3.7947814208327795e-05 0.010607470202040921 -0.0069011768709995938 0.02638530452761062 -0.019165365344613168 0.0059230801103323438 -0.02870996812741124 -0.019176226889106331 0.0020080745492042289 0.0082297314363692139 -0.013714828520258111 -0.023454404299362311
leaf_weight=348.37127950787544 605.44646232575178 18.62121606618166 219.38490015268326 78.167377188801765 262.42602398991585 317.35510329902172 56.787933930754662 44.550473503768444 334.56581381708384 34.924052819609642 273.98628483712673 164.57675921916962 691.24894001334906 26.03796012699604
leaf_count=1518 3116 123 1208 324 1194 1303 251 277 2709 254 1310 706 4072 108
internal_value=-0.000287484 -0.0064947 -0.00282049 0.0107173 0.00597603 0.0200766 0.0119074 -0.0216961 -0.0248665 -0.000851165 -0.00754546 0.00114996 -0.0104199 0.000863525
internal_weight=3476.45 2222.73 1790.07 1253.72 832.162 421.56 569.736 432.662 388.111 53.5453 1184.62 221.365 910.634 104.205
internal_count=18473 13069 9706 5404 3669 1735 2475 3363 3086 377 6590 957 5280 432
cat_boundaries=0 2 4
cat_threshold=2180 8 0 8
is_linear=0
shrinkage=0.05


Tree=29
num_leaves=15
num_cat=2
split_feature=7 8 21 18 18 5 3 5 21 9 12 9 5 11
split_gain=90.0056 33.0868 28.2067 28.2359 25.9865 16.2785 15.573 14.7809 14.0627 15.9248 12.7665 14.3844 12.8098 12.6463
threshold=6.5000000000000009 8.9000000000000021 0.36931818181818188 0 1 9.5000000000000018 52.250000000000007 9.5000000000000018 0.26136363636363641 1.0500000000000003 10.708333333333334 1.9500000000000002 8.5000000000000018 38.877500000000012
decision_type=10 10 2 9 9 2 2 2 2 8 10 10 2 10
left_child=2 7 3 5 10 -1 -5 -2 9 -8 12 -12 -4 -6
right_child=1 -3 4 6 13 -7 8 -9 -10 -11 11 -13 -14 -15
leaf_value=0.0036228635054104327 0.003890759243691708 -0.023268784952641994 0.031226960315475519 -0.018033889975514552 0.02098744828556718 -0.017983998907376213 0.019919099027105758 -0.010111965302794266 -0.010618298710836251 0.0045252748955045049 0.028926234102393242 -0.005637875779028168 -0.0067673924355495605 0.00025848913914346637
leaf_weight=133.21937051415443 277.84433984011412 382.66945887356997 32.822908639907837 63.384278871119022 90.064917787909508 252.18729342520237 260.99942843616009 585.79630762338638 93.121387213468552 471.52469384670258 320.6318791359663 33.219636976718903 68.443141013383865 401.95293867588043
leaf_count=619 1548 3101 138 319 380 1226 1154 3592 446 2394 1357 160 295 1744
internal_value=-0.000275496 -0.01103 0.00575781 0.000900866 0.0122932 -0.0102494 0.0057849 -0.00560711 0.00768352 0.0100101 0.0207456 0.0256813 0.00554755 0.00397224
internal_weight=3467.88 1246.31 2221.57 1274.44 947.135 385.407 889.03 863.641 825.646 732.524 455.118 353.852 101.266 492.018
internal_count=18473 8241 10232 6158 4074 1845 4313 5140 3994 3548 1950 1517 433 2124
cat_boundaries=0 2 3
cat_threshold=1048638 19 2198
is_linear=0
shrinkage=0.05


Tree=30
num_leaves=15
num_cat=2
split_feature=8 10 5 5 7 9 18 12 10 9 18 19 6 24
split_gain=96.1074 34.6717 30.0362 18.011 16.1637 15.4207 16.0503 13.3257 12.8611 12.0983 10.2023 12.9541 11.1321 15.4923
threshold=5.5500000000000007 1.9800000000000004 9.5000000000000018 12.500000000000002 7.5000000000000009 1.3500000000000003 0 15.100000000000001 -0.30999999999999989 -0.14999999999999999 1 1.5000000000000002 26.500000000000004 -0.44999999999999996
decision_type=10 10 2 2 10 8 9 10 10 8 9 2 10 10
left_child=2 3 9 7 -3 6 -4 10 -8 -1 -2 12 -12 -14
right_child=1 4 5 -5 -6 -7 8 -9 -10 -11 11 -13 13 -15
leaf_value=0.033284072886085016 -0.0085219601631220856 -0.0076075627302213417 -0.014349322471451981 -0.017750752147086633 -0.025321712292910459 -0.0055815506054825654 0.053224007198017453 0.048434337660938714 0.0076417019078685979 0.012835223966581325 0.0011653418125719959 -0.0022493326018690044 0.073038656094800411 0.017236771926639947
leaf_weight=82.276541873812675 302.46718385070562 191.83280646055937 77.475072041153908 192.83412519097328 391.77668645977974 418.44830192625523 15.817732632160185 13.570458069443701 713.79258494079113 598.39591990411282 65.391496106982231 323.40209477394819 16.00973366945982 55.755286663770676
leaf_count=337 1711 1147 329 1160 3234 2144 65 71 3065 2634 367 1822 88 287
internal_value=-0.000637275 -0.00987045 0.00688526 -0.00407391 -0.0194991 0.00220775 0.00624626 -0.000677857 0.00851323 0.015307 -0.00155132 0.00314336 0.016088 0.0296854
internal_weight=3459.25 1553.04 1906.21 969.43 583.609 1225.53 807.085 776.596 729.61 680.672 763.026 460.559 137.157 71.765
internal_count=18461 9887 8574 5506 4381 5603 3459 4346 3130 2971 4275 2564 742 375
cat_boundaries=0 2 4
cat_threshold=1073741830 18 67110926 16
is_linear=0
shrinkage=0.05


Tree=31
num_leaves=15
num_cat=1
split_feature=8 8 16 8 9 5 9 5 24 5 22 12 22 12
split_gain=87.1013 32.4927 29.0902 23.0394 20.8185 20.2229 16.0535 15.8968 14.272 12.8772 11.5457 11.4817 10.624 10.2313
threshold=5.5500000000000007 10.100000000000001 0 2.3666666666666671 2.4500000000000006 11.500000000000002 -0.24999999999999997 10.500000000000002 0.90000000000000013 7.5000000000000009 1.9000000000000001 11.900000000000002 3.4500000000000006 12.775000000000002
decision_type=10 10 1 8 10 2 10 2 10 2 10 10 8 10
left_child=2 4 3 8 9 6 12 11 -1 -2 -8 -5 -4 -11
right_child=1 -3 5 7 -6 -7 10 -9 -10 13 -12 -13 -14 -15
leaf_value=0.0077871297004629778 0.013426635379803882 -0.02792538205410058 0.053298041415727783 -0.0014834056540171175 -0.017828500068556428 0.0019904827865070774 -0.013123505323782656 -0.014560827199028785 0.044611051790147398 -0.0083224604570120257 0.014677178450641785 0.028451046859119335 0.021715480681043255 0.0034535666540904844
leaf_weight=109.43432046473026 105.32556702196598 206.08698304742575 41.991158187389374 281.98306967318058 315.26656822115183 383.59884066879749 39.675197273492813 271.09507012367249 34.642124980688095 660.44246061146259 636.30170023441315 36.138808041810989 72.77796334028244 255.92059557884932
leaf_count=457 533 1760 173 1262 2286 1755 171 1302 142 3827 2849 164 299 1481
internal_value=-0.000612553 -0.00944516 0.00653193 -0.00128172 -0.0065965 0.011411 0.015981 -0.00566426 0.0166412 -0.0031306 0.0130455 0.00191716 0.0332708 -0.00503367
internal_weight=3450.68 1543.04 1907.64 733.293 1336.96 1174.34 790.746 589.217 144.076 1021.69 675.977 318.122 114.769 916.363
internal_count=18461 9887 8574 3327 8127 5247 3492 2728 599 5841 3020 1426 472 5308
cat_boundaries=0 1
cat_threshold=2
is_linear=0
shrinkage=0.05


Tree=32
num_leaves=15
num_cat=2
split_feature=8 10 5 16 8 10 18 19 12 3 1 22 13 10
split_gain=79.2136 30.1965 28.1631 20.1498 17.8434 16.5397 14.2884 16.5544 13.3501 12.9054 12.0027 11.8669 11.699 12.3799
threshold=6.1000000000000005 1.9800000000000004 11.500000000000002 0 2.1000000000000005 1.0000000180025095e-35 1 1.5000000000000002 13.225000000000001 54.250000000000007 8.5000000000000018 8.7083333333333339 1.0000000180025095e-35 1.1550000000000005
decision_type=10 10 2 1 8 8 9 2 10 2 2 10 10 10
left_child=2 6 3 4 -1 -5 7 9 -4 12 -9 -3 -2 -14
right_child=1 11 8 5 -6 -7 -8 10 -10 -11 -12 -13 13 -15
leaf_value=0.024541645294767378 0.043504167433552399 -0.01499082695781667 -0.0071407212968035679 0.040401908741196729 -0.0012674478585022225 0.012047998312164798 -0.011094274712197977 0.0031848598616663472 0.0099858636633654487 0.036326764687192606 -0.018865002021680344 -0.031754483348989594 0.038595937942774758 -0.02307052034703164
leaf_weight=76.632596909999847 13.594073235988615 364.42702638357878 515.58860997110605 54.778690204024315 531.04307645559311 842.14175191521645 367.18966703116894 190.31076094508171 146.00602954626083 54.073415145277977 91.337554544210434 148.62365595251322 10.500230073928831 36.188529059290886
leaf_count=315 75 2708 2458 228 2460 3806 2169 1115 677 297 550 1336 53 214
internal_value=-0.000585291 -0.0104667 0.00523649 0.00901698 0.00198728 0.0137797 -0.00416084 0.00248549 -0.00336109 0.0185918 -0.00396583 -0.019847 0.00268363 -0.00920183
internal_weight=3442.44 1276.24 2166.19 1504.6 607.676 896.92 763.194 396.005 661.595 114.356 281.648 513.051 60.2828 46.6888
internal_count=18461 8517 9944 6809 2775 4034 4473 2304 3135 639 1665 4044 342 267
cat_boundaries=0 1 3
cat_threshold=2 68186272 10
is_linear=0
shrinkage=0.05


Tree=33
num_leaves=15
num_cat=1
split_feature=8 8 16 8 9 9 5 5 14 10 5 6 22 11
split_gain=72.3714 29.3252 24.4497 19.4647 19.3253 16.0619 14.6521 14.3005 13.076 13.2573 11.5202 10.3747 10.2425 11.3567
threshold=5.5500000000000007 10.100000000000001 0 2.3666666666666671 0.65000000000000002 -0.24999999999999997 9.5000000000000018 10.500000000000002 3.5000000000000004 1.9800000000000004 12.500000000000002 84.500000000000014 2.7083333333333335 40.345000000000006
decision_type=10 10 1 8 10 8 2 2 10 10 2 10 10 10
left_child=2 4 3 11 -2 12 -7 -5 -6 10 -10 -1 -4 -14
right_child=1 -3 5 7 8 6 -8 -9 9 -11 -12 -13 13 -15
leaf_value=0.020355838083624494 0.0059300558732097207 -0.026560862772958563 0.049752079923699885 0.0018837874897871965 0.025172183041760415 0.016426863528289964 0.0040495638562912904 -0.013771263194372697 -0.0024246466833682955 -0.017322222817845852 -0.019734760430777244 -0.019703904315897719 0.028991132244348829 -0.011264186890626408
leaf_weight=125.6920942813158 270.4782270565629 199.38133946061134 36.14216873049736 318.17190413177013 27.19311647862196 367.21088396012783 685.38795851171017 269.38292287290096 527.42139745503664 383.11413202434778 117.5368110537529 18.547073841094971 65.397214740514755 23.932185143232346
leaf_count=521 1340 1760 150 1426 163 1597 3133 1302 3057 2827 740 78 269 98
internal_value=-0.000561032 -0.00868259 0.00592445 -0.00125344 -0.00599384 0.0103832 0.00836752 -0.00529376 -0.00905009 -0.00995529 -0.00557923 0.0152047 0.0272931 0.0182064
internal_weight=3434.99 1525.13 1909.86 731.794 1325.74 1178.07 1052.6 587.555 1055.27 1028.07 644.958 144.239 125.472 89.3294
internal_count=18461 9887 8574 3327 8127 5247 4730 2728 6787 6624 3797 599 517 367
cat_boundaries=0 1
cat_threshold=2
is_linear=0
shrinkage=0.05


Tree=34
num_leaves=15
num_cat=2
split_feature=21 23 12 5 5 9 3 19 18 18 6 2 12 2
split_gain=63.6842 44.8955 24.0001 19.7539 19.6406 19.3581 17.4518 17.0636 15.82 15.3054 14.0885 13.5616 12.2875 11.2629
threshold=0.38750000000000007 5.9000000000000012 15.29166666666667 9.5000000000000018 12.500000000000002 0.95000000000000007 55.500000000000007 1.0000000180025095e-35 0 1 12.500000000000002 3.5000000000000004 8.9000000000000021 4.5000000000000009
decision_type=2 10 10 2 2 10 2 2 9 9 8 2 10 2
left_child=1 3 4 -1 5 -3 10 11 -8 -2 -5 12 -7 -10
right_child=9 2 -4 6 -6 7 8 -9 13 -11 -12 -13 -14 -15
leaf_value=0.010492734976854379 0.022058252721304308 0.0046552435464140155 0.056954314851131942 0.036194686628320275 -0.025328732873244317 -0.0095424178751662755 -0.0079410830613697511 -0.016357479918393005 0.024408566682297034 0.0064988786301059271 -0.011958847165596455 -0.006581902058038382 0.052568867856673224 0.00063686257756970525
leaf_weight=422.27553215622902 193.46932495385408 194.52433243393898 12.508087232708929 15.809015423059462 243.33746007829905 12.329867184162138 132.71882320940495 624.98293384164572 117.91974394768476 876.68723773956299 387.74573914706707 83.443231150507927 22.481620095670223 86.289440348744392
leaf_count=1962 850 1028 71 89 1715 71 653 4430 581 3870 2029 548 139 425
internal_value=-0.000536146 -0.00512983 -0.0119417 0.00186273 -0.0126713 -0.00938684 -0.00305871 -0.013062 0.00534199 0.00957865 -0.0100725 0.00435468 0.0305697 0.0136932
internal_weight=3426.52 2356.37 1193.61 1162.76 1181.1 937.762 740.483 743.238 336.928 1070.16 403.555 118.255 34.8115 204.209
internal_count=18461 13741 8002 5739 7931 6216 3777 5188 1659 4720 2118 758 210 1006
cat_boundaries=0 2 3
cat_threshold=2062 16 144
is_linear=0
shrinkage=0.05


Tree=35
num_leaves=15
num_cat=1
split_feature=9 8 18 5 5 6 10 21 12 5 3 11 21 10
split_gain=64.6015 35.9755 25.4376 19.4653 18.9317 19.0402 18.9994 18.3619 16.798 20.8495 14.5393 13.7424 13.7045 13.3513
threshold=1.3500000000000003 8.9000000000000021 0 10.500000000000002 7.5000000000000009 43.500000000000007 0.65500000000000014 0.43650793650793657 14.29166666666667 10.500000000000002 52.250000000000007 39.163333333333348 0.47727272727272735 -1.0000000180025095e-35
decision_type=10 10 9 2 2 10 10 2 10 2 2 10 2 8
left_child=2 4 -1 10 -2 -6 -7 -5 -3 -10 -4 -9 -8 -12
right_child=1 8 3 7 5 6 12 11 9 -11 13 -13 -14 -15
leaf_value=-0.023617831201269535 0.012108549029212311 -0.028741246775259317 -0.013389709017795726 -0.0036270109704488519 -0.0096803657607906855 0.060351132999769456 -0.0022129242804618462 0.026634723185912465 0.070514719445636448 -0.017841544817192318 0.039685529618459794 0.0049676021660026142 0.040239756167885464 0.012375573599530468
leaf_weight=61.008513122797012 154.97690196335316 241.48951504379511 51.797321110963821 567.35240398347378 885.43301536142826 15.715368837118147 155.26727130264044 98.535813078284264 9.8433266580104846 20.754055790603161 47.386929661035538 284.40514145046473 21.662755191326141 805.18174297362566
leaf_count=270 770 2267 243 2926 5246 69 870 419 71 173 201 1233 105 3617
internal_value=-0.0001114 -0.00786312 0.00597913 0.00704209 -0.00423194 -0.00658094 0.0076646 0.00208303 -0.024319 0.0105831 0.0123309 0.0105428 0.00298485 0.0138935
internal_weight=3420.81 1505.14 1915.67 1854.66 1233.06 1078.08 192.645 950.293 272.087 30.5974 904.366 382.941 176.93 852.569
internal_count=18480 9571 8909 8639 7060 6290 1044 4578 2511 244 4061 1652 975 3818
cat_boundaries=0 2
cat_threshold=3230138368 17
is_linear=0
shrinkage=0.05


Tree=36
num_leaves=15
num_cat=2
split_feature=9 23 18 7 18 5 21 5 0 7 9 5 6 10
split_gain=59.6804 25.1229 23.129 26.4001 20.0212 18.4727 19.0075 11.6879 13.3179 11.1569 11.0604 10.8076 15.2503 10.7803
threshold=1.9500000000000002 6.7750000000000012 0 1.5000000000000002 1 11.500000000000002 0.43650793650793657 9.5000000000000018 6.5000000000000009 10.500000000000002 5.6500000000000012 11.500000000000002 38.500000000000007 1.8100000000000003
decision_type=10 10 9 8 9 2 2 2 2 10 10 2 10 10
left_child=2 4 -1 -4 10 13 9 8 -3 -7 -2 12 -6 -5
right_child=1 7 3 5 11 6 -8 -9 -10 -11 -12 -13 -14 -15
leaf_value=-0.023385694072143044 0.0070693594804135274 -0.018239239586189181 0.017448396894102877 0.0079272013299136294 -0.016055967752391678 -0.006780329166742604 0.0093929856288491789 -0.026306960130917711 0.017922162412826945 -0.030327904613104445 -0.041449549584307924 -0.029657152791932886 0.017929941100104766 -0.0034970394417350018
leaf_weight=65.452295519411564 285.64639590680599 87.596360325813293 353.18995153903961 1149.7021797597408 130.72785767167807 409.13151782006025 181.54724389314651 269.17145518958569 35.895059213042259 57.354698002338409 12.249630413949488 80.040457613766193 44.157657198607922 251.70756752789021
leaf_count=298 1605 637 1458 5365 739 2211 813 2338 261 440 72 494 230 1519
internal_value=-0.000111699 -0.0107932 0.00398023 0.00480308 -0.00392422 0.00264729 -0.00433345 -0.020464 -0.00772826 -0.00967551 0.00490943 -0.0138944 -0.00747471 0.00587529
internal_weight=3413.57 945.485 2468.09 2402.63 552.822 2049.44 648.033 392.663 123.491 466.486 297.896 254.926 174.886 1401.41
internal_count=18480 6376 12104 11806 3140 10348 3464 3236 898 2651 1677 1463 969 6884
cat_boundaries=0 2 4
cat_threshold=3490185216 17 128 26
is_linear=0
shrinkage=0.05


Tree=37
num_leaves=15
num_cat=2
split_feature=9 18 8 18 19 10 8 5 6 10 9 3 21 19
split_gain=54.1596 21.8751 21.5037 17.5774 14.2024 14.1214 12.7636 11.9791 11.056 10.851 10.6758 10.2525 9.14447 9.14196
threshold=1.9500000000000002 0 5.2250000000000005 1 1.5000000000000002 1.0000000180025095e-35 8.9000000000000021 8.5000000000000018 53.500000000000007 2.6100000000000008 6.0500000000000007 55.500000000000007 0.47727272727272735 1.0000000180025095e-35
decision_type=10 9 10 9 2 8 10 2 10 10 10 2 2 2
left_child=2 4 3 -1 10 -5 8 13 -3 -6 -2 -7 -10 -4
right_child=1 6 7 5 9 11 -8 -9 12 -11 -12 -13 -14 -15
leaf_value=-0.015519690148790642 0.014184470961373478 -0.015671343317192134 0.03701533335533104 0.027961199335631948 -0.001969888427755126 0.0032495822265593195 -0.029618836515830933 -0.0043107747848357093 -0.0010115180580926213 -0.028671212911689066 -0.042701640186707301 0.012214911165289876 0.05305291575485574 0.0052031070721840359
leaf_weight=69.651131272315979 147.89775519818068 380.30354060977697 26.155622810125351 91.844605535268784 138.64162895083427 647.90964190661907 138.36897660046816 839.18868576735258 63.280313223600388 52.441332839429379 8.7347368299961072 627.94676265120506 8.9242334663867933 165.36012317985296
leaf_count=297 868 2370 125 387 868 2800 1387 4952 356 432 53 2697 42 846
internal_value=-0.000112099 -0.0103352 0.00377571 0.00772787 -0.000144812 0.00895973 -0.0160578 -0.00173571 -0.0122659 -0.00929787 0.0110122 0.00766211 0.00567066 0.00954776
internal_weight=3406.65 938.593 2468.06 1437.35 347.715 1367.7 590.877 1030.7 452.508 191.083 156.632 1275.86 72.2045 191.516
internal_count=18480 6376 12104 6181 2221 5884 4155 5923 2768 1300 921 5497 398 971
cat_boundaries=0 2 4
cat_threshold=75501572 26 3221225472 19
is_linear=0
shrinkage=0.05


Tree=38
num_leaves=15
num_cat=1
split_feature=9 8 18 5 5 12 5 6 10 21 12 11 21 9
split_gain=49.5529 30.3443 17.6755 17.5528 16.1577 15.7904 17.8232 15.7722 16.3808 15.2319 13.3224 12.6854 11.2462 10.7974
threshold=1.3500000000000003 8.9000000000000021 0 10.500000000000002 7.5000000000000009 14.29166666666667 10.500000000000002 43.500000000000007 0.65500000000000014 0.43650793650793657 11.225000000000001 39.122500000000009 0.47727272727272735 2.5500000000000003
decision_type=10 10 9 2 2 10 2 10 10 2 10 10 2 10
left_child=2 4 -1 10 -2 -3 -7 13 -9 -5 -4 -11 -10 -6
right_child=1 5 3 9 7 6 -8 8 12 11 -12 -13 -14 -15
leaf_value=-0.01384687635010028 0.011375087240222792 -0.026932965246528436 0.0064610012038686833 -0.0035762132285412709 -0.0046708031064318974 0.06537538136632734 -0.015894108830296298 0.055523792726497281 -0.0020813195007687939 0.025478040158337378 0.019088776023234652 0.0041989899225504564 0.035976273423508197 -0.016341560586264004
leaf_weight=106.53020402044058 155.67288234829903 230.12908787280321 521.99395288527012 560.67119801044464 570.5515726134181 10.183758892118933 19.987305216491222 15.994951441884039 154.88245633989573 92.670814916491508 348.18670402467251 286.79156342148781 22.19317838549614 303.65645225346088
leaf_count=476 770 2267 2289 2902 3268 71 173 69 870 393 1609 1240 105 1978
internal_value=-0.00011072 -0.00697263 0.00519902 0.00636115 -0.00367324 -0.0224739 0.0115371 -0.00586818 0.00706565 0.00165958 0.0115138 0.00939568 0.0026885 -0.00872464
internal_weight=3400.1 1483.25 1916.84 1810.31 1222.95 260.3 30.1711 1067.28 193.071 940.134 870.181 379.462 177.076 874.208
internal_count=18480 9571 8909 8433 7060 2511 244 6290 1044 4535 3898 1633 975 5246
cat_boundaries=0 2
cat_threshold=3221749762 17
is_linear=0
shrinkage=0.05


Tree=39
num_leaves=15
num_cat=0
split_feature=9 23 8 12 5 12 8 5 1 5 7 3 19 7
split_gain=44.9674 21.5817 18.8869 17.3297 17.0971 20.472 16.8597 10.7939 13.3728 10.3042 9.66068 8.77061 9.09831 8.68093
threshold=1.9500000000000002 6.7750000000000012 4.1000000000000005 11.225000000000001 11.500000000000002 12.450000000000001 10.325000000000001 9.5000000000000018 6.5000000000000009 6.5000000000000009 10.500000000000002 53.250000000000007 7.5000000000000009 2.5000000000000004
decision_type=10 10 8 10 2 10 10 2 2 2 8 2 2 10
left_child=2 9 3 11 5 6 -4 8 -3 -2 -6 -1 -13 -9
right_child=1 7 4 -5 10 -7 -8 13 -10 -11 -12 12 -14 -15
leaf_value=-0.018037404775513962 0.022426207664205597 -0.018602376734393546 0.0010265131264501105 0.015964234234265851 -0.0051361132399507375 0.017852420364870066 -0.051347105652593789 0.033113526462161862 0.016231591058035139 -0.0049967605609712775 -0.025992423150806278 0.0058400507094615106 -0.035422854840262384 -0.025928193629666491
leaf_weight=46.844020828604698 36.71805763989687 78.366252012550831 802.30942998081446 454.34650927782059 410.16596538573503 200.46755516529083 15.666224896907805 6.3838305324316016 42.491259723901749 510.68914929032326 64.215701416134834 460.07145234942436 13.75874115526676 251.33524094521999
leaf_count=198 171 585 4059 1914 2247 1070 141 33 313 2969 486 1931 58 2305
internal_value=-0.000109519 -0.00950526 0.00341595 0.00882834 -0.000119092 0.00353284 2.34308e-05 -0.0186841 -0.0063554 -0.00315733 -0.00795937 0.00260148 0.00464189 -0.0244657
internal_weight=3393.83 925.984 2467.85 975.021 1492.82 1018.44 817.976 378.577 120.858 547.407 474.382 520.674 473.83 257.719
internal_count=18480 6376 12104 4101 8003 5270 4200 3236 898 3140 2733 2187 1989 2338
is_linear=0
shrinkage=0.05


Tree=40
num_leaves=15
num_cat=2
split_feature=9 6 18 23 21 13 18 0 13 7 6 11 21 9
split_gain=40.9318 26.9178 20.1804 18.4219 16.7279 14.5051 12.4223 12.3704 12.2602 13.0604 12.2024 11.8977 13.9799 12.0267
threshold=1.3500000000000003 28.500000000000004 0 6.7750000000000012 0.94444444444444453 1.0000000180025095e-35 1 2.5000000000000004 1.0000000180025095e-35 6.5000000000000009 152.50000000000003 39.190000000000012 0.43650793650793657 0.45000000000000007
decision_type=10 10 9 10 2 8 9 2 10 10 10 8 2 10
left_child=2 3 -1 6 8 -4 7 -2 -3 10 -10 12 13 -7
right_child=1 4 5 -5 -6 11 -8 -9 9 -11 -12 -13 -14 -15
leaf_value=0.010580827724156236 0.011663462796813065 0.014888118752178707 -0.010550581939984559 -0.019818416427069423 0.059879330016590786 0.019453527134268275 -0.0010305343785241726 -0.026297219503443332 0.0085249367161533886 -0.014051630453236614 -0.032418363225702095 -0.00080653481134164732 0.023731651164377317 -0.0095837177600390719
leaf_weight=757.53263632208109 26.386971265077591 120.87955050170422 250.37032257020473 407.10698817670345 12.372682690620421 57.14094215631485 403.96423713862896 114.96660749614239 194.80775695294142 163.51494661718607 20.0729720890522 621.37945395708084 128.59528407454491 94.854525938630104
leaf_count=3513 152 691 1182 3411 58 251 2310 658 979 1184 99 2893 542 483
internal_value=-0.000511199 -0.00680122 0.00431061 -0.0117703 0.00244871 9.60093e-05 -0.00576204 -0.0179417 0.0010255 -0.00340295 0.00470024 0.00305237 0.0115981 0.0013325
internal_weight=3373.95 1464.07 1909.87 952.425 511.648 1152.34 545.318 141.354 499.275 378.396 214.881 901.97 280.591 151.995
internal_count=18406 9542 8864 6531 3011 5351 3120 810 2953 2262 1078 4169 1276 734
cat_boundaries=0 2 4
cat_threshold=8680580 8 62 16
is_linear=0
shrinkage=0.05


Tree=41
num_leaves=15
num_cat=2
split_feature=9 18 12 6 23 3 12 18 12 12 5 23 22 7
split_gain=37.7434 22.5489 20.236 20.0975 19.4815 18.1846 16.8438 15.5697 14.5394 13.9108 12.0838 11.9214 11.5943 11.4377
threshold=1.9500000000000002 0 10.29166666666667 38.500000000000007 6.5500000000000007 53.250000000000007 11.225000000000001 1 12.100000000000001 14.366666666666669 11.500000000000002 6.7750000000000012 7.366666666666668 9.5000000000000018
decision_type=10 9 8 10 10 2 10 9 10 10 2 10 10 10
left_child=1 5 -3 7 -4 -1 12 11 -6 -5 -10 -2 -7 -8
right_child=3 2 4 9 8 6 13 -9 10 -11 -12 -13 -14 -15
leaf_value=-0.0098359937825687731 0.0051372131113986991 -0.015972623493045728 0.0052168211429543159 0.0013872016101031729 -0.018608193159899963 0.0083164480558480039 0.023473662187792479 -0.018466240507847047 0.012094431151991145 0.05516143321606324 -0.011110628456603351 -0.017510105338255096 -0.015363308760487672 -0.0034730811661248793
leaf_weight=114.19450663775206 166.352504350245 197.80415817350149 914.17387703806162 186.90864752233028 178.8975450694561 423.56487446278334 298.09363366663456 457.16844379901886 112.29053553938866 12.853733368217943 112.11733970046043 89.301168359816074 58.87864588201046 45.373015128076077
leaf_count=610 953 917 4128 1114 1046 1922 1443 3441 634 80 687 777 326 328
internal_value=-0.000486946 0.00273993 -0.00105353 -0.00916914 0.0011784 0.00877223 0.0114513 -0.0130971 -0.0079755 0.00484731 0.000500856 -0.00266921 0.00542651 0.0199139
internal_weight=3367.97 2455.39 1515.28 912.584 1317.48 940.105 825.91 712.822 403.305 199.762 224.408 255.654 482.444 343.467
internal_count=18406 12041 7412 6365 6495 4629 4019 5171 2367 1194 1321 1730 2248 1771
cat_boundaries=0 2 4
cat_threshold=538276992 8 75501572 10
is_linear=0
shrinkage=0.05


Tree=42
num_leaves=15
num_cat=0
split_feature=8 9 6 9 5 9 5 8 14 6 2 21 24 6
split_gain=36.8687 22.4821 13.8456 12.9883 11.6513 11.4594 10.8152 9.32397 9.22276 7.49827 6.69305 13.4918 11.9518 8.73733
threshold=4.1000000000000005 2.4500000000000006 42.500000000000007 -0.94999999999999984 12.500000000000002 1.5500000000000003 7.5000000000000009 9.5500000000000025 3.5000000000000004 7.5000000000000009 5.5000000000000009 0.24038461538461542 2.5500000000000003 17.500000000000004
decision_type=8 10 10 10 2 10 2 10 8 8 2 2 10 10
left_child=3 4 7 -1 8 -6 -5 -3 -2 -10 -8 13 -13 -12
right_child=1 2 -4 6 5 -7 10 -9 9 -11 11 12 -14 -15
leaf_value=0.036727172746993851 0.027061299303103144 -0.014103489785016155 0.004603302415369658 0.019234647204775992 -0.0045752088694367516 -0.026306283170565492 0.0062878372384336766 -0.033402840663438092 0.030973596542197099 -0.00081686883421650403 0.024159207073196687 0.002418797383381873 0.054092129338636954 -0.021831958459214026
leaf_weight=34.813160419464111 31.302928626537323 303.11334723979235 81.581921130418777 131.25067345798016 219.83785393089056 83.786809556186199 768.74371890723705 78.866124346852303 18.804337754845619 1363.0382377356291 11.608722075819967 130.6566858291626 12.238457962870596 93.524868607521057
leaf_count=146 160 2207 542 548 1225 648 3336 908 112 7500 53 553 51 417
internal_value=-0.000468019 -0.00432392 -0.0140947 0.00663959 -0.00168561 -0.010572 0.0057272 -0.0180882 0.000223694 -0.000384259 0.00398358 -0.00315825 0.00684443 -0.0167537
internal_weight=3363.17 2180.33 463.561 1182.84 1716.77 303.625 1148.02 381.979 1413.15 1381.84 1016.77 248.029 142.895 105.134
internal_count=18406 13302 3657 5104 9645 1873 4958 3115 7772 7612 4410 1074 604 470
is_linear=0
shrinkage=0.05


Tree=43
num_leaves=15
num_cat=0
split_feature=8 12 9 8 9 5 12 11 9 22 5 12 23 2
split_gain=33.3205 21.2303 21.4135 12.2841 11.8159 10.3254 13.2745 11.3094 12.2996 10.9342 9.74473 11.0112 10.2163 9.35426
threshold=4.1000000000000005 14.775000000000002 2.2500000000000004 9.5500000000000025 -0.94999999999999984 11.500000000000002 12.633333333333335 42.229166666666679 1.2500000000000002 7.366666666666668 7.5000000000000009 10.900000000000002 5.2250000000000005 4.5000000000000009
decision_type=8 10 10 10 10 2 10 10 8 10 2 10 10 2
left_child=4 2 5 -4 -1 6 9 8 -7 -2 -6 12 13 -12
right_child=1 -3 3 -5 10 7 -8 -9 -10 -11 11 -13 -14 -15
leaf_value=0.035081561230078627 0.0016669248888630821 0.023958247906205269 -0.010127351808689716 -0.029931524640462254 0.018251187079964416 -0.0036221955672716606 0.01358279780222521 0.024293399777608457 -0.020316076018925856 -0.010545371962401566 0.0062888191380896094 0.0080193985259539354 -0.021588988013874929 -0.011430094578688516
leaf_weight=34.628614366054535 662.00845314562321 65.29216268658638 430.22733863443136 95.723177224397659 131.40282188355923 298.84927249699831 167.82004576176405 25.663602724671364 174.91435192525387 253.46371532231569 236.64404509961605 611.52213682979345 60.328499361872673 108.70079736411572
leaf_count=146 3305 372 3051 1116 548 1586 934 179 1236 1523 1019 2643 281 467
internal_value=-0.000446793 -0.0041217 -0.00499115 -0.0137317 0.00630517 -0.00208659 0.000655516 -0.00803442 -0.00978561 -0.00171425 0.0054376 0.00378232 -0.00260476 0.000711611
internal_weight=3357.19 2173.96 2108.67 525.951 1183.23 1582.72 1083.29 499.427 473.764 915.472 1148.6 1017.2 405.673 345.345
internal_count=18406 13302 12930 4167 5104 8763 5762 3001 2822 4828 4958 4410 1767 1486
is_linear=0
shrinkage=0.05


Tree=44
num_leaves=15
num_cat=3
split_feature=10 18 18 3 21 11 10 15 6 5 6 19 21 22
split_gain=30.6152 24.0534 18.6981 15.2945 14.9224 12.026 10.0791 11.345 9.86348 10.1331 9.10018 9.07494 12.3612 9.08047
threshold=0.84000000000000019 0 1 55.500000000000007 0.18465909090909094 41.445000000000014 2.5225000000000009 2 85.500000000000014 12.500000000000002 32.500000000000007 1.5000000000000002 0.11805555555555557 4.6333333333333337
decision_type=8 9 9 2 2 8 8 1 10 2 10 2 2 10
left_child=2 4 10 -3 6 11 7 -2 9 -4 -1 -5 13 -13
right_child=1 3 8 5 -6 -7 -8 -9 -10 -11 -12 12 -14 -15
leaf_value=0.0038720508277967879 0.0035983866585808672 -0.0027217851998840963 0.017747289176468676 0.025024694427432978 -0.0016200152607727149 -0.0025100230355564628 -0.028715326773476081 -0.01385147284209416 -0.0048273811019100563 0.000398546929513445 -0.014077789154097176 0.038592692406928808 0.0173482439962553 -0.017316940286515006
leaf_weight=177.55343392491341 114.74959769099951 780.26041589677334 453.53720328211784 123.67887748032808 474.45539081096649 155.0889752805233 89.878169409930706 509.03337078541517 74.646716982126236 103.34772582352161 117.23173688352108 8.3412234634160978 113.03757623583078 56.146093346178532
leaf_count=767 719 4621 1913 637 2417 926 874 3248 319 452 502 44 570 397
internal_value=-0.000426822 -0.00338079 0.00730531 0.00151833 -0.00842154 0.00880221 -0.0130613 -0.0108058 0.0120491 0.0145277 -0.00315917 0.0146268 0.00738282 -0.0100852
internal_weight=3350.99 2424.67 926.317 1236.55 1188.12 456.293 713.661 623.783 631.532 556.885 294.785 301.204 177.525 64.4873
internal_count=18406 14453 3953 7195 7258 2574 4841 3967 2684 2365 1269 1648 1011 441
cat_boundaries=0 2 4 5
cat_threshold=1350879294 17 1074790440 17 4
is_linear=0
shrinkage=0.05


Tree=45
num_leaves=15
num_cat=3
split_feature=8 3 12 12 23 18 6 18 21 5 9 12 18 11
split_gain=29.152 21.1022 24.0939 19.327 20.4394 19.4766 15.6484 12.0723 15.6954 13.6081 13.0862 11.948 11.5307 12.8461
threshold=9.7750000000000021 55.500000000000007 10.550000000000002 14.900000000000002 5.1000000000000005 0 89.500000000000014 1 0.5634920634920636 14.500000000000002 0.15000000000000005 13.225000000000001 2 38.155000000000015
decision_type=10 2 8 10 10 9 10 9 2 2 10 10 9 8
left_child=1 2 -1 4 12 -6 7 -4 9 -9 -10 -12 -3 -14
right_child=-2 3 6 -5 5 -7 -8 8 10 -11 11 -13 13 -15
leaf_value=-0.012230777115740592 -0.017893801751461162 -0.009828005891131095 -0.0048857423349155946 0.053558446476126634 0.0083691918221642202 -0.0081143440433148438 -0.01825526206903897 0.0041234429115301193 0.0031292910565290134 -0.044676172407870994 0.026794356284016271 0.081243519426420996 0.041586068833181243 0.01084550903186012
leaf_weight=498.74340773373842 223.18297854810953 59.609477154910564 350.26296228170395 20.38017350435257 293.56749425828457 428.29188559949398 97.609952360391617 568.00597649812698 54.335868418216705 14.654371634125708 66.145524621009827 11.885584682226179 35.966005459427834 617.04258534312248
leaf_count=2548 2197 265 1954 97 1663 2441 496 3152 226 86 284 51 153 2770
internal_value=-0.000437417 0.000812692 -0.00303714 0.00520972 0.00452281 -0.00140725 0.00090582 0.0026615 0.00633828 0.00289609 0.0219691 0.035088 0.0105298 0.0123495
internal_weight=3339.68 3116.5 1661.64 1454.86 1434.48 721.859 1162.9 1065.29 715.027 582.66 132.367 78.0311 712.618 653.009
internal_count=18383 16186 8797 7389 7292 4104 6249 5753 3799 3238 561 335 3188 2923
cat_boundaries=0 2 4 6
cat_threshold=4228 10 75792418 24 1073741826 17
is_linear=0
shrinkage=0.05


Tree=46
num_leaves=15
num_cat=2
split_feature=7 5 18 21 9 10 16 3 6 4 7 6 21 9
split_gain=29.683 17.1177 14.0837 14.4301 13.9184 10.9363 10.3029 10.2692 9.58313 11.8223 11.0699 9.32581 9.40221 10.5518
threshold=7.5000000000000009 10.500000000000002 0 0.47727272727272735 2.4500000000000006 0.79000000000000037 1 53.250000000000007 30.500000000000004 1675.0000000000002 10.500000000000002 34.500000000000007 0.94444444444444453 1.3500000000000003
decision_type=10 2 9 2 10 10 1 2 10 2 10 10 2 10
left_child=2 4 3 6 -2 7 -1 -4 10 -10 -3 -9 13 -13
right_child=1 8 5 -5 -6 -7 -8 11 9 -11 -12 12 -14 -15
leaf_value=0.016083130789531771 0.0061265650059686236 -0.011720772317434694 -0.013234163609548825 0.02552519935389061 -0.014123728262435293 -0.0021235146512665749 -0.0029023548883756879 0.0114988341760918 -0.0069332310223289718 0.048885290527679238 -0.029432153617841173 -0.013571834797676756 0.014360987715646612 0.018968066033400274
leaf_weight=122.12843672186136 261.172273889184 235.0734213963151 66.895352557301521 120.33941985666752 125.68777019530535 1292.3681169003248 172.23689632862806 450.26078866422176 103.5517273619771 10.442626178264616 141.22358105331659 132.07526603341103 71.096954151988029 30.705597996711731
leaf_count=618 1662 1788 283 513 1055 6523 890 1894 730 79 1367 550 298 133
internal_value=-0.000419623 -0.0083159 0.00239809 0.0106804 -0.000452595 0.000661708 0.00497448 0.00546329 -0.0145204 -0.00181989 -0.0183678 0.00729153 -0.000808351 -0.00743378
internal_weight=3335.26 877.151 2458.11 414.705 386.86 2043.4 294.365 751.034 490.291 113.994 376.297 684.139 233.878 162.781
internal_count=18383 6681 11702 2021 2717 9681 1508 3158 3964 809 3155 2875 981 683
cat_boundaries=0 1 2
cat_threshold=613777536 4
is_linear=0
shrinkage=0.05


Tree=47
num_leaves=15
num_cat=1
split_feature=7 12 5 10 5 12 13 18 6 10 9 3 10 9
split_gain=26.9418 16.6206 16.8209 16.3556 15.4509 23.8438 13.8258 11.8824 11.1499 10.8091 10.7993 10.3591 9.3435 9.99221
threshold=7.5000000000000009 10.708333333333334 12.500000000000002 3.0225000000000009 10.500000000000002 12.900000000000002 1.0000000180025095e-35 0 19.500000000000004 1.4633333333333336 3.1500000000000008 54.250000000000007 3.1450000000000009 0.25000000000000006
decision_type=10 8 2 10 2 10 10 9 10 10 10 2 8 10
left_child=1 7 8 4 5 -2 -7 11 10 -4 -3 -1 13 -10
right_child=3 2 9 -5 -6 6 -8 -9 12 -11 -12 -13 -14 -15
leaf_value=-0.0056426825554910789 -0.0035955421976348215 0.0020733533094866225 -5.8034500011419225e-05 -0.02869780592897735 -0.011890747496080713 0.064990398658412232 0.01347011816131187 -0.012401434302112289 0.018756598484400627 -0.021699725069668621 -0.039192172656186075 0.0080009278318462357 0.057104304530413312 0.0069928948198371135
leaf_weight=305.88813013583422 288.35606674104929 333.31729935854673 267.98812575638294 85.670534089207649 441.15079487860203 20.254816874861717 36.466120108962059 249.68147528171539 242.97706609964371 73.52590624243021 16.646610744297504 255.1920959725976 10.653929919004439 702.20261791348457
leaf_count=1472 1938 1556 1251 912 3456 116 259 1157 1030 460 102 1181 68 3425
internal_value=-0.000400668 0.00227787 0.00516227 -0.00795207 -0.00569153 0.00223363 0.0318678 -0.00358265 0.00774615 -0.00471736 0.00011049 0.000552889 0.0105418 0.010017
internal_weight=3329.97 2458.07 1647.31 871.898 786.228 345.077 56.7209 810.762 1305.8 341.514 349.964 561.08 955.834 945.18
internal_count=18383 11702 7892 6681 5769 2313 375 3810 6181 1711 1658 2653 4523 4455
cat_boundaries=0 2
cat_threshold=1048740 8
is_linear=0
shrinkage=0.05


Tree=48
num_leaves=15
num_cat=2
split_feature=23 3 12 21 5 1 22 6 19 18 3 6 12 15
split_gain=22.3808 19.7312 17.1948 15.5082 13.4546 13.0053 11.6979 10.646 10.5943 12.5589 15.0557 10.5576 10.3214 9.90533
threshold=5.7750000000000012 55.500000000000007 15.450000000000001 0.42261904761904767 12.500000000000002 2.5000000000000004 5.2250000000000005 17.500000000000004 1.0000000180025095e-35 0 54.250000000000007 121.50000000000001 13.900000000000002 1
decision_type=10 2 10 2 2 2 8 8 2 9 2 10 10 1
left_child=1 6 3 4 8 -5 -1 13 9 -2 -11 -8 -7 -3
right_child=2 7 -4 5 -6 12 11 -9 -10 10 -12 -13 -14 -15
leaf_value=-0.0044018956192522253 0.021879940327896318 0.017063390896325459 0.059569258425497942 0.032630968942277037 -0.018499642191141162 -0.0040023766168028 0.010180644763414883 0.011070947055935835 -0.0076437453755646995 -0.028113404740623349 0.010295927946736883 -0.039030875535691088 0.030955679412818373 -0.012309084255615471
leaf_weight=799.95968902111053 63.265300333499908 30.491779528558254 10.189263932406901 39.588712066411972 237.40396793931723 150.59069983661175 240.59390281140804 733.22154495120049 784.18862695991993 42.987169563770294 62.765543892979622 11.415725588798521 24.557991608977318 94.089032076299191
leaf_count=3832 375 144 52 190 1817 714 1130 3322 5545 288 371 52 108 443
internal_value=-0.000384734 0.00314678 -0.00514928 -0.00561851 -0.00784914 0.0067492 -0.00144254 0.00877492 -0.00519655 0.00615765 -0.00485765 0.00795142 0.000899171 -0.0047384
internal_weight=3325.31 1909.77 1415.54 1405.35 1190.61 214.737 1051.97 857.802 953.207 169.018 105.753 252.01 175.149 124.581
internal_count=18383 8923 9460 9408 8396 1012 5014 3909 6579 1034 659 1182 822 587
cat_boundaries=0 2 3
cat_threshold=32 10 4
is_linear=0
shrinkage=0.05


Tree=49
num_leaves=15
num_cat=2
split_feature=7 10 5 18 21 5 3 21 11 19 6 18 11 11
split_gain=23.1282 15.1978 13.9921 12.8099 12.4401 10.6571 12.9738 16.4882 16.6367 10.9709 10.4493 9.90205 14.3708 12.1114
threshold=7.5000000000000009 3.0225000000000009 6.5000000000000009 0 0.47727272727272735 7.5000000000000009 55.500000000000007 0.72077922077922085 40.063333333333347 4.5000000000000009 31.500000000000004 1 40.210000000000015 39.522500000000015
decision_type=10 10 2 9 2 2 2 2 10 2 10 9 10 10
left_child=3 2 -2 4 -1 -5 -7 9 -9 -8 -4 12 13 -12
right_child=1 -3 10 5 -6 6 7 8 -10 -11 11 -13 -14 -15
leaf_value=0.0047029268700308881 0.025972122787442167 -0.027698005833300961 -0.010175709361297712 0.0092164245108312844 0.023759583995599156 -0.0054272999989306951 0.0028058723416426691 0.027848304440260901 -0.0016018507332027235 -0.012632717606262542 0.0177956778176931 -0.0052192054845346669 -0.00067834809519051612 0.08162180417989548
leaf_weight=294.6131017357111 34.340638764202595 83.328090466558933 552.28054175525904 296.73987041413784 120.73333816230297 855.89246480166912 544.44868383556604 118.04469288885593 80.76485438644886 145.91038654744625 17.162788979709152 125.36942285299301 38.229068242013454 13.109917052090166
leaf_count=1508 195 912 4302 1295 513 4203 2607 497 340 739 100 841 254 77
internal_value=-0.000363373 -0.00740078 -0.00523378 0.00211066 0.0100015 0.000454272 -0.00103309 0.00319667 0.0158844 -0.000457141 -0.00666999 0.00331676 0.0171913 0.0454363
internal_weight=3320.97 863.82 780.492 2457.15 415.346 2041.8 1745.06 889.169 198.81 690.359 746.152 193.871 68.5018 30.2727
internal_count=18383 6681 5769 11702 2021 9681 8386 4183 837 3346 5574 1272 431 177
cat_boundaries=0 1 3
cat_threshold=613777536 24 8
is_linear=0
shrinkage=0.05


Tree=50
num_leaves=15
num_cat=4
split_feature=8 8 12 15 3 18 18 1 5 18 13 24 23 6
split_gain=30.0109 15.7661 14.5478 20.9757 12.6208 12.2039 11.3279 11.1815 10.9168 10.8729 10.559 10.4654 10.1842 10.5549
threshold=3.6333333333333337 11.100000000000001 13.100000000000001 0 53.250000000000007 1 2 10.500000000000002 7.5000000000000009 3 1.0000000180025095e-35 1.0000000180025095e-35 8.4500000000000011 23.500000000000004
decision_type=8 10 10 1 2 9 9 2 2 9 10 10 10 10
left_child=4 2 5 -4 -1 -2 11 9 -7 10 -6 -5 13 -8
right_child=1 -3 3 6 7 8 12 -9 -10 -11 -12 -13 -14 -15
leaf_value=-0.011058275367221537 -0.01344337308378362 -0.024428613178090242 0.00056105831223056185 0.025428552864242338 -0.034145595560469255 0.0078766304210906666 0.019854958981602954 -0.0040626063191733439 -0.0038778615026904546 0.013899326463507526 0.0042496593017423831 -0.043485413926500675 0.011058159765579355 0.078130137477696565
leaf_weight=83.675968781113625 274.88615320622921 81.7534544095397 311.05268853902817 11.786854036152365 22.221069902181625 231.11958695203066 10.690159142017363 134.65645544975996 1359.0680746287107 659.27937719225883 92.218092128634453 10.343749925494192 12.949316278100012 28.445959821343422
leaf_count=366 1572 881 1935 62 96 1118 52 582 8282 2808 394 54 79 137
internal_value=0.00023901 -0.00285958 -0.00207599 0.00676926 0.00752311 -0.00390315 0.0288289 0.00923475 -0.00215589 0.011549 -0.00294808 -0.00467092 0.0415224 0.0622121
internal_weight=3324.15 2332.1 2250.34 385.269 992.051 1865.07 74.216 908.375 1590.19 773.719 114.439 22.1306 52.0854 39.1361
internal_count=18418 14172 13291 2319 4246 10972 384 3880 9400 3298 490 116 268 189
cat_boundaries=0 1 3 5 7
cat_threshold=1 1074003994 16 44 16 1073741856 1
is_linear=0
shrinkage=0.05


Tree=51
num_leaves=15
num_cat=2
split_feature=9 23 6 12 12 18 2 8 18 8 13 12 7 6
split_gain=27.5046 16.0365 13.7504 13.1449 12.5563 14.5574 11.9938 11.7594 15.4591 10.3874 9.39147 14.1034 8.74074 9.31293
threshold=1.3500000000000003 5.4500000000000011 29.500000000000004 12.900000000000002 11.450000000000001 0 5.5000000000000009 5.1000000000000005 1 1.2916666666666667 1.0000000180025095e-35 12.775000000000002 5.5000000000000009 63.500000000000007
decision_type=10 8 10 10 10 9 2 10 9 8 10 10 10 10
left_child=4 10 -3 12 5 -1 -5 -6 -9 -7 11 -2 13 -4
right_child=1 2 3 6 7 9 -8 8 -10 -11 -12 -13 -14 -15
leaf_value=-0.015489587478699277 0.0072840684825890654 -0.013692835668044794 0.025716253619474799 0.035154073137535845 0.01399869018392548 0.031054264062363692 -0.023690534412356114 -0.0062043870634419613 0.012494728087259981 0.0015753524550655162 -0.0025504650062437174 0.062219360241286305 -0.012891146488289443 -0.014245158127358444
leaf_weight=117.34756851941347 144.48294368386269 584.50236219912767 37.096381537616253 41.033207282423973 463.53407733142376 30.952203691005707 10.975437007844446 231.44335297495127 195.01176427304745 865.18281204253435 431.09385854750872 12.710981115698813 130.8908676430583 24.019814133644104
leaf_count=531 757 4776 196 264 1957 133 72 1280 1067 3905 2290 66 1000 124
internal_value=0.000226274 -0.0050485 -0.00953093 0.000438295 0.00415243 0.000346927 0.022736 0.00848598 0.00249395 0.00256492 0.00126435 0.0117262 -0.00560146 0.0100107
internal_weight=3320.28 1416.81 828.518 244.016 1903.47 1013.48 52.0086 889.989 426.455 896.135 588.288 157.194 192.007 61.1162
internal_count=18418 9545 6432 1656 8873 4569 336 4304 2347 4038 3113 823 1320 320
cat_boundaries=0 2 4
cat_threshold=1073741832 19 8390708 16
is_linear=0
shrinkage=0.05


Tree=52
num_leaves=15
num_cat=0
split_feature=8 9 5 8 3 12 6 22 1 9 7 20 2 10
split_gain=25.5445 15.3295 17.657 11.7094 11.3149 11.174 16.8054 11.9409 10.1638 9.13413 8.63156 9.28127 8.58237 8.53727
threshold=3.6333333333333337 1.2500000000000002 6.5000000000000009 11.100000000000001 53.250000000000007 12.550000000000002 29.500000000000004 9.9000000000000021 10.500000000000002 -0.94999999999999984 1.5000000000000002 0.38750000000000007 6.5000000000000009 1.3100000000000005
decision_type=8 10 2 10 2 10 10 10 2 10 10 2 2 10
left_child=4 -2 -3 5 -1 10 -7 -8 9 -6 -4 -12 13 -10
right_child=1 2 3 -5 8 6 7 -9 12 -11 11 -13 -14 -15
leaf_value=-0.010687955458702086 0.0015623485703569551 0.016958617157383126 0.038834257811941129 -0.029525798258675708 0.039212703594470245 -0.0058236228948800343 0.031653889922491636 -0.020875668869263873 0.0056076740869048401 0.0097147738190221343 -0.011046531428596481 0.034279211896818644 -0.042517806537280135 -0.031426636678110402
leaf_weight=83.483076602220535 1117.9013084545732 74.816664651036263 9.0049099624156934 60.482118040323257 27.199228659272194 191.35998219251633 60.5676074847579 13.171152144670485 103.09451818466187 746.98999872803688 784.84132318943739 11.45916338264942 13.142547279596327 18.327942535281181
leaf_count=366 5489 396 43 730 118 1475 362 93 438 3180 5525 59 57 87
internal_value=0.000212495 -0.0026553 -0.00656582 -0.00812214 0.00692826 -0.00691274 0.00199109 0.0222711 0.00854658 0.0107511 -0.0098438 -0.0103943 -0.00413672 1.75821e-05
internal_weight=3315.84 2323.6 1205.7 1130.89 992.237 1070.4 265.099 73.7388 908.754 774.189 805.305 796.3 134.565 121.422
internal_count=18418 14172 8683 8287 4246 7557 1930 455 3880 3298 5627 5584 582 525
is_linear=0
shrinkage=0.05


Tree=53
num_leaves=15
num_cat=1
split_feature=23 10 7 5 12 24 6 12 18 1 0 23 11 1
split_gain=23.1076 12.3679 15.0427 12.1933 19.5359 11.5247 10.9899 10.9494 13.8157 11.9208 13.248 15.4765 12.481 12.1689
threshold=5.7083333333333348 1.9200000000000004 7.5000000000000009 8.5000000000000018 11.100000000000001 -1.0999999999999999 17.500000000000004 10.708333333333334 0 10.500000000000002 6.5000000000000009 4.5500000000000007 39.190000000000012 3.5000000000000004
decision_type=8 10 10 2 10 10 10 10 9 2 2 10 10 2
left_child=5 3 6 4 -2 -1 -3 8 -7 10 13 -12 -11 -9
right_child=1 2 -4 -5 -6 7 -8 9 -10 12 11 -13 -14 -15
leaf_value=-0.010248454682896457 -0.0041882162978390727 -0.02479983315611841 -0.01800322482696088 -0.0040562752472461869 0.026670773416898042 -0.010694623149176075 0.0052421828483478665 0.015929267827137848 0.0048064103327379957 0.020257838700239582 0.012619343436425484 0.044683990696021234 -0.010935878236623892 0.0023449264740135391
leaf_weight=132.23822988569736 114.92367494106293 37.35208360850811 297.05129619687796 778.35191950201988 92.622185081243515 198.50307476520538 164.55601578205824 269.23452483862638 452.81758512556553 42.015167355537415 114.40971270948648 56.077412903308868 135.42833171784878 425.2530764862895
leaf_count=723 517 242 3085 4543 450 907 1015 1246 2080 187 501 271 659 1992
internal_value=0.000200895 -0.00443127 -0.0108457 -0.00118494 0.00958333 0.0039677 -0.000315454 0.00507763 -8.24569e-06 0.00825536 0.0106771 0.0231662 -0.00354981 0.00761122
internal_weight=3310.83 1484.86 498.959 985.898 207.546 1825.98 201.908 1693.74 651.321 1042.42 864.975 170.487 177.443 694.488
internal_count=18418 9852 4342 5510 967 8566 1257 7843 2987 4856 4010 772 846 3238
cat_boundaries=0 2
cat_threshold=1073743908 19
is_linear=0
shrinkage=0.05


Tree=54
num_leaves=15
num_cat=1
split_feature=8 5 12 19 9 10 7 18 10 1 13 8 1 10
split_gain=21.979 13.9309 16.8702 18.4764 10.3936 11.2921 10.2904 10.1006 11.32 9.91368 9.53887 13.2208 9.33407 14.0137
threshold=3.6333333333333337 12.500000000000002 12.225000000000001 1.0000000180025095e-35 1.3500000000000003 2.0100000000000011 1.5000000000000002 0 0.13666666666666671 10.500000000000002 1.0000000180025095e-35 5.4500000000000011 3.5000000000000004 1.4366666666666672
decision_type=8 2 10 2 10 10 8 9 10 2 10 10 2 10
left_child=7 2 6 10 12 -6 -2 -1 -9 -10 -4 -12 13 -5
right_child=1 -3 3 4 5 -7 -8 8 9 -11 11 -13 -14 -15
leaf_value=-0.0035867085304983346 0.019252104576765489 -0.010972352849242431 0.047147765042993534 0.011018671667892921 0.0043622372424490172 -0.021206339177090867 -0.0041246259736856753 0.024480306208781624 0.0091707755845068014 -0.0078538949186730076 0.047054144024549494 -0.0090077582792337345 0.0045338441672883511 0.067328317141046673
leaf_weight=201.4217409491539 48.7056585252285 399.5475164912641 38.713372111320496 33.517596393823624 109.90750973671675 71.127464950084686 1407.5980696305633 102.83612897992134 587.91566208004951 100.06400736421347 17.374520674347878 26.641530759632587 145.23910485953093 16.482592396438122
leaf_count=865 204 2760 196 156 728 714 8326 446 2498 437 80 172 740 96
internal_value=0.000188762 -0.00247992 -0.000708331 0.00765017 0.00294638 -0.00568349 -0.0033428 0.0064147 0.00889494 0.0066946 0.0290442 0.0131216 0.0109484 0.0295812
internal_weight=3307.09 2314.85 1915.31 459.004 376.274 181.035 1456.3 992.238 790.816 687.98 82.7294 44.0161 195.239 50.0002
internal_count=18418 14172 11412 2882 2434 1442 8530 4246 3381 2935 448 252 992 252
cat_boundaries=0 2
cat_threshold=1074790432 19
is_linear=0
shrinkage=0.05


Tree=55
num_leaves=15
num_cat=2
split_feature=5 10 18 7 18 12 1 12 2 9 11 10 8 9
split_gain=22.0434 18.4924 14.695 13.4614 12.6867 12.2086 8.7743 8.71436 9.4136 8.35853 9.4103 9.62579 12.0671 9.21717
threshold=9.5000000000000018 2.2100000000000004 0 6.5000000000000009 1 11.225000000000001 10.500000000000002 11.225000000000001 4.5000000000000009 0.8500000000000002 39.055000000000014 1.5450000000000004 8.7750000000000021 -0.34999999999999992
decision_type=2 8 9 8 9 10 2 10 2 10 10 10 10 10
left_child=2 4 -1 -3 6 -4 -2 -8 -9 10 13 -12 -13 -6
right_child=1 3 5 -5 9 -7 7 8 -10 -11 11 12 -14 -15
leaf_value=-0.016311198693543159 -0.0063659991954519478 0.00057185768755473477 0.0023999410366894167 -0.022152953485785006 0.04794360185489667 0.013426852730879771 -0.04996203927180428 0.017924996695361652 -0.028983522024371346 -0.0029519089444409795 -0.0015467407340720423 0.0088370148769532451 0.061453587082227472 0.010924923982400199
leaf_weight=67.268256515264511 274.34277499467134 94.811031810939312 681.22777616977692 208.42547027766705 19.609558507800102 397.46975194662809 24.785796523094177 15.964249491691588 32.40526171028614 846.44024175778031 426.48842884600163 68.371669426560402 12.962694160640238 117.98942214250565
leaf_count=318 1421 553 3359 2208 83 2142 124 80 177 5064 1890 330 91 530
internal_value=-0.000613598 -0.0036074 0.00498386 -0.0150477 -0.00172134 0.00640368 -0.0101759 -0.0258547 -0.0135015 0.000314078 0.00460213 0.00145944 0.0172228 0.0162005
internal_weight=3288.56 2142.6 1145.97 303.237 1839.36 1078.7 347.498 73.1553 48.3695 1491.86 645.422 507.823 81.3344 137.599
internal_count=18370 12551 5819 2761 9790 5501 1802 381 257 7988 2924 2311 421 613
cat_boundaries=0 2 4
cat_threshold=3221225474 17 1074003998 19
is_linear=0
shrinkage=0.05


Tree=56
num_leaves=15
num_cat=3
split_feature=5 12 21 6 8 12 18 8 7 18 18 11 1 5
split_gain=20.2293 20.6193 15.2447 13.6962 12.5137 13.1661 11.4099 10.4472 10.0968 9.04478 8.31893 9.07465 13.1928 8.42135
threshold=11.500000000000002 14.100000000000001 0.5634920634920636 113.50000000000001 10.225000000000001 11.366666666666669 0 2.3666666666666671 10.500000000000002 1 2 41.06333333333334 10.500000000000002 9.5000000000000018
decision_type=2 10 2 10 10 10 9 10 8 9 9 10 2 2
left_child=1 3 8 4 5 10 7 -7 -2 -4 11 -1 13 -13
right_child=2 -3 9 -5 -6 6 -8 -9 -10 -11 -12 12 -14 -15
leaf_value=0.0046021267436060663 -0.0071933087324917173 0.026109313368523842 0.013248399294638931 -0.015084255632916405 -0.02033209639528117 0.048304520111896593 0.0030222888973359401 0.01323538369498053 -0.023295215069693717 -0.0086938611110852528 -0.0097530584620381094 -0.0018791400355010969 0.028638023422800776 -0.019211634695954518
leaf_weight=673.76116687804461 714.33982821181417 85.659456945955753 129.27964667230844 123.31703895330429 60.495277188718319 23.10618557035923 519.82386249303818 262.48671490699053 112.720264069736 64.207986652851105 195.33338000625372 180.27159997820854 25.845635339617729 114.65196986496449
leaf_count=3271 4244 469 562 609 684 97 2746 1450 1152 277 974 980 155 700
internal_value=-0.000587304 0.00204648 -0.00643207 0.00110057 0.00207143 0.00275069 0.00768736 0.0155289 -0.00938784 0.00620235 -0.000590936 0.00129363 -0.00561538 -0.00861717
internal_weight=3285.3 2264.75 1020.55 2179.09 2055.78 1995.28 805.417 285.593 827.06 193.488 1189.86 994.53 320.769 294.924
internal_count=18370 12135 6235 11666 11057 10373 4293 1547 5396 839 6080 5106 1835 1680
cat_boundaries=0 2 4 6
cat_threshold=4240 10 2184 8 3236 12
is_linear=0
shrinkage=0.05


Tree=57
num_leaves=15
num_cat=1
split_feature=5 10 7 12 16 8 21 2 20 11 9 10 9 2
split_gain=18.8154 16.2702 12.3102 10.5241 9.74428 8.78668 8.49451 15.6304 9.86068 13.1655 8.82723 8.81357 8.08385 8.41697
threshold=9.5000000000000018 2.2100000000000004 6.5000000000000009 11.900000000000002 0 8.7083333333333339 0.10555555555555557 6.5000000000000009 1.0000000180025095e-35 38.877500000000012 -0.84999999999999998 2.0450000000000004 0.25000000000000006 3.5000000000000004
decision_type=2 8 8 10 1 10 2 2 2 10 10 10 10 2
left_child=3 6 -3 5 -5 -1 7 12 11 -10 -11 -8 -2 -14
right_child=1 2 -4 4 -6 -7 8 -9 9 10 -12 -13 13 -15
leaf_value=0.0033748776142905595 0.012294449694133151 0.00072699844977403125 -0.021100153659517354 0.028145957994678131 0.0067864068878905129 -0.01742168321938975 0.0049960183298780776 -0.021651572886878412 0.015643259115171195 0.022373264723446418 -0.0097337305811722799 0.038779638290351359 0.0068399615176624315 -0.0071052890421572593
leaf_weight=853.87071616947651 82.843699753284454 94.639075808227062 203.49423867836595 80.087126113474369 160.21204803138971 54.002606257796288 504.07340501248837 123.22248665988445 72.147464670240879 22.833623453974724 342.74670472741127 20.074243359267712 135.8711521551013 531.37951433286071
leaf_count=4056 361 553 2208 447 836 480 2519 743 315 99 1595 131 774 3253
internal_value=-0.000560187 -0.00333777 -0.0141714 0.0046006 0.0139051 0.00213785 -0.00157781 -0.00514784 0.00166353 -0.0038762 -0.00772837 0.00628989 -0.00243667 -0.00426564
internal_weight=3281.5 2133.33 298.133 1148.17 240.299 907.873 1835.19 873.317 961.875 437.728 365.58 524.148 750.094 667.251
internal_count=18370 12551 2761 5819 1283 4536 9790 5131 4659 2009 1694 2650 4388 4027
cat_boundaries=0 1
cat_threshold=2
is_linear=0
shrinkage=0.05


Tree=58
num_leaves=15
num_cat=1
split_feature=18 9 14 21 6 23 12 4 6 12 1 0 4 22
split_gain=14.8835 13.8311 17.5585 14.2237 12.8514 10.8548 11.0411 13.9091 11.6877 14.6346 12.6847 12.4993 10.6734 8.98768
threshold=0 0.65000000000000002 3.5000000000000004 0.38750000000000007 93.500000000000014 9.5500000000000025 10.29166666666667 850.00000000000011 29.500000000000004 12.900000000000002 12.500000000000002 2.5000000000000004 1625.0000000000002 4.1000000000000005
decision_type=9 8 8 2 10 10 8 2 10 10 2 2 2 10
left_child=-1 4 -3 5 -2 6 -4 -8 10 -10 -9 -11 -5 -13
right_child=1 2 3 12 -6 -7 7 8 9 11 -12 13 -14 -15
leaf_value=-0.020705529963791769 0.0065851880442634216 0.018976286952398322 -0.012056464895647191 0.0025478387603894859 -0.015071738716686885 -0.017611228799048497 -0.028982667121521612 -0.0024500248404855209 0.0017527786349772192 0.07070843642975258 -0.031951517319575108 0.060152118007565272 0.029953294049256524 0.0084453691393846526
leaf_weight=78.966226056218147 911.07022394984961 94.038648158311844 324.76114425063133 386.67221144586802 74.070010155439377 158.57660613954067 44.895889900624752 791.06448002159595 263.08827214688063 13.394208684563635 38.195416152477264 10.128134638071058 39.122459955513477 49.372757390141487
leaf_count=390 4037 491 1875 1797 322 1571 276 5202 1543 73 283 52 184 274
internal_value=-0.000534223 2.84316e-05 -0.00216508 -0.00310318 0.00495686 -0.00515715 -0.00387047 -0.00167362 -0.000621424 0.00724565 -0.00380885 0.0270702 0.00506588 0.0172468
internal_weight=3277.42 3198.45 2213.31 2119.27 985.14 1693.48 1534.9 1210.14 1165.24 335.983 829.26 72.8951 425.795 59.5009
internal_count=18370 17980 13621 13130 4359 11149 9578 7703 7427 1942 5485 399 1981 326
cat_boundaries=0 2
cat_threshold=3221487616 17
is_linear=0
shrinkage=0.05


Tree=59
num_leaves=15
num_cat=2
split_feature=18 8 24 10 12 2 23 9 1 19 0 1 18 22
split_gain=13.6671 12.7602 12.1364 10.0226 9.99149 21.1558 13.1292 10.6474 9.69251 13.6877 8.50379 12.2587 10.6092 8.08943
threshold=0 9.9000000000000021 1.1000000000000003 -0.049999999999999968 10.708333333333334 4.5000000000000009 5.7083333333333348 -0.54999999999999993 2.5000000000000004 8.5000000000000018 6.5000000000000009 8.5000000000000018 1 4.1000000000000005
decision_type=9 10 10 8 10 2 10 8 2 2 2 2 9 10
left_child=-1 3 -3 -2 5 6 -5 -6 -9 10 -10 -12 -13 -7
right_child=1 2 -4 4 7 13 -8 8 9 -11 11 12 -14 -15
leaf_value=-0.019894583377115933 0.018850552555038605 -0.017190420814227624 0.025016088255811475 0.0046351348202842493 0.023889185333710525 -0.028071245924228355 -0.010328412745506138 0.0096172321449289749 -0.0017903917295536591 -0.020146710113497626 0.022031756928065523 0.0076724507117566761 -0.0079579750939062811 -0.0095190003328273765
leaf_weight=78.495633468031883 75.02094529569149 163.78402129560709 19.008918877691031 539.08431249111891 56.15236859023571 90.942774049937725 201.34164073318243 327.19900817424059 903.54561321437359 78.855240650475025 98.646142818033695 323.38365564867854 152.21465746313334 166.02723313868046
leaf_count=390 334 1841 178 2475 238 436 1275 1759 4961 469 491 1799 817 907
internal_value=-0.00051268 2.56532e-05 -0.0128013 0.000804077 0.00034317 -0.0037238 0.000566146 0.00243409 0.00179457 0.000150287 0.00123334 0.00599103 0.00266395 -0.0160847
internal_weight=3273.7 3195.21 182.793 3012.41 2937.39 997.396 740.426 1940 1883.84 1556.65 1477.79 574.244 475.598 256.97
internal_count=18370 17980 2019 15961 15627 5093 3750 10534 10296 8537 8068 3107 2616 1343
cat_boundaries=0 2 4
cat_threshold=3221487616 17 8390800 8
is_linear=0
shrinkage=0.05


Tree=60
num_leaves=15
num_cat=1
split_feature=19 5 18 2 2 7 12 22 24 12 1 6 9 24
split_gain=16.9216 18.0672 15.2886 11.3919 13.072 11.1973 13.2763 10.5046 9.541 8.68112 8.83595 8.51864 9.52138 8.34343
threshold=8.5000000000000018 9.5000000000000018 0 3.5000000000000004 6.5000000000000009 10.500000000000002 10.633333333333335 4.7750000000000012 -2.4499999999999997 15.100000000000001 3.5000000000000004 91.500000000000014 2.4500000000000006 0.45000000000000007
decision_type=2 2 9 2 2 10 8 10 10 10 2 10 8 10
left_child=1 11 3 -3 8 6 7 -4 -5 10 -8 12 -1 -13
right_child=-2 2 5 4 -6 -7 9 -9 -10 -11 -12 13 -14 -15
leaf_value=0.010202633426779668 -0.01648976196377315 -0.031120417200971473 0.0027762610725396908 -0.051029059213351297 -0.023304655929055784 -0.012819855565005284 0.014501991467806386 -0.014651098337173769 -0.0022322737938962776 0.04672552114081277 0.0026156927687075934 0.0027860381889638006 -0.0012854370388502507 -0.029542642092483598
leaf_weight=762.23936585336924 145.20562257990241 49.210743092000484 182.43030427396297 10.209951318800448 94.532905869185925 126.92143099755049 205.81760531291366 164.38221828639507 530.92651057615876 12.945543020963667 650.53110011294484 55.37661013007164 236.26845506578684 31.203198082745075
leaf_count=3629 971 246 886 92 598 1321 1133 955 2922 63 3676 270 1393 143
internal_value=0.000194193 0.000972415 -0.00181392 -0.00782969 -0.00614979 0.00130243 0.00278704 -0.00548396 -0.00315295 0.00608682 0.00547248 0.00617977 0.00748431 -0.00886516
internal_weight=3258.2 3113 2027.91 684.88 635.669 1343.03 1216.11 346.813 541.136 869.294 856.349 1085.09 998.508 86.5798
internal_count=18298 17327 11892 3858 3612 8034 6713 1841 3014 4872 4809 5435 5022 413
cat_boundaries=0 2
cat_threshold=1342816318 19
is_linear=0
shrinkage=0.05


Tree=61
num_leaves=15
num_cat=3
split_feature=19 5 18 8 9 6 8 12 22 12 12 18 12 18
split_gain=15.3963 16.2922 14.2083 14.6304 10.6101 14.4954 9.32513 9.27017 13.8801 8.99964 8.65914 8.51978 8.49359 9.32699
threshold=8.5000000000000018 9.5000000000000018 0 11.100000000000001 1.6500000000000001 29.500000000000004 1.2916666666666667 10.633333333333335 5.7750000000000012 8.5500000000000025 10.366666666666669 1 11.900000000000002 2
decision_type=2 2 9 10 10 10 8 8 10 10 10 9 10 9
left_child=1 6 10 4 7 -6 -1 8 -4 -7 -3 -11 13 -8
right_child=-2 2 3 -5 5 9 12 -9 -10 11 -12 -13 -14 -15
leaf_value=0.036745742576749604 -0.015800523337136281 -0.033085839147107179 0.0025901422629634489 -0.02906467406153275 -0.010385792155152651 -0.037010438329773222 0.0070864096457285281 0.0057844152969860714 -0.022185583367727215 0.016393423946795015 -0.0088367538602617778 -0.0060296031282482407 0.013589750711102827 -0.0036148969510727521
leaf_weight=23.904890343546867 143.99428991228342 45.413589239120483 189.80739926546812 42.716081898659468 395.1222077421844 11.187047369778155 493.34936679899693 889.39644166827202 80.507465995848179 115.71927471831441 194.43738670647144 61.083003614097834 233.56282845139503 335.70552480965853
leaf_count=106 971 238 857 547 3109 63 2421 4418 419 749 1083 409 1231 1677
internal_value=0.000183387 0.000922994 -0.0017268 -0.000154101 0.000553604 -0.00494816 0.00586248 0.00331993 -0.00478877 0.00648084 -0.0128907 0.00923273 0.00516772 0.00279505
internal_weight=3255.91 3111.91 2025.39 1785.54 1742.82 583.112 1086.52 1159.71 270.315 187.989 239.851 176.802 1062.62 829.055
internal_count=18298 17327 11892 10571 10024 4330 5435 5694 1276 1221 1321 1158 5329 4098
cat_boundaries=0 2 4 6
cat_threshold=1342717974 19 160 8 1156 12
is_linear=0
shrinkage=0.05


Tree=62
num_leaves=15
num_cat=2
split_feature=18 9 18 5 6 10 22 22 24 6 10 6 12 12
split_gain=14.543 14.9342 12.3985 11.3327 10.876 13.4897 10.3045 10.1364 9.93058 9.59508 13.1769 9.02391 8.18581 7.88447
threshold=0 2.2500000000000004 1 12.500000000000002 91.500000000000014 0.85999999999999999 8.1000000000000014 1.7750000000000001 0.77500000000000013 27.500000000000004 3.3366666666666673 38.500000000000007 11.708333333333334 13.100000000000001
decision_type=9 10 9 2 10 8 10 10 10 10 10 10 10 10
left_child=-1 3 13 4 5 7 -5 -2 12 10 -7 -4 -6 -3
right_child=1 2 11 6 8 9 -8 -9 -10 -11 -12 -13 -14 -15
leaf_value=-0.020185068952183721 -0.010185853819723117 -0.00027799202284218649 -0.015878054742558802 -0.00043373433742644032 -0.0092288421806393899 -0.0015416733003799728 -0.018201088905410286 0.012955287681334067 -0.025538641485311282 0.0081696514890296796 0.058279266658903817 0.002684124787875736 0.019318561811311641 0.028960060405427951
leaf_weight=75.426065988838673 51.56229867041111 229.53207743912935 303.06154789030552 321.93113879859447 75.355958752334118 861.91531677544117 109.31640274450183 575.28094974905252 55.521850772202015 437.92860876768827 9.3048804029822332 83.519182026386261 37.661338292062283 25.632593356072903
leaf_count=392 218 1553 2610 1682 357 4760 752 2452 255 2247 71 542 184 223
internal_value=0.000175263 0.000719822 -0.00609173 0.0024465 0.0039596 0.00502013 -0.00493756 0.0110518 -0.00822265 0.00213208 -0.000902769 -0.0115685 0.000284157 0.00255884
internal_weight=3252.95 3177.52 641.745 2535.78 2104.53 1935.99 431.248 626.843 168.539 1309.15 871.22 386.581 113.017 255.165
internal_count=18298 17906 4928 12978 10544 9748 2434 2670 796 7078 4831 3152 541 1776
cat_boundaries=0 2 4
cat_threshold=1342717952 17 8393732 10
is_linear=0
shrinkage=0.05


Tree=63
num_leaves=15
num_cat=2
split_feature=23 1 5 12 18 14 11 18 2 8 24 23 13 1
split_gain=13.8131 9.83447 9.01986 14.5297 8.61326 8.07597 7.53566 7.15927 8.41711 7.88072 6.92047 6.6633 6.70957 7.44537
threshold=5.9000000000000012 11.500000000000002 12.500000000000002 13.366666666666669 0 4.5000000000000009 38.410000000000011 1 3.5000000000000004 1.5500000000000003 1.0000000180025095e-35 9.2250000000000014 1.0000000180025095e-35 2.5000000000000004
decision_type=10 2 2 10 9 10 10 9 2 8 10 10 10 2
left_child=1 7 3 5 11 -2 -4 8 10 -9 -1 12 -5 -14
right_child=2 -3 6 4 -6 -7 -8 9 -10 -11 -12 -13 13 -15
leaf_value=-0.039838730988556614 0.0078520656130647831 -0.0091181747062479158 -0.036532151107988388 0.055631480311640849 -0.0083002913827916833 -0.0063220380746348325 -0.0092323093446100655 0.020288776998814567 0.00095295365305224475 0.0044508801830467288 -0.0057169750240301208 0.0024978637584844032 0.053961416736513737 0.0119703951650879
leaf_weight=25.018071115016937 116.17898159846663 159.0839931294322 28.433916784822941 16.150525495409966 40.252220783382654 744.40438883379102 227.73911653831601 83.224397152662277 263.88761867582798 1396.4956387802958 36.59713464230299 43.111445240676403 12.992787271738051 56.29361867159605
leaf_count=118 772 794 164 83 256 5165 1819 361 1248 6593 167 344 73 341
internal_value=0.000162457 0.00279954 -0.00386696 -0.00177765 0.0116352 -0.00440853 -0.0122625 0.00384978 -0.00284481 0.0053058 -0.0195717 0.0171863 0.0266096 0.0198447
internal_weight=3249.86 1964.31 1285.56 1029.38 168.801 860.583 256.173 1805.22 325.503 1479.72 61.6152 128.548 85.4369 69.2864
internal_count=18298 9281 9017 7034 1097 5937 1983 8487 1533 6954 285 841 497 414
cat_boundaries=0 2 4
cat_threshold=2224 8 3221233696 19
is_linear=0
shrinkage=0.05


Tree=64
num_leaves=15
num_cat=1
split_feature=19 5 18 10 23 6 2 6 11 6 7 2 6 10
split_gain=13.7686 13.8058 12.837 10.4625 13.3273 11.659 11.4469 10.5171 9.73896 9.09679 8.70248 7.64839 7.33945 7.82916
threshold=8.5000000000000018 9.5000000000000018 0 1.8633333333333335 5.9000000000000012 118.50000000000001 3.5000000000000004 27.500000000000004 40.990000000000016 9.5000000000000018 1.5000000000000002 7.5000000000000009 91.500000000000014 0.85999999999999999
decision_type=2 2 9 8 8 10 2 10 10 10 8 2 10 8
left_child=1 12 3 5 7 6 -3 -5 10 -10 -4 -8 13 -1
right_child=-2 2 8 4 -6 -7 11 -9 9 -11 -12 -13 -14 -15
leaf_value=0.01402793855173208 -0.015047673427149738 -0.027392908032233376 0.01669710450307673 -0.018886143061951119 -0.037679245896186805 -0.029197754260501415 0.00055185269452251895 0.043792072043874301 0.042375815507967513 -0.0053305405847424957 0.0024055675663769071 -0.030103549898610395 -0.0085848307855362696 0.0039664617684294383
leaf_weight=261.88140495121479 142.44936507195234 43.779092401266098 124.92467556893826 18.265866339206699 56.658218692988157 45.538327433168888 483.08978965878487 10.563034705817698 10.204699818044899 480.61576836556196 722.95333785563707 21.241445481777191 86.455643996596336 738.77490546181798
leaf_count=1108 971 212 524 135 598 223 2499 67 69 3285 4156 124 413 3914
internal_value=0.000152365 0.000849715 -0.00159748 -0.00713783 -0.0235969 -0.00488791 -0.00286819 0.00407943 0.00125713 -0.00433867 0.00451125 -0.000739293 0.00539206 0.00659965
internal_weight=3247.4 3104.95 2017.83 679.136 85.4871 593.649 548.11 28.8289 1338.7 490.82 847.878 504.331 1087.11 1000.66
internal_count=18298 17327 11892 3858 800 3058 2835 202 8034 3354 4680 2623 5435 5022
cat_boundaries=0 2
cat_threshold=1342816318 19
is_linear=0
shrinkage=0.05


Tree=65
num_leaves=15
num_cat=3
split_feature=18 16 21 9 18 2 9 6 22 11 11 12 24 22
split_gain=13.3287 14.5836 14.0383 12.0844 9.93477 10.7655 8.6129 13.7614 10.5424 9.3643 8.4704 8.39847 13.5805 8.86953
threshold=0 1 0.16025641025641027 4.3500000000000005 2 4.5000000000000009 0.45000000000000007 41.500000000000007 5.1000000000000005 38.990000000000016 39.490000000000016 11.225000000000001 -0.77499999999999991 3.1000000000000005
decision_type=9 1 2 10 9 2 8 10 10 10 10 8 10 10
left_child=1 3 6 -1 5 -4 7 10 -8 -10 -2 12 13 -3
right_child=2 11 4 -5 -6 -7 8 -9 9 -11 -12 -13 -14 -15
leaf_value=-0.00098586468696569042 0.035628525279601017 0.05160432005510536 0.0083008317349289214 -0.032732384745040373 -0.013999269854152899 -0.0029652405261344425 -0.002584946098228587 -0.017168107418734157 -0.026513100832719808 -0.010524490313233156 0.00068759967198545773 0.013916779267413554 -0.00070016826578289551 0.011496172802597198
leaf_weight=659.4507061727345 35.618292286992073 20.394294835627079 402.49134432151914 31.403330184519291 94.367089867591858 448.13889687135816 299.64781533554196 43.838496565818787 121.71626519784331 369.85608012229204 33.809017717838287 311.80289082601666 356.36373866721988 42.526926998049021
leaf_count=3892 158 100 1918 244 434 2180 1625 191 759 2953 164 1801 1787 267
internal_value=-0.000871291 0.00276064 -0.00365878 -0.00242893 0.000583187 0.00233802 -0.00813119 0.00476446 -0.00997724 -0.0144834 0.0186133 0.00770237 0.003081 0.0244962
internal_weight=3271.43 1421.94 1849.48 690.854 944.997 850.63 904.486 113.266 791.22 491.572 69.4273 731.088 419.285 62.9212
internal_count=18473 8091 10382 4136 4532 4098 5850 513 5337 3712 322 3955 2154 367
cat_boundaries=0 2 3 4
cat_threshold=68425088 10 2 268445756
is_linear=0
shrinkage=0.05


Tree=66
num_leaves=15
num_cat=4
split_feature=23 18 12 1 21 12 18 12 13 16 19 16 3 23
split_gain=14.6198 10.5608 19.6103 13.1178 9.97664 8.95626 10.4203 8.82729 8.69353 9.36314 8.63574 8.18743 7.82629 8.71522
threshold=5.9000000000000012 0 11.450000000000001 5.5000000000000009 0.10555555555555557 10.29166666666667 1 9.9000000000000021 1.0000000180025095e-35 2 4.5000000000000009 3 55.500000000000007 4.7083333333333348
decision_type=10 9 10 2 2 10 9 10 10 1 2 1 2 10
left_child=5 2 10 -4 7 6 12 -3 -8 -10 -2 -6 -1 -14
right_child=1 4 3 -5 11 -7 8 -9 9 -11 -12 -13 13 -15
leaf_value=-0.0042257422795330029 -0.0039248829841304518 -0.05256848191821676 0.022636662785047522 0.00068839181092797842 -0.00876933971750774 0.0040836129942198058 -0.032096659304938567 -0.012698715057732233 -0.025867356981214465 0.0055904325674898461 -0.023769085829998558 0.0081186895581970928 0.016513604641766346 -0.0096544175019469564
leaf_weight=288.05399668216705 213.10326749458909 14.377871960401533 113.8968620300293 169.22338411211967 182.49364132806659 1379.8187224566936 50.144215561449528 403.25924858823419 38.570321582257748 61.164184533059597 73.814010515809059 118.28458813205361 118.78879122436047 43.459031350910664
leaf_count=1334 1425 104 827 1230 1028 6597 245 3254 184 282 535 696 523 209
internal_value=-0.00083179 -0.0049772 0.000179023 0.00951799 -0.00894645 0.00186577 -0.00323306 -0.0140713 -0.0141685 -0.00657524 -0.00903012 -0.00212792 0.000705662 0.00950435
internal_weight=3268.45 1288.45 570.038 283.12 718.415 1980 600.181 417.637 149.879 99.7345 286.917 300.778 450.302 162.248
internal_count=18473 9099 4017 2057 5082 9374 2777 3358 711 466 1960 1724 2066 732
cat_boundaries=0 2 4 5 6
cat_threshold=536884416 11 1162 12 2 4
is_linear=0
shrinkage=0.05


Tree=67
num_leaves=15
num_cat=3
split_feature=23 18 12 1 21 11 16 12 12 18 20 19 19 5
split_gain=13.2362 9.60832 17.6936 11.6243 9.15613 9.18164 9.01564 8.37913 8.08189 9.46188 8.44334 7.96941 7.51819 9.09349
threshold=5.9000000000000012 0 11.450000000000001 5.5000000000000009 0.10555555555555557 40.963333333333345 1 9.9000000000000021 10.29166666666667 2 0.34848484848484856 4.5000000000000009 2.5000000000000004 10.500000000000002
decision_type=10 9 10 2 2 10 1 10 10 9 2 2 2 2
left_child=8 2 11 -4 7 6 -6 -3 9 -1 -11 -2 13 -5
right_child=1 4 3 12 5 -7 -8 -9 -10 10 -12 -13 -14 -15
leaf_value=0.00067020120943894854 -0.0037369079520945129 -0.051622677617434089 0.021238634994049738 0.039221447127168622 -0.0050018198174538175 -0.018033887729148764 0.015308653444035696 -0.012162124287418981 0.0038755566944669037 -0.019654168134007409 0.012696965974644377 -0.02290393946558119 -0.008491495155215403 0.0009667574130465406
leaf_weight=450.15030789375305 212.64376709237695 13.920883066952227 115.28734501451254 22.487173587083817 143.22260942310095 68.994491405785084 88.338603280484676 400.08141247183084 1381.1631098613143 125.05889584124088 24.046654000878334 72.798424433916807 96.55401498451829 50.245047271251678
leaf_count=2066 1425 104 827 121 763 471 490 3254 6597 608 103 535 759 350
internal_value=-0.000792335 -0.00474518 0.000167601 0.00899315 -0.00854692 -0.00202381 0.00274645 -0.013489 0.00177163 -0.00307751 -0.0135294 -0.00862522 0.000653723 0.0127943
internal_weight=3264.99 1284.57 570.016 284.574 714.558 300.556 231.561 414.002 1980.42 599.256 149.106 285.442 169.286 72.7322
internal_count=18473 9099 4017 2057 5082 1724 1253 3358 9374 2777 711 1960 1230 471
cat_boundaries=0 2 3 5
cat_threshold=536884416 11 4 1162 12
is_linear=0
shrinkage=0.05


Tree=68
num_leaves=15
num_cat=1
split_feature=9 6 18 2 3 20 6 5 24 6 23 6 24 11
split_gain=12.3059 13.2667 12.9388 11.2051 9.85275 10.9719 9.7598 8.91737 7.87545 11.0041 9.72752 7.63374 7.95654 8.4233
threshold=3.4500000000000006 38.500000000000007 0 6.5000000000000009 55.500000000000007 0.41428571428571431 66.500000000000014 7.5000000000000009 -0.29166666666666657 47.500000000000007 7.1000000000000005 17.500000000000004 -1.8999999999999997 37.990000000000016
decision_type=10 10 9 2 2 2 10 2 8 10 8 8 8 8
left_child=2 -2 4 7 5 -1 -3 -4 9 -5 -10 -6 -13 -14
right_child=1 6 3 8 11 -7 -8 -9 10 -11 -12 12 13 -15
leaf_value=0.0017763405196225505 -0.019392130736548743 0.033795427833338318 0.0091550891410109633 -0.0064165675667447316 -0.0038414221222261083 -0.025414036877043723 -0.0077584980989149266 -0.0025380486666409089 -0.010813563504286984 0.055224050258195004 -0.037394205451554703 0.055714339822918624 0.05637283165589372 0.010000492902250751
leaf_weight=698.31667333841324 164.46094516292214 22.846397195011377 184.72945328056812 46.350823916494846 89.579354833811522 39.183329701423645 37.039149779826403 1389.1721559129655 117.01309551298618 8.5807561129331571 48.764309640973806 10.26971550658345 10.041635900735853 395.09285615757108
leaf_count=4048 1407 150 848 321 497 168 233 7686 572 46 365 61 44 2027
internal_value=-0.000754748 -0.0120551 7.99931e-05 -0.00263046 0.003984 0.000331717 0.00809437 -0.00116562 -0.0131956 0.00321219 -0.0186324 0.00939685 0.0122516 0.0111499
internal_weight=3261.44 224.346 3037.09 1794.61 1242.48 737.5 59.8855 1573.9 220.709 54.9316 165.777 504.984 415.404 405.134
internal_count=18473 1790 16683 9838 6845 4216 383 8534 1304 367 937 2629 2132 2071
cat_boundaries=0 2
cat_threshold=68424832 8
is_linear=0
shrinkage=0.05


Tree=69
num_leaves=15
num_cat=0
split_feature=23 12 9 24 23 2 10 11 5 20 6 5 1 6
split_gain=11.7772 8.98286 9.00252 11.6253 7.87864 7.65646 7.63171 11.3889 10.4205 7.48577 7.76787 7.25304 7.18769 7.0496
threshold=5.9000000000000012 14.633333333333335 3.4500000000000006 -0.44999999999999996 10.633333333333335 7.5000000000000009 0.17750000000000007 39.145000000000017 12.500000000000002 0.26136363636363641 150.50000000000003 14.500000000000002 5.5000000000000009 70.500000000000014
decision_type=8 10 10 10 10 2 10 10 2 2 10 2 2 10
left_child=6 2 3 -2 5 -5 7 -1 13 10 11 -8 -3 -9
right_child=1 12 -4 4 -6 -7 9 8 -10 -11 -12 -13 -14 -15
leaf_value=0.026426380137065265 0.0034480750101946907 0.039082982655232988 -0.018664035923434318 -0.0050231444808345937 -0.029868079342046935 -0.028288749511259422 0.0035691644273020658 0.013821247797627129 -0.042603209194592928 -0.0068622459220226313 -0.015341600473169318 -0.018229409751820119 0.0013078390330595201 -0.027137394324804755
leaf_weight=75.201509594917297 373.10941451042891 20.451677087694407 112.29598907008767 731.40370224788785 36.677966948598623 37.158781535923481 1385.8005857169628 62.212429270148277 12.387538373470305 267.45078607648611 60.375673227012157 39.240122422575951 32.770019985735416 12.639832869172094
leaf_count=331 2603 117 1123 4726 342 263 6738 273 52 1153 285 223 191 53
internal_value=-0.000718645 -0.00430685 -0.00513697 -0.00384785 -0.00722843 -0.006148 0.001799 0.0121668 -0.00012503 0.0008382 0.00222467 0.00296892 0.0158238 0.00690482
internal_weight=3259.18 1343.87 1290.65 1178.35 805.24 768.562 1915.31 162.441 87.2398 1752.87 1485.42 1425.04 53.2217 74.8523
internal_count=18473 9365 9057 7934 5331 4989 9108 709 378 8399 7246 6961 308 326
is_linear=0
shrinkage=0.05


Tree=70
num_leaves=15
num_cat=2
split_feature=3 5 18 15 8 10 10 9 22 2 8 12 12 5
split_gain=19.7817 16.6506 16.1836 13.1849 12.0584 11.6057 11.8219 10.7914 11.9295 8.36225 7.83262 7.62681 7.5065 7.26402
threshold=55.500000000000007 7.5000000000000009 0 1 4.9000000000000012 2.6450000000000009 2.4225000000000008 -0.24999999999999997 6.1000000000000005 7.5000000000000009 10.708333333333334 12.900000000000002 12.100000000000001 11.500000000000002
decision_type=2 2 9 1 8 10 10 8 10 2 10 8 10 2
left_child=1 -1 7 5 -4 6 12 8 -2 11 -9 -6 -3 -5
right_child=2 3 4 13 9 -7 -8 10 -10 -11 -12 -13 -14 -15
leaf_value=0.0093763045654788723 0.04220505590318803 0.0027776567145135446 0.0057467757434015131 -0.0038329016159964258 -0.011445785646291543 -0.025459084785083321 0.056173266237634238 0.0092942711165081137 -0.0093130077907509507 -0.040873819279985596 -0.023193548659504303 0.0060739734075112477 0.029910157172544274 -0.012074836737307974
leaf_weight=262.07060248404741 47.806569635868073 271.99281187355518 359.13053167611361 721.35354595631361 190.16206777468324 29.686632055789232 11.881165709346531 787.15558665245771 14.6895794570446 17.997597143054008 19.000467251986265 92.256169281899929 28.127825599163771 424.75112141296268
leaf_count=1232 208 1461 1591 4137 1301 295 102 4177 62 139 227 649 155 2838
internal_value=0.00138504 -0.00224475 0.00554132 -0.00429176 -0.000430113 0.00428908 0.00725705 0.00996552 0.0300959 -0.00782856 0.00852856 -0.00572269 0.00532056 -0.00682782
internal_weight=3278.06 1749.86 1528.2 1487.79 659.546 341.688 312.002 868.652 62.4961 300.416 806.156 282.418 300.121 1146.1
internal_count=18574 10220 8354 8988 3680 2013 1718 4674 270 2089 4404 1950 1616 6975
cat_boundaries=0 2 3
cat_threshold=8429732 10 4
is_linear=0
shrinkage=0.05


Tree=71
num_leaves=15
num_cat=2
split_feature=16 19 10 15 12 5 6 2 8 8 24 10 21 11
split_gain=15.2111 16.5506 13.0515 10.0847 10.9395 11.9993 11.9545 10.0115 17.4696 9.74896 9.57895 9.48113 9.29317 9.46762
threshold=0 1.0000000180025095e-35 1.3225000000000005 1 10.775000000000002 10.500000000000002 10.500000000000002 3.5000000000000004 7.366666666666668 10.100000000000001 0.90000000000000013 2.6450000000000009 0.087121212121212141 41.163333333333348
decision_type=1 2 10 1 8 2 10 2 10 10 10 8 2 8
left_child=3 7 12 11 -5 -6 -7 8 -2 -4 -11 -1 13 -3
right_child=1 2 9 4 5 6 -8 -9 -10 10 -12 -13 -14 -15
leaf_value=0.0079370013225629199 0.018288544266895423 -0.0093835074828994142 -0.0014971594715608629 -0.013098610194850891 0.005748645380137622 0.056197345975786399 -0.0085311251673831426 0.0076328205435311899 0.077892271918781356 -0.030994408430663634 0.020504848482222771 -0.019354640039798591 0.0083602072999901089 0.0277595716092599
leaf_weight=291.40502435714006 119.30541723966599 142.77559000253677 603.79661431163549 308.45676795765758 301.48689350113273 7.2615110278129569 403.46068974211812 266.30724044889212 13.705788031220434 52.402069758623838 10.909067239612339 35.724252667278051 699.75725479424 19.499459095299244
leaf_count=1583 535 739 3850 1668 1630 47 2719 1414 84 682 114 302 3115 92
internal_value=0.00131544 0.00416363 0.00179657 -0.00275981 -0.00518219 -0.00182637 -0.00738673 0.013228 0.0244303 -0.00345441 -0.0221206 0.00480959 0.00586019 -0.00492028
internal_weight=3276.25 1928.46 1529.14 1347.8 1020.67 712.209 410.722 399.318 133.011 667.108 63.3111 327.129 862.032 162.275
internal_count=18574 10625 8592 7949 6064 4396 2766 2033 619 4646 796 1885 3946 831
cat_boundaries=0 1 2
cat_threshold=2 4
is_linear=0
shrinkage=0.05


Tree=72
num_leaves=15
num_cat=0
split_feature=3 5 19 21 3 1 12 6 22 11 24 6 24 23
split_gain=16.5652 14.6522 10.1032 10.5518 9.32514 8.38173 9.72946 9.90501 8.18383 8.05446 7.79914 7.06013 7.48742 6.86405
threshold=55.500000000000007 7.5000000000000009 1.0000000180025095e-35 0.84523809523809534 50.500000000000007 12.500000000000002 10.775000000000002 8.5000000000000018 1.2250000000000003 39.210000000000015 -1.5499999999999998 75.500000000000014 0.70833333333333337 9.2250000000000014
decision_type=2 2 2 2 2 2 10 10 8 10 8 8 10 10
left_child=1 -1 10 -4 -3 6 8 -8 -6 -5 -2 13 -13 -12
right_child=2 4 3 9 5 -7 7 -9 -10 -11 11 12 -14 -15
leaf_value=0.0088061212872429587 -0.021459167934977944 -0.029962845932285449 0.0007526548330386609 0.026433524156100747 0.037566609219917509 -0.021292385387763815 0.037613275870154617 -0.00042313033269793699 -0.0096946768696565995 0.0060383734141242224 0.022387046341919938 0.013734610830216466 -0.013941267565419666 -0.019997562581900153
leaf_weight=262.59754900634289 15.731278657913206 33.816848110407591 988.9077110439539 73.218859732151031 9.3570883348584157 62.63876385986805 17.438412815332413 925.05359138548374 434.41654405742884 142.86118772625923 188.94803342595696 72.763804275542498 36.796587742865086 10.060837920755146
leaf_count=1232 98 224 5770 320 43 433 108 5785 2395 618 937 355 175 81
internal_value=0.00124899 -0.00207987 0.0050481 0.00293977 -0.00400783 -0.00340205 -0.00259367 0.000280636 -0.00869816 0.0129493 0.0128819 0.0146327 0.00443948 0.0202443
internal_weight=3274.61 1745.32 1529.29 1204.99 1482.72 1448.9 1386.27 942.492 443.774 216.08 324.301 308.569 109.56 199.009
internal_count=18574 10220 8354 6708 8988 8764 8331 5893 2438 938 1646 1548 530 1018
is_linear=0
shrinkage=0.05


Tree=73
num_leaves=15
num_cat=1
split_feature=3 5 15 10 10 9 22 6 11 19 23 0 1 10
split_gain=14.9448 13.2225 10.988 9.84836 10.2209 9.8281 8.11038 8.07393 7.48596 6.80351 9.16545 9.36104 13.7972 8.3175
threshold=55.500000000000007 7.5000000000000009 0 2.6450000000000009 2.4225000000000008 -0.34999999999999992 3.7083333333333335 17.500000000000004 40.422500000000007 2.5000000000000004 1.7750000000000001 7.5000000000000009 10.500000000000002 1.6633333333333338
decision_type=2 2 1 10 10 8 10 8 10 2 8 2 2 10
left_child=1 -1 3 4 -3 6 -2 -7 -8 10 -9 12 -12 -11
right_child=5 2 -4 -5 -6 7 8 9 -10 13 11 -13 -14 -15
leaf_value=0.0083487625209125067 0.037249015752164542 0.0048614216138159168 -0.0061464224515193526 -0.023916014534538708 0.051313682813534614 -0.0045121096602453725 0.020228886349516736 -0.026216730969037233 -0.017957528566873094 0.0050809125187936911 0.0090083465961642295 0.023147416165006523 -0.025929328325232089 -0.0090526402959945265
leaf_weight=263.12011440098286 40.383045613765717 300.96917369961739 1138.0334709137678 28.692778170108795 12.326768718659876 245.8859886713326 40.811592325568199 18.190657675266266 18.721761882305145 374.12019773572683 509.29477687552571 108.80519864335656 29.918104104697704 144.2239586263895
leaf_count=1232 181 1616 6975 295 102 1517 176 79 79 1798 2646 563 173 1142
internal_value=0.00118622 -0.00197925 -0.00381538 0.00400426 0.00668911 0.00479184 0.0199527 0.00373285 0.00822021 0.00544431 0.00878675 0.00976934 0.00706984 0.0011484
internal_weight=3273.5 1743.14 1480.02 341.989 313.296 1530.36 99.9164 1430.44 59.5334 1184.55 666.209 648.018 539.213 518.344
internal_count=18574 10220 8988 2013 1718 8354 436 7918 255 6401 3461 3382 2819 2940
cat_boundaries=0 1
cat_threshold=4
is_linear=0
shrinkage=0.05


Tree=74
num_leaves=15
num_cat=2
split_feature=3 18 5 15 11 12 21 19 12 11 8 12 11 24
split_gain=13.4926 14.342 12.1337 11.3324 10.3865 9.42492 8.95747 7.83144 7.80935 7.69401 7.5214 7.45387 11.0335 7.59234
threshold=55.500000000000007 0 8.5000000000000018 1 39.963333333333345 12.775000000000002 0.5634920634920636 1.0000000180025095e-35 10.550000000000002 39.663333333333341 10.708333333333334 13.100000000000001 40.290000000000013 1.0000000180025095e-35
decision_type=2 9 2 1 8 10 2 2 8 10 10 10 10 10
left_child=2 10 -1 5 6 -4 7 -3 -5 -9 -2 13 -13 -6
right_child=1 4 3 8 11 -7 -8 9 -10 -11 -12 12 -14 -15
leaf_value=0.0054066099190369582 0.0094881422004676457 0.011729464373838672 0.0025097855082588877 -0.015158604160228295 -0.019564909832516464 0.04740033732150381 0.017794945985468737 -0.0133988980113759 -0.0045186793192426768 0.018908490789996891 -0.022627143564957986 -0.034686328032442815 0.021295315435297148 -0.0032326739663597458
leaf_weight=429.7088962495327 853.36916626617312 82.868130903691053 289.66842915862799 220.7110334187746 124.7923820912838 12.18433080613613 100.64853835105896 108.59454545751214 788.78427926823497 22.194925662130117 18.62918122112751 11.045988179743288 43.319054700434208 165.56542249023914
leaf_count=2099 4446 402 1739 1236 810 68 435 621 5078 136 228 64 304 908
internal_value=0.00112573 0.00454962 -0.00188513 -0.00427452 -0.00106089 0.00418321 0.00549674 -0.000296624 -0.0067778 -0.00791635 0.00870224 -0.00707067 0.00992086 -0.0102521
internal_weight=3272.08 1531.03 1741.06 1311.35 659.029 301.853 314.306 213.658 1009.5 130.789 871.998 344.723 54.365 290.358
internal_count=18574 8354 10220 8121 3680 1807 1594 1159 6314 757 4674 2086 368 1718
cat_boundaries=0 2 3
cat_threshold=8429732 10 4
is_linear=0
shrinkage=0.05


Tree=75
num_leaves=15
num_cat=2
split_feature=18 3 18 22 1 12 7 4 3 1 11 4 10 6
split_gain=12.663 12.9835 12.3368 9.77019 9.54697 9.13782 9.38717 12.3542 10.6053 8.40356 10.2002 8.38201 8.33316 8.07939
threshold=0 55.500000000000007 1 11.100000000000001 14.500000000000002 10.550000000000002 7.5000000000000009 1300.0000000000002 51.500000000000007 3.5000000000000004 40.963333333333345 1450.0000000000002 3.0633333333333339 29.500000000000004
decision_type=9 2 9 10 2 10 10 2 2 2 10 2 10 10
left_child=-1 2 -2 4 -3 11 7 8 -7 10 -9 -4 13 -8
right_child=1 3 5 -5 -6 6 12 9 -10 -11 -12 -13 -14 -15
leaf_value=-0.018266651517627346 -0.01097337857517508 0.0051580343903421238 -0.0019859771901338127 -0.019508017864532726 0.055837025199146156 -0.037620390494360348 -0.006564143308459342 0.036773602065056962 0.00085056870071424293 0.0075610681084265149 0.0057411019333230215 -0.018512058074555318 -0.032167032331782718 0.012823678516281717
leaf_weight=74.29388640075922 280.79016237333417 1428.2721893079579 372.02808384969831 40.186726998537779 9.3537203781306726 19.392400730401278 212.44893576204777 63.620092913508415 235.01274860277772 288.62486751377583 45.358883012086153 96.662746701389551 24.297716423869133 71.928519044071436
leaf_count=382 1658 7698 1937 332 55 109 1864 300 1169 1439 228 506 341 509
internal_value=0.000872177 0.00137119 -0.0015907 0.00480805 0.00548777 0.000326947 0.00312159 0.00652231 -0.00208194 0.0120277 0.0238574 -0.00539431 -0.00406169 -0.00166032
internal_weight=3262.27 3187.98 1710.17 1477.81 1437.63 1429.37 960.684 652.009 254.405 397.604 108.979 468.691 308.675 284.377
internal_count=18527 18145 10060 8085 7753 8402 5959 3245 1278 1967 528 2443 2714 2373
cat_boundaries=0 2 4
cat_threshold=3490185216 17 8691748 2
is_linear=0
shrinkage=0.05


Tree=76
num_leaves=15
num_cat=2
split_feature=18 3 18 22 12 7 1 6 10 9 11 21 11 19
split_gain=11.8537 11.2979 10.4063 9.23041 8.25321 8.46498 8.99951 13.0642 7.83769 7.69007 7.66369 12.104 9.83954 9.38027
threshold=0 55.500000000000007 1 8.3666666666666689 10.550000000000002 7.5000000000000009 3.5000000000000004 78.500000000000014 1.9775000000000003 -1.0000000180025095e-35 39.810000000000009 0.5634920634920636 39.663333333333341 1.0000000180025095e-35
decision_type=9 2 9 10 10 10 2 10 10 8 8 2 10 2
left_child=-1 2 -2 10 9 6 7 -6 -7 -4 11 12 13 -3
right_child=1 3 4 -5 5 8 -8 -9 -10 -11 -12 -13 -14 -15
leaf_value=-0.017080916596277713 -0.010120380509951413 0.013969896171494295 -0.025727771630062055 -0.0035131396287878397 0.020133029253805224 0.002950133695555331 0.0026411400784032025 -0.028386995229763415 -0.013207507581111208 -0.0031389004430239925 0.0036955133647586951 0.025036694818058078 0.034140961417344136 -0.0062741751372981623
leaf_weight=80.001670982688665 277.39821963384748 103.10657058656216 41.328086152672768 287.24060741811991 159.26914521679282 177.69427445530891 478.53403746709228 15.197031140327452 129.93509918451309 426.53562861680984 803.55534989014268 125.32155954837799 27.948000438511372 128.58049785345793
leaf_count=421 1639 467 176 2039 776 1214 2397 72 1500 2267 4226 548 143 642
internal_value=0.000823211 0.00132293 -0.00144415 0.0045305 0.000309364 0.00296384 0.00618537 0.0159066 -0.00387446 -0.00513426 0.00647449 0.0122753 0.0061156 0.00273495
internal_weight=3261.65 3181.64 1705.89 1475.75 1428.49 960.63 653 174.466 307.629 467.864 1188.51 384.957 259.635 231.687
internal_count=18527 18106 10041 8065 8402 5959 3245 848 2714 2443 6026 1800 1252 1109
cat_boundaries=0 2 4
cat_threshold=3490217984 17 8658980 2
is_linear=0
shrinkage=0.05


Tree=77
num_leaves=15
num_cat=2
split_feature=18 3 18 8 19 0 10 9 4 2 12 10 10 11
split_gain=10.8632 10.2069 9.46784 12.8908 8.07786 11.0171 8.9194 8.03054 7.8699 7.85869 7.83563 9.04417 7.68619 14.0488
threshold=0 55.500000000000007 1 2.9000000000000004 4.5000000000000009 5.5000000000000009 1.5450000000000004 1.0000000180025095e-35 1900.0000000000002 8.5000000000000018 9.7083333333333339 1.5450000000000004 0.69000000000000028 40.422500000000007
decision_type=9 2 9 8 2 2 10 8 2 2 10 10 8 10
left_child=-1 2 8 -4 9 -6 -7 10 -2 12 -5 -12 13 -3
right_child=1 4 3 7 5 6 -8 -9 -10 -11 11 -13 -14 -15
leaf_value=-0.016406064573729277 -0.012100559865133675 0.019475770639622556 0.011327153543040903 -0.046189330926687089 -0.010653658697654014 0.016265985805169164 -0.0076738909552523426 -0.00049755047808568316 0.024249347253142955 -0.033090053285863889 -0.01571698367580104 0.029721715097582729 0.0043822748002583798 -0.0084030129148940629
leaf_weight=79.550911255180836 260.44088426604867 226.82868191599846 223.38196612894535 16.910493046045303 186.18761018663645 101.61995008587837 63.04577823728323 1101.0310129523277 15.79323238879442 12.478832945227621 73.918980121612549 12.855634681880472 829.51768226921558 56.431087642908096
leaf_count=421 1544 975 951 72 1156 486 505 6998 95 90 319 62 4618 235
internal_value=0.000777698 0.00125514 -0.00137697 0.000293226 0.00430272 -0.0023213 0.00710009 -0.00175028 -0.00967217 0.00636808 -0.015053 -0.00898525 0.00681057 0.0139218
internal_weight=3259.99 3180.44 1704.33 1428.1 1476.11 350.853 164.666 1204.72 276.234 1125.26 103.685 86.7746 1112.78 283.26
internal_count=18527 18106 10041 8402 8065 2147 991 7451 1639 5918 453 381 5828 1210
cat_boundaries=0 2 4
cat_threshold=3490217984 17 8658980 2
is_linear=0
shrinkage=0.05


Tree=78
num_leaves=15
num_cat=1
split_feature=18 24 12 9 8 6 22 1 22 11 9 24 6 11
split_gain=9.6574 13.8287 9.67348 9.54307 9.27133 8.69703 8.3172 8.09618 11.0965 7.5528 7.7196 7.21342 8.56921 8.14935
threshold=0 -2.4499999999999997 15.100000000000001 -1.0499999999999998 1.1000000000000003 171.50000000000003 11.633333333333335 8.5000000000000018 1.4500000000000002 40.963333333333345 1.0000000180025095e-35 -1.0000000180025095e-35 26.500000000000004 39.122500000000009
decision_type=9 8 10 8 8 10 10 2 10 8 8 10 10 10
left_child=2 -2 4 -3 -1 7 9 -5 -9 -6 -11 12 -10 -14
right_child=1 3 -4 5 6 -7 -8 8 11 10 -12 -13 13 -15
leaf_value=0.039217987758254164 -0.043074291674263236 0.040813756169162982 0.036501004783851501 0.00066470363734522282 0.0049610561603228159 -0.031615137843427371 -0.029193052131027242 -0.061573721750042498 -0.0092649538022619039 -0.018133463824315296 0.00014403934277992504 -0.012488354272078051 -0.012913024527312099 0.035036675724352088
leaf_weight=16.981862902641296 21.070685721933842 12.753241807222365 21.037728667259216 791.52280281856656 1210.8703551217914 25.387663461267948 20.988109357655048 9.6775614991784078 52.943148054182529 62.480558909475803 766.22259610146284 203.81207983195782 12.578073419630526 29.986449178308249
leaf_count=76 190 58 103 4271 6439 129 209 48 373 273 5020 1099 67 172
internal_value=0.000736173 -0.0029127 0.0027534 -0.0021951 0.00242491 -0.00268226 0.00212169 -0.00201481 -0.00887863 0.00244393 -0.001234 -0.0071749 0.00416395 0.0208672
internal_weight=3258.31 1159.73 2098.58 1138.66 2077.54 1125.91 2060.56 1100.52 308.997 2039.57 828.703 299.32 95.5077 42.5645
internal_count=18527 6407 12120 6217 12017 6159 11941 6030 1759 11732 5293 1711 612 239
cat_boundaries=0 2
cat_threshold=613497984 8
is_linear=0
shrinkage=0.05


Tree=79
num_leaves=15
num_cat=1
split_feature=8 12 5 2 5 6 0 13 9 0 15 6 11 11
split_gain=9.34082 9.43325 11.9171 12.654 9.78115 12.7114 7.94238 7.27042 7.1968 6.88774 6.53611 10.808 12.253 15.4101
threshold=10.708333333333334 12.900000000000002 14.500000000000002 6.5000000000000009 9.5000000000000018 91.500000000000014 3.5000000000000004 1.0000000180025095e-35 -0.94999999999999984 2.5000000000000004 0 23.500000000000004 40.963333333333345 40.490000000000016
decision_type=10 10 2 2 2 10 2 10 8 2 1 8 10 10
left_child=1 4 3 -3 5 7 -7 9 -6 -1 11 12 13 -10
right_child=-2 2 -4 -5 8 6 -8 -9 10 -11 -12 -13 -14 -15
leaf_value=-0.014656860320184609 -0.014642907296003971 0.011759941370632035 -0.016468927899540582 -0.012986429249615947 0.02441826911293362 -0.042248638920772026 -0.0058887781649560713 0.0081537036270496639 0.011711425453404624 0.003002583484084441 -0.0048588328278723007 -0.005565701127827772 -0.0040720793169914844 0.056496021474426783
leaf_weight=72.510729238390923 96.284223061054945 476.92075736820698 49.902699131518602 57.933964461088181 24.180683299899101 21.237876765429974 51.293071731925011 651.91349346190691 76.51672825589776 231.49703734740615 1168.1353999041021 182.90796810761094 71.145810574293137 25.646349713206291
leaf_count=359 1205 2655 296 330 108 107 241 3257 436 1168 6690 1017 498 160
internal_value=0.000698698 0.00116589 0.0068992 0.00907948 -0.000135082 0.00364479 -0.0165354 0.00517597 -0.00264547 -0.00120948 -0.00307478 0.00283251 0.0118593 0.0229539
internal_weight=3258.03 3161.74 584.757 534.855 2576.99 1028.45 72.5309 955.921 1548.53 304.008 1524.35 356.217 173.309 102.163
internal_count=18527 17322 3281 2985 14041 5132 348 4784 8909 1527 8801 2111 1094 596
cat_boundaries=0 1
cat_threshold=4
is_linear=0
shrinkage=0.05


Tree=80
num_leaves=15
num_cat=2
split_feature=3 18 18 10 23 4 22 20 21 4 11 11 21 10
split_gain=10.359 11.5254 11.4043 9.34843 8.19829 6.73848 6.16689 9.12751 5.7287 10.1115 8.44419 6.97246 6.26245 6.15359
threshold=53.250000000000007 0 1 1.9100000000000001 9.5500000000000025 1900.0000000000002 3.7750000000000004 0.11805555555555557 0.080128205128205135 1625.0000000000002 38.910000000000011 40.722500000000011 0.12916666666666668 1.7633333333333339
decision_type=2 9 9 8 10 2 8 2 2 2 10 10 2 10
left_child=1 6 -2 8 -5 -3 7 -1 9 11 -11 -4 -10 -13
right_child=2 5 3 4 -6 -7 -8 -9 12 10 -12 13 -14 -15
leaf_value=-0.029912882192402401 0.004985765296736399 -0.017028660287386348 -0.008837145524817373 -0.0067925512602523899 -0.034177115339923819 0.029211474306762297 0.0077179217601136291 0.017435928762914644 0.034759821798586825 0.056673983355256197 0.0071551232076461982 0.0011470040130867011 0.0023856890684297812 0.038136284560445363
leaf_weight=29.533912111073732 1262.8715983554721 207.70972828567028 400.84836089611053 223.70989343523979 31.134453535079956 8.1895098909735662 137.49616321176291 15.530579581856726 15.227191902697085 10.334579430520533 51.562458068132401 75.951337739825249 786.12777208536863 13.19770237803459
leaf_count=166 6992 1321 2220 1703 451 52 955 68 103 52 290 429 3669 92
internal_value=0.000403983 -0.00715068 0.00145249 -0.00134491 -0.0101381 -0.0145985 0.00232929 -0.0135951 0.000301098 -0.00361897 0.015423 -0.00602437 0.00300086 0.00662293
internal_weight=3269.43 398.46 2870.97 1608.09 254.844 215.899 182.561 45.0645 1353.25 551.894 61.897 489.997 801.355 89.149
internal_count=18563 2562 16001 9009 2154 1373 1189 234 6855 3083 342 2741 3772 521
cat_boundaries=0 2 4
cat_threshold=2184 4 8696960 10
is_linear=0
shrinkage=0.05


Tree=81
num_leaves=15
num_cat=1
split_feature=3 6 12 2 6 23 1 24 4 6 6 6 12 16
split_gain=9.38026 10.857 8.33326 15.8499 11.9111 11.8524 8.51435 9.36726 8.16729 7.68281 7.73204 9.48852 9.90519 7.66448
threshold=53.250000000000007 21.500000000000004 11.225000000000001 5.5000000000000009 7.5000000000000009 8.2916666666666696 3.5000000000000004 1.7750000000000001 950.00000000000011 154.50000000000003 31.500000000000004 39.500000000000007 12.225000000000001 0
decision_type=2 8 10 2 10 10 2 10 2 10 10 10 8 1
left_child=1 8 3 5 -4 -2 9 -8 -1 10 -6 -12 -13 -3
right_child=2 13 4 -5 6 -7 7 -9 -10 -11 11 12 -14 -15
leaf_value=-0.048097585414412787 0.0023470938474881406 0.016038519618395534 0.04981136660004435 -0.0119133112463733 0.0068530022402051001 -0.024990365582082355 -0.00031730661227139016 0.014387928839429237 -0.012658145922578974 -0.027941265078164093 0.04594746554629215 -0.0076489806862598099 0.030243686771918639 -0.0050416942948353109
leaf_weight=18.25695801153779 1051.9883594475687 57.432566411793232 14.036103870719669 285.50610503181815 264.33648247271776 41.201628662645817 978.81730657070875 121.76721980795264 148.41636449843645 12.88283298909664 31.375925932079554 31.932637196034193 37.498157657682896 173.01919197291136
leaf_count=109 5283 337 86 1562 1603 386 5863 638 1077 65 165 162 188 1039
internal_value=0.000383587 -0.00681893 0.00137974 -0.00142298 0.0039685 0.00131676 0.00353332 0.00130966 -0.0165401 0.0100073 0.0113462 0.0231282 0.0128161 0.00021186
internal_weight=3268.47 397.125 2871.34 1378.7 1492.65 1093.19 1478.61 1100.58 166.673 378.026 365.143 100.807 69.4308 230.452
internal_count=18563 2562 16001 7231 8770 5669 8684 6501 1186 2183 2118 515 350 1376
cat_boundaries=0 1
cat_threshold=4
is_linear=0
shrinkage=0.05


Tree=82
num_leaves=15
num_cat=3
split_feature=5 12 13 11 7 3 18 5 12 12 22 18 0 18
split_gain=10.2464 13.9657 7.34937 8.71037 11.3471 7.05084 10.1724 10.0678 8.6264 6.87043 10.7558 8.1562 8.42585 6.74256
threshold=13.500000000000002 12.775000000000002 1.0000000180025095e-35 38.155000000000015 6.5000000000000009 53.250000000000007 0 12.500000000000002 9.7750000000000021 11.225000000000001 7.5500000000000007 1 3.5000000000000004 2
decision_type=2 10 10 10 10 2 9 2 8 10 10 9 2 9
left_child=1 5 3 -3 -5 6 8 9 -1 10 13 -11 -13 -7
right_child=-2 2 -4 4 -6 7 -8 -9 -10 11 -12 12 -14 -15
leaf_value=-0.046723524674437814 -0.0090549824581417065 -0.0018713066793036718 0.005895605381793392 0.011935673861382482 0.05663592486334023 0.0038763364445763798 -0.015968010293654324 -0.01262914190417521 0.0056112314477589397 0.011889934636781943 -0.01227615171468293 0.011761660172097687 -0.0033162426738319825 -0.0042898381368916003
leaf_weight=8.3680189475417119 265.32126088067889 26.222983486950397 485.91213728487492 30.199877813458443 26.792677275836468 719.98602185025811 155.00166053697467 135.71381097659469 133.34258431941271 276.53605005517602 175.22544344514608 130.17041519284248 321.50105985999107 377.43985728546977
leaf_count=50 1736 126 2993 142 171 3578 951 803 821 1566 1220 738 1829 1839
internal_value=0.000363517 0.00119582 0.00824693 0.0219768 0.0329496 -0.00045338 -0.00767584 0.000549625 0.0023547 0.00144351 -0.000772778 0.00531681 0.00100687 0.00106396
internal_weight=3267.73 3002.41 569.128 83.2155 56.9926 2433.28 296.712 2136.57 141.711 2000.86 1272.65 728.208 451.671 1097.43
internal_count=18563 16827 3432 439 313 13395 1822 11573 871 10770 6637 4133 2567 5417
cat_boundaries=0 2 4 6
cat_threshold=2188 4 9441410 26 1049764 8
is_linear=0
shrinkage=0.05


Tree=83
num_leaves=15
num_cat=0
split_feature=5 3 9 21 10 6 6 7 7 1 6 9 1 6
split_gain=9.27723 7.00651 6.93933 8.03647 7.1685 8.85016 7.89236 6.55901 6.37696 5.85733 5.94267 5.51376 5.35148 5.464
threshold=13.500000000000002 50.500000000000007 3.4500000000000006 0.47727272727272735 3.5366666666666675 27.500000000000004 19.500000000000004 6.5000000000000009 11.500000000000002 3.5000000000000004 19.500000000000004 4.1500000000000012 9.5000000000000018 69.500000000000014
decision_type=2 2 8 2 10 10 10 10 10 2 8 10 2 8
left_child=1 -1 4 7 -3 6 -6 9 -2 -4 -11 -5 13 -12
right_child=8 2 3 11 5 -7 -8 -9 -10 10 12 -13 -14 -15
leaf_value=-0.02018843090881163 -0.0064241297269845149 0.001904397279312629 -0.016335889668711533 -0.0047798677409893386 0.0062082832870125858 -0.012705222859159856 0.075993303572755272 -0.018792445892741511 -0.035888049444434002 -0.029367409494163971 0.033790204906252584 0.045253108659886514 -0.020984696029608833 0.0045237281042233369
leaf_weight=38.039531748741865 244.39028661325574 2679.5039708092809 46.801229052245617 10.143732093274595 6.5732387825846734 8.6982133761048299 10.56117060407996 100.44343627244234 19.856295064091682 10.789996534585951 25.610707096755505 12.045167453587053 11.74771351367235 42.270522736012936
leaf_count=248 1486 14518 225 51 64 69 98 1036 250 65 141 64 67 181
internal_value=0.000343645 0.00113393 0.00140747 -0.00639712 0.00215711 0.0283701 0.0492218 -0.00908386 -0.00863814 -0.0019773 0.00545477 0.0223804 0.0101733 0.0155656
internal_weight=3267.48 3003.23 2965.19 259.853 2705.34 25.8326 17.1344 237.664 264.247 137.22 90.4189 22.1889 79.6289 67.8812
internal_count=18563 16827 16579 1830 14749 231 162 1715 1736 679 454 115 389 322
is_linear=0
shrinkage=0.05


Tree=84
num_leaves=15
num_cat=1
split_feature=5 12 8 2 6 7 12 20 1 15 12 8 8 23
split_gain=8.59968 12.801 11.6813 11.9237 9.68023 8.7712 10.9878 7.21259 7.20385 9.08545 8.4789 10.6744 9.51032 8.85766
threshold=12.500000000000002 11.225000000000001 9.7750000000000021 5.5000000000000009 7.5000000000000009 11.500000000000002 13.225000000000001 0.19090909090909094 3.5000000000000004 0 13.225000000000001 6.1000000000000005 5.1000000000000005 4.1000000000000005
decision_type=2 10 10 2 10 10 8 2 2 1 10 10 8 10
left_child=1 2 3 -1 -3 6 7 -2 -6 10 12 -12 13 -10
right_child=5 4 -4 -5 8 -7 -8 -9 9 -11 11 -13 -14 -15
leaf_value=0.0011581061681207451 -0.0056958526970528759 0.044446003438847415 -0.038789925269175157 -0.010043922904003371 0.010858814407317952 -0.028196894413973907 0.0062783466578893695 -0.025278012511372152 0.0034804360790851845 -0.0015517217218683609 0.00035864511226077218 0.054448963282662771 -0.0021556389366047509 0.02835620293399398
leaf_weight=1131.6467120759189 266.4918105751276 15.468878116458653 20.96265209838748 300.6660950742662 340.49861590191722 39.228570617735386 179.32969111204147 57.098016016185284 73.894074365496635 572.79709522798657 15.894946441054342 21.402268156409264 162.01638643816113 69.389182180166245
leaf_count=5804 1676 95 275 1606 1949 489 1071 261 321 3404 70 111 1113 318
internal_value=0.000325485 0.00146983 -0.00173569 -0.00119338 0.00513401 -0.00542555 -0.00364935 -0.00915116 0.0046498 0.00234024 0.00864041 0.0313973 0.0061433 0.0155273
internal_weight=3266.78 2724.64 1453.28 1432.31 1271.36 542.148 502.92 323.59 1255.89 915.394 342.597 37.2972 305.3 143.283
internal_count=18563 15066 7685 7410 7381 3497 3008 1937 7286 5337 1933 181 1752 639
cat_boundaries=0 1
cat_threshold=12
is_linear=0
shrinkage=0.05


Tree=85
num_leaves=15
num_cat=5
split_feature=18 9 12 15 8 10 18 18 15 12 8 21 19 23
split_gain=8.65998 10.2043 9.06971 20.6142 14.8433 8.74561 7.80384 7.71101 7.72045 8.55148 8.38465 6.77642 7.83909 7.36242
threshold=0 -0.94999999999999984 12.775000000000002 1 10.900000000000002 0.91000000000000025 2 3 4 10.708333333333334 4.7083333333333348 0.72077922077922085 1.5000000000000002 5.4500000000000011
decision_type=9 8 10 1 10 10 9 9 1 10 10 2 2 10
left_child=5 -2 7 4 11 -1 -5 8 -3 -10 -11 -4 13 -13
right_child=1 2 3 6 -6 -7 -8 -9 9 10 -12 12 -14 -15
leaf_value=-0.005536116061547496 0.023832970508678775 -0.014068068981952279 0.0011919608122898588 0.0022283810904261711 -0.026955844866276942 -0.043226147411442151 0.031032979920205109 0.001151144807927291 -0.010796745017890028 0.0083439746161044128 -0.0045962512739268066 0.014541652387647656 0.0050595358676065001 0.068844510764455788
leaf_weight=45.350140355527401 47.37450510263443 167.84687129408121 447.46819015964866 45.015365317463875 43.643202971667051 23.298717673867941 90.145487632602453 1545.2130726277828 211.37057758495212 225.98195131123066 280.64251195639372 13.112983524799349 42.133544951677322 11.912139207124708
leaf_count=204 214 980 2717 241 599 149 465 8559 1135 986 1894 57 179 52
internal_value=0.000396253 0.000798978 0.000452286 0.00549626 0.00102217 -0.0159974 0.022254 -0.000986451 -0.00467537 -0.00231654 0.00117579 0.00341473 0.0182247 0.0403902
internal_weight=3240.51 3171.86 3124.49 693.431 558.27 68.6489 135.161 2431.05 885.842 717.995 506.624 514.627 67.1587 25.0251
internal_count=18431 18078 17864 4310 3604 353 706 13554 4995 4015 2880 3005 288 109
cat_boundaries=0 2 3 4 6 7
cat_threshold=3221241856 17 1 54 329754 2 1
is_linear=0
shrinkage=0.05


Tree=86
num_leaves=15
num_cat=1
split_feature=2 12 15 8 9 8 6 4 7 3 3 6 6 10
split_gain=8.41544 8.32833 16.1378 13.5416 8.38762 7.29433 6.72396 7.67708 6.23969 5.99838 5.94077 5.83726 10.9956 7.29781
threshold=7.5000000000000009 12.775000000000002 0 10.900000000000002 -1.0499999999999998 9.9000000000000021 36.500000000000007 1450.0000000000002 6.5000000000000009 56.750000000000007 52.250000000000007 91.500000000000014 53.500000000000007 4.1633333333333349
decision_type=2 10 1 10 8 10 10 2 10 2 2 10 10 10
left_child=1 4 3 10 -1 11 7 -7 -4 -2 -3 12 13 -6
right_child=9 2 8 -5 5 6 -8 -9 -10 -11 -12 -13 -14 -15
leaf_value=0.025055274195316585 -0.017628270226576041 -0.019728788325796724 0.01359629473022449 -0.026125506694538066 -0.00080859549267317207 -0.026868873442531152 -0.056433973479228655 0.010533358087737615 0.035355481287420158 0.015507399314794191 0.0050292840355882912 -0.0084113130382372971 0.014701582864019748 0.031421023602207707
leaf_weight=31.630739510059357 97.645557414740324 25.484575178474188 91.451815612614155 40.751549392938614 1975.6956645436585 31.849820155650377 9.4125703386962396 24.101515252143145 51.501398533582687 15.878861948847769 492.09064377471805 207.08901887759566 126.11350251734257 17.721485156565905
leaf_count=145 646 190 415 562 10586 436 112 312 319 98 2811 1056 615 128
internal_value=0.000379044 0.000864857 0.00566349 0.00159667 -0.000523641 -0.000861888 -0.0173351 -0.0107575 0.020034 -0.0129935 0.00381024 -0.000399091 0.000383744 -0.000522074
internal_weight=3238.42 3124.89 701.28 558.327 2423.61 2391.98 65.3639 55.9513 142.953 113.524 517.575 2326.62 2119.53 1993.42
internal_count=18431 17687 4297 3563 13390 13245 860 748 734 744 3001 12385 11329 10714
cat_boundaries=0 1
cat_threshold=1
is_linear=0
shrinkage=0.05


Tree=87
num_leaves=15
num_cat=2
split_feature=18 11 9 12 6 12 8 7 6 6 9 15 13 11
split_gain=8.01618 10.5293 8.58012 7.62406 7.6172 8.46456 7.99786 6.62564 6.43833 8.63467 13.2917 9.62715 13.723 14.2732
threshold=0 38.910000000000011 -0.94999999999999984 14.775000000000002 7.5000000000000009 11.225000000000001 10.100000000000001 10.500000000000002 103.50000000000001 26.500000000000004 3.4500000000000006 1 1.0000000180025095e-35 39.122500000000009
decision_type=9 10 8 10 8 10 10 10 10 10 10 1 8 10
left_child=1 -1 -2 4 5 -4 8 -8 9 10 11 -6 13 -13
right_child=2 -3 3 -5 6 -7 7 -9 -10 -11 -12 12 -14 -15
leaf_value=0.0073010136183146073 0.021951511067166817 -0.033171303250125281 0.0034589572980710404 0.015875731250053485 0.0078729019345799723 0.051378146809611648 0.000730604893839673 -0.022695848038263126 -0.0078599883237640538 0.0044591369006717445 -0.01955228206564779 -0.039899435051960828 0.00036535468061956822 -0.0073684715196301659
leaf_weight=25.975261017680168 47.00388491153717 42.143720243126154 23.765403371304274 77.888989202678204 286.54930696636438 15.05269708111882 52.590349227190018 70.836866229772568 223.87318400293589 1063.2916269488633 94.435222871601582 41.180633421987295 986.49628531187773 186.07834750041366
leaf_count=123 214 230 137 415 1580 92 593 1013 1147 5458 769 216 5375 1069
internal_value=0.000359131 -0.0154676 0.000745784 0.00042891 3.36807e-05 0.0220408 -0.000250573 -0.0127142 0.000283224 0.000969088 -0.0013579 -0.000212672 -0.00216855 -0.0132633
internal_weight=3237.16 68.119 3169.04 3122.04 3044.15 38.8181 3005.33 123.427 2881.9 2658.03 1594.74 1500.3 1213.76 227.259
internal_count=18431 353 18078 17864 17449 229 17220 1606 15614 14467 9009 8240 6660 1285
cat_boundaries=0 2 3
cat_threshold=3221241856 17 4
is_linear=0
shrinkage=0.05


Tree=88
num_leaves=15
num_cat=1
split_feature=19 12 4 18 8 7 6 6 10 7 0 12 11 9
split_gain=7.43326 8.93043 9.35932 9.18986 10.2258 7.656 7.34639 7.78251 6.41667 6.38251 8.49389 6.32233 7.39224 7.89806
threshold=4.5000000000000009 14.775000000000002 1900.0000000000002 0 11.225000000000001 1.5000000000000002 98.500000000000014 86.500000000000014 0.89000000000000035 1.5000000000000002 5.5000000000000009 11.100000000000001 41.56333333333334 2.2500000000000004
decision_type=2 10 2 9 10 8 10 8 10 10 2 10 10 10
left_child=1 2 3 8 5 -5 7 -2 9 -1 -11 -4 -13 -14
right_child=6 -3 11 4 -6 -7 -8 -9 -10 10 -12 12 13 -15
leaf_value=-0.026980240795016448 -0.0036807886222579747 0.019985409967730676 -0.002404581207839809 0.0094131463068508892 -0.033017241422707365 0.00048044383752453708 -0.040508214684106009 0.046476216685608231 -0.02604780490237223 0.028979478199700349 -0.01527979518118841 0.031920938939675556 -0.031784172924894931 0.036087170987426941
leaf_weight=18.764085218310356 788.38628743588924 65.165764138102531 34.487236328423023 275.94961003959179 21.490118622779846 1834.6119521595538 13.409002874046562 7.8104844503104678 55.020929604768753 22.774026706814766 20.687061198055744 58.874177485704422 10.772452488541605 7.1189841628074637
leaf_count=78 4994 335 186 1187 311 10230 74 44 358 101 95 313 65 60
internal_value=0.000341573 0.00172615 0.00122208 0.000521891 0.00129289 0.00164837 -0.00380686 -0.00318876 -0.0125391 -0.00260946 0.00791249 0.0153785 0.0233676 -0.00477824
internal_weight=3235.32 2425.72 2360.55 2249.3 2132.05 2110.56 809.606 796.197 117.246 62.2252 43.4611 111.253 76.7656 17.8914
internal_count=18431 13319 12984 12360 11728 11417 5112 5038 632 274 196 624 438 125
cat_boundaries=0 2
cat_threshold=3556851714 17
is_linear=0
shrinkage=0.05


Tree=89
num_leaves=15
num_cat=1
split_feature=5 12 7 6 6 4 6 10 6 10 22 12 15 13
split_gain=10.6153 12.3888 9.89057 8.73271 8.78303 8.39582 8.4697 9.70935 7.7979 7.51615 7.39025 7.37897 7.40039 8.7938
threshold=10.500000000000002 12.708333333333334 10.500000000000002 91.500000000000014 52.500000000000007 1625.0000000000002 30.500000000000004 0.66333333333333344 156.50000000000003 1.2100000000000004 6.9000000000000012 10.29166666666667 0 1.0000000180025095e-35
decision_type=2 10 8 10 10 2 10 10 10 8 10 10 1 10
left_child=1 3 11 4 -1 6 -3 -8 9 -4 -9 -2 13 -13
right_child=2 5 8 -5 -6 -7 7 10 -10 -11 -12 12 -14 -15
leaf_value=0.001614827229861331 -0.0092990795438091002 0.0010806647931197952 0.017169677335449617 -0.011939494033650973 0.018195916735941595 0.039009243031991395 -0.012534545619413329 0.052066809249086216 0.050684920036644543 -0.020228587785366899 0.015417709520383524 0.022149188437632732 -0.0013640905589251565 0.00024039280968672714
leaf_weight=1211.4409376010299 239.147830106318 98.4541378878057 14.920915119349957 110.42081116884947 85.502119317650795 30.555057376623154 14.493071272969244 27.099563024938107 4.4465907737612715 134.892613761127 27.934612289071083 80.538130052387714 1047.8315196633339 106.19225227460265
leaf_count=6434 1295 583 100 549 403 165 63 126 35 1570 140 478 5902 588
internal_value=0.0003239 0.00320819 -0.00252128 0.00155872 0.00270795 0.0149007 0.0105155 0.0238757 -0.0145671 -0.0165038 0.0334642 -0.00126039 0.000296789 0.00919727
internal_weight=3233.87 1605.9 1627.97 1407.36 1296.94 198.536 167.981 69.5272 154.26 149.814 55.0342 1473.71 1234.56 186.73
internal_count=18431 8463 9968 7386 6837 1077 912 329 1705 1670 266 8263 6968 1066
cat_boundaries=0 1
cat_threshold=4
is_linear=0
shrinkage=0.05


Tree=90
num_leaves=15
num_cat=2
split_feature=18 5 23 1 21 10 10 9 6 3 12 15 13 10
split_gain=10.1988 11.1541 10.887 8.6818 9.26526 7.805 7.27684 8.00224 6.88043 6.70804 6.34356 6.78314 7.98008 7.4903
threshold=0 10.500000000000002 8.2916666666666696 9.5000000000000018 0.94444444444444453 -1.0000000180025095e-35 0.8633333333333334 1.5500000000000003 9.5000000000000018 54.250000000000007 12.900000000000002 1 1.0000000180025095e-35 1.7100000000000006
decision_type=9 2 8 2 2 8 10 8 10 2 10 1 10 10
left_child=6 5 8 4 -4 9 7 -1 -3 -2 11 12 13 -10
right_child=1 2 3 -5 -6 -7 -8 -9 10 -11 -12 -13 -14 -15
leaf_value=-0.0048364840021384971 -0.0066838481526600158 0.029924530166427404 -0.0084410189373433035 -0.027452671148890891 0.059305003716820119 0.0030233567777837433 -0.016037246122031782 0.033674081498202738 0.025422551906160204 0.041779926975821759 0.0048738170885570253 -0.005607186433268593 -0.0036333691553588673 -0.006410292548387631
leaf_weight=134.70202858746052 10.194623380899428 17.988110072910786 149.03842203319073 69.290968187153339 5.2238574773073188 1405.928660120815 172.94089153409004 14.990569449961184 62.836905598640442 23.829866409301758 317.56197482347488 712.49496406689286 121.83687978982925 26.177976317703724
leaf_count=593 47 102 1456 662 24 7461 1093 71 318 121 1755 3949 654 204
internal_value=-0.000484032 0.000460198 -0.00258262 -0.0127507 -0.0061469 0.00359602 -0.00877899 -0.000979945 -0.000776991 0.0272589 -0.00122204 -0.00331855 0.00446901 0.016061
internal_weight=3245.04 2922.4 1482.45 223.553 154.262 1439.95 322.633 149.693 1258.9 34.0245 1240.91 923.347 210.852 89.0149
internal_count=18510 16753 9124 2142 1480 7629 1757 664 6982 168 6880 5125 1176 522
cat_boundaries=0 2 3
cat_threshold=3229877266 17 4
is_linear=0
shrinkage=0.05


Tree=91
num_leaves=15
num_cat=2
split_feature=18 12 5 10 23 24 4 6 4 1 21 15 7 10
split_gain=9.25728 10.729 9.59745 10.1417 9.65312 7.6386 8.32054 9.68995 7.41902 9.69467 14.5517 7.1401 8.03253 7.10323
threshold=0 10.29166666666667 10.500000000000002 -1.0000000180025095e-35 8.2916666666666696 2.6333333333333337 1900.0000000000002 18.500000000000004 1450.0000000000002 11.500000000000002 0.44949494949494956 1 2.5000000000000004 0.64500000000000013
decision_type=9 8 2 8 8 10 2 8 2 2 2 1 10 10
left_child=1 -1 3 -2 -4 6 7 11 9 10 -6 13 -13 -5
right_child=2 -3 4 5 8 -7 -8 -9 -10 -11 -12 12 -14 -15
leaf_value=-0.031841157429444329 0.028290687528510924 -0.0049205950172493788 -0.0008422717431689126 0.030332888496689484 -0.019724392455924764 -0.020073401174288519 0.022532476577431189 0.0043236426209161795 -0.00074742045868900491 -0.050731648907565423 0.038092645432050667 -0.044127161596327347 -0.010030796228512049 -0.0027403232352678675
leaf_weight=46.32102008908987 39.009330317378044 184.14513919875026 1287.7625148557127 18.6661197245121 104.50179578736424 36.671313121914864 52.71127899363637 1109.8428875729442 88.393920745700598 20.83394724316895 12.147968605160711 21.087469309568405 95.499999277293682 124.63143524155021
leaf_count=249 193 1010 7147 78 1046 173 300 5732 873 210 57 88 586 768
internal_value=-0.000461782 -0.00990168 0.000292485 0.00313056 -0.00251456 0.00245791 0.00303878 0.0022886 -0.0120485 -0.0193145 -0.0137033 -0.00640208 -0.0149183 0.00146556
internal_weight=3242.23 230.466 3011.76 1498.12 1513.64 1459.11 1422.44 1369.73 225.878 137.484 116.65 259.885 116.587 143.298
internal_count=18510 1259 17251 7918 9333 7725 7552 7252 2186 1313 1103 1520 674 846
cat_boundaries=0 2 3
cat_threshold=3229615120 17 5
is_linear=0
shrinkage=0.05


Tree=92
num_leaves=15
num_cat=2
split_feature=5 18 22 12 23 11 7 18 5 12 11 3 11 4
split_gain=8.7163 7.76423 7.2741 7.19038 7.56954 6.89921 7.32227 7.53163 7.12703 6.46304 6.38488 17.6579 7.66861 6.16153
threshold=12.500000000000002 0 8.1000000000000014 9.2250000000000014 3.5500000000000003 42.710000000000015 3.5000000000000004 1 14.500000000000002 12.225000000000001 39.963333333333345 54.250000000000007 38.767500000000013 1625.0000000000002
decision_type=2 9 10 8 10 8 10 9 2 10 10 2 10 2
left_child=1 3 5 -1 -5 6 7 8 -2 -9 11 -8 -13 -3
right_child=2 13 -4 4 -6 -7 10 9 -10 -11 -12 12 -14 -15
leaf_value=-0.05732078111637591 0.018100610754330476 0.00041867425403215795 -0.016612602064857089 0.012331362813537153 -0.02628217423988144 0.031836649322133294 -0.025289559508573839 -0.025180757254920277 -0.018166552479427452 0.0041569792965953116 -0.016881132446358468 -0.010870182841951482 0.034790389207156422 0.0090203432545184464
leaf_weight=9.7661288529634458 87.971903830766678 2408.6318601332605 128.65834515914321 21.365408807992935 31.264560982584953 13.743431352078913 35.995629388839006 34.934124976396561 16.011903837323189 40.578027665615082 137.84825708717108 12.890930391848086 32.076643984764814 227.88929195329547
leaf_count=47 387 13344 1125 94 177 119 235 157 70 175 998 70 183 1329
internal_value=-0.000439807 0.000721042 -0.00623411 -0.0154433 -0.0106068 -0.00299355 -0.00419535 0.00328965 0.011418 -0.00831444 -0.0103355 0.000809239 0.0217008 0.00115777
internal_weight=3239.63 2698.92 540.709 62.3961 52.63 412.051 398.307 179.496 103.984 75.5122 218.811 80.9632 44.9676 2636.52
internal_count=18510 14991 3519 318 271 2394 2275 789 457 332 1486 488 253 14673
cat_boundaries=0 2 4
cat_threshold=3221226496 17 2176 10
is_linear=0
shrinkage=0.05


Tree=93
num_leaves=15
num_cat=1
split_feature=18 5 23 1 6 12 12 9 10 9 10 24 6 4
split_gain=8.32017 8.81143 8.87824 7.62372 7.39845 7.31386 6.805 8.325 6.65636 7.24731 6.48544 6.49629 7.23349 8.80246
threshold=0 10.500000000000002 7.9000000000000012 9.5000000000000018 9.5000000000000018 12.900000000000002 11.450000000000001 3.7500000000000004 0.8633333333333334 1.5500000000000003 -1.0000000180025095e-35 2.6333333333333337 18.500000000000004 1625.0000000000002
decision_type=9 2 8 2 10 10 10 8 10 8 8 10 10 2
left_child=8 10 4 6 -3 -6 -4 -8 9 -1 -2 12 13 -12
right_child=1 2 3 -5 5 -7 7 -9 -10 -11 11 -13 -14 -15
leaf_value=-0.0041710489039944029 0.02504977704623404 0.031899980810560162 -0.022723530395715931 -0.022909623091917217 -0.0031963207395919627 0.0058393271980346287 0.0031191344170694835 -0.049970865435820744 -0.014936688683987077 0.032407110747323803 -0.0055140248636524293 -0.018606965272268669 0.0052529397059889781 0.027419483672918511
leaf_weight=134.31559658050537 33.219968661665916 17.42712165042758 41.309566661715508 84.554769739508629 887.62352475896478 299.53543732687831 137.67039433121681 7.8026276044547549 170.67721926420927 15.060064382851122 301.65202374383807 34.89225110411644 1050.3358044624329 21.752435211092234
leaf_count=593 168 96 388 803 4855 1629 1236 117 1093 71 1663 166 5502 130
internal_value=-0.000418977 0.000432055 -0.00228225 -0.0104531 -0.000441744 -0.000916511 -0.0048141 0.000271586 -0.00794278 -0.000483236 0.0032135 0.00269853 0.00323968 -0.00329889
internal_weight=3237.83 2917.78 1475.92 271.337 1204.59 1187.16 186.783 145.473 320.053 149.376 1441.85 1408.63 1373.74 323.404
internal_count=18510 16753 9124 2544 6580 6484 1741 1353 1757 664 7629 7461 7295 1793
cat_boundaries=0 2
cat_threshold=3229877266 17
is_linear=0
shrinkage=0.05


Tree=94
num_leaves=15
num_cat=3
split_feature=5 18 10 23 14 8 12 23 18 10 10 22 1 18
split_gain=7.68586 6.83964 9.40144 7.19372 7.91896 9.11077 7.83915 8.40621 7.0867 6.97741 6.59984 6.41364 6.62154 6.38374
threshold=12.500000000000002 0 -1.0000000180025095e-35 1.7750000000000001 3.5000000000000004 6.6333333333333337 10.708333333333334 2.3666666666666671 1 1.0775000000000003 2.8225000000000007 8.1000000000000014 8.5000000000000018 2
decision_type=2 9 8 8 8 10 10 10 9 10 10 10 2 9
left_child=1 9 -3 -4 5 -5 -6 8 -8 -1 -7 13 -13 -2
right_child=11 2 3 4 6 10 7 -9 -10 -11 -12 12 -14 -15
leaf_value=-0.0049960905785467365 -0.0092976893522734947 0.019640891574843222 -0.015748264538158703 0.0083724301857852328 -0.0036155054971281062 0.083479697300362657 -0.0055894437521744255 0.0017345860522322591 0.028783331727865919 -0.0406179984652561 0.018207822862897443 -0.0060221179309332719 -0.029194732537402096 0.0029703431032124376
leaf_weight=41.110631242394447 188.8452924862504 66.649116918444633 65.416571103036404 81.174693524837494 785.54426497966051 7.5979354530572873 23.172501891851425 1556.8223516978323 41.788038998842239 20.652673948556185 7.8989768363535404 73.9005689304322 52.89306378737092 221.8883756659925
leaf_count=186 1065 324 285 377 4159 45 102 9144 180 132 57 645 480 1329
internal_value=-0.000399158 0.00068864 0.00109676 0.000620004 0.00104762 0.0150792 0.000484155 0.00246991 0.0200925 -0.0145515 0.0502098 -0.00585877 -0.0156888 -0.00282425
internal_weight=3235.36 2697.83 2636.06 2569.42 2504 96.6716 2407.33 1621.78 64.9605 61.7633 15.4969 537.527 126.794 410.734
internal_count=18510 14991 14673 14349 14064 479 13585 9426 282 318 102 3519 1125 2394
cat_boundaries=0 2 4 6
cat_threshold=3221226496 17 40 8 1075052732 17
is_linear=0
shrinkage=0.05


Tree=95
num_leaves=15
num_cat=3
split_feature=5 12 7 8 10 18 9 1 10 8 18 16 9 20
split_gain=6.54054 9.13395 6.97877 8.09676 6.64833 6.74944 11.5946 8.40523 11.3707 7.23012 6.20735 8.27175 6.50696 6.38486
threshold=10.500000000000002 11.900000000000002 11.500000000000002 9.7750000000000021 4.1100000000000012 0 1.8500000000000003 10.500000000000002 2.0366666666666671 8.7083333333333339 1 2 2.2500000000000004 0.13392857142857145
decision_type=2 10 10 10 10 9 10 2 10 10 9 1 10 2
left_child=1 2 4 -4 5 6 -1 9 -9 -7 11 -3 -13 -12
right_child=-2 10 3 -5 -6 7 -8 8 -10 -11 13 12 -14 -15
leaf_value=0.014690769060716688 -0.0019229352593591908 -0.015834770492128784 0.040500029463198077 -0.023817664890369298 0.03115125838711268 -0.00016798311328161471 -0.011294277375125006 -0.029625418937558507 0.029237731230620786 -0.021785536733727129 0.017070462196997167 0.022871494880701469 -0.024526607319789732 -0.0010055676211258655
leaf_weight=157.58919502049685 1611.3018319755793 51.977182634174824 20.940534934401516 6.3852006532251826 16.804245851933956 878.89303446188569 59.001483995467424 51.497194327414036 9.7590309083461744 40.459291610866785 226.35560509935021 36.229066520929337 9.0496894456446153 62.297434773296118
leaf_count=710 9952 279 158 87 110 4248 393 253 68 384 1308 187 71 287
internal_value=0.000335145 0.00257111 0.000482428 0.0254709 -8.00326e-05 -0.000518404 0.00727624 -0.00229088 -0.0202476 -0.00111934 0.00928965 -0.00201753 0.0133982 0.0127283
internal_weight=3238.54 1627.24 1241.33 27.3257 1214 1197.2 216.591 980.609 61.2562 919.352 385.909 97.2559 45.2788 288.653
internal_count=18495 8543 6411 245 6166 6056 1103 4953 321 4632 2132 537 258 1595
cat_boundaries=0 2 4 5
cat_threshold=5248 4 1073741958 16 4
is_linear=0
shrinkage=0.05


Tree=96
num_leaves=15
num_cat=2
split_feature=12 5 9 20 11 23 18 0 18 11 8 11 6 12
split_gain=6.24009 6.30273 7.31127 8.00896 10.6877 10.3114 9.64172 8.3328 7.89419 7.57344 7.04666 8.10029 6.98472 6.3949
threshold=15.550000000000002 9.5000000000000018 5.4500000000000011 1.0000000180025095e-35 39.210000000000015 3.9000000000000004 0 3.5000000000000004 1 39.263333333333343 11.100000000000001 43.145000000000003 14.500000000000002 10.366666666666669
decision_type=10 2 10 2 10 10 9 2 9 10 10 10 10 8
left_child=1 13 3 6 -5 8 10 9 -6 -8 11 -3 -10 -1
right_child=-2 2 -4 4 5 -7 7 -9 12 -11 -12 -13 -14 -15
leaf_value=-0.0023883577630234459 0.032690347901637384 0.0035325106178564348 -0.030763917264277338 0.0072190076730587992 0.019680168569848038 -0.018643770004943012 -0.013521996436071868 -0.0084957232073628649 0.023435371533567909 0.01142898763925472 -0.024799321052637859 0.043590107926552685 -0.01135626415842529 0.0056606662564803942
leaf_weight=359.1515092253685 14.817638099193571 987.68789074197412 21.091126993298531 103.16152777150273 25.629430741071701 198.95550514757633 40.994289010763168 411.20598073303699 16.428782746195793 117.82501536980271 21.63279515504837 12.783674839884041 118.32127160578966 788.60511703789234
leaf_count=1759 70 6036 198 465 115 1047 237 2632 76 795 365 103 523 4074
internal_value=0.000317558 0.000168747 -0.0014753 -0.00117464 -0.00696662 -0.0110392 0.000507864 -0.00465703 -0.00160544 0.00498866 0.00340061 0.00404435 -0.00662295 0.003142
internal_weight=3238.29 3223.47 2075.72 2054.63 462.497 359.335 1592.13 570.025 160.379 158.819 1022.1 1000.47 134.75 1147.76
internal_count=18495 18425 12592 12394 2226 1761 10168 3664 714 1032 6504 6139 599 5833
cat_boundaries=0 2 4
cat_threshold=1074617376 25 132 16
is_linear=0
shrinkage=0.05


Tree=97
num_leaves=15
num_cat=1
split_feature=18 1 12 23 3 0 10 14 10 24 9 10 22 5
split_gain=6.06586 9.33872 8.88988 7.63434 5.93942 8.75285 10.3011 8.66377 7.81378 7.63649 7.12719 8.69287 7.70651 6.9421
threshold=0 10.500000000000002 15.550000000000002 3.2250000000000005 55.500000000000007 5.5000000000000009 1.3366666666666671 3.5000000000000004 1.4550000000000003 -0.29166666666666657 -0.24999999999999997 1.0450000000000004 11.100000000000001 12.500000000000002
decision_type=9 2 10 8 2 2 8 10 10 10 10 10 10 2
left_child=1 -1 4 -3 -2 7 9 -6 -8 -7 -9 -12 -13 -10
right_child=2 3 -4 -5 5 6 8 10 13 -11 11 12 -14 -15
leaf_value=-0.0023704517666073839 -0.0011047696323500924 0.006090968853943942 0.045798608448780011 -0.034979878317459689 0.030143272134352 0.033700998965935085 -0.021242874581416681 0.017363994271852427 0.0074240454745679368 0.010869547151468331 -0.010549307170056997 0.0031182261879039177 -0.04013570913355971 -0.018292514805910026
leaf_weight=397.23032458126545 1512.4264556877315 15.481338024139403 11.122164279222487 42.040751270949841 22.424189869314432 41.807540223002434 35.807275511324406 46.562769897282124 192.58171466365457 295.39277611672878 230.4502309858799 353.67236948385835 10.606685103848575 30.382636511698365
leaf_count=2136 9048 74 51 261 107 191 184 207 1259 1345 1005 2248 121 258
internal_value=0.000303935 -0.00498739 0.00118215 -0.0239262 0.00100741 0.00354337 0.00794174 -0.000406066 0.000437881 0.0137003 -0.00147429 -0.00294918 0.0018588 0.00391973
internal_weight=3237.99 454.752 2783.24 57.5221 2772.11 1259.69 595.972 663.716 258.772 337.2 641.292 594.729 364.279 222.964
internal_count=18495 2471 16024 335 15973 6925 3237 3688 1701 1536 3581 3374 2369 1517
cat_boundaries=0 2
cat_threshold=4027613206 19
is_linear=0
shrinkage=0.05


Tree=98
num_leaves=15
num_cat=0
split_feature=3 19 12 2 5 12 6 10 0 6 24 1 5 10
split_gain=5.56211 8.32824 8.7331 7.0085 8.45628 7.89497 6.9705 6.70222 8.91067 10.1378 7.17455 6.63623 6.82748 6.54272
threshold=55.500000000000007 3.5000000000000004 9.1000000000000014 6.5000000000000009 9.5000000000000018 9.1000000000000014 19.500000000000004 1.6633333333333338 5.5000000000000009 33.500000000000007 1.0000000180025095e-35 10.500000000000002 8.5000000000000018 0.81000000000000016
decision_type=2 2 10 2 2 8 8 10 2 10 10 2 2 10
left_child=-1 3 -3 5 -5 -2 -7 8 13 10 -10 12 -12 -4
right_child=1 2 7 4 -6 6 -8 -9 9 -11 11 -13 -14 -15
leaf_value=-0.0016537483375928651 -0.0082857634996783506 0.04632114746846909 -0.02017917161973104 0.013737266959873547 -0.014516539140207478 -0.001654165564737675 0.010371842405919048 -0.0125269436630423 -0.0020709822614644463 -0.01521330905454641 0.064995857690892431 0.0035213088858261307 0.024016875260985827 -0.00047446943215325419
leaf_weight=1723.8180592805147 80.141131401062012 8.9019850790500623 63.871878191828728 38.005146741867065 87.351376941427588 147.50129419192672 658.04526040330529 148.53350082226098 39.137789718806744 34.01966368407011 13.240449234843252 27.204032972455025 43.74973751604557 123.73904737830162
leaf_count=10208 374 44 274 201 538 815 3372 1263 192 158 58 141 217 640
internal_value=0.000288203 0.00250009 -0.00276159 0.00511468 -0.00595065 0.00668082 0.00816979 -0.00364698 0.000176549 0.00895125 0.0156168 0.0238389 0.0335375 -0.00718291
internal_weight=3237.26 1513.44 502.398 1011.04 125.357 885.688 805.547 493.496 344.963 157.352 123.332 84.1942 56.9902 187.611
internal_count=18495 8287 2987 5300 739 4561 4187 2943 1680 766 608 416 275 914
is_linear=0
shrinkage=0.05


Tree=99
num_leaves=15
num_cat=1
split_feature=18 1 12 19 6 12 8 6 5 9 20 9 12 21
split_gain=5.54414 8.5546 7.91293 6.46095 6.43176 5.8884 5.48971 5.38785 5.29096 6.70199 6.81631 7.9993 8.24801 5.81394
threshold=0 10.500000000000002 15.550000000000002 1.5000000000000002 113.50000000000001 8.2916666666666696 6.1000000000000005 54.500000000000007 9.5000000000000018 5.4500000000000011 1.0000000180025095e-35 -0.54999999999999993 10.900000000000002 0.16025641025641027
decision_type=9 2 10 2 8 10 10 10 2 10 2 10 10 2
left_child=1 4 8 -3 5 -1 -7 -8 -2 10 13 12 -12 -10
right_child=2 3 -4 -5 -6 6 7 -9 9 -11 11 -13 -14 -15
leaf_value=-0.037802489448583991 0.0040111917498523884 -0.0032664801708398661 0.0430361760101469 -0.037387913605956467 -0.024103389222331083 0.0050366051866137102 -0.011269496168357108 0.028104745021939732 -0.00094956669810704894 -0.030106973383965886 -0.017906404768636829 -0.0088687257484525127 0.026040050722064889 0.0058268981963979678
leaf_weight=10.249502100050448 933.97726639732718 23.958860114216805 11.212165646255015 32.957214009016752 31.159465160220861 236.82541237771511 109.25441282987595 9.4388254284858686 951.56430722400546 19.058151694014668 15.421864643692968 342.29672019928694 34.700630053877831 474.28540395572782
leaf_count=47 4762 141 51 194 165 1094 776 54 6687 179 69 1681 155 2440
internal_value=0.000273371 -0.00479071 0.00111257 -0.0230245 -0.00229683 -0.00043915 0.000638025 -0.00813834 0.000946968 -0.000610683 -0.000301518 -0.00613701 0.0125185 0.00130451
internal_weight=3236.36 453.844 2782.52 56.9161 396.928 365.768 355.519 118.693 2771.3 1837.33 1818.27 392.419 50.1225 1425.85
internal_count=18495 2471 16024 335 2136 1971 1924 830 15973 11211 11032 1905 224 9127
cat_boundaries=0 2
cat_threshold=4027613206 19
is_linear=0
shrinkage=0.05


Tree=100
num_leaves=15
num_cat=2
split_feature=2 18 12 24 10 23 23 23 18 12 21 24 1 10
split_gain=6.45633 9.04638 7.28573 7.06712 8.64153 7.04316 7.16648 6.42696 6.07039 7.66339 8.88596 8.4154 7.33115 7.19211
threshold=7.5000000000000009 0 12.900000000000002 -0.44999999999999996 2.7900000000000005 7.1000000000000005 7.9000000000000012 2.3666666666666671 1 10.550000000000002 0.5634920634920636 0.45000000000000007 10.500000000000002 0.85999999999999999
decision_type=2 9 8 8 10 10 10 10 9 10 2 10 2 10
left_child=2 -2 7 4 5 -4 -7 -1 9 10 -9 -12 -11 -10
right_child=1 -3 3 -5 -6 6 -8 8 13 12 11 -13 -14 -15
leaf_value=0.0070767310085263976 0.0009454144081811408 -0.026370019443681159 0.0089797676013767588 0.0023399995526357602 -0.017861943187350373 0.065819160417501493 0.022983061429835878 -0.030364337715809597 0.005157457291260643 -0.00052284850564088465 0.028738753232030165 -0.024268550149136037 -0.025714511375841118 -0.0023649242354936168
leaf_weight=219.55521988123655 73.582633715122938 45.706718361005187 59.663458354771137 558.87468515709043 16.884200436994433 13.331887684762476 36.483983986079693 65.619601875543594 407.82017558068037 237.21528829261661 15.127488136291506 14.826000392436979 32.883534025400877 1438.7076644413173
leaf_count=976 451 335 338 3139 218 93 313 390 1762 1304 69 65 202 8865
internal_value=-0.000236249 -0.0116521 0.000200642 0.00475448 0.0154331 0.020568 0.034447 -0.00108257 -0.00189236 -0.00768534 -0.0200638 0.00250187 -0.00358984 -0.000699758
internal_weight=3236.28 119.289 3116.99 685.238 126.364 109.479 49.8159 2431.75 2212.2 365.672 95.5731 29.9535 270.099 1846.53
internal_count=18520 786 17734 4101 962 744 406 13633 12657 2030 524 134 1506 10627
cat_boundaries=0 2 4
cat_threshold=134 2 3221225498 19
is_linear=0
shrinkage=0.05


Tree=101
num_leaves=15
num_cat=3
split_feature=2 18 12 5 18 12 2 11 9 18 6 10 0 3
split_gain=5.969 8.44764 6.56262 7.36811 8.37206 6.17279 5.70629 5.64808 5.1859 5.93991 10.9604 5.93809 9.44514 7.46221
threshold=7.5000000000000009 0 12.900000000000002 14.500000000000002 1 6.9000000000000012 6.5000000000000009 38.345000000000006 -0.94999999999999984 2 112.50000000000001 0.85999999999999999 7.5000000000000009 56.750000000000007
decision_type=2 9 8 2 9 10 2 8 10 9 10 10 2 2
left_child=2 -2 5 4 6 -1 -4 -6 -7 10 -10 -11 13 -13
right_child=1 -3 3 -5 7 8 -8 -9 9 11 -12 12 -14 -15
leaf_value=0.016709136419858116 0.00090349733593588573 -0.025569962036209412 0.014823698074691092 -0.014203458279304909 0.018596791069159825 0.017752563895468736 -0.011414093444759955 -0.0014766838141731557 -0.0050790609416984421 0.004227271216302131 -0.038024891242128794 -0.004507135700504844 0.0072036484160299995 0.020099220298286327
leaf_weight=48.069988578557968 73.609866630285978 45.108306303620338 255.45628249645233 48.875482773408294 39.346683844923973 34.868997491896152 22.551748923957348 320.34585861675441 376.61032702028751 494.10333273559809 27.058079279959202 1188.0340876542032 228.71157845854759 31.63188736513257
leaf_count=215 451 335 1554 328 188 162 130 1901 2059 2131 145 7333 1416 172
internal_value=-0.000229342 -0.0112331 0.000189943 0.00450623 0.0059402 -0.00103005 0.0122545 0.000699696 -0.00138818 -0.00167265 -0.00711127 -0.000503251 -0.00212051 -0.00386897
internal_weight=3234.38 118.718 3115.66 686.576 637.701 2429.09 278.008 359.693 2381.02 2346.15 403.668 1942.48 1448.38 1219.67
internal_count=18520 786 17734 4101 3773 13633 1684 2089 13418 13256 2204 11052 8921 7505
cat_boundaries=0 2 4 6
cat_threshold=134 2 282778 8 3221225498 19
is_linear=0
shrinkage=0.05


Tree=102
num_leaves=15
num_cat=1
split_feature=12 18 23 12 3 22 10 6 24 22 4 9 9 19
split_gain=5.56949 9.03559 8.10119 6.74056 7.47835 6.20523 8.61328 7.58989 5.87173 10.6152 8.59696 6.09205 5.71542 5.68713
threshold=10.366666666666669 0 2.7083333333333335 6.9000000000000012 54.250000000000007 5.4500000000000011 0.34500000000000008 104.50000000000001 -1.0000000180025095e-35 4.1000000000000005 1450.0000000000002 1.2500000000000002 0.25000000000000006 4.5000000000000009
decision_type=8 9 10 10 2 10 10 10 10 10 2 10 10 2
left_child=1 3 -3 -1 8 6 -6 13 11 -10 -11 12 -5 -8
right_child=-2 2 -4 4 5 -7 7 -9 9 10 -12 -13 -14 -15
leaf_value=0.016507337200080748 0.00086887491085769944 0.0090856188188083182 -0.026247342886082138 -0.012454215417562697 0.036276847377364155 -0.0069653701553606534 0.011307493119486277 -0.030258678978281855 -0.035026493851634387 0.00096096876234533354 -0.032840960621183739 -0.0090695284284056966 0.024819966846036417 -0.026469375461592545
leaf_weight=46.939838215708733 2532.1692006103694 20.363621048629284 79.782625038176775 14.953755535185335 24.358278661966324 99.919218853116035 114.30782912671566 14.447666324675081 47.7225661277771 83.130242872983217 24.311812672764063 86.030353844165802 32.934402503073215 10.914042085409163
leaf_count=209 14840 93 456 67 109 551 527 67 214 466 140 571 159 51
internal_value=-0.000222469 -0.00416962 -0.0173321 -0.00165607 -0.00322768 0.00285719 0.0088407 0.00405586 -0.00878347 -0.0154036 -0.00668768 -0.00111307 0.0131806 0.00801495
internal_weight=3232.29 700.116 100.146 599.97 553.03 263.947 164.028 139.67 289.083 155.165 107.442 133.919 47.8882 125.222
internal_count=18520 3680 549 3131 2922 1305 754 645 1617 820 606 797 226 578
cat_boundaries=0 2
cat_threshold=3234 8
is_linear=0
shrinkage=0.05


Tree=103
num_leaves=15
num_cat=2
split_feature=2 18 12 18 6 19 19 12 8 6 3 11 4 24
split_gain=5.4647 7.91433 5.76598 6.39063 5.52466 8.95264 5.50637 6.5904 6.87123 5.6283 6.32816 5.66117 7.34339 5.48477
threshold=7.5000000000000009 0 12.900000000000002 1 20.500000000000004 5.5000000000000009 8.5000000000000018 12.225000000000001 6.7750000000000012 87.500000000000014 56.750000000000007 41.06333333333334 2150.0000000000005 -0.54999999999999993
decision_type=2 9 8 9 10 2 2 10 10 10 2 10 2 8
left_child=2 -2 6 4 5 -4 9 -8 -9 11 -11 12 -1 -5
right_child=1 -3 3 13 -6 -7 7 8 -10 10 -12 -13 -14 -15
leaf_value=0.0017903736939083724 0.00092862134043205161 -0.024760483465989486 -0.028637062706428709 0.017573157589414384 0.0015293461415746938 0.029316995329714192 -0.017276402537556881 -0.018931695919076161 0.0498736630049849 -0.0058954823260400843 -0.041798623317385347 -0.0034989779952169092 0.042575723136591054 0.0044527736221048929
leaf_weight=1430.1741777192801 73.58446192368865 44.495021186769009 40.268636152148247 97.189446059986949 100.71206121705472 7.985256563872098 89.659413989633322 6.601653814315795 8.0569103397428972 211.14346094056964 13.030476678162811 655.64634271897376 11.122252956032751 441.46590287052095
leaf_count=7528 451 335 251 732 583 52 584 34 73 1112 67 4171 64 2483
internal_value=-0.000211901 -0.0107699 0.000188568 0.00422998 -0.00481265 -0.0190466 -0.00095719 -0.0121949 0.0188864 -0.000452134 -0.00798241 0.000352891 0.00210511 0.00669578
internal_weight=3231.14 118.079 3113.06 687.621 148.966 48.2539 2425.43 104.318 14.6586 2321.12 224.174 2096.94 1441.3 538.655
internal_count=18520 786 17734 4101 886 303 13633 691 107 12942 1179 11763 7592 3215
cat_boundaries=0 2 4
cat_threshold=134 2 345088036 2
is_linear=0
shrinkage=0.05


Tree=104
num_leaves=15
num_cat=1
split_feature=11 6 12 22 19 19 22 10 7 11 11 12 18 4
split_gain=5.00682 6.13148 7.73242 6.49487 9.16574 6.22552 5.98354 6.09556 13.1514 9.46002 6.71193 6.52969 5.86381 9.20678
threshold=40.963333333333345 29.500000000000004 8.4500000000000011 2.1000000000000005 4.5000000000000009 2.5000000000000004 6.4500000000000011 2.077500000000001 7.5000000000000009 42.255000000000017 41.390000000000015 11.225000000000001 0 1900.0000000000002
decision_type=10 10 10 10 2 2 10 10 10 10 10 10 9 2
left_child=12 -2 -3 5 6 -4 -5 10 -9 11 -8 -10 -1 -14
right_child=1 2 3 4 -6 -7 7 8 9 -11 -12 -13 13 -15
leaf_value=-0.0019945287020758824 -0.005638075057994232 -0.02482033080940052 0.0032708885587484577 0.0022213333628609048 -0.0161597650627242 0.05450642968057811 -0.018522626478831232 0.081958072410147104 -0.0021927581675617422 -0.047197487407185053 0.028186832367373744 0.076181812190791898 0.0027155118339521455 0.035909239198216168
leaf_weight=895.51632692851126 713.3384218160063 23.200025260448456 11.274432979524137 143.57059345766902 50.526413723826408 12.504779979586599 14.469864435493948 10.633420784026386 5.3918652832508069 4.9577359519898883 16.416448406875134 5.2405160367488861 1302.2023340165615 21.230447743088007
leaf_count=4848 4917 118 55 765 321 58 81 65 54 55 96 59 6907 121
internal_value=-0.000205772 -0.00312121 0.00289979 0.00523848 0.00287429 0.0302141 0.0076666 0.0213557 0.0390836 0.00984061 0.00630402 0.0364367 0.00112325 0.00322365
internal_weight=3230.47 1011.52 298.186 274.986 251.207 23.7792 200.68 57.1099 26.2235 15.5901 30.8863 10.6324 2218.95 1323.43
internal_count=18520 6644 1727 1609 1496 113 1175 410 233 168 177 113 11876 7028
cat_boundaries=0 2
cat_threshold=3288399934 19
is_linear=0
shrinkage=0.05


Tree=105
num_leaves=15
num_cat=3
split_feature=3 2 12 22 4 18 9 18 15 6 1 21 21 10
split_gain=7.6445 7.61229 5.99266 11.0546 7.88612 7.36958 7.16993 6.72608 6.36968 20.0181 6.50082 9.57076 7.78672 5.89526
threshold=50.500000000000007 7.5000000000000009 11.225000000000001 7.366666666666668 2050.0000000000005 0 5.3500000000000005 1 2 35.500000000000007 7.5000000000000009 0.42261904761904767 0.16025641025641027 1.5900000000000005
decision_type=2 2 10 10 2 9 8 9 1 10 2 2 2 10
left_child=-1 2 3 7 5 6 -4 -2 9 10 11 -7 -12 -10
right_child=1 -3 4 -5 -6 8 -8 -9 13 -11 12 -13 -14 -15
leaf_value=-0.021834523664873387 -0.010111121004766081 -0.012224485620258076 0.0068925229065496868 -0.011999408530161418 0.039455715850746705 -0.0016609640894444861 -0.039830454629447093 0.0016243962402521914 0.00015988666815630739 -0.022272671954646973 0.065087396738970779 0.043718167482528866 0.018453322443533076 -0.010390712950450295
leaf_weight=38.949106886982918 126.61777703091502 114.20958095416427 735.17310694046319 210.0773695372045 14.728561017662285 39.862376794219017 8.3036992996931058 1140.4370168522 542.87856692820787 34.752308253198862 15.803145986050366 16.39921011775732 20.645552095025778 175.10617937892675
leaf_count=257 650 768 4409 1494 85 263 73 5753 2721 182 115 74 108 1592
internal_value=0.000182808 0.000451214 0.000921122 -0.00137658 0.00303755 0.00269997 0.00628614 0.000384677 -0.000521841 0.00935725 0.022223 0.0115662 0.0386726 -0.0023801
internal_weight=3233.94 3194.99 3080.78 1477.13 1603.65 1588.92 743.477 1267.05 845.447 127.463 92.7103 56.2616 36.4487 717.985
internal_count=18544 18287 17519 7897 9622 9537 4482 6403 5055 742 560 337 223 4313
cat_boundaries=0 2 4 5
cat_threshold=67384728 11 1073741834 17 4
is_linear=0
shrinkage=0.05


Tree=106
num_leaves=15
num_cat=1
split_feature=3 2 5 18 12 11 10 11 19 12 4 22 4 23
split_gain=6.97402 6.90299 6.10234 6.58327 9.20849 8.48525 7.63625 6.54968 6.09776 7.51188 5.90698 5.87535 7.47888 8.53157
threshold=50.500000000000007 7.5000000000000009 6.5000000000000009 0 8.4500000000000011 36.910000000000011 -0.30999999999999989 38.610000000000014 4.5000000000000009 9.2250000000000014 1100.0000000000002 7.7083333333333348 1450.0000000000002 8.4500000000000011
decision_type=2 2 2 9 10 8 10 10 2 10 2 10 2 10
left_child=-1 2 -2 4 -4 -5 7 -6 9 -7 -3 -8 -13 -14
right_child=1 10 3 5 6 8 11 -9 -10 -11 -12 12 13 -15
leaf_value=-0.020972806771285667 0.0090984075733410285 0.029724805489396405 -0.034835771673607699 0.045536311329016324 0.055546014579204439 -0.0034517299221053024 -0.00015147582643790987 0.0018698758836592163 -0.0041464900543443329 0.006739049428300125 -0.014818178067533239 -0.015060549726121836 -0.0090843087447564138 0.012273066575525821
leaf_weight=38.532783336937428 210.10143635421991 8.0074517913162691 20.93207872658968 11.586448207497595 10.790219098329546 236.48210121691227 1175.26927478984 12.007857844233511 268.07808092609048 768.42574859037995 105.58346863090992 170.51537343859673 119.82294015213847 76.685780320316553
leaf_count=257 966 53 95 53 54 1171 6240 59 1797 4391 715 1281 714 698
internal_value=0.000171467 0.000426531 0.000872854 0.000270819 -0.00188017 0.0029185 -0.00145142 0.0272745 0.00255353 0.00434088 -0.0116782 -0.00187605 -0.00739841 -0.000749783
internal_weight=3232.82 3194.29 3080.7 2870.6 1586.02 1284.57 1565.09 22.7981 1272.99 1004.91 113.591 1542.29 367.024 196.509
internal_count=18544 18287 17519 16553 9141 7412 9046 113 7359 5562 768 8933 2693 1412
cat_boundaries=0 2
cat_threshold=1342769214 21
is_linear=0
shrinkage=0.05


Tree=107
num_leaves=15
num_cat=3
split_feature=3 12 18 0 5 22 22 18 1 0 18 24 23 9
split_gain=6.3615 6.25325 10.5954 7.67161 7.6095 7.58674 7.3591 7.58871 6.88445 7.11615 10.8497 8.75624 7.87272 6.87628
threshold=50.500000000000007 10.708333333333334 0 5.5000000000000009 6.5000000000000009 1.1000000000000003 8.1000000000000014 1 3.5000000000000004 6.5000000000000009 2 -1.8999999999999997 8.1000000000000014 -0.14999999999999999
decision_type=2 10 9 2 2 10 10 9 2 2 9 10 10 10
left_child=-1 2 3 -2 -3 -6 8 -8 -7 13 -11 -12 -13 -10
right_child=1 4 -4 -5 5 6 7 -9 9 10 11 12 -14 -15
leaf_value=-0.020139010643855974 -0.020847459710112006 0.016130749081094929 5.0778773438294944e-05 -0.002861915676217644 -0.037571722665306395 0.0088209976371687298 0.0045567044055816169 -0.0083095476600238052 0.013350892176512098 -0.0058047959203844741 -0.020891491120348209 0.011118280729715579 0.055872693840437443 -0.0037810143700701933
leaf_weight=38.132140889763832 124.89009073004127 90.413800448179245 792.439228143543 112.87594193592668 12.468992754817007 405.40695874020457 171.58313742280006 313.58634262159467 64.867130003869534 142.58020926266909 20.897462844848633 327.92887128517032 10.129913639277218 603.43029560893774
leaf_count=257 677 439 4106 623 60 2178 1366 2422 288 765 164 1709 95 3395
internal_value=0.000162429 0.000404839 -0.00280132 -0.0118123 0.00193168 0.00131235 0.00154767 -0.00383667 0.00320603 0.00126015 0.00576172 0.0102327 0.0124593 -0.00211814
internal_weight=3231.63 3193.5 1030.21 237.766 2163.29 2072.88 2060.41 485.169 1575.24 1169.83 501.536 358.956 338.059 668.297
internal_count=18544 18287 5406 1300 12881 12442 12382 3788 8594 6416 2733 1968 1804 3683
cat_boundaries=0 2 4 6
cat_threshold=2072 19 67440768 8 54 18
is_linear=0
shrinkage=0.05


Tree=108
num_leaves=15
num_cat=1
split_feature=5 22 19 9 12 24 11 18 10 8 24 7 22 23
split_gain=5.93465 6.90358 7.71283 7.0923 5.85875 7.95372 8.62833 6.80945 6.17189 10.9934 9.91132 8.6513 9.85345 6.25244
threshold=6.5000000000000009 8.1000000000000014 8.5000000000000018 6.1500000000000012 11.225000000000001 1.9000000000000001 39.429166666666681 0 1.5225000000000004 10.550000000000002 1.1000000000000003 8.5000000000000018 8.6333333333333346 8.1000000000000014
decision_type=2 8 2 10 8 10 10 9 10 10 10 10 10 8
left_child=-1 2 3 -2 -3 8 -7 -8 13 11 -11 12 -10 -6
right_child=1 4 -4 -5 5 6 7 -9 9 10 -12 -13 -14 -15
leaf_value=0.0080746487074612218 0.0014982521928862251 -0.014983171124963106 -0.013604733562717828 -0.033838799437981924 -0.029423376608139363 0.043620644178390233 -0.0087038377131849701 0.01893526970580723 0.033741505862456458 -0.027834488142108378 0.054654655503387863 0.021434922847175689 -0.016148770789072984 -0.0074310919717079094
leaf_weight=220.26223054528236 2333.9960278347135 124.15111869573593 90.338869038969278 14.286201149225233 41.121835641562939 16.2284971550107 45.01205550134182 28.10273539274931 12.667475901544092 40.151172189041972 4.0046834964305154 64.000654794275761 45.248807426542044 150.96141448989511
leaf_count=1015 12474 976 561 118 223 82 265 155 83 662 47 669 342 872
internal_value=0.000152133 -0.000427559 0.000731746 0.00128327 -0.00537307 -0.00270691 0.0106395 0.00331902 -0.00603622 0.0010227 -0.0203532 0.00876462 -0.00523675 -0.0121393
internal_weight=3230.53 3010.27 2438.62 2348.28 571.65 447.499 89.3433 73.1148 358.156 166.073 44.1559 121.917 57.9163 192.083
internal_count=18544 17529 13153 12592 4376 3400 502 420 2898 1803 709 1094 425 1095
cat_boundaries=0 1
cat_threshold=2104
is_linear=0
shrinkage=0.05


Tree=109
num_leaves=15
num_cat=1
split_feature=3 2 12 24 10 18 6 2 23 6 10 10 7 10
split_gain=5.80483 6.21624 5.71677 7.16997 8.22851 7.33676 6.02859 7.9233 6.19427 8.0125 9.11763 8.54895 7.77592 6.97466
threshold=50.500000000000007 7.5000000000000009 12.900000000000002 -0.44999999999999996 2.890000000000001 0 91.500000000000014 5.5000000000000009 6.7750000000000012 33.500000000000007 1.1100000000000003 4.229166666666667 1.5000000000000002 1.3775000000000006
decision_type=2 2 10 10 10 9 10 2 10 10 10 8 10 10
left_child=-1 2 6 4 -4 -5 8 -8 -2 11 -11 12 -10 -12
right_child=1 -3 3 5 -6 -7 7 -9 9 10 13 -13 -14 -15
leaf_value=-0.019350487344477252 0.0019017862059319387 -0.011148384408622215 0.020231153825760698 -0.0020978574804221719 -0.020273567759362506 0.010545464833948703 -0.0033137749716719376 -0.02710631762496989 0.039963102003324508 -0.030128967478908576 0.046626099501966167 0.045007680100427966 -0.0092742125059698671 0.008133359444300511
leaf_weight=37.735696274787188 1735.8101418353617 112.8817876894027 112.42387567833066 323.97905591502786 14.11261163651943 166.35799300298095 161.86104180291295 44.642647985368967 8.1806768476963025 13.226527839899061 14.092285513877867 7.6606367565691462 404.95111264102161 71.352840926498175
leaf_count=257 8510 768 758 1893 191 954 843 242 35 64 76 87 3301 565
internal_value=0.000145086 0.000375595 0.000798133 0.00510232 0.0157137 0.00236396 -0.000280413 -0.00845733 0.000468304 -0.00432173 0.00850199 -0.00732877 -0.00829923 0.0144819
internal_weight=3229.27 3191.53 3078.65 616.874 126.536 490.337 2461.78 206.504 2255.27 519.464 98.6717 420.792 413.132 85.4451
internal_count=18544 18287 17519 3796 949 2847 13723 1085 12638 4128 705 3423 3336 641
cat_boundaries=0 2
cat_threshold=278431782 10
is_linear=0
shrinkage=0.05


Tree=110
num_leaves=15
num_cat=2
split_feature=9 23 6 18 23 6 18 9 8 8 7 11 9 5
split_gain=8.10322 7.11045 6.33479 6.3074 6.30858 6.37453 6.28883 6.55707 5.89444 9.27003 5.83596 5.47186 5.67316 5.36761
threshold=2.4500000000000006 9.5500000000000025 38.500000000000007 0 5.7750000000000012 17.500000000000004 1 3.0500000000000003 5.1000000000000005 8.5500000000000025 5.5000000000000009 42.14500000000001 3.1500000000000008 10.500000000000002
decision_type=8 10 10 9 10 8 9 10 10 10 10 8 10 2
left_child=13 2 3 -2 5 -5 10 8 -8 -10 -6 12 -7 -1
right_child=1 -3 -4 4 6 11 7 -9 9 -11 -12 -13 -14 -15
leaf_value=0.0032930904084236042 -0.0003978597331601588 -0.024470301308185238 0.0062139500874532783 0.00088818144367009951 0.053956013224975591 -0.038881986481982572 0.050911079197261011 -0.027667698126066717 -0.028890654290017137 0.028698241127492474 0.0036709081289547051 -0.058013868614612718 -0.008678426640154762 -0.0012320642839473699
leaf_weight=1271.3619446903467 212.44317815080285 45.709312235936522 119.79120789095759 22.495347090065479 7.2006036713719359 29.791204549372196 5.204100362956523 41.058644780889153 18.214825823903087 11.337193116545675 29.041159015148878 13.70635751634836 32.516235463321209 1352.4290002267808
leaf_count=6294 1329 677 734 147 47 179 33 438 156 154 337 95 201 7651
internal_value=-0.000228725 -0.0055312 -0.00393634 -0.00681078 -0.0126607 -0.0224924 -0.00514748 -0.0124912 0.00184329 -0.00679753 0.0107073 -0.0294116 -0.0231197 0.000960606
internal_weight=3212.3 588.509 542.8 423.009 210.566 98.5091 112.057 75.8148 34.7561 29.552 36.2418 76.0138 62.3074 2623.79
internal_count=18472 4527 3850 3116 1787 622 1165 781 343 310 384 475 380 13945
cat_boundaries=0 2 3
cat_threshold=5124 14 2048
is_linear=0
shrinkage=0.05


Tree=111
num_leaves=15
num_cat=0
split_feature=9 23 14 10 5 19 22 4 2 4 11 24 9 11
split_gain=7.35161 6.59884 5.1923 4.95089 5.10871 7.29024 8.71448 22.7636 7.26339 6.92458 6.55323 6.1978 7.30258 7.36526
threshold=2.4500000000000006 9.5500000000000025 1.5000000000000002 3.6100000000000008 6.5000000000000009 4.5000000000000009 10.900000000000002 1550.0000000000002 6.5000000000000009 1100.0000000000002 43.145000000000003 1.0000000180025095e-35 1.7500000000000002 40.790000000000013
decision_type=8 10 10 10 2 2 10 2 2 2 10 10 10 10
left_child=2 -2 -1 4 -4 8 -7 -8 10 -10 -6 12 13 -11
right_child=1 -3 3 -5 5 6 7 -9 9 11 -12 -13 -14 -15
leaf_value=0.027831111335530453 -0.0037541350098840584 -0.023716037952728176 0.010179882205384171 0.0319502593387316 0.0025443037285066625 -0.0056685627470873289 -0.017594964945351888 0.084313678164359349 0.021072706079367363 -0.0025369014254611588 0.043239706052619203 -0.017515085629887645 -0.028198877090946779 0.036005499242301557
leaf_weight=17.7925014346838 541.49265318363905 44.827693393453956 131.46682692319155 12.635767005383967 1610.2737376894802 612.95036989450455 12.779829908162357 9.5929844416677934 19.656596541404724 39.796071067452431 9.9536223262548429 112.72554739750922 16.552988462150097 18.002176500856876
leaf_count=79 3850 677 595 95 8269 3516 109 70 99 218 57 616 128 94
internal_value=-0.000218552 -0.00528034 0.000912403 0.000728643 0.000576543 6.37992e-05 -0.00454979 0.0261013 0.00166817 -0.00715771 0.00279431 -0.0101239 0.00108193 0.00946774
internal_weight=3210.5 586.32 2624.18 2606.39 2593.75 2462.28 635.323 22.3728 1826.96 206.733 1620.23 187.077 74.3512 57.7982
internal_count=18472 4527 13945 13866 13771 13176 3695 179 9481 1155 8326 1056 440 312
is_linear=0
shrinkage=0.05


Tree=112
num_leaves=15
num_cat=1
split_feature=9 23 12 11 9 2 9 5 23 7 18 11 8 4
split_gain=6.65422 6.12297 6.38787 4.84195 5.58981 4.81854 4.79293 4.71424 8.94759 6.97543 6.49526 9.28374 10.5815 7.60193
threshold=2.4500000000000006 9.5500000000000025 13.900000000000002 41.122500000000009 3.1500000000000008 8.5000000000000018 5.4500000000000011 10.500000000000002 10.225000000000001 12.500000000000002 0 39.445000000000014 4.366666666666668 1550.0000000000002
decision_type=8 10 10 10 10 2 8 2 10 10 9 10 10 2
left_child=5 2 -2 4 -4 7 -3 8 9 10 11 -1 13 -13
right_child=1 6 3 -5 -6 -7 -8 -9 -10 -11 -12 12 -14 -15
leaf_value=-0.0057737465971920846 -0.0048452148584756235 -0.027601610302423269 0.005511278078514076 -0.013858486767127063 0.058062324059579874 -0.02954024998355791 0.035880243084098866 -0.0010425868424524104 0.031788478795618628 0.040563851401308117 0.00016974083572634185 0.01924598647110444 0.005377761247344715 0.053586318554668916
leaf_weight=77.410116329789162 512.39651984907687 40.778521317988634 9.8378466255962902 7.7822333239018908 10.419981457293032 12.965316239744423 3.2071661595255128 1346.2268740031868 26.805125247687101 11.976063285022972 941.85684620216489 59.8243537992239 125.12415733188391 22.05806091427803
leaf_count=379 3639 625 70 79 62 92 52 7604 189 80 4572 255 680 94
internal_value=-0.000208666 -0.00503364 -0.00357358 0.0196639 0.0325419 0.00086586 -0.0229729 0.00101683 0.00320839 0.0025897 0.00221884 0.00869289 0.0145226 0.0284968
internal_weight=3208.67 584.422 540.437 28.0401 20.2578 2624.25 43.9857 2611.28 1265.05 1238.25 1226.27 284.417 207.007 81.8824
internal_count=18472 4527 3850 211 132 13945 677 13853 6249 6060 5980 1408 1029 349
cat_boundaries=0 1
cat_threshold=4244
is_linear=0
shrinkage=0.05


Tree=113
num_leaves=15
num_cat=0
split_feature=9 21 23 10 6 6 10 19 12 5 6 9 1 1
split_gain=6.226 6.39774 6.05887 5.94908 9.00339 8.74171 4.98418 4.7854 5.82012 6.88404 4.71484 5.93092 4.23865 5.35598
threshold=3.4500000000000006 0.47727272727272735 3.9000000000000004 3.5366666666666675 33.500000000000007 18.500000000000004 3.8100000000000001 1.5000000000000002 10.900000000000002 6.5000000000000009 7.5000000000000009 0.95000000000000007 2.5000000000000004 4.5000000000000009
decision_type=10 2 10 10 8 10 10 2 10 2 8 10 2 2
left_child=3 7 -3 10 5 -5 -7 8 9 -2 11 -1 -10 -14
right_child=1 2 -4 4 -6 6 -8 -9 12 -11 -12 -13 13 -15
leaf_value=-0.010065276711767846 0.028681473951667192 -0.016814740842918282 0.034102743483021392 -0.014437993603230982 -0.028343570172161887 0.094233788700799848 0.036660220263955087 -0.020112757295549011 0.041025164107874289 -0.023058914277809168 -5.9914913971889568e-05 0.033164122472969036 -0.033102733021309907 0.013323265715312189
leaf_weight=12.073105275630949 7.5607649162411681 9.3134737908840197 15.676769416779278 5.909429941326386 6.6493330188095561 5.7067589387297657 11.014633882790802 89.262462237849832 8.6714657936245185 42.936086587607861 2935.7691003419459 23.144006561487913 8.2700568065047246 24.967907859012485
leaf_count=56 36 44 86 61 54 50 97 952 63 310 16244 143 68 208
internal_value=-0.000198927 -0.0085932 0.0151266 0.000379272 0.0228067 0.0378355 0.0563092 -0.0118561 -0.00388031 -0.015312 0.000158242 0.0183443 0.00989374 0.00177185
internal_weight=3206.93 206.659 24.9902 3000.27 29.2802 22.6308 16.7214 181.669 92.4063 50.4969 2970.99 35.2171 41.9094 33.238
internal_count=18472 1767 130 16705 262 208 147 1637 685 346 16443 199 339 276
is_linear=0
shrinkage=0.05


Tree=114
num_leaves=15
num_cat=1
split_feature=5 19 10 6 4 4 2 5 10 18 11 6 22 4
split_gain=5.13181 5.73501 8.47939 7.2679 11.1039 12.7215 8.31172 8.19246 6.65184 6.9112 6.2653 6.22747 6.09205 7.79081
threshold=6.5000000000000009 4.5000000000000009 0.94000000000000006 41.500000000000007 1675.0000000000002 1450.0000000000002 4.5000000000000009 12.500000000000002 1.0450000000000004 0 40.290000000000013 8.5000000000000018 3.1000000000000005 850.00000000000011
decision_type=2 2 8 10 2 2 2 2 10 9 10 10 10 2
left_child=-1 2 3 -2 5 6 7 -5 -4 10 -10 -3 -11 -14
right_child=1 11 8 4 -6 -7 -8 -9 9 12 -12 -13 13 -15
leaf_value=0.0072777651775378805 0.0076312759057355324 0.0219302139947458 -0.01198851759078725 0.025239586158554234 0.033176883115402601 -0.024589279286840612 -0.010724503443430254 -0.017109031024118645 -0.019918571063519588 0.010483021331634403 -0.0015997529137882945 -0.0053112080276056716 -0.02803376248173375 0.00022270333369958629
leaf_weight=214.65428516641259 575.25767152756453 21.604726415127516 142.20526944100857 48.307138904929161 19.00421953946352 66.235262602567673 60.21719828993082 14.956001117825506 83.453968819230795 144.96260532736778 105.91034092567861 724.78743681125343 25.030517164617777 959.62506406009197
leaf_count=984 2542 141 678 210 84 290 275 69 555 765 770 4710 175 6224
internal_value=-0.000189956 -0.00072579 0.000536467 0.00473144 -0.00326086 -0.00691091 0.00257183 0.015228 -0.00171428 -0.000606571 -0.00918777 -0.00452269 0.000905267 -0.000495592
internal_weight=3206.21 2991.56 2245.17 783.977 208.72 189.716 123.48 63.2631 1461.19 1318.98 189.364 746.392 1129.62 984.656
internal_count=18472 17488 12637 3470 928 844 554 279 9167 8489 1325 4851 7164 6399
cat_boundaries=0 2
cat_threshold=276882464 18
is_linear=0
shrinkage=0.05


Tree=115
num_leaves=15
num_cat=0
split_feature=3 8 10 7 7 21 5 8 6 12 10 12 12 22
split_gain=5.91922 5.92224 4.98835 5.0321 9.61806 6.2418 6.60239 5.73484 5.70346 5.79274 6.21606 5.33652 4.84879 4.7976
threshold=52.250000000000007 11.100000000000001 3.1291666666666669 5.5000000000000009 7.5000000000000009 0.24038461538461542 9.5000000000000018 6.7083333333333348 21.500000000000004 13.366666666666669 2.0225000000000009 11.775000000000002 15.450000000000001 4.6333333333333337
decision_type=2 10 10 10 10 2 2 10 10 10 10 10 10 10
left_child=2 12 3 5 7 11 -7 -5 13 10 -10 -1 -2 -6
right_child=1 -3 -4 4 8 6 -8 -9 9 -11 -12 -13 -14 -15
leaf_value=-0.018911963488178904 0.00087828524642569791 -0.016513175882504508 -0.037830550142009089 0.0068353487375382958 0.016055624094321239 -0.022093657827693708 0.015738604680274496 0.047395354404676737 0.013095365704640075 0.046882324192390884 -0.040226730452146642 -0.061366388367536655 0.030110014561187021 -0.036881487679814466
leaf_weight=30.39027051627636 2942.9694959148765 48.964009635150433 13.281548691913484 24.28172754496336 5.2556793168187168 22.051695585250854 24.175100952386856 13.593979366123675 14.370559453964239 6.2997377142310134 8.8203109931200725 9.7854753658175451 14.254858598113058 23.054970536381006
leaf_count=152 16329 707 160 142 44 97 113 94 97 51 98 57 63 236
internal_value=0.000185564 0.00073363 -0.008248 -0.00609014 0.00180889 -0.0148371 -0.00230862 0.0213928 -0.0110239 0.00436484 -0.00718492 -0.0292524 0.00101919 -0.0270541
internal_weight=3201.55 3006.19 195.361 182.08 95.677 86.4025 46.2268 37.8757 57.8013 29.4906 23.1909 40.1757 2957.22 28.3106
internal_count=18440 17099 1341 1181 762 419 210 236 526 246 195 209 16392 280
is_linear=0
shrinkage=0.05


Tree=116
num_leaves=15
num_cat=1
split_feature=3 8 15 4 11 11 1 2 12 1 22 23 0 13
split_gain=5.38098 5.42956 5.16415 6.11869 8.46808 5.3068 5.16162 4.59803 4.94538 6.02873 8.88258 6.87489 5.76101 4.467
threshold=52.250000000000007 10.900000000000002 0 1300.0000000000002 39.790000000000013 39.429166666666681 6.5000000000000009 7.5000000000000009 12.900000000000002 10.500000000000002 6.4500000000000011 1.7750000000000001 6.5000000000000009 1.0000000180025095e-35
decision_type=2 10 1 2 8 10 2 2 10 2 10 10 2 8
left_child=2 7 3 6 -5 -4 -1 8 -2 11 -11 -10 -13 -6
right_child=1 -3 5 4 13 -7 -8 -9 9 10 -12 12 -14 -15
leaf_value=0.00023019636452205626 0.00035343974466714055 -0.014440540406037551 0.0052311031018504204 -0.030774854302694443 0.032999761197919822 -0.024078964390273076 -0.044702158914591519 -0.0094124461714245721 -0.034978466279200059 0.0084655252482669172 -0.019182661750978477 0.0070342113867649658 0.024384689754225961 0.0053767642532651042
leaf_weight=13.66757367923856 2299.324007358402 58.094110338017344 19.827329944819212 12.32178085669875 21.663138780742884 69.843321107327938 12.006232172250746 102.43809978291392 8.951605983078478 62.270899953320622 54.452698938548565 365.87721036747098 55.039804168045521 45.117035582661629
leaf_count=82 12560 832 116 71 147 572 74 670 41 322 361 2033 280 279
internal_value=0.000175425 0.000696786 -0.00788563 0.000389479 0.00731033 -0.0158325 -0.0207822 0.00099505 0.00136967 0.00564458 -0.00443262 0.00838087 0.00930299 0.0143375
internal_weight=3200.89 3006.45 194.446 104.776 79.102 89.6707 25.6738 2948.35 2845.92 546.592 116.724 429.869 420.917 66.7802
internal_count=18440 17099 1341 653 497 688 156 16267 15597 3037 683 2354 2313 426
cat_boundaries=0 1
cat_threshold=6
is_linear=0
shrinkage=0.05


Tree=117
num_leaves=15
num_cat=3
split_feature=24 8 19 5 21 12 15 18 12 10 3 18 10 10
split_gain=6.12305 7.65376 5.09512 9.60467 7.68625 7.67364 7.43568 8.8938 8.53025 4.99869 5.05024 6.05444 9.25465 9.75742
threshold=-2.4499999999999997 3.9000000000000004 4.5000000000000009 6.5000000000000009 0.44949494949494956 10.708333333333334 0 1 10.225000000000001 4.1100000000000012 55.500000000000007 2 0.96000000000000019 1.3366666666666671
decision_type=8 10 2 2 2 10 1 9 10 10 2 9 8 8
left_child=1 -1 9 4 -4 6 7 8 -5 10 11 -2 -13 -14
right_child=2 -3 3 5 -6 -7 -8 -9 -10 -11 -12 12 13 -15
leaf_value=0.038458185961516782 -0.0052698144705373515 -0.022698011534485973 0.028043277387653054 0.00056475829978350548 -0.01714363114825319 -0.0019136220969481117 -0.022271640477331957 -0.013215889910071429 0.062095274224107926 0.024327072286808749 0.0038147073939872635 0.011585129295317914 -0.013636918242952246 0.002260017204211933
leaf_weight=5.7074618190526953 463.61278804950416 49.371783388778567 40.618750605732203 11.676966696977617 12.248735114932058 588.79974561743438 91.632122142240405 35.979572031646967 10.882059037685393 23.995666498318315 1116.8242027983069 187.39482864737511 123.85722541809082 437.44583239778876
leaf_count=29 2705 452 217 68 52 3868 542 219 63 187 5885 819 615 2719
internal_value=0.000165999 -0.0163608 0.000455441 -0.00301388 0.017574 -0.00448678 -0.0145758 0.00108929 0.0209564 0.00162288 0.00138897 -0.000845702 0.00193832 -0.0012478
internal_weight=3200.05 55.0792 3144.97 791.838 52.8675 738.97 150.171 58.5386 22.559 2353.13 2329.13 1212.31 748.698 561.303
internal_count=18440 481 17959 5029 269 4760 892 350 131 12930 12743 6858 4153 3334
cat_boundaries=0 1 2 4
cat_threshold=5 164 75794470 19
is_linear=0
shrinkage=0.05


Tree=118
num_leaves=15
num_cat=0
split_feature=24 8 19 5 12 21 1 22 11 21 10 2 21 7
split_gain=5.58914 6.93728 4.64794 8.64489 7.34495 6.86344 6.54933 6.98477 7.27323 6.4784 7.27723 7.12792 6.0363 5.12756
threshold=-2.4499999999999997 3.9000000000000004 4.5000000000000009 6.5000000000000009 11.550000000000002 0.44949494949494956 11.500000000000002 7.1000000000000005 40.810000000000009 0.29285714285714287 0.67750000000000021 3.5000000000000004 0.57738095238095244 2.5000000000000004
decision_type=8 10 2 2 10 2 2 10 10 2 10 2 2 10
left_child=1 -1 -2 5 9 -4 -6 8 -8 -5 12 -12 -11 -13
right_child=2 -3 3 4 6 -7 7 -9 -10 10 11 13 -14 -15
leaf_value=0.036023944889581924 0.0015399837017666567 -0.021886966346403913 0.026363079091455112 -0.017062092184292794 0.0024604422510138939 -0.016287050869815856 0.022694423443282871 -0.040999004501273334 -0.03102224479894854 -0.040534357716052842 -0.015303170830418215 -0.0096401216451608186 -0.0060327818079676451 0.01906840037389675
leaf_weight=5.7863600924611083 2353.6400502547622 48.659723050892353 41.036002837121487 159.67260177433491 360.48994468338788 12.248287975788115 14.359751407057049 18.831533070653677 11.229479245841501 19.308605700731277 33.921666838228703 20.730212762951851 36.914529860019684 62.284653291106224
leaf_count=29 12930 452 217 1200 2417 52 77 177 73 84 179 88 158 307
internal_value=0.000150595 -0.0157324 0.00042559 -0.0028902 -0.00429496 0.0165592 0.000228231 -0.0178869 -0.000878392 -0.0097977 -0.00309911 0.00400831 -0.0178816 0.0118994
internal_weight=3199.11 54.4461 3144.67 791.027 737.743 53.2843 404.911 44.4208 25.5892 332.832 173.16 116.937 56.2231 83.0149
internal_count=18440 481 17959 5029 4760 269 2744 327 150 2016 816 574 242 395
is_linear=0
shrinkage=0.05


Tree=119
num_leaves=15
num_cat=1
split_feature=24 8 3 8 10 24 18 24 23 22 0 6 12 8
split_gain=5.10427 6.29134 4.63511 5.38341 5.90088 5.34448 4.93632 5.9746 7.67674 8.68733 7.82396 5.87147 6.98326 11.2931
threshold=-2.4499999999999997 3.9000000000000004 52.250000000000007 11.450000000000001 4.0675000000000017 -0.63333333333333319 0 -0.54999999999999993 7.4500000000000011 3.3666666666666671 5.5000000000000009 37.500000000000007 11.366666666666669 6.9000000000000012
decision_type=8 10 2 10 10 8 9 8 10 10 2 10 10 10
left_child=1 -1 6 4 -4 -6 11 8 9 -8 -11 12 -2 -14
right_child=2 -3 3 -5 5 -7 7 -9 -10 10 -12 -13 13 -15
leaf_value=0.033791064058313891 0.043283581014288065 -0.021096105078118339 0.00090609865047687357 -0.019067717022029237 0.046800674905569779 0.0002966551737170865 -0.0134401816020303 -0.01848807578923117 -0.034206632371667552 0.069964944388994185 0.0039296205585424354 -0.027837225304709001 -0.047032971771579113 0.032545200268759719
leaf_weight=5.8583540469408026 15.360300015658138 47.977423181757331 2899.4121991191059 33.420430388301611 13.405262332409619 11.459881231188776 14.224729042500256 102.40765693597496 10.093050183728336 9.5167994014918822 8.4845352955162507 8.5960289239883405 7.9781917482614544 10.105067186057566
leaf_count=29 90 452 16000 492 109 86 80 669 122 66 57 49 48 91
internal_value=0.000142302 -0.0151233 0.000403662 0.000886053 0.0011141 0.0253678 -0.00723565 -0.0111847 0.00384581 0.0157637 0.0388406 0.00728662 0.0184933 -0.00256406
internal_weight=3198.3 53.8358 3144.46 2957.7 2924.28 24.8651 186.766 144.727 42.3191 32.2261 18.0013 42.0396 33.4436 18.0833
internal_count=18440 481 17959 16687 16195 195 1272 994 325 203 123 278 229 139
cat_boundaries=0 1
cat_threshold=128
is_linear=0
shrinkage=0.05


Tree=120
num_leaves=15
num_cat=1
split_feature=15 0 6 22 6 5 11 11 9 11 1 11 19 9
split_gain=6.06236 9.27854 9.28442 7.59759 6.9829 10.2266 6.78813 5.87052 9.80604 11.4785 5.86116 8.40234 9.99261 9.48903
threshold=0 1.5000000000000002 35.500000000000007 1.7750000000000001 58.500000000000007 11.500000000000002 39.190000000000012 40.963333333333345 2.7500000000000004 40.222500000000011 11.500000000000002 38.56333333333334 2.5000000000000004 0.8500000000000002
decision_type=1 2 10 10 10 2 10 8 10 10 2 8 2 10
left_child=1 -1 7 -4 5 -5 -6 8 9 -3 -2 -12 -13 -14
right_child=10 2 3 4 6 -7 -8 -9 -10 -11 11 12 13 -15
leaf_value=-0.01379999951921458 -0.00045318100393955076 0.0095946695529291783 0.0394409422358745 -0.023325069080874099 0.032321326825898965 0.023415348210628455 -0.0033808309917539984 0.0026142949693098586 -0.017533572042081148 0.032578353795753294 -0.033742558100829288 0.0045800311147132598 0.00081954313216865476 -0.030593761723102915
leaf_weight=64.488683158531785 2301.6399482358247 152.64715200290084 9.6454665809869748 73.053986713290215 17.455576032400131 13.935050725936888 56.110589575022459 158.18817892298102 21.444726092740893 84.336219500750303 29.223444946110249 118.60367804393172 42.377986177802086 55.555082615464926
leaf_count=359 13180 778 44 389 85 82 302 1046 183 451 159 729 209 477
internal_value=-0.000129389 0.00413872 0.00618063 -0.0036591 -0.00624837 -0.0158376 0.00509048 0.0102005 0.0148441 0.017774 -0.00123205 -0.00857655 -0.00518018 -0.0170005
internal_weight=3198.71 651.306 586.817 170.201 160.555 86.989 73.5662 416.616 258.428 236.983 2547.4 245.76 216.537 97.9331
internal_count=18473 3719 3360 902 858 471 387 2458 1412 1229 14754 1574 1415 686
cat_boundaries=0 1
cat_threshold=4
is_linear=0
shrinkage=0.05


Tree=121
num_leaves=15
num_cat=2
split_feature=15 0 6 22 18 12 6 8 23 24 12 0 4 22
split_gain=5.46408 8.38324 8.3507 6.84939 6.62435 6.73296 7.0772 5.62843 5.60787 5.41138 4.98786 8.08156 11.1515 7.45908
threshold=0 1.5000000000000002 35.500000000000007 1.7750000000000001 1 8.7750000000000021 50.500000000000007 5.1000000000000005 5.366666666666668 0.90000000000000013 10.633333333333335 2.5000000000000004 1100.0000000000002 1.7083333333333337
decision_type=1 2 10 10 9 10 10 10 10 10 10 2 2 10
left_child=1 7 -3 -4 5 -5 9 -1 -9 -7 -2 12 -12 -13
right_child=10 2 3 4 -6 6 -8 8 -10 -11 11 13 -14 -15
leaf_value=-0.026162841754318319 -0.0045465746754927757 0.0096614430068186624 0.03739664344012554 -0.032366577331158587 -0.014723580906397188 -0.018707711945579991 0.027622896082378612 0.040684194664759844 -0.0098653680998534755 0.024187734129335073 0.041212715508084169 -0.020339093227701142 0.0048124995079315454 -0.00067099190988938184
leaf_weight=36.264570251107216 766.99576883390546 417.77378295175731 9.6636006832122785 10.214830935001372 83.241145133972168 22.866625525057316 33.146474197506905 7.4977123141288784 20.454820170998573 10.836664848029612 22.549916472285986 49.935125149786472 314.42952816560864 1392.0517040416598
leaf_count=160 4019 2458 44 49 449 141 165 39 160 54 126 248 1852 8509
internal_value=-0.00012375 0.00392564 0.00585997 -0.00348382 -0.00594819 0.00481613 0.0112182 -0.0131669 0.00369355 -0.00491548 -0.00117152 0.00027704 0.00724832 -0.00135209
internal_weight=3197.92 651.96 587.743 169.969 160.306 77.0646 66.8498 64.2171 27.9525 33.7033 2545.96 1778.97 336.979 1441.99
internal_count=18473 3719 3360 902 858 409 360 359 199 195 14754 10735 1978 8757
cat_boundaries=0 1 3
cat_threshold=4 1154 8
is_linear=0
shrinkage=0.05


Tree=122
num_leaves=15
num_cat=3
split_feature=18 1 8 7 15 1 16 6 9 11 9 7 11 1
split_gain=4.96156 11.6231 6.55318 6.73203 4.84386 7.05168 6.65194 10.6296 9.73891 7.14609 9.99047 8.15567 11.0745 8.10451
threshold=0 10.500000000000002 8.4500000000000011 7.5000000000000009 1 1.5000000000000002 2 33.500000000000007 1.1500000000000001 40.963333333333345 2.7500000000000004 6.5000000000000009 39.145000000000017 5.5000000000000009
decision_type=9 2 10 10 1 2 1 10 10 8 10 10 10 2
left_child=1 2 3 -1 5 -2 8 9 -7 10 11 13 -13 -8
right_child=4 -3 -4 -5 -6 6 7 -9 -10 -11 -12 12 -14 -15
leaf_value=-0.0046481483098834396 -0.011633285351167533 -0.042259242878441045 -0.041225027600758329 0.028582353083443646 -0.00065209318188995554 -0.00039389672765365567 0.026321808303595408 -0.0053066398010472755 0.045521285978078946 0.00047550728611227532 -0.020032167344440594 -0.0063293234678518428 0.045979486187292591 0.0015634320915581476
leaf_weight=145.69216569513083 62.631678968667984 22.004343766719103 10.896043147891758 17.021593406796455 2366.1284732203931 21.578121796250343 56.774023897945881 182.80898080021143 24.847378220409155 132.03516680002213 18.296440513804555 13.036544468253849 45.204956382513046 79.114338599145412
leaf_count=663 352 129 94 113 13842 95 255 993 147 877 161 95 298 359
internal_value=-0.000120387 -0.00763449 -0.00368569 -0.00117188 0.000393285 0.00423038 0.00603599 0.0044384 0.0241804 0.00961019 0.0152879 0.0186168 0.0342709 0.0119075
internal_weight=3198.07 195.614 173.61 162.714 3002.46 636.328 573.696 527.27 46.4255 344.461 212.426 194.13 58.2415 135.888
internal_count=18473 999 870 776 17474 3632 3280 3038 242 2045 1168 1007 393 614
cat_boundaries=0 2 3 4
cat_threshold=3221225476 21 4 1
is_linear=0
shrinkage=0.05


Tree=123
num_leaves=15
num_cat=2
split_feature=9 10 4 16 14 1 15 0 11 8 22 4 7 10
split_gain=4.65575 6.4933 7.41462 7.96388 7.04542 5.64653 4.77834 7.21013 6.8078 6.77917 6.90452 6.13625 8.94131 10.7589
threshold=6.1500000000000012 3.5633333333333339 1550.0000000000002 0 4.5000000000000009 5.5000000000000009 1 1.5000000000000002 41.845000000000013 6.7750000000000012 8.7083333333333339 1900.0000000000002 3.5000000000000004 1.6900000000000006
decision_type=10 10 2 1 8 2 1 2 10 10 10 2 10 10
left_child=1 6 3 4 -3 -5 7 -1 -8 -10 -11 -9 -13 -14
right_child=-2 2 -4 5 -6 -7 8 11 9 10 -12 12 13 -15
leaf_value=-0.012619185397894157 -0.024818948194665947 0.029119139429319527 -0.037630842685525003 0.068833345127844253 -0.022787119929126135 0.020382153385837092 -0.00040642569155920977 0.0037692530980050574 -0.015903772709282029 0.0067969739095513765 -0.031528643941944455 -0.010090501673625739 0.067388473865522089 0.011266871225357649
leaf_weight=61.794786334037781 18.959633737802505 13.465180547907947 5.6024488899856797 11.620523981750013 12.706564929336311 12.462063351646064 2242.3601882643998 526.82891928032041 148.04714608192444 80.894977126270533 13.74884016998112 14.990559324622152 15.336362101137636 19.269838128238916
leaf_count=342 178 81 93 96 146 114 12528 2927 788 699 178 64 81 158
internal_value=-0.000115431 3.18952e-05 0.0169291 0.0230116 0.00391829 0.0437612 -0.000270296 0.00355634 -0.0012623 -0.00922222 0.00122944 0.00535211 0.0221656 0.0361382
internal_weight=3198.09 3179.13 55.8568 50.2543 26.1717 24.0826 3123.27 638.22 2485.05 242.691 94.6438 576.426 49.5968 34.6062
internal_count=18473 18295 530 437 227 210 17765 3572 14193 1665 877 3230 303 239
cat_boundaries=0 1 2
cat_threshold=2 4
is_linear=0
shrinkage=0.05


Tree=124
num_leaves=15
num_cat=2
split_feature=18 1 8 7 10 5 11 15 9 22 10 2 11 23
split_gain=4.48218 10.7271 6.09322 5.99807 5.58449 4.09268 8.37928 6.03618 6.02514 5.1575 4.94948 4.74948 4.7788 4.42658
threshold=0 10.500000000000002 8.4500000000000011 7.5000000000000009 -0.5099999999999999 6.5000000000000009 38.445000000000014 1 1.5500000000000003 5.6333333333333337 2.4633333333333343 4.5000000000000009 39.222500000000011 1.7750000000000001
decision_type=9 2 10 10 8 2 8 1 10 10 8 2 10 10
left_child=1 2 3 -1 -2 6 -6 -8 11 -10 -11 12 -9 -7
right_child=4 -3 -4 -5 5 13 7 8 9 10 -12 -13 -14 -15
leaf_value=-0.0044058858489936185 0.034592448177702635 -0.040829553364295938 -0.040171178280499209 0.026748785058301999 0.040147617501179123 -0.010628841774091896 -0.0095275203243573997 0.018035063657684536 0.0091802307201008099 0.065438402488788863 0.015966546482300458 0.026470465481821366 -0.018058031836753946 0.00016778004286131475
leaf_weight=145.56557826697826 11.879267394542694 21.637775294482708 10.629696208983658 17.283492747694254 17.91601974517107 98.363369271159172 49.060510039329529 13.109235003590582 22.767702355980873 11.526269793510435 9.0059686899185198 13.765377178788183 30.526105470955372 2724.9088437948376
leaf_count=663 65 129 94 113 79 440 235 55 101 62 58 62 133 16184
internal_value=-0.000110589 -0.00726173 -0.00349346 -0.00109938 0.000377002 0.000242368 0.0078318 0.00396583 0.0104482 0.0255674 0.0437388 0.000863412 -0.00721469 -0.000208376
internal_weight=3197.95 195.117 173.479 162.849 3002.83 2990.95 167.677 149.761 100.701 43.2999 20.5322 57.4007 43.6353 2823.27
internal_count=18473 999 870 776 17474 17409 785 706 471 221 120 250 188 16624
cat_boundaries=0 2 3
cat_threshold=3221225476 21 2
is_linear=0
shrinkage=0.05


Tree=125
num_leaves=15
num_cat=5
split_feature=10 19 18 20 9 16 10 11 1 18 18 21 11 16
split_gain=5.05785 4.80621 9.64061 8.15372 6.75806 6.04952 5.32661 7.74146 5.16714 8.43796 7.0613 12.6331 12.7591 9.71614
threshold=5.3366666666666669 4.5000000000000009 0 0.41428571428571431 1.8500000000000003 1 0.79000000000000037 40.963333333333345 4.5000000000000009 2 3 0.63068181818181823 39.922500000000007 4
decision_type=10 2 9 2 10 1 10 10 2 9 9 2 10 1
left_child=1 8 4 -4 5 6 -3 -8 9 -1 11 -10 -13 -14
right_child=-2 2 3 -5 -6 -7 7 -9 10 -11 -12 12 13 -15
leaf_value=0.0016717325991400191 -0.037674558959721993 -0.015394685750836605 -0.013378549617975381 0.036794375383875998 -0.0088915863614738005 0.0094790504951968481 0.011819593538993591 -0.014146171957638277 0.0031803551836938355 -0.0084511969901716246 -0.00028348123622230905 0.037358005259792382 0.028785803255243953 -0.0096077087027649777
leaf_weight=538.87336609698832 9.0355819668620807 58.383383199572563 249.25707005336881 8.3695083484053594 145.71313548274338 211.45916442573071 83.122725997120142 43.847142543643713 517.81114143133163 321.7507506031543 885.70204723998904 60.66436729580164 27.607012078166008 40.879038065671921
leaf_count=2898 75 251 1653 39 1334 1154 463 265 3144 1768 4870 271 119 178
internal_value=-0.000318476 -0.00021278 -0.00356747 -0.0113096 0.000311705 0.00369909 -0.00289494 0.00285271 0.000908801 -0.00219157 0.00264973 0.00656821 0.0206599 0.00586888
internal_weight=3202.48 3193.44 800.152 257.627 542.526 396.812 185.353 126.97 2393.29 860.624 1532.66 646.962 129.15 68.4861
internal_count=18482 18407 5159 1692 3467 2133 979 728 13248 4666 8582 3712 568 297
cat_boundaries=0 2 3 5 7 8
cat_threshold=6308 2 4 263334 24 75516048 4 2
is_linear=0
shrinkage=0.05


Tree=126
num_leaves=15
num_cat=2
split_feature=0 18 15 5 8 6 1 23 2 22 11 8 21 22
split_gain=6.64746 8.81343 7.91172 7.40319 9.7061 8.06632 8.21761 7.78362 6.15073 6.09322 7.79273 7.56958 6.46439 5.58956
threshold=6.5000000000000009 0 1 9.5000000000000018 9.7750000000000021 11.500000000000002 8.5000000000000018 2.4500000000000006 4.5000000000000009 5.366666666666668 39.64500000000001 4.6333333333333337 0.24038461538461542 1.5500000000000003
decision_type=2 9 1 2 10 10 2 10 2 10 10 8 2 10
left_child=-1 3 13 7 5 -5 -7 -2 9 -8 11 -11 -12 -3
right_child=1 2 -4 4 -6 6 8 -9 -10 10 12 -13 -14 -15
leaf_value=-0.0018582215737492644 0.057223093382984737 -0.027930128389580245 -0.0062710987009651151 0.051322796391657592 -0.031074396161224108 -0.026400806113200222 0.0040190843666958811 0.014558402308230484 0.0010444954098172445 0.037258452688987628 0.026259664524397076 -0.01954131061193759 0.072273929536877821 0.0073020601196059623
leaf_weight=2184.4646812994033 11.751119583845137 11.817556619644163 319.05289412103593 9.6755819618701917 18.323520384728909 19.537048920989037 51.304213084280491 118.40360799431801 162.48105884343386 10.686512470245363 19.990437589585781 13.002701278775929 12.347202923148869 237.50292149372399
leaf_count=12647 51 54 1871 61 270 102 257 630 918 50 152 79 64 1276
internal_value=-0.000304233 0.00303735 -0.00113997 0.00818551 0.00424989 0.00641448 0.00491278 0.0184104 0.00718019 0.0164686 0.0278687 0.0060818 0.0438289 0.0054149
internal_weight=3200.34 1015.88 568.373 447.503 317.348 299.025 289.349 130.155 269.812 107.331 56.0269 23.6892 32.3376 249.32
internal_count=18482 5835 3201 2634 1953 1683 1622 681 1520 602 345 129 216 1330
cat_boundaries=0 1 2
cat_threshold=8424592 12
is_linear=0
shrinkage=0.05


Tree=127
num_leaves=15
num_cat=2
split_feature=0 12 15 9 9 11 18 1 11 9 12 9 19 5
split_gain=5.98723 8.47491 10.0442 9.46456 7.50196 7.08465 6.72513 5.5735 5.01574 4.95047 4.76606 7.13731 6.96291 8.65632
threshold=6.5000000000000009 9.3666666666666689 0 4.0500000000000007 3.3500000000000001 41.163333333333348 1 7.5000000000000009 38.990000000000016 4.6500000000000012 11.450000000000001 4.2500000000000009 4.5000000000000009 6.5000000000000009
decision_type=2 10 1 10 10 10 9 2 10 10 8 10 2 2
left_child=9 8 3 4 7 -5 -4 -3 -2 10 11 12 -1 -14
right_child=1 2 6 5 -6 -7 -8 -9 -10 -11 -12 -13 13 -15
leaf_value=-0.0020415113174687693 -0.032418622534511103 0.026760830379031625 0.00635962726457397 0.016627681357107484 -0.028603208525544984 0.091029855948403571 -0.0052303400154819621 0.0080442854494999563 -0.0051002256010580426 -0.018627531042079943 0.00094027864605591342 0.034553540564455899 0.016194318182714936 -0.015016478953787125
leaf_weight=825.73147419840097 20.857584089040756 45.004063870757818 203.71307809092104 6.6122294776141626 12.857032623142002 6.1992291659116745 292.24459820427001 342.36803979612887 86.415021672844887 42.681604724377394 1065.1782260518521 12.008022421970962 24.807132761925459 212.68287786468863
leaf_count=4356 95 219 1255 48 112 55 1754 1851 446 383 6383 94 121 1310
internal_value=-0.000290676 0.00287949 0.00444803 0.0100817 0.00897161 0.0526295 -0.000438192 0.0102187 -0.0104119 -0.00176645 -0.00143023 -0.00377857 -0.0042115 -0.0117563
internal_weight=3199.36 1016.27 908.998 413.041 400.229 12.8115 495.958 387.372 107.273 2183.09 2140.41 1075.23 1063.22 237.49
internal_count=18482 5835 5294 2285 2182 103 3009 2070 541 12647 12264 5881 5787 1431
cat_boundaries=0 1 2
cat_threshold=12 8423552
is_linear=0
shrinkage=0.05


Tree=128
num_leaves=15
num_cat=2
split_feature=12 3 18 10 4 4 21 14 18 4 12 10 22 19
split_gain=4.7609 9.52566 7.19401 6.72002 6.53115 6.34243 6.06206 7.45627 6.88628 6.34438 7.2573 6.57827 5.9108 5.6948
threshold=10.708333333333334 54.250000000000007 0 2.3366666666666673 1550.0000000000002 1450.0000000000002 0.68333333333333346 3.5000000000000004 1 1300.0000000000002 12.900000000000002 0.077499999999999999 7.2250000000000005 2.5000000000000004
decision_type=8 2 9 10 2 2 2 8 9 2 10 10 10 2
left_child=1 5 -3 4 -4 -1 7 -2 -8 10 -10 -11 13 -7
right_child=6 2 3 -5 -6 12 8 -9 9 11 -12 -13 -14 -15
leaf_value=-0.0049963939869353338 0.034073758797010474 -0.0028433511709301989 0.0059115899866479275 -0.026839464936178611 0.027552988410511178 -0.024466802675217954 0.014872277363383713 -0.00034853257946974587 0.00031470041271941529 -0.034985397806630611 0.038163492507032437 -0.0015662229144534096 -0.050290982607934159 -0.00029607621804440349
leaf_weight=371.24956724047661 15.862578034400938 303.80176318064332 107.44626549631357 11.380137380212544 51.607312239706516 58.555392693728209 146.14188374578953 1910.0852551534772 35.000944547355175 17.407751016318798 19.846782028675079 95.554575361311436 12.959088008850811 41.740163806825876
leaf_count=2063 93 1552 546 98 259 297 645 11865 154 83 87 409 108 223
internal_value=-0.00027684 -0.0032253 0.00181224 0.00970815 0.0129335 -0.00815608 0.000985185 -6.50222e-05 0.00742772 5.48927e-05 0.0140104 -0.00671619 -0.0185136 -0.0144076
internal_weight=3198.64 958.74 474.235 170.434 159.054 484.504 2239.9 1925.95 313.952 167.81 54.8477 112.962 113.255 100.296
internal_count=18482 5146 2455 903 805 2691 13336 11958 1378 733 241 492 628 520
cat_boundaries=0 2 3
cat_threshold=1073743874 27 2192
is_linear=0
shrinkage=0.05


Tree=129
num_leaves=15
num_cat=2
split_feature=10 12 3 18 2 9 14 9 6 10 6 22 18 11
split_gain=4.52907 4.08294 8.47933 6.57543 9.3446 10.8272 6.40013 6.23427 9.20543 7.17232 6.91919 6.83423 7.37371 6.92822
threshold=5.3366666666666669 10.708333333333334 54.250000000000007 0 4.5000000000000009 1.1500000000000001 3.5000000000000004 0.65000000000000002 29.500000000000004 1.7225000000000004 89.500000000000014 10.100000000000001 1 38.210000000000015
decision_type=10 8 2 9 2 10 8 8 8 10 10 10 9 8
left_child=1 2 -1 -4 5 -5 -3 9 -9 10 -8 12 13 -10
right_child=-2 6 3 4 -6 -7 7 8 11 -11 -12 -13 -14 -15
leaf_value=-0.0076087492060862407 -0.036160088942298753 0.030328508622731329 -0.0026287920611027023 0.041379096968372338 0.0004397323644607195 0.00079773285855345836 0.0046718300587022662 -0.0038240072759488444 -0.027669240071841867 0.021284067846700283 -0.014009354175478668 -0.018426788656586649 0.011580149217446501 0.0019811918235575657
leaf_weight=477.50935546681285 8.7620349619537574 18.452602669596672 303.14602190256119 39.241413444280624 102.80657109990716 28.282355206087232 593.63708698749542 1004.8719982840121 21.806299649178982 59.267492927610874 54.081948697566986 30.69771147146821 250.42743565514684 204.11360332369804
leaf_count=2658 75 102 1549 173 563 162 2666 7178 115 317 239 243 1361 1081
internal_value=-0.000261615 -0.000162961 -0.00290741 0.00183398 0.00938025 0.0243816 0.00100356 0.000759694 -0.00105263 0.00463541 0.00311203 0.00443975 0.00591336 -0.000843403
internal_weight=3197.1 3188.34 950.986 473.476 170.33 67.5238 2237.36 2218.9 1511.92 706.987 647.719 507.045 476.347 225.92
internal_count=18482 18407 5105 2447 898 335 13302 13200 9978 3222 2905 2800 2557 1196
cat_boundaries=0 2 4
cat_threshold=1073743874 27 2078 4
is_linear=0
shrinkage=0.05


Tree=130
num_leaves=15
num_cat=0
split_feature=3 7 12 14 24 12 2 20 23 12 19 6 1 8
split_gain=5.20663 6.27413 4.75096 4.5913 6.79668 4.31481 10.2579 6.55953 8.21762 11.0406 8.47221 6.98146 11.9074 8.84497
threshold=51.500000000000007 14.500000000000002 14.450000000000001 2.5000000000000004 -1.0000000180025095e-35 12.900000000000002 6.5000000000000009 0.095454545454545472 4.1000000000000005 13.775000000000002 5.5000000000000009 29.500000000000004 3.5000000000000004 8.5500000000000025
decision_type=2 10 8 8 10 10 2 2 10 10 2 10 2 10
left_child=2 3 -1 4 -2 -5 7 8 9 -7 11 -10 -13 -14
right_child=1 -3 -4 5 -6 6 -8 -9 10 -11 -12 12 13 -15
leaf_value=-0.012513405994031324 0.038358768415782507 -0.035452858733230584 0.02809624304540816 -0.00068241066434999477 0.0028006312530659445 0.044700020497391219 -0.014007177392632245 -0.0035859586701458162 -0.0029492708843254205 0.0050915940151876424 0.023209499293615606 0.043936789402770016 -0.0069352590453678727 0.035723226310765632
leaf_weight=116.89195245876908 19.612585108727217 12.142140123993157 7.6750592850148669 2372.9220907539129 42.691207550466061 35.37513367831707 69.672626562416553 126.18881257995963 188.13347690552473 35.001594610512257 60.437816826626658 24.236136041581631 51.71658144146204 15.883335810154675
leaf_count=865 98 143 45 13365 199 162 443 610 1323 174 504 123 251 104
internal_value=8.66654e-06 0.00041736 -0.0100113 0.000560542 0.013994 0.000279645 0.00404277 0.00638476 0.00944767 0.0250009 0.00623215 0.0025672 0.0138681 0.00308782
internal_weight=3178.58 3054.01 124.567 3041.87 62.3038 2979.57 606.646 536.973 410.784 70.3767 340.407 279.97 91.8361 67.5999
internal_count=18409 17499 910 17356 297 17059 3694 3251 2641 336 2305 1801 478 355
is_linear=0
shrinkage=0.05


Tree=131
num_leaves=15
num_cat=0
split_feature=11 20 24 2 23 10 1 10 9 10 7 3 10 6
split_gain=4.78397 7.00237 13.7422 6.94227 6.87214 6.9647 10.5969 11.9163 6.77383 6.56838 6.53703 7.92809 7.5257 9.45375
threshold=40.463333333333345 0.27922077922077926 -0.89999999999999991 6.5000000000000009 6.7750000000000012 2.1775000000000007 3.5000000000000004 2.2100000000000004 5.8500000000000005 1.4633333333333336 10.500000000000002 56.250000000000007 1.0100000000000005 39.500000000000007
decision_type=8 2 10 2 8 8 2 8 10 10 10 2 10 10
left_child=3 4 -3 -1 8 -6 -7 -8 -2 -4 11 12 -5 -14
right_child=1 2 9 10 5 6 7 -9 -10 -11 -12 -13 13 -15
leaf_value=0.0030595307555953476 0.0019375704842417756 0.027939513722481647 -0.01339059516472157 -0.018638893992093713 -0.013245095987141735 -0.015574980013328363 0.083357343991018795 0.0043790809922388966 -0.037350117605431297 -0.044146336879117815 -0.037645130807054852 0.020187458097126229 0.012301437028633047 -0.032436909559396494
leaf_weight=1461.8071016557515 927.0087212510407 18.197912435978651 102.34037670493126 85.330559767782688 192.08149989694357 78.673449488356709 4.9242665208876133 158.62600578181446 11.102784648537634 20.906130447983742 15.851818118244408 28.274808946996927 58.215938329696655 14.812748171389101
leaf_count=7732 4974 90 451 391 1411 697 51 1639 81 103 161 161 377 90
internal_value=7.51739e-06 -0.00202647 -0.012619 0.00185766 -0.000934782 -0.00613478 -0.000496349 0.006757 0.00147259 -0.0186076 -0.00681902 -0.00420079 -0.00855528 0.00322695
internal_weight=3178.15 1513.86 141.444 1664.29 1372.42 434.305 242.224 163.55 938.112 123.247 202.486 186.634 158.359 73.0287
internal_count=18409 9497 644 8912 8853 3798 2387 1690 5055 554 1180 1019 858 467
is_linear=0
shrinkage=0.05


Tree=132
num_leaves=15
num_cat=0
split_feature=7 22 10 20 24 9 9 24 9 23 6 4 22 23
split_gain=4.51566 4.1679 3.95566 10.4531 15.3303 7.35588 6.24114 16.5271 6.345 6.30166 5.71877 5.44052 8.08858 6.58262
threshold=14.500000000000002 8.3666666666666689 0.8633333333333334 0.27922077922077926 -0.89999999999999991 1.3500000000000003 0.25000000000000006 -0.36666666666666664 -1.0000000180025095e-35 2.2250000000000005 251.50000000000003 950.00000000000011 1.9000000000000001 3.7083333333333335
decision_type=10 10 8 2 10 8 8 10 10 8 10 2 8 10
left_child=2 -2 -1 6 5 -5 7 8 -4 -8 11 13 -13 -11
right_child=1 -3 3 4 -6 -7 9 -9 -10 10 -12 12 -14 -15
leaf_value=0.0029002343659673569 -0.0019256200584359961 -0.058505471985345364 -0.041112813937293775 0.042560725184031034 -0.022153094618018544 -0.012877996322637079 0.016217524915464427 0.020179421411760316 -0.0022633125172358461 0.0097824580798067801 -0.03828066020380843 -0.029518126441685985 -3.6361412834660378e-05 -0.017008700406626505
leaf_weight=914.38427751511335 6.7111151441931707 6.3200978636741638 15.756399706006048 15.37520709633827 113.26853559911251 9.7953552491962927 52.350676000118256 109.16478674858809 31.564044550061226 29.589219279587269 10.434678811579941 23.580841097980738 1737.5923289060593 101.83574602939188
leaf_count=4030 66 92 74 68 523 55 254 501 153 136 60 144 11540 713
internal_value=6.15384e-06 -0.0293667 0.000127102 -0.000999726 -0.0143096 0.0209862 -0.000127222 0.00948111 -0.0151991 -0.000896157 -0.00136694 -0.00116342 -0.000431101 -0.0109769
internal_weight=3177.72 13.0312 3164.69 2250.31 138.439 25.1706 2111.87 156.485 47.3204 1955.38 1903.03 1892.6 1761.17 131.425
internal_count=18409 158 18251 14221 646 123 13575 728 227 12847 12593 12533 11684 849
is_linear=0
shrinkage=0.05


Tree=133
num_leaves=15
num_cat=2
split_feature=3 7 18 18 19 12 23 14 10 9 10 21 10 9
split_gain=4.67415 5.4184 5.27841 4.57497 10.8271 6.76922 6.19232 4.36739 8.18665 4.83268 8.95935 6.92614 4.79534 4.50069
threshold=51.500000000000007 14.500000000000002 0 1 2.5000000000000004 11.450000000000001 3.7083333333333335 3.5000000000000004 0.26333333333333347 1.4500000000000002 2.1900000000000008 0.31666666666666671 -0.5099999999999999 2.2500000000000004
decision_type=2 10 9 9 2 10 10 8 10 10 10 2 8 8
left_child=2 3 -1 4 5 -2 -6 8 -5 11 -11 -10 -9 -14
right_child=1 -3 -4 7 6 -7 -8 12 9 10 -12 -13 13 -15
leaf_value=-0.02047860809459516 -0.0098118514176085813 -0.033765049890882345 0.0001615991977900616 -0.035712507505864195 -0.011013762973531913 0.024235158561157939 -0.060814854678301972 0.035074451268321274 0.049491558589989118 -0.022073015440389185 0.018718016958493996 0.0071746252801036499 0.0013810022134302402 -0.003644629488665447
leaf_weight=48.210044965147972 55.914417892694473 11.566928772255777 75.541859082877636 8.7665146216750127 11.222496636211874 19.7574920989573 14.064452501013873 10.002092450857162 19.545648790895939 19.485978819429874 43.538723506033421 19.136577591300011 2264.9202854391187 554.56868612021208
leaf_count=376 248 143 534 44 53 104 97 55 85 95 235 81 11799 4460
internal_value=5.15395e-06 0.000391355 -0.00952096 0.000521278 -0.0094515 -0.000922377 -0.0387128 0.000892856 0.0106488 0.0146449 0.00610624 0.0285568 0.000515103 0.000392505
internal_weight=3176.24 3052.49 123.752 3040.92 100.959 75.6719 25.2869 2939.96 110.473 101.707 63.0247 38.6822 2829.49 2819.49
internal_count=18409 17499 910 17356 502 352 150 16854 540 496 330 166 16314 16259
cat_boundaries=0 2 4
cat_threshold=32 8 3221766144 21
is_linear=0
shrinkage=0.05


Tree=134
num_leaves=15
num_cat=2
split_feature=3 18 11 18 11 8 8 0 9 2 9 11 11 8
split_gain=4.31256 4.921 4.32088 4.303 11.2664 6.05418 4.22769 8.44429 6.05753 7.0141 5.51782 4.9477 6.40991 5.28752
threshold=51.500000000000007 0 39.863333333333344 1 38.910000000000011 5.1000000000000005 10.100000000000001 1.5000000000000002 0.25000000000000006 3.5000000000000004 2.6500000000000008 43.145000000000003 43.790000000000006 7.4500000000000011
decision_type=2 9 8 9 10 8 8 2 8 2 10 10 10 10
left_child=1 -1 -3 4 5 -2 11 -8 -9 10 -10 -5 13 -13
right_child=3 2 -4 6 -6 -7 7 8 9 -11 -12 12 -14 -15
leaf_value=-0.019826044390509501 0.026678303204698835 -0.019906772472614478 0.0072950741709268442 0.00088332569151471194 -0.030603555457263312 -0.0073138057219200919 -0.046923444992770319 0.050957502537450343 0.0033034045364770705 -0.013684144469991045 0.054145437577084558 0.018975072851967582 -0.0047015879242394542 0.067616873066485436
leaf_weight=47.650606669485569 19.170015826821327 19.77489161491394 55.772885300219059 2763.8555623963475 40.56056609377265 41.362005233764648 12.523885654285548 4.8416141048073786 28.87082982994616 87.203338991850615 6.546670537441968 19.59778701141477 19.425579641014338 7.8147562444210044
leaf_count=376 84 126 408 15000 238 185 150 29 185 1205 103 116 136 68
internal_value=1.18685e-06 -0.00917033 0.000154452 0.000371436 -0.00929304 0.00345123 0.000731564 -0.00774651 -0.00389716 -0.00606307 0.0127012 0.00115642 0.0172711 0.0328419
internal_weight=3174.97 123.198 75.5478 3051.77 101.093 60.532 2950.68 139.986 127.462 122.621 35.4175 2810.69 46.8381 27.4125
internal_count=18409 910 534 17499 507 269 16992 1672 1522 1493 288 15320 320 184
cat_boundaries=0 2 4
cat_threshold=32 8 3221766144 21
is_linear=0
shrinkage=0.05


Tree=135
num_leaves=15
num_cat=1
split_feature=1 24 9 8 11 12 19 18 11 10 6 6 11 24
split_gain=5.49646 8.46594 9.0032 11.9372 6.87156 10.2293 6.7608 5.83157 6.69903 5.30468 5.088 5.08523 7.54068 4.84612
threshold=11.500000000000002 0.63333333333333341 0.8500000000000002 3.1000000000000005 40.845000000000013 10.708333333333334 2.5000000000000004 0 40.622500000000009 1.9800000000000004 120.50000000000001 28.500000000000004 40.463333333333345 1.2250000000000003
decision_type=2 8 10 10 10 10 2 9 10 8 10 10 10 10
left_child=7 2 3 -2 10 -6 9 8 -1 -7 -4 12 -5 -9
right_child=1 -3 4 11 5 6 -8 13 -10 -11 -12 -13 -14 -15
leaf_value=-0.0062275833470850214 -0.020980838672088369 -0.021418506564795714 -0.024539188687434391 0.051529811444514621 0.047488565562069651 0.040387520668111264 -0.028525355597598445 -0.00020003823603433524 -0.040310059644406912 -0.013267530103190001 0.019437940245701439 0.0014127273254102282 0.0051329106219945237 0.0054998652362519959
leaf_weight=90.374383553862572 20.136340081691742 75.545309614390135 64.197140822187066 23.638989768922329 10.706830602139233 9.2943852394819242 19.343939892947674 2366.8571393508464 17.154092166572809 9.1333208698779362 7.3278238661587229 17.047640405595303 13.910765044391153 442.64624162204564
leaf_count=472 86 444 468 119 75 56 194 13835 113 83 43 84 71 2297
internal_value=-0.000389751 -0.00721095 -0.00169935 0.011924 -0.0101834 0.00434956 -0.00787872 0.000242279 -0.0106723 0.0137945 -0.0200337 0.0240597 0.0343415 0.000695524
internal_weight=3187.31 270.282 194.737 74.7337 120.003 48.4785 37.7716 2917.03 107.528 18.4277 71.525 54.5974 37.5498 2809.5
internal_count=18440 1723 1279 360 919 408 333 16717 585 139 511 274 190 16132
cat_boundaries=0 2
cat_threshold=3221816322 1
is_linear=0
shrinkage=0.05


Tree=136
num_leaves=15
num_cat=0
split_feature=5 10 24 20 22 22 23 11 10 8 9 9 9 22
split_gain=6.59591 6.52002 4.32505 4.1795 8.33158 9.20106 5.91873 6.30225 8.71607 5.31714 4.7764 5.84394 4.64661 4.60416
threshold=14.500000000000002 0.31000000000000016 -2.4499999999999997 1.0000000180025095e-35 2.4500000000000006 1.7750000000000001 2.4500000000000006 40.64500000000001 2.4550000000000005 4.5500000000000007 0.15000000000000005 1.6500000000000001 6.1500000000000012 2.7750000000000004
decision_type=2 10 8 2 10 10 10 10 10 10 10 10 10 8
left_child=2 -2 -1 12 5 -5 13 -8 10 -7 -9 -12 -4 -6
right_child=1 -3 3 4 6 9 7 8 -10 -11 11 -13 -14 -15
leaf_value=-0.014439538075583526 0.025246900918475586 -0.017603136023117156 0.0014591711322036584 -0.0083240250624162359 -0.012481004245471779 0.013852873650452183 -0.0028888124418221563 -0.027885900647610481 0.025219649293768454 0.049476097381193386 0.00093170751734766811 -0.021422417676457972 -0.028075188592783903 0.025219515470990918
leaf_weight=50.785208001732826 9.8876773118972761 86.88561874255538 2323.1724917143583 46.908976547420025 11.733306020498274 59.726848855614662 350.09753029048443 64.433175295591354 13.140797501429914 12.70275831222534 55.034048825502396 62.371960241347551 13.394229574128984 26.14053750038147
leaf_count=468 42 613 13849 210 55 268 1614 284 103 61 257 367 128 121
internal_value=-0.000371167 -0.013225 3.14387e-05 0.000273277 -0.00310899 0.00892754 -0.00557304 -0.00690107 -0.0141053 0.0201005 -0.0169472 -0.0109439 0.00128987 0.0135399
internal_weight=3186.42 96.7733 3089.64 3038.86 702.29 119.339 582.951 545.078 194.98 72.4296 181.839 117.406 2336.57 37.8738
internal_count=18440 655 17785 17317 3340 539 2801 2625 1011 329 908 624 13977 176
is_linear=0
shrinkage=0.05


Tree=137
num_leaves=15
num_cat=2
split_feature=5 10 1 2 16 24 23 22 5 18 10 24 11 11
split_gain=6.0054 5.92407 4.2531 8.63171 6.19408 6.61402 7.81251 6.69923 6.18768 4.98933 5.70391 5.54743 5.03275 4.86174
threshold=14.500000000000002 0.31000000000000016 11.500000000000002 6.5000000000000009 0 0.77500000000000013 9.1000000000000014 7.291666666666667 12.500000000000002 1 1.6100000000000003 -1.0000000180025095e-35 41.910000000000011 39.863333333333344
decision_type=2 10 2 2 1 8 10 10 2 9 10 10 10 10
left_child=2 -2 -1 4 -4 6 7 9 -9 10 11 -6 -12 -11
right_child=1 -3 3 -5 5 -7 -8 8 -10 13 12 -13 -14 -15
leaf_value=0.00057018255322005074 0.023988769872364972 -0.01687804278206172 -0.035514642178170672 -0.03309022299792052 0.037017025844494615 -0.015530906156364876 -0.032700113120050951 0.07078172523555179 0.0073536657216212763 0.00074815857164689265 -0.020157248525510679 0.0065138388120528253 0.023092485602237561 -0.043945463151920397
leaf_weight=2847.5806350763887 9.8859734684228879 86.107655946165323 13.71436608210206 26.806133350357413 25.491602718830109 55.207542225718498 12.694166319444774 7.768004108220337 7.6138484384864569 14.527459148317577 22.00688107684255 35.891819842159748 9.6871927678585035 10.470003349706529
leaf_count=16252 42 613 83 175 128 318 155 59 70 71 157 171 78 68
internal_value=-0.00035318 -0.0126693 2.94995e-05 -0.00633583 -0.00300123 -0.000786764 0.00478274 0.00834804 0.0393855 0.00430472 0.00928932 0.0191813 -0.0069381 -0.0128364
internal_weight=3185.45 95.9936 3089.46 241.879 215.073 201.359 146.151 133.457 15.3819 118.075 93.0775 61.3834 31.6941 24.9975
internal_count=18440 655 17785 1533 1358 1275 957 802 129 673 534 299 235 139
cat_boundaries=0 1 3
cat_threshold=1 2208 8
is_linear=0
shrinkage=0.05


Tree=138
num_leaves=15
num_cat=2
split_feature=5 10 4 15 10 11 0 11 13 10 18 8 12 13
split_gain=5.46598 5.42609 4.52316 4.93811 9.57201 8.42513 8.4369 6.71613 6.02945 4.77883 4.37732 6.36975 6.66386 6.13002
threshold=14.500000000000002 0.42250000000000015 1900.0000000000002 0 0.63666666666666683 39.945000000000014 7.5000000000000009 41.622500000000009 1.0000000180025095e-35 1.5633333333333337 1 2.5500000000000003 13.708333333333334 1.0000000180025095e-35
decision_type=2 10 2 1 10 10 2 8 10 10 9 8 10 8
left_child=2 -2 10 4 -4 -6 9 8 -5 -7 13 12 -12 -1
right_child=1 -3 3 7 5 6 -8 -9 -10 -11 11 -13 -14 -15
leaf_value=-0.0090624287681398963 0.017480446304775136 -0.016943384853589784 -0.030465920406891563 -0.01292325350431736 0.069645469707972238 0.029411105882142099 0.061685773190528204 -0.030141151475531522 0.018908972111743871 -0.0034469298314273645 0.011314632624205696 4.4729924369771968e-05 -0.026866103858142084 -0.00069929677160609095
leaf_weight=292.37581964768469 13.306521788239477 81.936650637537241 8.6792491078376752 24.877527873963118 9.2448960989713651 18.185597479343414 9.2595703788101655 16.099645625799894 37.001579463481903 28.263810910284519 205.06302779167891 1553.6844811700284 12.102676779031752 874.39856410212815
leaf_count=1763 57 598 36 133 44 87 60 108 200 230 896 9089 52 5087
internal_value=-0.0003364 -0.012134 2.73279e-05 0.00844897 0.016597 0.0254409 0.0181051 -0.00121732 0.00611132 0.00941745 -0.000407316 0.00115931 0.00918681 -0.00277122
internal_weight=3184.48 95.2432 3089.24 151.612 73.6331 64.9539 55.709 77.9788 61.8791 46.4494 2937.62 1770.85 217.166 1166.77
internal_count=18440 655 17785 898 457 421 377 441 333 317 16887 10037 948 6850
cat_boundaries=0 1 3
cat_threshold=12 3491056674 17
is_linear=0
shrinkage=0.05


Tree=139
num_leaves=15
num_cat=2
split_feature=1 2 16 7 24 9 8 9 19 11 3 1 18 22
split_gain=4.42819 7.89701 5.49934 7.38616 6.87219 7.4201 6.59204 6.29495 5.41257 5.19907 5.01838 7.15208 4.89515 10.3799
threshold=11.500000000000002 6.5000000000000009 0 9.5000000000000018 0.70833333333333337 0.8500000000000002 3.1000000000000005 0.35000000000000003 5.5000000000000009 40.463333333333345 55.500000000000007 12.500000000000002 1 2.1000000000000005
decision_type=2 2 1 8 10 10 10 10 2 10 2 2 9 10
left_child=12 2 -2 4 5 6 -4 -6 10 -9 -7 -12 13 -1
right_child=1 -3 3 -5 7 8 -8 9 -10 -11 11 -13 -14 -15
leaf_value=-0.060416480498888536 -0.032244686443419858 -0.031240380847332383 -0.0053058237840569698 -0.024035475089901639 -0.038200410652481601 -0.0088254072236141675 0.032197732380548592 0.01457368891880699 -0.034289717197624449 -0.022584710920800131 -0.0038948693291814517 0.044605247156189715 0.0006230564997500381 -0.005878379712373677
leaf_weight=9.8206003457307798 15.553957771509886 28.729678750038147 16.264489769935608 31.270340826362371 16.855776712298393 37.4173913449049 41.906247913837433 21.711939837783575 11.039698891341684 16.618839282542467 16.478497464209799 14.110024701803921 2826.8765862509608 78.157651612535119
leaf_count=47 97 192 70 353 77 254 198 116 83 105 95 83 16239 431
internal_value=-0.000320244 -0.00647136 -0.00349675 -0.00149766 0.00216531 0.00815805 0.0217118 -0.0127351 -0.00181632 -0.00153685 0.00345523 0.0184775 0.000245216 -0.0107449
internal_weight=3182.81 267.957 239.227 223.673 192.403 137.216 58.1707 55.1866 79.0456 38.3308 68.0059 30.5885 2914.85 87.9783
internal_count=18440 1723 1531 1434 1081 783 268 298 515 221 432 178 16717 478
cat_boundaries=0 1 3
cat_threshold=1 3221225474 1
is_linear=0
shrinkage=0.05


Tree=140
num_leaves=15
num_cat=0
split_feature=6 2 2 22 12 1 12 20 21 13 9 10 20 19
split_gain=7.4927 9.39835 5.0701 6.17559 5.74671 5.32273 4.78233 11.8361 9.04438 11.5926 9.66979 6.79468 6.61955 6.31112
threshold=97.500000000000014 8.5000000000000018 5.5000000000000009 4.2250000000000005 12.225000000000001 5.5000000000000009 12.225000000000001 0.26136363636363641 0.60769230769230786 1.0000000180025095e-35 1.5500000000000003 1.6200000000000003 0.53571428571428581 6.5000000000000009
decision_type=8 2 2 8 10 2 10 2 2 10 10 10 2 2
left_child=1 6 3 -2 5 -4 13 8 9 10 11 -8 -9 -1
right_child=2 -3 4 -5 -6 -7 7 12 -10 -11 -12 -13 -14 -15
leaf_value=0.00024829999834426409 0.0075306819420253596 -0.037601447689351225 -0.048311876641331269 -0.0096448822238951858 0.0020562570825778926 -0.014334683256359067 0.017504099450353146 -0.021073658955907085 0.021907011206418504 0.0014731972298700627 0.039987475307060025 -0.026940287551405363 0.004723725263930164 -0.0084494165884641762
leaf_weight=1785.8936078734696 74.68477425724268 16.244092794135213 21.057366635650396 174.89020134881139 20.509516000747681 25.466787807643414 32.050988435745239 68.476682260632515 80.216958023607731 550.70965883694589 38.248168980702758 11.75295504182577 39.045676052570343 236.13936275243759
leaf_count=9938 362 162 115 884 110 138 148 310 348 3893 253 67 176 1529
internal_value=-0.000486029 0.000322251 -0.00778429 -0.00450513 -0.019993 -0.0297132 0.000538972 0.00375849 0.00609059 0.0040855 0.0216185 0.00557931 -0.0117056 -0.000767447
internal_weight=3175.39 2858.78 316.609 249.575 67.0337 46.5242 2842.53 820.501 712.979 632.762 82.0521 43.8039 107.522 2022.03
internal_count=18433 16824 1609 1246 363 253 16662 5195 4709 4361 468 215 486 11467
is_linear=0
shrinkage=0.05


Tree=141
num_leaves=15
num_cat=3
split_feature=2 12 22 16 18 24 0 15 22 10 10 5 12 5
split_gain=6.5218 5.30889 7.11636 6.2913 5.81303 6.17772 5.04473 7.34639 8.58343 10.351 10.0199 8.51915 7.35156 6.73423
threshold=8.5000000000000018 10.366666666666669 1.1000000000000003 0 1 3.7750000000000004 2.5000000000000004 2 10.100000000000001 1.2900000000000005 1.7775000000000003 10.500000000000002 11.550000000000002 6.5000000000000009
decision_type=2 10 10 1 9 10 2 1 10 10 10 2 10 2
left_child=1 3 -3 -1 5 6 7 8 9 12 -11 -12 -4 -8
right_child=-2 2 4 -5 -6 -7 13 -9 -10 10 11 -13 -14 -15
leaf_value=-0.0090630932009026464 -0.030550183926166027 -0.034246902801790206 0.031382960377214768 0.00010540059243104956 -0.0013223190788139235 0.041249817514366266 0.020807046408240021 -0.001989134103963537 -0.024160618169686801 0.061993676247075913 -0.0091543088731496722 0.041472296119110331 -0.0051113787509605244 0.00073962110745425544
leaf_weight=334.59169439412653 17.909124122932553 14.346849128603933 21.301576979458332 424.46792482957244 1228.3564816564322 10.812562167644499 43.876355230808258 84.324153687804937 10.896253475919364 24.052685111761093 14.524006206542252 19.420613009482622 39.183903358876705 886.25023070909083
leaf_count=1829 172 70 97 2129 7304 49 211 491 99 126 98 165 179 5414
internal_value=-0.000462558 -0.000291844 0.000862003 -0.00393605 0.00107338 0.00360227 0.00327788 0.0102053 0.0169935 0.0222125 0.0373047 0.0198105 0.00774108 0.00168625
internal_weight=3174.31 3156.41 2397.35 759.06 2383 1154.64 1143.83 213.703 129.379 118.483 57.9973 33.9446 60.4855 930.127
internal_count=18433 18261 14303 3958 14233 6929 6880 1255 764 665 389 263 276 5625
cat_boundaries=0 1 3 4
cat_threshold=2 67400844 27 3
is_linear=0
shrinkage=0.05


Tree=142
num_leaves=15
num_cat=1
split_feature=6 7 22 2 3 23 11 2 22 0 19 3 12 18
split_gain=6.67249 9.21005 8.50655 8.16176 7.00744 6.50909 5.30536 6.02999 5.95409 5.13531 4.74208 4.72507 4.16987 5.79712
threshold=97.500000000000014 11.500000000000002 6.291666666666667 8.5000000000000018 50.500000000000007 5.5500000000000007 38.263333333333343 5.5000000000000009 4.2250000000000005 5.5000000000000009 3.5000000000000004 55.500000000000007 9.9000000000000021 0
decision_type=8 10 10 2 2 10 8 2 8 2 2 2 10 9
left_child=3 2 6 4 10 -4 11 8 -8 -9 -1 -2 13 -6
right_child=1 -3 5 -5 12 -7 7 9 -10 -11 -12 -13 -14 -15
leaf_value=-0.043485382450828169 -0.0046419805570886213 0.03837715263289404 -0.059348688162537827 -0.035811497521069734 -0.00058371533330880087 -0.017643779087066252 0.0085928236197351498 -0.044058730395944101 -0.010350549955113421 -0.0056497788937217791 -0.0046124813174006412 0.039213754285472663 0.0016246053608786988 -0.014306135194741949
leaf_weight=14.843096636235716 12.136167064309122 10.644928669556974 11.180948406457899 15.543766945600508 363.01139803417027 57.317972734570503 66.38337155804038 18.485463321208954 110.57191916182637 16.443695694208145 16.641221441328526 12.434642836451529 2358.7303312011063 89.095658700913191
leaf_count=112 58 88 53 162 1864 350 323 94 507 82 117 54 14091 478
internal_value=-0.000440767 -0.00733999 -0.00893582 0.000321127 0.000518725 -0.0244512 -0.00444116 -0.00699159 -0.00324409 -0.0259768 -0.0229389 0.0175523 0.000781474 -0.0036173
internal_weight=3173.46 315.599 304.954 2857.87 2842.32 68.4989 236.455 211.884 176.955 34.9292 31.4843 24.5708 2810.84 452.107
internal_count=18433 1609 1521 16824 16662 403 1118 1006 830 176 229 112 16433 2342
cat_boundaries=0 2
cat_threshold=54 8
is_linear=0
shrinkage=0.05


Tree=143
num_leaves=15
num_cat=0
split_feature=6 7 24 24 5 23 3 11 0 12 9 10 19 6
split_gain=6.03973 8.26136 7.05701 7.28762 6.94211 6.74717 6.52106 4.77487 8.11413 4.63035 9.20908 4.69298 4.54767 4.49371
threshold=87.500000000000014 11.500000000000002 0.45000000000000007 0.36666666666666675 12.500000000000002 5.7083333333333348 50.500000000000007 39.410000000000011 3.5000000000000004 11.708333333333334 2.0500000000000003 1.5225000000000004 3.5000000000000004 170.50000000000003
decision_type=8 10 10 10 2 8 2 10 2 8 10 8 2 8
left_child=6 2 3 4 5 9 12 8 -4 10 -2 -12 -1 -6
right_child=1 -3 7 -5 13 -7 -8 -9 -10 -11 11 -13 -14 -15
leaf_value=-0.042565451948773259 -0.014847955879340355 0.034081991418507297 -0.039205112927018428 0.023571813604977579 -0.04148641034042562 -0.010943026330245721 0.00060899118183580349 -0.027469455397696043 0.010628312997251716 0.024986898131644258 0.052863918204658925 0.00362282850345508 -0.0043926628171128412 0.00015337375878014424
leaf_weight=14.720695029944183 36.772392600774765 12.08128581009805 11.912525504827498 22.764516286551952 20.688439983874563 106.55276117101312 2785.2917396593839 63.361838381737471 25.989699639379978 27.187684588134289 9.4897383823990804 9.8728378713130969 16.601332396268845 9.433818116784094
leaf_count=114 173 98 58 107 119 542 16379 320 125 122 47 59 117 53
internal_value=-0.000421828 -0.00655713 -0.00798427 -0.00335916 -0.00614588 -0.00260822 0.000353865 -0.0190721 -0.00503414 0.00805031 -0.000152534 0.0277562 -0.0223331 -0.0284455
internal_weight=3172.72 356.108 344.026 242.762 219.998 189.875 2816.61 101.264 37.9022 83.3227 56.135 19.3626 31.322 30.1223
internal_count=18433 1823 1725 1222 1115 943 16610 503 183 401 279 106 231 172
is_linear=0
shrinkage=0.05


Tree=144
num_leaves=15
num_cat=1
split_feature=6 2 24 3 20 14 22 10 21 11 18 6 20 9
split_gain=5.52402 7.53593 5.89339 5.85724 4.62784 7.01531 4.79734 6.38054 8.63336 8.49757 6.80721 7.72199 6.8132 6.01666
threshold=97.500000000000014 8.5000000000000018 2.1000000000000005 50.500000000000007 1.0000000180025095e-35 3.5000000000000004 2.4500000000000006 0.92000000000000015 0.40833333333333338 39.690000000000012 0 17.500000000000004 0.38750000000000007 3.2500000000000004
decision_type=8 2 10 2 2 10 10 10 2 10 9 10 2 10
left_child=1 3 -2 -1 -5 -6 -7 8 9 -8 13 -12 -13 -9
right_child=2 -3 -4 4 5 6 7 10 -10 -11 11 12 -14 -15
leaf_value=-0.021237373121004596 -0.0051106992283873514 -0.034845814052990684 -0.036293867031750845 0.0018646220549780998 -0.043000414782430711 0.0070442569352119752 -0.0068799830422865598 -0.020868278853398776 -0.0029393640241128396 0.036617620042676588 -0.02355651173115253 -4.1409647159266202e-05 0.034694527133042163 0.016029907770146335
leaf_weight=30.717573696747422 298.119832534343 15.179541474208234 15.963134646415709 2128.4595388602465 10.716267608106135 115.61712947487831 18.060111857950687 131.60756385326385 264.47944663465023 29.680605098605156 25.020093008875847 57.787492819130421 18.679938793182373 12.06048511341214
leaf_count=229 1529 162 80 13156 51 528 84 696 1159 134 138 317 84 86
internal_value=-0.000401453 0.00029023 -0.00669557 0.000477839 0.000715036 -0.00286375 -0.00222464 -0.0041473 0.000593102 0.0201627 -0.0101845 0.000505102 0.0084441 -0.0166144
internal_weight=3172.15 2858.07 314.083 2842.89 2812.17 683.709 672.993 557.376 312.22 47.7407 245.156 101.488 76.4674 143.668
internal_count=18433 16824 1609 16662 16433 3277 3226 2698 1377 218 1321 539 401 782
cat_boundaries=0 2
cat_threshold=2068 10
is_linear=0
shrinkage=0.05


Tree=145
num_leaves=15
num_cat=1
split_feature=9 11 9 8 19 11 24 11 15 11 11 9 10 19
split_gain=3.39732 3.97392 4.6787 5.84414 5.70585 4.35462 8.36636 4.8212 4.36005 8.37512 5.89951 5.83103 6.4624 4.78745
threshold=6.8500000000000005 43.067500000000017 4.4500000000000011 6.7750000000000012 2.5000000000000004 41.845000000000013 2.1000000000000005 41.922500000000007 0 42.510000000000012 42.045000000000009 2.1500000000000008 2.1225000000000005 2.5000000000000004
decision_type=10 10 10 10 2 8 10 8 1 8 10 10 10 2
left_child=1 5 3 4 -3 -1 7 -7 9 10 -9 12 -10 -12
right_child=-2 2 -4 -5 -6 6 -8 8 11 -11 13 -13 -14 -15
leaf_value=-0.00043036679496826337 -0.03069716081348535 0.020983498803081386 -0.020301069198257325 0.037090287423266546 -0.025544574995028879 -0.022212026558068355 -0.052819362962484601 -0.0067204494326754309 -0.0096194776003944819 -0.010092580974820905 0.0044494759414902994 -0.025379278603835761 0.019631023602512152 0.032468364977803206
leaf_weight=2740.0025812955573 9.5714495573192817 16.750366214662794 9.4550208207219821 22.309098456054926 10.861984118819235 36.5750817861408 9.4061171524226648 26.643479336053133 88.66246310994029 69.163385443389416 25.342437507584691 41.163948550820351 23.992668479681015 38.265086291357875
leaf_count=15466 86 89 93 202 62 250 60 208 410 473 179 352 150 313
internal_value=-0.000953631 -0.000863499 0.0119495 0.0180577 0.00268056 -0.00110898 -0.00628526 -0.00503399 -0.00302817 0.00282191 0.0130315 -0.00870837 -0.00338987 0.0213051
internal_weight=3168.17 3158.59 59.3765 49.9214 27.6124 3099.22 359.215 349.809 313.233 159.414 90.251 153.819 112.655 63.6075
internal_count=18393 18307 446 353 151 17861 2395 2335 2085 1173 700 912 560 492
cat_boundaries=0 1
cat_threshold=5
is_linear=0
shrinkage=0.05


Tree=146
num_leaves=15
num_cat=0
split_feature=12 9 22 4 22 5 10 0 11 23 5 24 11 11
split_gain=5.47475 7.12463 6.93144 6.5504 5.72088 6.03536 5.3136 5.09375 6.60999 8.72862 6.5643 5.45773 5.10671 4.90568
threshold=10.708333333333334 -0.6499999999999998 9.4500000000000011 1550.0000000000002 1.1000000000000003 12.500000000000002 0.39000000000000012 2.5000000000000004 43.145000000000003 5.5500000000000007 8.5000000000000018 -0.89999999999999991 41.490000000000016 38.56333333333334
decision_type=10 10 10 2 10 2 8 2 10 8 2 8 10 10
left_child=2 3 7 -2 -3 6 13 -1 10 -10 11 -9 -12 -6
right_child=1 4 -4 -5 5 -7 -8 8 9 -11 12 -13 -14 -15
leaf_value=-0.010755911324149332 0.029172824122321056 -0.032689624350142776 -0.046535769257980614 -0.0079032891714306552 0.029768283613894178 -0.0049785972600630383 0.00080901253862409651 0.026066172411454265 0.0517219887125141 -0.014562155768244779 -0.0035260963947519805 0.0016337658783651936 -0.016826043062560154 0.0061930722795275365
leaf_weight=196.75067085027695 39.581844881176949 13.266120903193949 9.4661349579691869 17.042106658220291 28.350993260741234 436.78658964112401 1525.6384924706072 25.39158022403717 12.78336012363434 8.1224905960261804 439.03717008419335 228.98582869023085 86.373060405254364 99.54203300178051
leaf_count=1028 187 65 85 75 126 3015 9119 134 67 60 2380 1066 553 433
internal_value=-0.000907074 0.000512205 -0.00395197 0.018014 4.10932e-05 0.000248817 0.00162966 -0.00354783 -0.00177663 0.0259688 -0.00252047 0.00407257 -0.0057125 0.0114192
internal_weight=3167.12 2160.21 1006.91 56.624 2103.58 2090.32 1653.53 997.444 800.693 20.9059 779.788 254.377 525.41 127.893
internal_count=18393 13020 5373 262 12758 12693 9678 5288 4260 127 4133 1200 2933 559
is_linear=0
shrinkage=0.05


Tree=147
num_leaves=15
num_cat=1
split_feature=12 22 9 22 5 7 7 18 6 0 10 10 21 6
split_gain=4.95269 6.48558 6.45904 5.20357 5.45599 7.65329 6.10227 6.81098 5.82218 5.12547 9.5851 9.43884 5.66916 5.27481
threshold=10.708333333333334 9.4500000000000011 -0.6499999999999998 1.1000000000000003 12.500000000000002 11.500000000000002 5.5000000000000009 0 35.500000000000007 3.5000000000000004 1.3633333333333335 1.1775000000000004 0.76388888888888895 22.500000000000004
decision_type=10 10 10 10 2 10 8 9 10 2 10 10 2 10
left_child=1 -1 -2 -4 -5 6 7 8 -6 11 12 13 -11 -9
right_child=2 -3 3 4 5 -7 -8 9 -10 10 -12 -13 -14 -15
leaf_value=-0.0033760388154624858 0.017185579526768628 -0.045573469858410542 -0.031294572916528915 0.0015480442325723081 -0.015340581723298569 -0.028574109295275964 0.0048411829704154375 -0.010354661983903314 -0.050920022865830583 0.017315540386280116 -0.023981032499414221 0.019642811726765536 -0.010120467863868117 -0.046186373802271398
leaf_weight=996.09813701361418 56.396041363477707 9.1897838525474054 13.1671901717782 1653.7529230229557 51.772721029818058 31.266268316656351 156.28876227326691 22.195262581110001 14.780776314437388 75.191181361675262 25.322966951876879 14.762882545590399 25.118429988622665 19.117899157106876
leaf_count=5288 262 85 65 9678 256 467 1329 103 71 358 154 83 107 87
internal_value=-0.000862854 -0.00376178 0.000486882 3.90182e-05 0.000236463 -0.00474047 -0.00289845 -0.00777079 -0.0202063 -0.00199434 0.00350621 -0.0146734 0.0104453 -0.026936
internal_weight=3164.42 1005.29 2159.13 2102.74 2089.57 435.817 404.551 248.262 66.5535 181.709 125.633 56.076 100.31 41.3132
internal_count=18393 5373 13020 12758 12693 3015 2548 1219 327 892 619 273 465 190
cat_boundaries=0 1
cat_threshold=142
is_linear=0
shrinkage=0.05


Tree=148
num_leaves=15
num_cat=0
split_feature=12 9 4 22 22 23 5 10 10 22 22 10 21 10
split_gain=4.47546 5.8487 5.98531 5.57663 4.73285 5.20554 5.17071 4.66419 7.36042 4.65179 6.45188 7.14094 8.78413 7.83396
threshold=10.708333333333334 -0.6499999999999998 1550.0000000000002 7.9000000000000012 1.1000000000000003 1.2916666666666667 12.500000000000002 1.7100000000000006 1.4366666666666672 1.7750000000000001 2.2916666666666674 1.1775000000000004 0.47727272727272735 0.50000000000000011
decision_type=10 10 2 10 10 10 2 10 10 10 10 10 2 8
left_child=3 2 -2 -1 -3 -6 9 8 -5 -7 11 12 -11 -14
right_child=1 4 -4 7 5 6 -8 -9 -10 10 -12 -13 13 -15
leaf_value=-0.0026089021407685376 0.027128601819472454 -0.029959429409395406 -0.008373369251640353 -0.019392587144961317 0.036064991127430078 -0.016402202043578042 -0.0048051084593530588 -0.032156124966286774 0.033238083012571737 0.05537072118881612 0.0010635096775615585 -0.0041603222335549056 0.039641113643859513 -0.017296610223573566
leaf_weight=940.25995763391256 39.198691368103027 13.068840667605398 17.029621765017509 24.391837775707245 10.081897571682928 36.171520691365004 433.946961610578 30.176597205922008 9.1293527409434301 18.383401557803154 1541.4710539411753 25.461573656648397 11.427528768777846 12.816759511828424
leaf_count=4865 187 65 75 139 46 175 3010 308 61 79 9142 137 50 54
internal_value=-0.000820706 0.000461813 0.0163763 -0.00357882 3.62704e-05 0.000223856 5.01048e-05 -0.0178961 -0.00505885 0.00133033 0.00172883 0.016791 0.0293053 0.00954095
internal_weight=3163.02 2159.06 56.2283 1003.96 2102.83 2089.76 2079.68 63.6978 33.5212 1645.73 1609.56 68.0893 42.6277 24.2443
internal_count=18393 13020 262 5373 12758 12693 12647 508 200 9637 9462 320 183 104
is_linear=0
shrinkage=0.05


Tree=149
num_leaves=15
num_cat=1
split_feature=18 12 22 10 10 5 22 6 6 22 11 11 6 6
split_gain=4.14411 3.77622 5.28091 4.3683 6.6029 4.31678 6.04761 7.84249 7.01856 5.64894 5.22748 4.92173 5.43675 4.79732
threshold=0 10.708333333333334 7.9000000000000012 1.7100000000000006 1.4366666666666672 8.5000000000000018 4.366666666666668 79.500000000000014 25.500000000000004 2.7083333333333335 43.190000000000012 41.122500000000009 26.500000000000004 13.500000000000002
decision_type=9 10 10 10 10 2 10 10 10 10 10 10 10 8
left_child=-1 2 5 4 -4 6 8 11 9 -2 13 -8 -13 -7
right_child=1 -3 3 -5 -6 10 7 -9 -10 -11 -12 12 -14 -15
leaf_value=-0.019934493931382871 -0.0039155281517539156 0.00057496906430128363 -0.018591626832549803 -0.031229967643308432 0.030987669216711561 0.012873494512742799 0.020789824767968187 -0.029452362209633733 0.0080037873178707541 -0.028429662328567286 0.025019842000314919 -0.015720962010352359 0.019461230681483494 -0.0065212269877151273
leaf_weight=18.009099148213863 73.983176819980145 2144.6329780798405 24.17616593837738 29.416418086737394 9.2982076406478864 33.808289110660553 85.09182520210743 11.430698193609713 77.46852608025074 34.439958915114403 14.449918702244757 24.205680657178164 20.098270609974861 560.1426744684577
leaf_count=90 309 12956 139 307 61 202 408 55 344 158 92 137 111 3024
internal_value=-0.000780565 -0.000605444 -0.00314811 -0.0171729 -0.00481994 -0.00220488 0.00243092 0.0102465 -0.00348998 -0.0117023 -0.00469436 0.0137535 0.000239267 -0.00541726
internal_weight=3160.65 3142.64 998.01 62.8908 33.4744 935.119 326.718 140.826 185.892 108.423 608.401 129.396 44.304 593.951
internal_count=18393 18303 5347 507 200 4840 1522 711 811 467 3318 656 248 3226
cat_boundaries=0 2
cat_threshold=3221225472 1
is_linear=0
shrinkage=0.05


Tree=150
num_leaves=15
num_cat=1
split_feature=23 18 24 12 13 23 24 3 0 23 19 12 3 23
split_gain=7.79755 5.20265 7.79376 6.0199 10.0926 6.68151 7.2516 5.99524 5.95176 5.15864 7.84891 6.21011 6.07217 6.50741
threshold=12.100000000000001 0 -2.4499999999999997 12.775000000000002 1.0000000180025095e-35 8.9000000000000021 -0.77499999999999991 52.250000000000007 7.5000000000000009 5.2250000000000005 8.5000000000000018 10.633333333333335 55.500000000000007 5.1000000000000005
decision_type=10 9 10 10 10 10 10 2 2 10 2 10 2 10
left_child=1 2 -1 8 5 6 -5 -4 9 10 12 -11 13 -3
right_child=-2 3 7 4 -6 -7 -8 -9 -10 11 -12 -13 -14 -15
leaf_value=-0.046153571147173313 -0.042724844661186201 -0.0023594061269718368 -0.026953056677638466 -0.0022732148992012109 0.0037113404531228925 -0.0066967000305037704 0.044847656263792605 -0.0019288341036023519 0.0064113462394180714 -0.010876507569323976 -0.025871918274806255 -0.00096104949389382857 0.0072032853986387941 0.023779299935999323
leaf_weight=10.57146607711911 10.526251558214424 519.81102603301406 24.877803206443787 10.529818810522555 469.58829559758306 12.63982520252466 36.352874428033829 631.26623630616814 318.85306889377534 236.62446468882263 25.66277676820755 474.70781016722322 360.46837916225195 24.954210676252842
leaf_count=120 134 2448 173 55 3024 75 168 3539 1820 1587 129 3383 1644 134
internal_value=0.000237653 0.000380905 -0.00351115 0.0014313 0.0061699 0.0255661 0.0342643 -0.00287763 0.000160101 -0.00105363 0.00139603 -0.00425942 0.00216906 -0.00116206
internal_weight=3167.43 3156.91 666.716 2490.19 529.111 59.5225 46.8827 656.144 1961.08 1642.23 930.896 711.332 905.234 544.765
internal_count=18433 18299 3832 14467 3322 298 223 3712 11145 9325 4355 4970 4226 2582
cat_boundaries=0 2
cat_threshold=3222831142 17
is_linear=0
shrinkage=0.05


Tree=151
num_leaves=15
num_cat=1
split_feature=23 6 12 18 11 6 0 22 23 22 12 13 0 6
split_gain=7.2485 4.9399 6.01021 4.96178 6.73897 5.97793 5.45605 6.04694 5.18725 5.75225 6.02447 8.46024 6.65874 5.69431
threshold=12.100000000000001 7.5000000000000009 11.225000000000001 0 42.429166666666674 90.500000000000014 2.5000000000000004 5.7083333333333348 1.1000000000000003 1.2916666666666667 12.775000000000002 1.0000000180025095e-35 7.5000000000000009 64.500000000000014
decision_type=10 8 10 9 8 10 2 10 8 8 10 10 2 10
left_child=1 2 -1 4 5 -3 -7 -8 -5 -10 12 -12 -11 -14
right_child=-2 3 -4 8 -6 6 7 -9 9 10 11 -13 13 -15
leaf_value=0.0019230730060562564 -0.041794135537322252 -0.0012305041602218604 0.043208807677747617 -0.030281463625834629 -0.040580134470131472 -0.041618850749239003 0.0033389969600165813 -0.027955951839847205 0.030022612569286261 -0.0014075064268432847 0.025426485788480932 0.0039506915801474883 0.0041660928469387298 0.025045110598491245
leaf_weight=21.790064238011837 10.230213332921265 710.52061757259071 14.804135659709571 12.907461389899252 11.914343819022177 16.118773445487022 38.851098995655775 25.611142111942172 17.547148384153843 1499.7976397965103 51.163894541561604 442.29074619151652 255.06967117451131 37.450550101697445
leaf_count=128 134 4071 89 61 112 87 194 153 86 8530 255 2866 1471 196
internal_value=0.000225191 0.000361404 0.0186252 0.000147138 -0.00321628 -0.00269422 -0.0156005 -0.00909463 0.00132139 0.00150422 0.0012853 0.00617741 -6.15838e-05 0.00683918
internal_weight=3166.07 3155.84 36.5942 3119.24 803.016 791.102 80.581 64.4622 2316.23 2303.32 2285.77 493.455 1792.32 292.52
internal_count=18433 18299 217 18082 4617 4505 434 347 13465 13404 13318 3121 10197 1667
cat_boundaries=0 2
cat_threshold=3222831158 17
is_linear=0
shrinkage=0.05


Tree=152
num_leaves=15
num_cat=2
split_feature=23 6 19 18 6 24 2 4 21 6 19 1 18 9
split_gain=6.73613 4.42773 4.57926 10.4282 5.19361 5.06004 4.95493 8.9699 5.20482 6.22633 9.98065 5.15406 6.93269 6.46293
threshold=12.100000000000001 7.5000000000000009 4.5000000000000009 0 63.500000000000007 2.7750000000000004 6.5000000000000009 1100.0000000000002 0.24038461538461542 18.500000000000004 1.0000000180025095e-35 6.5000000000000009 1 0.95000000000000007
decision_type=10 8 2 9 10 10 2 2 2 8 2 2 9 10
left_child=1 -1 6 5 -5 -4 -3 -8 9 10 -9 13 -13 -11
right_child=-2 2 3 4 -6 -7 7 8 -10 11 -12 12 -14 -15
leaf_value=0.017581016650682218 -0.040871397315850128 0.0019953174053418776 0.001799733646826975 -0.010539255516456266 -0.047121417536513228 -0.024647844322368936 0.024927685695260937 0.056606413351454013 0.0016170582139215057 -0.0061843578800858919 -0.012324112530414958 -0.019852957620828216 0.011792444649332363 -0.041925437201115946
leaf_weight=36.816351938992739 9.9454190135002118 2120.2499625142664 502.1439943574369 230.03917482867837 10.129435975104569 18.7608412951231 21.830182434991002 7.4208303801715401 78.02352399379015 18.889046490192413 17.963229287415743 33.342014042660594 22.038597958162427 38.283438738435507
leaf_count=217 134 11674 3238 1542 58 94 125 46 381 94 152 239 151 288
internal_value=0.000213345 0.000342817 0.000139347 -0.00323286 -0.0115992 0.000831243 0.00122775 -0.00561624 -0.00870374 -0.0145417 0.00782719 -0.0195865 -0.00871521 -0.030117
internal_weight=3165.88 3155.93 3119.11 761.073 240.169 520.905 2358.04 237.791 215.961 137.937 25.3841 112.553 55.3806 57.1725
internal_count=18433 18299 18082 4932 1600 3332 13150 1476 1351 970 198 772 390 382
cat_boundaries=0 2 4
cat_threshold=6308 2 184 16
is_linear=0
shrinkage=0.05


Tree=153
num_leaves=15
num_cat=3
split_feature=3 18 18 9 11 24 12 6 21 2 12 12 9 18
split_gain=4.61751 6.88613 6.84524 10.6931 10.1136 8.76133 7.2454 8.01966 6.23953 9.48199 8.85291 8.38869 9.16585 6.58176
threshold=55.500000000000007 0 1 1.0000000180025095e-35 37.355000000000011 3.3250000000000006 10.900000000000002 31.500000000000004 0.5634920634920636 3.5000000000000004 11.225000000000001 12.900000000000002 0.95000000000000007 2
decision_type=2 9 9 8 10 10 10 10 2 2 10 10 10 9
left_child=2 -2 4 6 -1 8 7 -4 13 10 -10 12 -11 -5
right_child=1 -3 3 5 -6 -7 -8 -9 9 11 -12 -13 -14 -15
leaf_value=-0.048596177999669782 -0.021961495653024684 0.0026814207295509929 -0.038775036841589054 -0.0012858800010254582 -0.0060982282964223266 0.052486354371644388 -0.0023929771851553174 -0.0039542565057627621 0.0056054673699235807 0.0025279307885483393 -0.041080907696174965 0.058103938362253207 0.040443772393777687 0.012934314930696742
leaf_weight=14.593693556264041 19.073163967579603 1463.9947352139279 40.316903948783875 938.2281262408942 343.74314299784601 8.4306917712092382 81.070756323635578 28.033026926219463 50.34030120074749 48.451162852346897 12.7199559956789 13.380105391144751 23.753887571394444 79.009997546672821
leaf_count=79 101 8158 177 6236 2097 41 358 124 223 208 56 57 105 413
internal_value=0.000200645 0.0022345 -0.00159258 9.4907e-05 -0.00761646 0.00169863 -0.0125026 -0.0244936 0.00133137 0.0109001 -0.00381169 0.0217399 0.0150014 -6.68715e-05
internal_weight=3165.14 1483.07 1682.07 1323.73 358.337 1174.31 149.421 68.3499 1165.88 148.645 63.0603 85.5852 72.2051 1017.24
internal_count=18433 8259 10174 7998 2176 7339 659 301 7298 649 279 370 313 6649
cat_boundaries=0 2 4 6
cat_threshold=3222274048 1 8683574 16 68167816 8
is_linear=0
shrinkage=0.05


Tree=154
num_leaves=15
num_cat=0
split_feature=23 3 20 1 23 22 11 22 9 10 19 22 21 1
split_gain=6.23914 4.27852 6.08618 5.67619 4.81753 8.46208 5.3865 4.75975 7.40667 8.35758 5.44734 6.11432 11.3471 9.84455
threshold=12.100000000000001 55.500000000000007 0.26136363636363641 14.500000000000002 5.9000000000000012 5.366666666666668 39.790000000000013 7.1000000000000005 0.25000000000000006 1.0900000000000005 10.500000000000002 5.2250000000000005 0.47727272727272735 2.5000000000000004
decision_type=10 2 2 2 10 10 10 10 10 10 2 10 2 2
left_child=1 2 7 -3 5 -4 -7 10 9 -9 11 -1 -13 -14
right_child=-2 3 4 -5 -6 6 -8 8 -10 -11 -12 12 13 -15
leaf_value=-0.00080638561898498996 -0.039908210560841005 0.0020086353663739051 -0.011424482937531275 0.038540488050967436 -0.030043853305116032 0.045523951051305696 0.00045490782942202124 0.039728626730486771 -0.0072809916618733362 -0.014245771095641627 -0.031323010211877368 0.0028765580368339278 0.068579693420873528 0.017158628796214749
leaf_weight=750.74378344230354 9.6717761540785414 1467.217769626528 146.79617244005203 10.710554227232931 25.210157740861177 11.187492370605471 16.272836171090603 18.310356140136722 342.89784904755652 11.790260322391985 12.619699019938706 277.16707615554333 11.294363856315611 52.923005133867264
leaf_count=3928 134 8105 655 65 126 50 75 84 2909 66 83 1855 51 247
internal_value=0.000189029 0.000311943 -0.00141644 0.00227338 -0.00961453 -0.00665897 0.0188163 -0.000309858 -0.00519346 0.0185871 0.001339 0.00171642 0.00726435 0.0262024
internal_weight=3164.81 3155.14 1677.21 1477.93 199.467 174.257 27.4603 1477.75 372.998 30.1006 1104.75 1092.13 341.384 64.2174
internal_count=18433 18299 10129 8170 906 780 125 9223 3059 150 6164 6081 2153 298
is_linear=0
shrinkage=0.05


Tree=155
num_leaves=15
num_cat=1
split_feature=18 8 0 5 12 0 24 3 6 23 24 22 5 6
split_gain=5.06818 6.81823 6.34569 10.5755 6.12499 6.68426 5.92346 5.85526 12.7163 5.90288 5.89417 5.65814 5.30305 7.81341
threshold=0 8.9000000000000021 3.5000000000000004 5.5000000000000009 10.708333333333334 3.5000000000000004 -0.54999999999999993 55.500000000000007 107.50000000000001 7.5500000000000007 2.1000000000000005 7.366666666666668 10.500000000000002 10.500000000000002
decision_type=9 8 2 2 10 2 10 2 10 10 10 10 2 8
left_child=1 4 -3 -4 5 -1 -5 8 10 -9 -6 -11 -2 -14
right_child=12 2 3 6 7 -7 -8 9 -10 11 -12 -13 13 -15
leaf_value=-0.021265471068004811 0.0041775633739278744 -0.026081674790131716 0.052654486025272389 0.0053011444267922697 0.0063890802328814451 -0.0029599783185933664 -0.019981319070093595 -0.00037067413382724885 -0.025224655367703294 -0.050854606241398037 0.032945119991606091 -0.010402731147743621 0.032072141753933518 -0.001673028046881783
leaf_weight=69.044015243649483 957.16718522273004 54.583713974803686 7.3858719840645781 39.706501705572009 335.49291722476482 179.56403017789125 55.619246518239379 361.75749892741442 31.232263386249542 9.9146222919225675 22.282474592328072 67.475253090262413 17.467753488570452 954.00969543121755
leaf_count=376 5137 484 32 404 1793 960 608 1757 162 68 110 424 111 5997
internal_value=-7.05217e-05 -0.00256082 -0.0123055 -0.00498441 -0.00116109 -0.00804382 -0.00945029 0.000905074 0.00537205 -0.00305188 0.00804301 -0.0155851 0.00152827 -0.00106627
internal_weight=3162.7 1234.06 157.295 102.712 1076.76 248.608 95.3257 828.155 389.008 439.147 357.775 77.3899 1928.64 971.477
internal_count=18423 7178 1528 1044 5650 1336 1012 4314 2065 2249 1903 492 11245 6108
cat_boundaries=0 2
cat_threshold=4034971662 23
is_linear=0
shrinkage=0.05


Tree=156
num_leaves=15
num_cat=1
split_feature=18 8 1 1 9 8 12 0 24 9 24 9 12 12
split_gain=4.58201 6.23022 6.50494 16.2182 7.04515 7.38781 5.54338 6.10217 5.41332 4.96804 4.50718 7.63238 5.98381 6.79894
threshold=0 8.9000000000000021 3.5000000000000004 5.5000000000000009 2.2500000000000004 10.550000000000002 10.708333333333334 3.5000000000000004 -0.54999999999999993 4.9500000000000011 1.0000000180025095e-35 -0.54999999999999993 12.708333333333334 11.100000000000001
decision_type=9 8 2 2 10 8 10 2 8 10 10 10 10 10
left_child=1 6 -3 4 5 -4 7 -1 -5 10 11 -8 13 -13
right_child=-2 2 3 8 -6 -7 9 -9 -10 -11 -12 12 -14 -15
leaf_value=-0.020353478480525749 0.0014511484892301375 -0.02643343555874408 -0.0012932472681694836 0.0041444665781610159 -0.023583927475039013 0.053686919703802821 0.036738618236611169 -0.002814796485190665 -0.02667298850867272 0.035963206875555986 0.0036161638759723046 0.0054662676320083609 0.0045918036124780199 -0.014625204567350746
leaf_weight=68.543869815766811 1929.3670384353027 51.065523952245712 9.2513904906809348 19.684925299137831 6.3179379496723405 17.994253061711788 11.184995897114275 179.38892768695951 51.610365772619843 9.9574697501957399 471.18146535009146 55.506557740271091 105.83353378623724 174.43006774783134
leaf_count=376 11245 439 78 278 103 108 51 960 522 75 2348 303 561 976
internal_value=-6.77908e-05 -0.0024386 -0.0117991 -0.00467227 0.023987 0.0350181 -0.00110485 -0.00766357 -0.0181642 0.000858838 0.000431585 -0.00389322 -0.00524673 -0.00977514
internal_weight=3161.32 1231.95 155.924 104.859 33.5636 27.2456 1076.03 247.933 71.2953 828.094 818.137 346.955 335.77 229.937
internal_count=18423 7178 1528 1089 289 186 5650 1336 800 4314 4239 1891 1840 1279
cat_boundaries=0 2
cat_threshold=4034971662 23
is_linear=0
shrinkage=0.05


Tree=157
num_leaves=15
num_cat=2
split_feature=18 8 1 1 9 8 24 0 18 3 8 19 24 10
split_gain=4.14412 5.69654 5.98044 14.6992 6.30075 6.51016 5.01812 4.92262 6.54137 5.79471 7.90219 7.24625 9.07543 7.54408
threshold=0 8.9000000000000021 3.5000000000000004 5.5000000000000009 2.2500000000000004 10.550000000000002 -0.54999999999999993 5.5000000000000009 1 55.500000000000007 3.5500000000000003 1.5000000000000002 0.22500000000000003 0.42250000000000015
decision_type=9 8 2 2 10 8 8 2 9 2 10 2 10 10
left_child=1 7 -3 4 5 -4 -5 9 -9 11 -11 -1 13 -13
right_child=-2 2 3 6 -6 -7 -8 8 -10 10 -12 12 -14 -15
leaf_value=-0.011366444824209898 0.0013782579249478027 -0.025458721253547714 -0.0012296684010792442 0.0039242123319182488 -0.022854181203965124 0.050274154848127521 -0.025782103341193692 0.005294339509661454 -0.0086777013172792596 0.0016411470420566452 -0.015111588356665796 -0.043833976592915352 0.018717443597580097 0.0011087661792529356
leaf_weight=81.293002359569073 1930.3365882430226 50.387201145291328 9.2434505634009856 19.748611513525248 6.1968217752873889 18.248133100569248 50.746422553434968 406.56769396737218 95.870674133300781 111.18770226091146 191.84316093474627 10.36745925247669 84.085349954664707 93.982280600816011
leaf_count=453 11245 439 78 278 103 108 522 2129 506 490 1078 45 427 522
internal_value=-6.49271e-05 -0.00232258 -0.0113167 -0.00447703 0.0226909 0.0329571 -0.0174601 -0.00105119 0.00256098 -0.00421988 -0.0089647 0.00111078 0.00649359 -0.00335643
internal_weight=3160.1 1229.77 154.571 104.183 33.6884 27.4916 70.495 1075.2 502.438 572.759 303.031 269.728 188.435 104.35
internal_count=18423 7178 1528 1089 289 186 800 5650 2635 3015 1568 1447 994 567
cat_boundaries=0 2 4
cat_threshold=4034971662 23 8390664 3
is_linear=0
shrinkage=0.05


Tree=158
num_leaves=15
num_cat=2
split_feature=18 23 11 6 0 19 12 4 18 7 11 7 22 23
split_gain=3.79714 8.31115 6.98626 4.15119 5.18564 3.35267 6.42009 4.80222 7.97604 5.9066 6.3555 4.74195 4.9408 4.98294
threshold=0 4.366666666666668 38.910000000000011 30.500000000000004 3.5000000000000004 8.5000000000000018 12.225000000000001 1625.0000000000002 1 2.5000000000000004 40.56333333333334 10.500000000000002 6.1000000000000005 7.1000000000000005
decision_type=9 10 8 8 2 2 10 2 9 10 8 10 10 10
left_child=1 2 -1 -4 -5 7 11 -2 -9 10 -10 12 -7 -14
right_child=5 -3 3 4 -6 6 -8 8 9 -11 -12 -13 13 -15
leaf_value=0.031890009509757372 1.6469759674778627e-05 -0.035056162843756719 -0.035985306524741474 -0.021222744791981728 0.0098149870370535849 -0.0237513106676354 0.0074397107808553478 -0.0078979312655375177 0.01163490077372132 0.017388594353321293 -0.030102390097632575 -0.051618314323501426 0.022321556406969516 -0.013792987313646239
leaf_weight=12.785726204514502 2672.2033507954329 24.921564631164074 11.36015999317169 22.701625190675259 33.048392973840237 41.237067874521017 47.567056112922728 61.191500369459391 23.35100731253624 146.02930753491819 14.967214703559874 8.1701517049223167 16.171844944357872 23.330625530332327
leaf_count=56 15424 173 60 97 146 225 375 329 101 967 65 96 100 209
internal_value=-6.27114e-05 -0.00898938 -0.00198362 -0.00843717 -0.0028237 0.000272184 -0.00738658 0.000631354 0.00732314 0.0121452 -0.00466781 -0.0153187 -0.0116455 0.00099188
internal_weight=3159.04 104.817 79.8959 67.1102 55.75 3054.22 136.477 2917.74 245.539 184.348 38.3182 88.9097 80.7395 39.5025
internal_count=18423 532 359 303 243 17891 1005 16886 1462 1133 166 630 534 309
cat_boundaries=0 2 4
cat_threshold=3221258240 21 24 8
is_linear=0
shrinkage=0.05


Tree=159
num_leaves=15
num_cat=2
split_feature=18 22 4 22 8 7 3 0 19 0 15 0 19 7
split_gain=3.73683 5.5294 9.28225 10.4257 7.59995 6.83093 6.14011 7.29659 6.01045 8.27812 8.04313 5.71925 7.06761 5.47924
threshold=0 8.4500000000000011 1550.0000000000002 9.7750000000000021 8.4500000000000011 5.5000000000000009 53.250000000000007 4.5000000000000009 3.5000000000000004 3.5000000000000004 1 5.5000000000000009 2.5000000000000004 6.5000000000000009
decision_type=9 8 2 10 10 10 2 2 2 2 1 2 2 10
left_child=1 -1 6 -4 5 -5 7 -3 9 -8 -11 12 -6 -12
right_child=-2 2 3 4 11 -7 8 -9 -10 10 13 -13 -14 -15
leaf_value=-0.00063366542434564862 0.0013076360317392892 0.043596650679601175 -0.01356661333486444 0.015661462822449162 0.070471871497002778 0.07040174845207478 -0.033661796939152125 -0.022520182308135139 -0.036508985585408452 0.014618243715460395 -0.041594310092165326 -0.036764005386203322 -0.017138546376581618 0.0027087876126491539
leaf_weight=1001.9172921031713 1931.3478697566316 8.6733733043074626 39.650775486603379 12.119000330567362 4.223892245441677 10.758294090628622 31.944715104997158 8.0419980846345407 40.08099608682096 28.993885301053524 17.198329895734791 7.1536540463566771 5.0591733306646347 11.745056353509424
leaf_count=5488 11245 68 280 62 43 79 190 77 360 169 84 87 70 121
internal_value=-6.1474e-05 -0.00220819 -0.00929737 0.00452403 0.0227696 0.0414037 -0.0167382 0.0117869 -0.020407 -0.0132266 -0.00195929 -0.00316598 0.0227251 -0.0175521
internal_weight=3158.91 1227.56 225.643 78.9648 39.314 22.8773 146.678 16.7154 129.963 89.882 57.9373 16.4367 9.28307 28.9434
internal_count=18423 7178 1690 621 341 141 1069 145 924 564 374 200 113 205
cat_boundaries=0 2 3
cat_threshold=4034971662 23 10
is_linear=0
shrinkage=0.05


Tree=160
num_leaves=15
num_cat=0
split_feature=5 12 24 7 5 24 10 23 1 7 19 10 22 9
split_gain=4.15405 7.03151 10.799 6.58655 6.77462 4.97939 8.98525 5.86366 10.1907 14.4496 5.44435 5.43745 5.03131 4.71551
threshold=12.500000000000002 13.225000000000001 1.9000000000000001 11.500000000000002 14.500000000000002 -0.89999999999999991 1.5900000000000005 7.4500000000000011 8.5000000000000018 2.5000000000000004 4.5000000000000009 1.0900000000000005 8.2250000000000014 1.9500000000000002
decision_type=2 8 8 10 2 10 10 10 2 10 2 8 10 10
left_child=-1 -2 3 4 5 13 7 8 10 -10 -7 -11 -8 -3
right_child=1 2 -4 -5 -6 6 12 -9 9 11 -12 -13 -14 -15
leaf_value=0.001562960223633753 -0.0078572001490723638 0.011697787897467171 0.052336213111906317 -0.02869877543357871 -0.015187306607417995 0.013500994112478487 -0.048498260795890785 -0.0082679891154021374 0.0025748591981019707 0.089357417014477525 -0.027974490090375781 0.037282540026738614 0.0030270777041675164 0.076559318210084173
leaf_weight=2636.6693681292236 322.99997410923243 6.1481709107756597 10.986091069877146 16.636831878684461 35.167736563831568 28.279878467321396 10.352520223706962 25.411589875817299 15.629803016781805 11.418714329600336 10.986038297414778 8.9353919401764852 8.7357519194483739 5.1488935276865959
leaf_count=14932 2168 42 61 253 210 133 83 167 68 54 55 52 92 63
internal_value=0.000759512 -0.00333932 0.00418903 0.00129625 0.00429853 0.00952775 0.00653417 0.0124983 0.0195111 0.0387319 0.00189675 0.0664967 -0.0249177 0.0412599
internal_weight=3153.51 516.837 193.837 182.851 166.214 131.047 119.75 100.661 75.2498 35.9839 39.2659 20.3541 19.0883 11.2971
internal_count=18433 3501 1333 1272 1019 809 704 529 362 174 188 106 175 105
is_linear=0
shrinkage=0.05


Tree=161
num_leaves=15
num_cat=1
split_feature=3 7 10 6 24 8 16 6 9 8 6 9 6 9
split_gain=5.14067 4.46333 6.88871 3.46083 5.08233 8.62584 7.34794 6.16971 4.3387 3.81502 3.50946 10.1794 7.25675 6.70328
threshold=50.500000000000007 6.5000000000000009 1.6900000000000006 102.50000000000001 0.45000000000000007 5.9000000000000012 0 162.50000000000003 1.0500000000000003 3.9000000000000004 32.500000000000007 4.0500000000000007 38.500000000000007 5.8500000000000005
decision_type=2 8 10 10 10 10 1 10 10 10 10 10 10 10
left_child=1 -1 -3 10 5 6 -5 8 -8 -10 13 -12 -13 -2
right_child=3 2 -4 4 -6 -7 7 -9 9 -11 11 12 -14 -15
leaf_value=-0.034096517076806998 0.00060882893972027637 0.032040487454503892 -0.032160092899996585 -0.007019483885015736 -0.014622440133826468 -0.018240171215312486 0.013173834627504141 -0.0025556579538007318 0.069033422772410577 0.026723644021666867 0.0031894454775599351 -0.0110864415825417 0.046421476971131664 -0.037810360308741887
leaf_weight=19.682663179934025 2162.0755626196042 8.6499064341187495 8.0825441125780326 42.62960235029459 85.57210723310709 42.000466920435429 17.080099612474442 19.530443951487541 10.223311677575113 11.126437894999979 685.27101349644363 7.1900214981287744 23.14138332568109 11.413461202755569
leaf_count=111 13094 58 98 215 439 295 75 91 47 60 3507 58 157 128
internal_value=0.000720636 -0.0179568 0.00102865 0.000938822 -0.00498952 0.000791448 0.00873794 0.0203275 0.0319569 0.0469837 0.00140701 0.00444406 0.0327893 0.000407081
internal_weight=3153.67 36.4151 16.7325 3117.25 228.162 142.59 100.59 57.9603 38.4298 21.3497 2889.09 715.602 30.3314 2173.49
internal_count=18433 267 156 18166 1222 783 488 273 182 107 16944 3722 215 13222
cat_boundaries=0 1
cat_threshold=2
is_linear=0
shrinkage=0.05


Tree=162
num_leaves=15
num_cat=2
split_feature=3 7 10 18 12 2 18 9 24 24 4 8 8 8
split_gain=4.686 4.11072 6.23911 3.21981 7.64096 6.26177 7.04993 6.4573 6.43083 5.80499 5.63902 5.62664 10.2644 5.3002
threshold=50.500000000000007 6.5000000000000009 1.6900000000000006 0 11.775000000000002 4.5000000000000009 1 1.7500000000000002 -0.22499999999999998 -1.7083333333333333 1750.0000000000002 3.4500000000000006 3.9000000000000004 2.1000000000000005
decision_type=2 8 10 9 8 2 9 10 10 8 2 10 10 10
left_child=1 -1 -3 4 5 6 8 -8 -2 -6 -5 -12 -13 -7
right_child=3 2 -4 10 9 13 7 -9 -10 -11 11 12 -14 -15
leaf_value=-0.032886575713724303 0.036946028973231897 0.029904713234667792 -0.031336757857944035 0.0011016297151855755 -0.03378283924334663 0.0094226764289785311 -0.02476791372878813 0.020329377881970787 0.0026232471109317243 0.0046701306664227752 -0.0065862596682771321 0.071674264423020495 0.012675569199356199 -0.017109810903470513
leaf_weight=19.39394411444664 18.921112425625324 8.8002655580639857 7.885234683752059 2397.0727403545752 10.173863468691705 21.358008965849876 37.175459198653698 10.092551298439501 48.961286850273609 278.10735471080989 32.701971232891083 7.980476886034011 96.700709564611316 158.55050343833864
leaf_count=111 109 58 98 14030 98 96 184 63 242 1513 143 35 677 976
internal_value=0.000683856 -0.0172322 0.000963215 0.000891182 -0.00243454 -0.00813263 0.000971896 -0.0124953 0.010625 0.00331307 0.0016597 0.0115178 0.0171734 -0.01396
internal_weight=3153.88 36.0794 16.6855 3117.8 583.34 295.059 115.15 47.268 67.8824 288.281 2534.46 137.383 104.681 179.909
internal_count=18433 267 156 18166 3281 1670 598 247 351 1611 14885 855 712 1072
cat_boundaries=0 2 3
cat_threshold=3489775642 23 24
is_linear=0
shrinkage=0.05


Tree=163
num_leaves=15
num_cat=0
split_feature=3 5 11 12 12 24 10 10 1 21 11 21 3 12
split_gain=4.2711 3.91875 6.74344 7.10062 4.65746 6.92697 7.00563 8.96491 11.1076 7.80984 7.90462 5.01791 4.82364 4.66556
threshold=50.500000000000007 12.500000000000002 42.710000000000015 13.100000000000001 13.225000000000001 1.9000000000000001 1.1550000000000005 0.82250000000000023 6.5000000000000009 0.16025641025641027 40.763333333333343 0.26136363636363641 55.500000000000007 12.900000000000002
decision_type=2 2 8 8 10 10 10 10 2 2 10 2 2 10
left_child=-1 -2 4 -4 11 6 7 -6 -9 -8 -11 12 -3 -13
right_child=1 2 3 -5 5 -7 9 8 -10 10 -12 13 -14 -15
leaf_value=-0.016535290225085032 0.001634009872027521 -0.011900599397081119 0.0044589131290550255 0.080587429254120421 -0.0022588540652910181 0.044816012491728258 -0.021748487646487749 -0.0057822872621333017 0.052010995008910633 0.029078354750367942 -0.027769410204645042 -0.011514109979271187 0.0039494269183128709 -0.038177439180058205
leaf_weight=35.749392814934254 2603.7473950590938 84.741395305842161 8.4469307921826804 4.8054906893521556 62.69755132496357 9.0452159233391267 54.60444082506001 13.671764336526392 21.21486696600914 18.953524377197031 9.0275152847170812 97.0448246486485 110.71664130873978 19.744477659463882
leaf_count=267 14679 719 89 46 281 51 576 76 116 118 68 484 766 97
internal_value=0.000648957 0.000845953 -0.00314053 0.032064 -0.0040709 0.00211919 -2.43538e-05 0.00904581 0.0293623 -0.0107418 0.0107376 -0.00782195 -0.0029224 -0.0160218
internal_weight=3154.21 3118.46 514.715 13.2524 501.462 189.215 180.17 97.5842 34.8866 82.5855 27.981 312.247 195.458 116.789
internal_count=18433 18166 3487 135 3352 1286 1235 473 192 762 186 2066 1485 581
is_linear=0
shrinkage=0.05


Tree=164
num_leaves=15
num_cat=0
split_feature=3 7 10 6 24 3 24 2 11 6 0 6 22 22
split_gain=3.88764 3.8079 5.71753 3.19761 7.05848 7.50192 5.86362 5.5279 7.32366 5.67107 5.10727 3.95193 6.26905 8.31094
threshold=50.500000000000007 6.5000000000000009 1.6900000000000006 87.500000000000014 0.45000000000000007 55.500000000000007 0.36666666666666675 4.5000000000000009 41.045000000000009 122.50000000000001 5.5000000000000009 55.500000000000007 3.9000000000000004 2.5500000000000003
decision_type=2 8 10 10 10 2 10 2 10 10 2 10 10 10
left_child=1 -1 -3 11 5 -5 7 8 9 -7 -9 -2 13 -13
right_child=3 2 -4 4 -6 6 -8 10 -10 -11 -12 12 -14 -15
leaf_value=-0.031122403751235862 0.00088373052508234577 0.029026940519612712 -0.030083742013374354 -0.0081289005949916754 -0.014525216281322551 0.0084163423338074368 0.043179975835081569 -0.026516505993430348 -0.010391036067903281 0.055292820777518473 0.012863555790948313 0.0018329374655429581 0.0019562072035109982 0.043948874244360059
leaf_weight=18.970209218561649 2696.1403530649841 8.8629985228180903 7.5977619811892501 91.838870014995337 105.27610722370446 11.438987679779531 13.127871744334696 17.719775168225169 13.567068949341772 14.799411498010157 15.379103291779755 21.896493766456842 92.613973096013069 25.188878919929266
leaf_count=111 15953 58 98 530 536 55 60 100 80 71 81 99 485 116
internal_value=0.000615647 -0.0158534 0.00174333 0.000802731 -0.0042638 0.0018096 0.0124189 0.00687974 0.0194345 0.0348564 -0.00821891 0.0013086 0.00950849 0.0243634
internal_weight=3154.42 35.431 16.4608 3118.99 283.147 177.871 86.0322 72.9043 39.8055 26.2384 33.0989 2835.84 139.699 47.0854
internal_count=18433 267 156 18166 1513 977 447 387 206 126 181 16653 700 215
is_linear=0
shrinkage=0.05


Tree=165
num_leaves=15
num_cat=3
split_feature=2 18 5 18 0 22 13 15 8 8 6 13 22 8
split_gain=3.67867 8.10569 9.75201 7.17521 7.19748 7.15402 6.9769 6.91583 6.97866 7.99633 6.73948 9.34479 7.92317 6.50025
threshold=4.5000000000000009 0 8.5000000000000018 1 7.5000000000000009 3.1000000000000005 1.0000000180025095e-35 2 7.7750000000000012 5.2250000000000005 75.500000000000014 1.0000000180025095e-35 4.2250000000000005 4.1000000000000005
decision_type=2 9 2 9 2 10 10 1 10 10 10 10 10 8
left_child=3 2 13 4 5 -1 -5 8 9 -8 -7 -12 -13 -2
right_child=1 -3 -4 6 -6 10 7 -9 -10 -11 11 12 -14 -15
leaf_value=0.0086737123096646326 0.026382839732574617 0.00022927893817649075 -0.014680394072683801 -0.01891237109714904 0.010931165121119239 0.00092002436750251613 0.0084789077081322568 -0.0071085407979199411 -0.028366025102290096 0.050916004244968671 0.01233171794240148 0.0030315633653229552 -0.032297901721425507 -0.0039118346744360056
leaf_weight=271.58693939819932 25.555432543158531 1059.283665089868 221.79931509681046 73.61591025069356 240.14611171931028 885.44703787565231 51.946391806006432 155.51436859741807 9.4615958295762521 14.117102734744547 27.558769535273314 22.684158056974411 52.825983516871929 57.652815908193588
leaf_count=1234 112 6267 1390 437 1380 5423 235 936 91 80 143 114 309 323
internal_value=8.12867e-05 -0.00187807 -0.00891218 0.00156233 0.0029782 0.00148619 -0.00533272 -0.00123666 0.0104162 0.0175473 -0.00048853 -0.0125892 -0.0216845 0.00539245
internal_weight=3169.2 1364.29 305.008 1804.9 1500.25 1260.1 304.655 231.039 75.5251 66.0635 988.516 103.069 75.5101 83.2082
internal_count=18474 8092 1825 10382 8603 7223 1779 1342 406 315 5989 566 423 435
cat_boundaries=0 1 3 4
cat_threshold=1342439452 8686748 12 12
is_linear=0
shrinkage=0.05


Tree=166
num_leaves=15
num_cat=0
split_feature=7 12 20 22 22 9 23 23 22 6 7 5 21 10
split_gain=3.6222 3.96434 6.04273 5.79122 6.75987 5.05304 5.64779 4.54014 4.38806 4.84125 4.25074 4.5093 4.18201 3.88231
threshold=14.500000000000002 14.100000000000001 0.53571428571428581 7.4500000000000011 8.5500000000000025 2.6500000000000008 5.366666666666668 11.550000000000002 11.100000000000001 19.500000000000004 2.5000000000000004 13.500000000000002 0.43650793650793657 1.4450000000000005
decision_type=10 8 2 10 10 10 10 10 10 10 8 2 2 8
left_child=1 -1 3 5 -5 6 10 8 9 -6 -3 -12 -8 -11
right_child=-2 2 -4 4 7 -7 12 -9 -10 13 11 -13 -14 -15
leaf_value=-0.00036198335753414717 -0.026411352496513104 -0.019193375657039494 0.04347641905284555 0.03775194528524986 0.040915185426410261 0.030987597590460741 -0.02751216613406678 0.036596960451211601 -0.028990687026082308 -0.013852184495804941 0.0025853838918626303 0.035146063933421338 0.010382911816145715 0.020172698667694493
leaf_weight=2882.2583449343219 12.855457800440488 19.214399859309196 10.318197309970854 23.677438039332628 8.7054195851087552 11.650381239131091 32.293203886598349 10.514057725667952 10.123421736061571 21.703068800270565 89.567365288734436 12.065533787012098 9.3996068090200406 13.660795710980883
leaf_count=16801 165 82 47 150 67 87 196 93 71 118 389 66 41 101
internal_value=7.54478e-05 0.000183367 0.00594328 0.00446837 0.0148928 -0.000821001 -0.00310094 0.00652825 0.000694542 0.00751372 0.00237351 0.00645088 -0.0189688 -0.000708627
internal_weight=3168.01 3155.15 272.893 262.575 88.3842 174.19 162.54 64.7068 54.1927 44.0693 120.847 101.633 41.6928 35.3639
internal_count=18474 18309 1508 1461 600 861 774 450 357 286 537 455 237 219
is_linear=0
shrinkage=0.05


end of trees

feature_importances:
avg5_margin=200
last_margin=195
avg5_headcount=194
頭数_real=182
レースの格=172
days_since_last=164
avg5_ninki=152
avg5_last3f=120
avg5_corner_last=104
last_ninki=101
avg5_corner_first=100
career_top3rate=92
avg5_corner_gain=76
斤量=75
馬番=72
career_starts=70
齢=62
枠_x=45
distance_main=45
場所=32
same_track_as_last=27
性=22
career_winrate=21
n_past_races=15

parameters:
[boosting: gbdt]
[objective: binary]
[metric: auc]
[tree_learner: serial]
[device_type: cpu]
[data_sample_strategy: bagging]
[data: ]
[valid: ]
[num_iterations: 1000]
[learning_rate: 0.05]
[num_leaves: 15]
[num_threads: 0]
[seed: 42]
[deterministic: 0]
[force_col_wise: 0]
[force_row_wise: 0]
[histogram_pool_size: -1]
[max_depth: -1]
[min_data_in_leaf: 50]
[min_sum_hessian_in_leaf: 0.001]
[bagging_fraction: 0.8]
[pos_bagging_fraction: 1]
[neg_bagging_fraction: 1]
[bagging_freq: 5]
[bagging_seed: 400]
[bagging_by_query: 0]
[feature_fraction: 0.8]
[feature_fraction_bynode: 1]
[feature_fraction_seed: 30056]
[extra_trees: 0]
[extra_seed: 12879]
[early_stopping_round: 0]
[early_stopping_min_delta: 0]
[first_metric_only: 0]
[max_delta_step: 0]
[lambda_l1: 0]
[lambda_l2: 0]
[linear_lambda: 0]
[min_gain_to_split: 0]
[drop_rate: 0.1]
[max_drop: 50]
[skip_drop: 0.5]
[xgboost_dart_mode: 0]
[uniform_drop: 0]
[drop_seed: 17869]
[top_rate: 0.2]
[other_rate: 0.1]
[min_data_per_group: 100]
[max_cat_threshold: 32]
[cat_l2: 10]
[cat_smooth: 10]
[max_cat_to_onehot: 4]
[top_k: 20]
[monotone_constraints: ]
[monotone_constraints_method: basic]
[monotone_penalty: 0]
[feature_contri: ]
[forcedsplits_filename: ]
[refit_decay_rate: 0.9]
[cegb_tradeoff: 1]
[cegb_penalty_split: 0]
[cegb_penalty_feature_lazy: ]
[cegb_penalty_feature_coupled: ]
[path_smooth: 0]
[interaction_constraints: ]
[verbosity: -1]
[saved_feature_importance_type: 0]
[use_quantized_grad: 0]
[num_grad_quant_bins: 4]
[quant_train_renew_leaf: 0]
[stochastic_rounding: 1]
[linear_tree: 0]
[max_bin: 255]
[max_bin_by_feature: ]
[min_data_in_bin: 3]
[bin_construct_sample_cnt: 200000]
[data_random_seed: 175]
[is_enable_sparse: 1]
[enable_bundle: 1]
[use_missing: 1]
[zero_as_missing: 0]
[feature_pre_filter: 1]
[pre_partition: 0]
[two_round: 0]
[header: 0]
[label_column: ]
[weight_column: ]
[group_column: ]
[ignore_column: ]
[categorical_feature: 15,16,17,18]
[forcedbins_filename: ]
[precise_float_parser: 0]
[parser_config_file: ]
[objective_seed: 16083]
[num_class: 1]
[is_unbalance: 0]
[scale_pos_weight: 1]
[sigmoid: 1]
[boost_from_average: 1]
[reg_sqrt: 0]
[alpha: 0.9]
[fair_c: 1]
[poisson_max_delta_step: 0.7]
[tweedie_variance_power: 1.5]
[lambdarank_truncation_level: 30]
[lambdarank_norm: 1]
[label_gain: ]
[lambdarank_position_bias_regularization: 0]
[eval_at: ]
[multi_error_top_k: 1]
[auc_mu_weights: ]
[num_machines: 1]
[local_listen_port: 12400]
[time_out: 120]
[machine_list_filename: ]
[machines: ]
[gpu_platform_id: -1]
[gpu_device_id: -1]
[gpu_device_id_list: ]
[gpu_use_dp: 0]
[num_gpu: 1]

end of parameters

pandas_categorical:[["\u5927\u4e95", "\u5ddd\u5d0e", "\u6d66\u548c", "\u8239\u6a4b"], ["\u30bb\u30f3", "\u725d", "\u7261"], ["\u30c0"], ["A\u4e00", "A\u4e8c", "B\u4e00", "B\u4e09", "B\u4e8c", "C\u4e00", "C\u4e00\u4e09", "C\u4e09", "C\u4e09\u4e00\u4e00", "C\u4e09\u4e00\u4e00\u4e00\u4e8c", "C\u4e09\u56db", "C\u4e8c", "C\u4e8c\u4e00\u4e00", "C\u4e8c\u4e00\u4e00\u4e00\u4e8c", "C\u4e8c\u4e00\u4e00\u4e00\u4e8c\u4e00\u4e09", "C\u4e8c\u4e00\u4e03\u4e00\u516b", "C\u4e8c\u4e00\u4e03\u4e00\u516b\u4e00\u4e5d", "C\u4e8c\u4e00\u4e09", "C\u4e8c\u4e00\u4e09\u4e00\u56db", "C\u4e8c\u4e00\u4e09\u4e00\u56db\u4e00\u4e94", "C\u4e8c\u4e00\u4e8c\u4e00\u4e09", "C\u4e8c\u4e00\u4e8c\u4e00\u4e09\u4e00\u56db", "C\u4e8c\u4e00\u4e94", "C\u4e8c\u4e00\u4e94\u4e00\u516d", "C\u4e8c\u4e00\u4e94\u4e00\u516d\u4e00\u4e03", "C\u4e8c\u4e00\u516d", "C\u4e8c\u4e00\u516d\u4e00\u4e03", "C\u4e8c\u4e00\u56db", "C\u4e8c\u4e00\u56db\u4e00\u4e94", "C\u4e8c\u4e00\u56db\u4e00\u4e94\u4e00\u516d", "JPN1", "JPN2", "JPN3", "OP", "\u65b0\u99ac", "\u672a\u683c\u4ed8", "\u91cd\u8cde"]]
