tree
version=v4
num_class=1
num_tree_per_iteration=1
label_index=0
max_feature_idx=12
objective=binary sigmoid:1
feature_names=齢_num 斤量_num days_since_last last_ninki avg5_ninki last_margin avg5_margin avg5_last3f n_past_races same_track_as_last 人気_num 場所 sei
feature_infos=[2:16] [49:60] [4:735] [0:18] [0:17] [-3.2999999999999998:57.5] [-2.5:12.859999999999999] [0:52.5] [0:5] [0:1] [0:16] -1:2:0:3:6:4:8:7:5 -1:2:3:1:0
tree_sizes=1716 1746 1753 1755 1755 1758 1763 1760 1760 1753 1758 1760 1758 1753 1758 1761 1763 1782 1759 1771 1754 1772 1765 1761 1790 1756 1750 1784 1778 1772 1791 1782 1779 1765 1775 1774 1797 1787 1781 1781 1796 1772 1798 1800 1782 1796 1775 1781 1790 1766 1777 1777 1780 1790 1779 1797 1784 1780 1801 1781 1788 1778 1777 1794 1774 1778 1767 1787 1784 1797 1787 1787 1768 1780 1790 1790 1787 1773 1780 1777 1797 1785 1772 1793 1793 1797 1778 1785 1802 1785 1747 1795 1774 1793 1778 1774

Tree=0
num_leaves=15
num_cat=0
split_feature=10 10 10 10 3 10 5 0 10 1 5 2 9 5
split_gain=14719.4 3185.85 375.713 341.888 146.534 75.1488 75.1219 30.8831 26.8476 17.3262 14.5103 13.2982 11.8769 10.9493
threshold=1.5000000000000002 3.5000000000000004 6.5000000000000009 2.5000000000000004 1.5000000000000002 4.5000000000000009 0.075000000000000025 4.5000000000000009 8.5000000000000018 53.500000000000007 0.95000000000000007 35.500000000000007 1.0000000180025095e-35 0.45000000000000007
decision_type=8 8 8 10 10 10 10 2 8 8 10 8 10 10
left_child=4 3 5 9 6 10 12 -6 -4 -2 -3 -11 -1 -13
right_child=1 2 8 -5 7 -7 -8 -9 -10 11 -12 13 -14 -15
leaf_value=-2.1565977703761936 -2.2288630711722788 -2.2924226768086484 -2.3160386569293614 -2.2794893531029854 -2.1740186817558365 -2.3077814331134681 -2.1760734269931379 -2.1955297366544331 -2.3212953817547834 -2.255110135338398 -2.3006294541254437 -2.2515759632419714 -2.1340303439090778 -2.2361404952609782
leaf_weight=110.36573570966721 31.449646532535553 407.17698866128922 1469.4576224684715 777.06487387418747 282.71313554048538 1544.9534583091736 113.86940985918045 123.5462241768837 2339.2030196785927 531.97452503442764 369.80446439981461 135.80908370018005 148.7393097281456 77.748197793960571
leaf_count=1323 377 4881 17615 9315 3389 18520 1365 1481 28041 6377 4433 1628 1783 932
internal_value=-2.29115 -2.30375 -2.31348 -2.2654 -2.16699 -2.30396 -2.15282 -2.18031 -2.31927 -2.25133 -2.29634 -2.25236 -2.14309 -2.24573
internal_weight=8463.88 7684.64 6130.6 1554.05 779.234 2321.93 372.974 406.259 3808.66 776.981 776.981 745.532 259.105 213.557
internal_count=101460 92119 73490 18629 9341 27834 4471 4870 45656 9314 9314 8937 3106 2560
is_linear=0
shrinkage=1


Tree=1
num_leaves=15
num_cat=0
split_feature=10 10 10 10 10 6 5 0 4 10 1 1 6 2
split_gain=12755.2 2354.87 1024.55 160.222 114.5 99.9828 58.679 30.6763 32.3699 27.086 22.0828 14.5848 14.0441 18.1599
threshold=2.5000000000000004 1.5000000000000002 4.5000000000000009 6.5000000000000009 3.5000000000000004 0.093750000000000028 -0.6499999999999998 4.5000000000000009 1.7750000000000001 8.5000000000000018 55.250000000000007 53.500000000000007 0.58166666666666689 136.50000000000003
decision_type=8 10 8 8 10 10 8 2 10 8 10 8 10 10
left_child=1 5 4 -4 -2 10 -7 -8 -9 -5 -1 -3 -6 -14
right_child=2 11 3 9 12 6 7 8 -10 -11 -12 -13 13 -15
leaf_value=0.11335123760274579 0.011199436174009711 0.057536846759937865 -0.016360432412280246 -0.024650128287721285 0.0024854884891845961 0.14609695403137146 0.10510067602662264 0.11403725694135734 0.080327148684537386 -0.029986682371850888 0.1392032177479737 0.03644227960122242 -0.0080743931250431122 0.024023811818225167
leaf_weight=101.38684249669313 784.48542203754187 33.079026430845261 1524.0816086530685 1439.8269900307059 172.25439313054085 30.42251817882061 428.03179039061069 40.523152314126492 147.31797157973051 2282.1661337167025 113.15461526066065 769.34228061884642 586.09160149842501 15.357180573046206
leaf_count=1089 9315 377 18520 17615 2068 325 4651 440 1623 28041 1213 8937 7061 185
internal_value=-2.24795e-05 0.0744245 -0.0182288 -0.0245722 0.00312994 0.10887 0.102475 0.100087 0.0881648 -0.0279294 0.127569 0.0373824 -0.0050559 -0.00721629
internal_weight=8467.52 1663.26 6804.26 5246.07 1558.19 860.837 646.295 615.873 187.841 3721.99 214.541 802.421 773.703 601.449
internal_count=101460 18655 82805 64176 18629 9341 7039 6714 2063 45656 2302 9314 9314 7246
is_linear=0
shrinkage=0.03


Tree=2
num_leaves=15
num_cat=0
split_feature=10 10 10 10 10 3 5 10 0 1 0 1 5 2
split_gain=11471 1857.15 996.504 159.709 106.912 78.7615 38.2102 27.3292 14.9743 16.3258 14.0344 14.3672 13.5817 13.5127
threshold=2.5000000000000004 1.5000000000000002 4.5000000000000009 6.5000000000000009 3.5000000000000004 1.5000000000000002 0.075000000000000025 8.5000000000000018 3.5000000000000004 52.500000000000007 5.5000000000000009 53.500000000000007 0.95000000000000007 35.500000000000007
decision_type=8 10 8 8 10 10 10 8 2 10 2 8 10 8
left_child=1 5 4 -4 -2 6 -1 -5 -7 -10 11 -3 -6 -13
right_child=2 10 3 7 12 8 -8 -9 9 -11 -12 13 -14 -15
leaf_value=0.1125769918632053 0.01076397283097574 0.058068922088327771 -0.01608755646671331 -0.02440805249338807 -0.0011413012024411048 0.095619583278153883 0.090752604154163946 -0.029825809418722163 0.046810336008847098 0.083980406749307929 0.026599252364142321 0.033020375181423658 -0.0091160124258835625 0.043035843444972258
leaf_weight=320.42725121229887 791.66424248367548 29.860528185963631 1503.7623879313469 1410.9324938431382 405.62925052642822 195.37130836397409 135.62171224504709 2226.4889103770256 15.441078618168829 270.22255574911833 153.87766467034817 453.91703801602125 364.86942064762115 189.27388393878937
leaf_count=3106 9315 325 18520 17615 4881 1959 1365 28041 158 2753 1734 5131 4433 2124
internal_value=-4.06751e-05 0.0680051 -0.0179547 -0.0243296 0.00302775 0.0969082 0.1063 -0.0277316 0.0878026 0.0821415 0.0351743 0.0370924 -0.00492464 0.0360299
internal_weight=8467.36 1764.01 6703.35 5141.18 1562.16 937.084 456.049 3637.42 481.035 285.664 826.929 673.051 770.499 643.191
internal_count=101460 18655 82805 64176 18629 9341 4471 45656 4870 2911 9314 7580 9314 7255
is_linear=0
shrinkage=0.03


Tree=3
num_leaves=15
num_cat=0
split_feature=10 10 10 10 10 3 5 10 6 2 0 1 1 0
split_gain=10378 1496.22 969.013 159.167 99.8741 58.8585 27.6684 27.6178 13.0482 17.0845 12.1516 12.2509 12.1152 12.0362
threshold=2.5000000000000004 1.5000000000000002 4.5000000000000009 6.5000000000000009 3.5000000000000004 1.5000000000000002 0.075000000000000025 9.5000000000000018 0.58166666666666689 136.50000000000003 5.5000000000000009 53.500000000000007 54.750000000000007 4.5000000000000009
decision_type=8 10 8 8 10 10 10 8 10 10 2 8 10 2
left_child=1 5 4 -4 -2 6 -1 -5 -6 -10 11 -3 -13 -7
right_child=2 10 3 7 8 13 -8 -9 9 -11 -12 12 -14 -15
leaf_value=0.10020813512526379 0.010349362598100903 0.053896292802560586 -0.015816321171286608 -0.02515347395806785 0.0024602165891757679 0.083155417849909735 0.082079695314075468 -0.030561154891154726 -0.0077475233122705532 0.023177799416263054 0.025257684623074372 0.028711325121778718 0.037397594359856505 0.070543035563289877
leaf_weight=348.82782539725304 798.60987167805433 31.26203753054142 1483.9833775162697 1995.1858570575714 172.3659331202507 362.17044898122549 145.39828600734472 1559.7248762473464 579.4502190425992 15.587960682809351 157.19030561298132 266.67158083617687 395.29930678009987 152.34335408359766
leaf_count=3106 9315 325 18520 25521 2068 3389 1365 20135 7061 185 1734 2922 4333 1481
internal_value=-5.63679e-05 0.062537 -0.0176821 -0.0240869 0.00292875 0.0872391 0.0950514 -0.027534 -0.00479704 -0.00689986 0.0331682 0.0349229 0.033947 0.0795651
internal_weight=8464.07 1859.16 6604.91 5038.89 1566.01 1008.74 494.226 3554.91 767.404 595.038 850.423 693.233 661.971 514.514
internal_count=101460 18655 82805 64176 18629 9341 4471 45656 9314 7246 9314 7580 7255 4870
is_linear=0
shrinkage=0.03


Tree=4
num_leaves=15
num_cat=0
split_feature=10 10 10 10 10 3 10 5 4 1 0 5 7 0
split_gain=9436.43 1227.67 942.113 158.593 93.3199 45.6314 27.9552 21.7328 21.4444 22.1607 13.973 12.7011 12.2027 15.0712
threshold=2.5000000000000004 1.5000000000000002 4.5000000000000009 6.5000000000000009 3.5000000000000004 1.5000000000000002 8.5000000000000018 -0.6499999999999998 1.6333333333333335 55.250000000000007 4.5000000000000009 0.95000000000000007 37.910000000000011 4.5000000000000009
decision_type=8 10 8 8 10 10 8 8 10 10 2 10 8 2
left_child=1 5 4 -4 -2 7 -5 -1 9 -9 -10 -6 -7 -14
right_child=2 -3 3 6 11 12 -8 8 10 -11 -12 -13 13 -15
leaf_value=0.10909952459014723 0.009954303001911885 0.031333350907505671 -0.015546779314140313 -0.023913426347930523 -0.0010156660935072938 0.085886245162864139 -0.029510730608435481 0.078228057313503768 0.079375169498303325 0.096901057536066579 0.056582749243331502 -0.0087599605869034328 0.074152260880141638 0.06032856095347762
leaf_weight=44.199737496674061 805.33029086887836 873.01256372779608 1464.7322967648506 1354.1841191053391 404.19380512833595 77.075411237776279 2120.2463745549321 144.7961073294282 118.71796256303787 174.80487252026796 47.415469348430634 360.18243789672852 333.91632029414177 135.13746600598097
leaf_count=359 9315 9314 18520 17615 4881 687 28041 1224 1018 1458 412 4433 2937 1246
internal_value=-6.9694e-05 0.0578201 -0.017411 -0.0238442 0.00283374 0.0792598 -0.0273366 0.0859135 0.0835839 0.0887116 0.0732475 -0.00467154 0.0726581 0.0703064
internal_weight=8457.95 1949.08 6508.87 4939.16 1569.71 1076.06 3474.43 529.934 485.734 319.601 166.133 764.376 546.129 469.054
internal_count=101460 18655 82805 64176 18629 9341 45656 4471 4112 2682 1430 9314 4870 4183
is_linear=0
shrinkage=0.03


Tree=5
num_leaves=15
num_cat=0
split_feature=10 10 10 10 10 6 10 5 0 2 4 1 6 2
split_gain=8618.26 1024.43 915.747 157.984 87.2335 38.566 28.3243 27.9417 18.0155 32.7485 14.6849 12.2995 12.1127 16.0719
threshold=2.5000000000000004 1.5000000000000002 4.5000000000000009 6.5000000000000009 3.5000000000000004 0.093750000000000028 9.5000000000000018 -0.6499999999999998 3.5000000000000004 22.500000000000004 5.366666666666668 55.250000000000007 0.58166666666666689 136.50000000000003
decision_type=8 10 8 8 10 10 8 8 2 8 10 10 10 10
left_child=1 5 4 -4 -2 11 -5 10 -9 -10 -7 -1 -6 -14
right_child=2 -3 3 6 12 7 -8 8 9 -11 -12 -13 13 -15
leaf_value=0.07395144604457525 0.0095775991908586631 0.029642960601234402 -0.015278979106663877 -0.024684377536023441 0.0024311603047710243 0.072568412298612398 -0.030285797500579015 0.073915990200587187 0.055776425886651604 0.072247472636304183 0.11731502299779657 0.089534856725313333 -0.0074315060210005243 0.02237012631083559
leaf_weight=136.76276577264071 811.83334250003099 894.82440647482872 1445.9968650341034 1912.5466764867306 172.49422377347946 23.758686549961567 1483.3895518630743 308.01299569010735 267.73458784073591 227.38104594498873 18.66835580766201 156.79541438817978 573.14740028977394 15.813889056444166
leaf_count=1089 9315 9314 18520 25521 2068 182 20135 2542 2264 1908 143 1213 7061 185
internal_value=-8.02584e-05 0.0537141 -0.0171414 -0.0236012 0.00274164 0.0725805 -0.0271393 0.0690257 0.0675638 0.0634711 0.0945055 0.0825506 -0.00454959 -0.00659476
internal_weight=8449.16 2033.94 6415.22 4841.93 1573.29 1139.11 3395.94 845.556 803.129 495.116 42.427 293.558 761.456 588.961
internal_count=101460 18655 82805 64176 18629 9341 45656 7039 6714 4172 325 2302 9314 7246
is_linear=0
shrinkage=0.03


Tree=6
num_leaves=15
num_cat=0
split_feature=10 10 10 10 10 3 10 5 10 5 7 0 0 2
split_gain=7899.2 889.945 865.949 157.788 81.5588 32.5395 23.9288 16.1473 12.3968 11.8672 11.0209 14.3289 10.2285 11.5952
threshold=2.5000000000000004 4.5000000000000009 1.5000000000000002 7.5000000000000009 3.5000000000000004 1.5000000000000002 5.5000000000000009 0.075000000000000025 9.5000000000000018 0.95000000000000007 36.345000000000006 4.5000000000000009 5.5000000000000009 35.500000000000007
decision_type=8 8 10 8 10 10 10 10 8 10 10 2 2 8
left_child=2 4 5 6 -2 7 -3 10 -5 -6 11 -1 13 -4
right_child=1 3 12 8 9 -7 -8 -9 -10 -11 -12 -13 -14 -15
leaf_value=0.072689134521667836 0.0092181453510117688 -0.01270777552904811 0.027099384661245073 -0.025887638796682412 -0.00089877212960001826 0.061569007740880248 -0.019508033755532301 0.063062422116369518 -0.03014789899470369 -0.0084147056621819531 0.080397253300194288 0.04706867204585595 0.021117075247767819 0.035655943396999443
leaf_weight=130.73678217828274 818.12652200460434 717.35173042863607 530.7353031411767 1207.6843468695879 402.86362028121948 605.06103366613388 1376.0911543741822 172.13347759842873 1446.0386596247554 355.73135670274496 258.19847531616688 32.379842102527618 168.27720177173615 216.78945395350456
leaf_count=969 9315 9305 5401 16503 4881 4870 18233 1365 20135 4433 1898 239 1734 2179
internal_value=-8.93038e-05 -0.0168734 0.0500959 -0.0233581 0.00265323 0.0668762 -0.017185 0.0721745 -0.0282196 -0.00442969 0.0757392 0.0679211 0.0280866 0.0296252
internal_weight=8438.2 6323.89 2114.31 4747.17 1576.72 1198.51 2093.44 593.449 2653.72 758.595 421.315 163.117 915.802 747.525
internal_count=101460 82805 18655 64176 18629 9341 27538 4471 36638 9314 3106 1208 9314 7580
is_linear=0
shrinkage=0.03


Tree=7
num_leaves=15
num_cat=0
split_feature=10 10 10 10 10 4 5 10 7 0 6 10 5 6
split_gain=7262.04 864.657 739.689 157.57 76.284 28.5944 29.5172 23.489 18.1405 17.8746 16.488 12.5733 11.2974 9.82172
threshold=2.5000000000000004 4.5000000000000009 1.5000000000000002 7.5000000000000009 3.5000000000000004 1.6333333333333335 -0.6499999999999998 5.5000000000000009 37.855000000000011 3.5000000000000004 1.6950000000000005 9.5000000000000018 0.95000000000000007 0.3050000000000001
decision_type=8 8 10 8 10 10 8 10 8 2 8 8 10 10
left_child=2 4 5 7 -2 8 -7 -3 -1 -8 13 -5 -6 -11
right_child=1 3 -4 11 12 6 9 -9 -10 10 -12 -13 -14 -15
leaf_value=0.087273876111777726 0.0088749209020636578 -0.012460037710668821 0.026652020541447542 -0.025673719067629285 -0.00087252634048991771 0.080603503391440845 0.06262040698942925 -0.019239292750049552 0.065853165454583862 0.061667684485008256 0.062518791461623618 -0.030011082068361703 -0.0082205318869510435 0.045878494471604192
leaf_weight=51.077710300683975 824.21704720705748 709.80167176574469 935.93318499624729 1181.6183583512902 402.56737446784973 55.171329721808434 314.09018142521381 1353.8071350157261 379.68104735761881 52.428330667316914 122.50535270571709 1409.6075243130326 353.27139443904161 279.65841083973646
leaf_count=364 9315 9305 9314 16503 4881 379 2355 18233 2723 398 948 20135 4433 2174
internal_value=-9.76203e-05 -0.0166069 0.0468785 -0.0231147 0.00256747 0.061934 0.0583753 -0.0169147 0.0685894 0.0566772 0.0524425 -0.0280439 -0.00431323 0.0485489
internal_weight=8425.44 6234.89 2190.55 4654.83 1580.06 1254.61 823.854 2063.61 430.759 768.682 454.592 2591.23 755.839 332.087
internal_count=101460 82805 18655 64176 18629 9341 6254 27538 3087 5875 3520 36638 9314 2572
is_linear=0
shrinkage=0.03


Tree=8
num_leaves=15
num_cat=0
split_feature=10 10 10 10 10 6 10 5 10 0 2 4 6 2
split_gain=6694.86 839.891 638.568 157.313 71.3696 25.137 23.0705 18.1867 12.7523 12.5071 24.3512 11.6299 10.998 15.1696
threshold=2.5000000000000004 4.5000000000000009 1.5000000000000002 7.5000000000000009 3.5000000000000004 0.093750000000000028 6.5000000000000009 -0.6499999999999998 9.5000000000000018 3.5000000000000004 22.500000000000004 5.366666666666668 0.58166666666666689 136.50000000000003
decision_type=8 8 10 8 10 10 10 8 8 2 8 10 10 10
left_child=2 4 5 6 -2 -1 -3 11 -5 -9 -11 -7 -6 -14
right_child=1 3 -4 8 12 7 -8 9 -10 10 -12 -13 13 -15
leaf_value=0.065078125821232097 0.0085469914615049093 -0.014448296545905874 0.025320241219324618 -0.025459363910926548 0.0024423266887339326 0.056692829597735049 -0.021356885253980613 0.058717041379376299 -0.029875211618542726 0.044460947385350925 0.05766090971106843 0.091789541323233484 -0.0070014115780390063 0.021825501006300003
leaf_weight=340.36055220663548 830.11178892105818 1390.266352519393 955.3526710793376 1156.2137992307544 172.44401216506958 27.600751578807831 644.30252780020237 354.00710372626781 1374.0794939920306 302.62511187791824 260.45661744475365 22.309460356831551 564.74742124974728 15.969280287623404
leaf_count=2302 9315 18520 9314 16503 2068 182 9018 2542 20135 2264 1908 143 7061 185
internal_value=-0.000104364 -0.016342 0.0440036 -0.022871 0.0024847 0.0576266 -0.0166455 0.0549394 -0.0278683 0.0538295 0.0506581 0.0738756 -0.00419945 -0.00617254
internal_weight=8410.85 6148.13 2262.71 4564.86 1583.27 1307.36 2034.57 966.999 2530.29 917.089 563.082 49.9102 753.161 580.717
internal_count=101460 82805 18655 64176 18629 9341 27538 7039 36638 6714 4172 325 9314 7246
is_linear=0
shrinkage=0.03


Tree=9
num_leaves=15
num_cat=0
split_feature=10 10 10 10 10 10 4 0 4 3 6 10 7 5
split_gain=6186.29 815.662 555.94 157.01 66.7801 23.0016 22.4771 23.5031 18.2382 18.2189 15.3208 12.9333 11.8781 10.5391
threshold=2.5000000000000004 4.5000000000000009 1.5000000000000002 7.5000000000000009 3.5000000000000004 5.5000000000000009 1.6333333333333335 4.5000000000000009 3.7083333333333335 2.5000000000000004 0.88166666666666682 9.5000000000000018 37.855000000000011 0.95000000000000007
decision_type=8 8 10 8 10 10 8 2 8 8 10 8 8 10
left_child=2 4 6 5 -2 -3 12 8 10 -10 -8 -5 -1 -6
right_child=1 3 -4 11 13 -7 7 -9 9 -11 -12 -13 -14 -15
leaf_value=0.075720433382297378 0.008233486664056008 -0.01192774526875952 0.024083340649309355 -0.025244491071033149 -0.00076736174994992078 -0.018720273702056776 0.054736885704383169 0.043675807430873535 0.068875314347745284 0.054308936935138975 0.040311895056963767 -0.029740154464431828 0.05799364314714972 -0.0078913004499445421
leaf_weight=55.969946205615997 835.81754855811596 694.01964765042067 974.04344713687897 1131.4575182646513 401.37609292566776 1312.2812841534615 165.49415671825409 280.7112190425396 126.69358678162098 345.3251017332077 143.60366156697273 1339.4382167607546 239.3416642844677 349.15917500853539
leaf_count=363 9315 9305 9314 16503 4881 18233 1137 2033 857 2348 1004 20135 1599 4433
internal_value=-0.000110265 -0.0160787 0.0414138 -0.022627 0.00240523 -0.0163777 0.0538252 0.0516077 0.0543987 0.058356 0.0481868 -0.0276926 0.0615976 -0.0040876
internal_weight=8394.73 6063.55 2331.18 4477.2 1586.35 2006.3 1357.14 1061.83 781.117 472.019 309.098 2470.9 295.312 750.535
internal_count=101460 82805 18655 64176 18629 27538 9341 7379 5346 3205 2141 36638 1962 9314
is_linear=0
shrinkage=0.03


Tree=10
num_leaves=15
num_cat=0
split_feature=10 10 10 10 10 10 5 3 10 1 4 6 2 1
split_gain=5728.29 791.913 487.701 156.666 62.509 22.7296 20.9359 13.9493 13.1161 12.178 15.2961 10.1933 14.2627 8.82334
threshold=2.5000000000000004 4.5000000000000009 1.5000000000000002 7.5000000000000009 3.5000000000000004 6.5000000000000009 0.15000000000000005 1.5000000000000002 9.5000000000000018 53.500000000000007 3.5500000000000003 0.58166666666666689 136.50000000000003 53.500000000000007
decision_type=8 8 10 8 10 10 10 8 8 10 10 10 10 8
left_child=2 4 6 5 -2 -3 7 -1 -5 10 -8 -6 -13 -4
right_child=1 3 13 8 11 -7 9 -9 -10 -11 -12 12 -14 -15
leaf_value=0.05929889820193969 0.0079336015636851994 -0.013910393786675796 0.036538646382737142 -0.025029027928705646 0.0024043506423289769 -0.020872911804771306 0.0084890784520370802 0.049920493035130659 -0.029605786909744785 0.047546541136746313 0.044594691114891852 -0.0067116927678503397 0.0210685375430693 0.022283793294116325
leaf_weight=323.01257169246674 841.34064171463251 1356.0216359421611 42.575084328651428 1107.3364231139421 172.61172142624855 622.77493022382259 18.545910492539406 385.15896783769131 1305.6670406833291 652.00864014029503 25.397485733032227 559.20709307491779 16.189795687794685 949.46184284240007
leaf_count=2014 9315 18520 377 16503 2068 9018 129 2533 20135 4488 177 7061 185 8937
internal_value=-0.000115229 -0.015817 0.0390689 -0.0223826 0.00232807 -0.0161111 0.0504456 0.0542758 -0.0275167 0.0464758 0.0298846 -0.00397906 -0.00589485 0.0229317
internal_weight=8377.31 5981.15 2396.16 4391.8 1589.35 1978.8 1404.12 708.172 2413 695.952 43.9434 748.009 575.397 992.037
internal_count=101460 82805 18655 64176 18629 27538 9341 4547 36638 4794 306 9314 7246 9314
is_linear=0
shrinkage=0.03


Tree=11
num_leaves=15
num_cat=0
split_feature=10 10 10 10 10 10 6 5 10 1 7 4 0 2
split_gain=5313.48 772.542 430.436 134.958 76.0667 22.3838 19.5296 14.5924 13.3002 10.0998 9.94572 13.6184 15.3775 11.4905
threshold=2.5000000000000004 5.5000000000000009 1.5000000000000002 3.5000000000000004 7.5000000000000009 4.5000000000000009 0.093750000000000028 -0.6499999999999998 9.5000000000000018 55.250000000000007 38.990000000000016 1.6333333333333335 4.5000000000000009 20.500000000000004
decision_type=8 8 10 10 8 10 10 8 8 10 10 10 2 8
left_child=2 3 6 -2 -3 -5 9 -8 -6 -1 11 -9 -13 -14
right_child=1 4 -4 5 8 -7 7 10 -10 -11 -12 12 13 -15
leaf_value=0.047431527553347543 0.0076465857957369252 -0.018203712021149517 0.02185894445379535 -0.0038723874399364689 -0.024812905209641578 -0.011406464508053467 0.061051734212373705 0.059622401985542972 -0.029471986925452762 0.05866934848632107 0.04152015408266075 0.049516489631386551 0.021545649677844649 0.043204901781198152
leaf_weight=175.78606694936752 846.68731458485126 1272.9023640304804 1009.3258235156536 745.52880548685789 1083.8373625352979 679.12654269486666 55.731975004076958 85.375446647405624 1272.7490137889981 202.75199599564075 607.15641561150551 223.3877078294754 41.660737678408623 56.737095147371292
leaf_count=1089 9315 18233 9314 9314 16503 9305 325 541 20135 1213 4033 1456 292 392
internal_value=-0.000119825 -0.0155569 0.036932 -0.00183369 -0.0241421 -0.00746933 0.0474121 0.0451789 -0.0273406 0.0535894 0.0442475 0.0482028 0.0449976 0.0343436
internal_weight=8358.74 5900.83 2457.91 2271.34 3629.49 1424.66 1448.59 1070.05 2356.59 378.538 1014.32 407.161 321.786 98.3978
internal_count=101460 82805 18655 27934 54871 18619 9341 7039 36638 2302 6714 2681 2140 684
is_linear=0
shrinkage=0.03


Tree=12
num_leaves=15
num_cat=0
split_feature=10 10 10 10 10 10 6 5 5 4 0 2 1 0
split_gain=4968.75 827.441 336.284 93.8624 48.8051 30.155 17.1984 12.9051 9.85675 9.65646 9.48647 18.7593 8.68867 8.42988
threshold=3.5000000000000004 1.5000000000000002 6.5000000000000009 2.5000000000000004 4.5000000000000009 9.5000000000000018 0.093750000000000028 -0.6499999999999998 0.95000000000000007 5.366666666666668 3.5000000000000004 22.500000000000004 55.250000000000007 5.5000000000000009
decision_type=8 10 8 10 10 8 10 8 10 10 2 8 10 2
left_child=1 6 4 13 8 -4 12 9 -2 -8 -9 -12 -1 -3
right_child=2 3 5 -5 -6 -7 7 10 -10 -11 11 -13 -14 -15
leaf_value=0.044740833760577449 -0.00055588753552107076 0.022157872497929196 -0.023085833448511207 0.00737174240550668 -0.013380665052834091 -0.029338633671331781 0.043473294512539541 0.045655929360075669 -0.0074809350972225757 0.071875391818683118 0.034156477432090833 0.044907812567152074 0.055042804237688571 0.01494116422949162
leaf_weight=180.74827881157398 399.00547813624144 838.38470872491598 1663.2960788086057 851.86346635222435 1323.640210814774 1240.6677091680467 31.602278187870979 403.87364558875561 344.14663232117891 26.025155201554298 341.69913032650948 296.82471933960915 209.58379761874676 187.62852112203836
leaf_count=1089 4881 7580 25521 9315 18520 20135 182 2542 4433 143 2264 1908 1213 1734
internal_value=-0.000123219 0.0280039 -0.0191843 0.0147452 -0.00992795 -0.0257664 0.0446891 0.0426191 -0.00376855 0.0573072 0.041753 0.0392168 0.0503989 0.020854
internal_weight=8338.99 3368.23 4970.76 1877.88 2066.79 2903.96 1490.36 1100.02 743.152 57.6274 1042.4 638.524 390.332 1026.01
internal_count=101460 27970 73490 18629 27834 45656 9341 7039 9314 325 6714 4172 2302 9314
is_linear=0
shrinkage=0.03


Tree=13
num_leaves=15
num_cat=0
split_feature=10 10 10 10 10 10 4 0 4 3 6 4 6 2
split_gain=4658.15 741.831 332.171 85.534 47.0063 30.4613 16.0345 17.6687 14.0953 14.1711 12.0222 9.8178 9.46931 13.4445
threshold=3.5000000000000004 1.5000000000000002 6.5000000000000009 2.5000000000000004 4.5000000000000009 9.5000000000000018 1.6333333333333335 4.5000000000000009 3.7083333333333335 2.5000000000000004 0.24500000000000008 5.366666666666668 0.58166666666666689 136.50000000000003
decision_type=8 10 8 10 10 8 8 2 8 8 10 10 10 10
left_child=1 6 4 -3 12 -4 -1 8 10 11 -8 -10 -2 -14
right_child=2 3 5 -5 -6 -7 7 -9 9 -11 -12 -13 13 -15
leaf_value=0.048329337916886504 0.0024835116353176391 0.019913147950211776 -0.022850073699017225 0.0071084328078970371 -0.013129481731782239 -0.029205619164297258 0.049094782191845654 0.034032397468762431 0.044054280744317928 0.042646815462422841 0.034508255290104602 0.062125866474620067 -0.0063392137171094168 0.02050956101983669
leaf_weight=335.04753102362156 172.26084300875664 1042.0698235556483 1630.5516747832298 856.87485739588737 1308.7413991987705 1209.4060248322785 71.596804589033127 314.23040401935577 63.771642908453941 389.24914580583572 275.43596433103085 80.488086268305779 552.22106906026602 16.355945378541946
leaf_count=1962 2068 9314 25521 9315 18520 20135 426 2033 384 2348 1715 473 7061 185
internal_value=-0.000126023 0.0266783 -0.018924 0.014142 -0.00971284 -0.0255659 0.0422201 0.0404679 0.0427232 0.0459466 0.03765 0.0544954 -0.00366755 -0.00553222
internal_weight=8318.3 3428.76 4889.54 1898.94 2049.58 2839.96 1529.82 1194.77 880.542 533.509 347.033 144.26 740.838 568.577
internal_count=101460 27970 73490 18629 27834 45656 9341 7379 5346 3205 2141 857 9314 7246
is_linear=0
shrinkage=0.03


Tree=14
num_leaves=15
num_cat=0
split_feature=10 10 10 10 10 10 7 4 0 5 5 6 1 4
split_gain=4370.85 667.689 327.98 78.0608 45.2598 30.7647 15.0608 13.683 17.8226 9.177 8.93198 8.54303 10.5991 12.3342
threshold=3.5000000000000004 1.5000000000000002 6.5000000000000009 2.5000000000000004 4.5000000000000009 9.5000000000000018 39.110000000000014 1.6333333333333335 4.5000000000000009 0.95000000000000007 -0.84999999999999998 0.33875000000000016 52.500000000000007 4.9000000000000012
decision_type=8 10 8 10 10 8 10 8 2 10 8 10 10 10
left_child=1 6 4 -3 9 -4 7 -1 10 -2 -9 -8 -13 -14
right_child=2 3 5 -5 -6 -7 11 8 -10 -11 -12 12 13 -15
leaf_value=0.050050599857130451 -0.00047175186261428953 0.019029336369199571 -0.022613605038234116 0.0068560486293033837 -0.01288056251615098 -0.029072824039541506 0.044409559229000514 0.063243564390637316 0.031570301821671691 -0.0071763130406064116 0.042342142190702779 0.016735638033443703 0.03254154005529955 0.042605712470355668
leaf_weight=200.41527384519577 398.06160750985146 1057.5581161826849 1598.6690878048539 861.72697048634291 1294.2533136159182 1178.9474588632584 118.18951866030693 22.86864972114563 167.33236095309258 340.50144902616739 467.75673754513264 30.168635457754135 381.86377042531967 178.57524566352367
leaf_count=1130 4881 9314 25521 9315 18520 20135 682 121 1045 4433 2739 191 2347 1086
internal_value=-0.000128352 0.0254444 -0.0186641 0.0135701 -0.00950065 -0.0253647 0.0399687 0.0427672 0.040476 -0.0035683 0.043443 0.0365241 0.0348737 0.0358185
internal_weight=8296.89 3486.46 4810.43 1919.29 2032.82 2777.62 1567.17 858.373 657.958 738.563 490.625 708.797 590.608 560.439
internal_count=101460 27970 73490 18629 27834 45656 9341 5035 3905 9314 2860 4306 3624 3433
is_linear=0
shrinkage=0.03


Tree=15
num_leaves=15
num_cat=0
split_feature=10 10 10 10 10 10 5 3 1 4 2 6 1 6
split_gain=4104.76 603.212 323.705 71.3473 43.5539 31.1412 13.9885 10.6536 9.19482 12.7273 8.93479 9.74368 7.95438 8.34994
threshold=3.5000000000000004 1.5000000000000002 6.5000000000000009 2.5000000000000004 4.5000000000000009 8.5000000000000018 0.15000000000000005 1.5000000000000002 53.500000000000007 3.5500000000000003 76.500000000000014 0.42250000000000015 52.500000000000007 4.0708333333333346
decision_type=8 10 8 10 10 8 10 8 10 10 8 8 10 10
left_child=1 6 4 -3 10 -4 7 -1 9 -8 11 -2 -5 -14
right_child=2 3 5 12 -6 -7 8 -9 -10 -11 -12 -13 13 -15
leaf_value=0.044815150447667922 0.007140791567951001 0.018198378269280995 -0.021197566049484959 -0.0035035101292184624 -0.012633956286504339 -0.02781804412078465 0.0032322767007366272 0.037343950495592824 0.035750869432829131 0.034104348995897468 0.0033759354710051286 -0.0062550687298094524 0.0069198012909959805 0.026327926351635181
leaf_weight=370.32187661528587 52.843079254031181 1072.4838203042746 1093.3591217249632 64.179645851254463 1280.1658811792731 1623.5453696623445 20.547264277935028 439.94263501465321 742.86236624419689 28.75043760240078 138.48089122027159 545.05623579770327 782.61962346732616 19.625949673354626
leaf_count=2014 634 9314 17615 690 18520 28041 129 2533 4488 177 1683 6997 8414 211
internal_value=-0.000130219 0.0242942 -0.0184046 0.0130278 -0.00929171 -0.0251626 0.0379097 0.0408096 0.0348958 0.021557 -0.0034721 -0.00506118 0.00661403 0.00742678
internal_weight=8274.78 3541.33 4733.45 1938.91 2016.55 2716.9 1602.42 810.265 792.16 49.2977 736.38 597.899 866.425 802.246
internal_count=101460 27970 73490 18629 27834 45656 9341 4547 4794 306 9314 7631 9315 8625
is_linear=0
shrinkage=0.03


Tree=16
num_leaves=15
num_cat=0
split_feature=10 10 10 10 10 10 6 5 5 5 4 1 1 10
split_gain=3857.45 546.486 319.352 65.2936 41.8967 31.5013 13.3523 10.5487 8.53273 8.13111 7.816 7.64608 7.61782 7.5583
threshold=3.5000000000000004 1.5000000000000002 6.5000000000000009 2.5000000000000004 4.5000000000000009 9.5000000000000018 0.093750000000000028 -0.6499999999999998 0.95000000000000007 0.15000000000000005 5.366666666666668 55.250000000000007 53.500000000000007 7.5000000000000009
decision_type=8 10 8 10 10 8 10 8 10 8 10 10 8 10
left_child=1 6 4 12 8 13 11 10 9 -2 -8 -1 -3 -4
right_child=2 3 5 -5 -6 -7 7 -9 -10 -11 -12 -13 -14 -15
leaf_value=0.035877028082702454 -0.008551555947343116 0.029339281597379457 -0.019231772243567192 0.0063825589806942471 -0.012389720891732727 -0.028812632259888428 0.035193522648932364 0.033554916956689551 -0.0068812745603285576 0.0018527954845623746 0.058992241849824288 0.044802516410838072 0.01684921218976947 -0.023759265157091453
leaf_weight=198.53313709795475 85.229320034384727 47.007557988166809 557.51211422681808 870.95939794182777 1266.4689596742392 1121.4817031659186 34.506078958511353 1143.3501386344433 337.03859968483448 311.98165366053581 28.879576534032822 230.63211944699287 1039.8623773679137 978.79223148524761
leaf_count=1089 1050 377 9018 9315 18520 20135 182 6714 4433 3831 143 1213 8937 16503
internal_value=-0.000132127 0.023217 -0.0181455 0.0125134 -0.00908581 -0.0249595 0.0360114 0.034288 -0.00337796 -0.000395529 0.0467844 0.0407666 0.0174159 -0.0221299
internal_weight=8252.23 3593.73 4658.5 1957.83 2000.72 2657.79 1635.9 1206.74 734.25 397.211 63.3857 429.165 1086.87 1536.3
internal_count=101460 27970 73490 18629 27834 45656 9341 7039 9314 4881 325 2302 9314 25521
is_linear=0
shrinkage=0.03


Tree=17
num_leaves=15
num_cat=1
split_feature=10 10 10 10 10 10 7 4 0 2 6 10 5 12
split_gain=3627.71 496.685 314.925 59.8539 40.2803 31.7884 12.7301 11.5784 15.6169 8.29538 9.17842 7.60821 7.58895 7.56771
threshold=3.5000000000000004 1.5000000000000002 6.5000000000000009 2.5000000000000004 4.5000000000000009 9.5000000000000018 39.110000000000014 1.6333333333333335 4.5000000000000009 76.500000000000014 0.42250000000000015 5.5000000000000009 -0.84999999999999998 0
decision_type=8 10 8 10 10 8 10 8 2 8 8 10 8 1
left_child=1 6 4 -3 9 -4 7 -1 12 10 -2 -6 -9 -5
right_child=2 3 5 13 11 -7 -8 8 -10 -11 -12 -13 -14 -15
leaf_value=0.043172180799114106 0.0069851939045730092 0.01667919080847453 -0.021891448856381713 0.0087770935647565815 -0.0098160103333516172 -0.028679877983322465 0.031213123311278838 0.054821968569290648 0.026689023913421778 0.0032993956590573253 -0.005999709798064014 -0.014538047917255853 0.036422564793369964 0.0029531111988669407
leaf_weight=214.01151916384697 53.034344412386417 1100.7046662047505 1506.934358343482 460.86311709135771 636.88957169651985 1093.3034772984684 753.256442040205 24.540627345442772 177.75944703817368 138.74576099216938 540.41703770309687 616.26290451735258 497.90831638872623 414.50229199230671
leaf_count=1130 634 9314 25521 4903 9305 20135 4306 121 1045 1683 6997 9215 2739 4412
internal_value=-0.000133533 0.0222089 -0.017887 0.0120247 -0.00888321 -0.0247557 0.0342635 0.03674 0.0347152 -0.00328674 -0.0048295 -0.0121479 0.0373899 0.00615969
internal_weight=8229.13 3643.55 4585.59 1976.07 1985.35 2600.24 1667.48 914.22 700.208 732.197 593.451 1253.15 522.449 875.365
internal_count=101460 27970 73490 18629 27834 45656 9341 5035 3905 9314 7631 18520 2860 9315
cat_boundaries=0 1
cat_threshold=10
is_linear=0
shrinkage=0.03


Tree=18
num_leaves=15
num_cat=0
split_feature=10 10 10 10 10 10 3 5 5 7 6 6 1 10
split_gain=3413.86 452.542 310.415 54.8675 38.7175 32.0724 12.0064 7.92565 7.81912 7.81735 9.49801 9.31676 8.02689 7.72924
threshold=3.5000000000000004 1.5000000000000002 6.5000000000000009 2.5000000000000004 4.5000000000000009 9.5000000000000018 1.5000000000000002 1.1500000000000001 -0.6499999999999998 37.910000000000011 1.6950000000000005 0.33875000000000016 52.500000000000007 7.5000000000000009
decision_type=8 10 8 10 10 8 10 10 8 8 10 8 10 10
left_child=1 6 4 -3 7 13 8 -2 -1 -8 11 -11 -13 -4
right_child=2 3 5 -5 -6 -7 9 -9 -10 10 -12 12 -14 -15
leaf_value=0.045299865464256781 -0.00075044512810676606 0.01598224572547971 -0.018677347891312601 0.005950469284903395 -0.011908864798380766 -0.028546932824707622 0.037386218499766748 -0.0071873787116770033 0.034264281163983057 0.036191732765464529 0.033679864812571736 0.0050848652445898224 0.025147096858871884 -0.02333181789818195
leaf_weight=73.537392899394035 453.37738458067179 1114.0769121572375 537.91624365001917 879.53638608753681 1240.2139776200056 1065.8628871850669 121.93123218417168 276.80802038311958 772.99452732503414 73.634621605277061 245.67592468857765 19.413892865180969 390.18592245876789 940.42213355004787
leaf_count=359 5636 9314 9018 9315 18520 20135 687 3678 4112 414 1401 118 2250 16503
internal_value=-0.000134208 0.0212634 -0.017629 0.0115617 -0.00868375 -0.0245506 0.0326448 -0.00319713 0.0352752 0.0299893 0.0287024 0.0261075 0.0242109 -0.021652
internal_weight=8205.59 3690.99 4514.6 1993.61 1970.4 2544.2 1697.37 730.185 846.532 850.842 728.91 483.234 409.6 1478.34
internal_count=101460 27970 73490 18629 27834 45656 9341 9314 4471 4870 4183 2782 2368 25521
is_linear=0
shrinkage=0.03


Tree=19
num_leaves=15
num_cat=0
split_feature=10 10 10 10 10 10 6 5 2 6 9 10 10 0
split_gain=3214.25 413.494 305.846 50.406 37.195 32.3467 11.39 8.89556 7.91081 9.5867 9.66969 7.71443 7.47878 7.29128
threshold=3.5000000000000004 1.5000000000000002 6.5000000000000009 2.5000000000000004 4.5000000000000009 9.5000000000000018 0.093750000000000028 -0.6499999999999998 136.50000000000003 0.58166666666666689 1.0000000180025095e-35 7.5000000000000009 5.5000000000000009 3.5000000000000004
decision_type=8 10 8 10 10 8 10 8 10 10 8 10 10 2
left_child=1 6 4 -3 8 11 -1 -8 9 10 -2 -4 -6 -9
right_child=2 3 5 -5 12 -7 7 13 -10 -11 -12 -13 -14 -15
leaf_value=0.035394820268995042 0.022834423457320872 0.01532323071935736 -0.018420194878432793 0.005744759809110182 -0.0093426802671642134 -0.028413706362441126 0.040704702827369536 0.032036656393565309 0.014954766631979319 -0.0056003664184855681 4.7740098036981128e-05 -0.023108850460887224 -0.01406985541218983 0.026958222960692991
leaf_weight=452.7503740042448 17.847978748381138 1126.9724213704467 529.20961435139179 883.67178937792778 625.18685597926378 1039.1435059159994 66.948200926184654 468.07830326259136 20.221796378493309 538.78809656947851 151.38845959305763 921.31090261787176 602.44257353246212 737.85314084589481
leaf_count=2302 214 9314 9018 9315 9305 20135 325 2542 229 7061 1810 16503 9215 4172
internal_value=-0.000134983 0.0203727 -0.0173715 0.0111185 -0.0084873 -0.0243447 0.0311428 0.0296038 -0.00311004 -0.00364635 0.00257088 -0.0214121 -0.011672 0.0289543
internal_weight=8181.81 3736.27 4445.54 2010.64 1955.88 2489.66 1725.63 1272.88 728.246 708.025 169.236 1450.52 1227.63 1205.93
internal_count=101460 27970 73490 18629 27834 45656 9341 7039 9314 9085 2024 25521 18520 6714
is_linear=0
shrinkage=0.03


Tree=20
num_leaves=15
num_cat=0
split_feature=10 10 10 10 10 10 4 0 4 3 6 7 1 6
split_gain=3027.73 378.615 301.212 46.3581 35.7291 32.6135 10.9673 12.5198 10.7884 11.3128 9.48695 8.5444 8.6985 7.83476
threshold=3.5000000000000004 1.5000000000000002 6.5000000000000009 2.5000000000000004 4.5000000000000009 9.5000000000000018 1.6333333333333335 4.5000000000000009 3.7083333333333335 2.5000000000000004 0.88166666666666682 37.855000000000011 55.250000000000007 2.0612500000000007
decision_type=8 10 8 10 10 8 8 2 8 8 10 8 10 10
left_child=1 6 4 -3 -2 13 11 8 10 -10 -8 12 -1 -4
right_child=2 3 5 -5 -6 -7 7 -9 9 -11 -12 -13 -14 -15
leaf_value=0.029408061524490776 -0.0030239179082793559 0.014699324377282089 -0.019623766584170269 0.005547107510118803 -0.011438090384384175 -0.028280105017343932 0.030487044550631823 0.023412581702316627 0.039687846797320285 0.030070810482151031 0.020839740894465383 0.031956376577595716 0.052633121349544537 -0.024588704590522977
leaf_weight=28.776016309857368 726.32135253399611 1139.4101899787784 984.3562132306397 887.67700664699078 1215.4030866920948 1013.1293566338718 213.92056848108768 358.48331627249718 166.15125657618046 445.98766325414181 182.70187689363956 311.41870540380478 44.955792352557182 439.09493917971849
leaf_count=144 9314 9314 17627 9315 18520 20135 1137 2033 857 2348 1004 1599 219 7894
internal_value=-0.000135669 0.0195328 -0.0171146 0.0106962 -0.00829386 -0.0241376 0.0297425 0.0284103 0.0301613 0.0327416 0.0261067 0.0343861 0.0440837 -0.0211715
internal_weight=8157.79 3779.48 4378.3 2027.09 1941.72 2436.58 1752.4 1367.24 1008.76 612.139 396.622 385.151 73.7318 1423.45
internal_count=101460 27970 73490 18629 27834 45656 9341 7379 5346 3205 2141 1962 363 25521
is_linear=0
shrinkage=0.03


Tree=21
num_leaves=15
num_cat=0
split_feature=10 10 10 10 10 10 7 4 0 10 2 5 5 10
split_gain=2853.52 347.536 296.514 42.6794 34.2988 32.8732 10.3332 9.58973 12.6346 7.85968 7.5493 8.41693 8.01634 7.3403
threshold=3.5000000000000004 1.5000000000000002 6.5000000000000009 2.5000000000000004 4.5000000000000009 9.5000000000000018 39.110000000000014 1.6333333333333335 4.5000000000000009 7.5000000000000009 76.500000000000014 0.95000000000000007 0.15000000000000005 5.5000000000000009
decision_type=8 10 8 10 10 8 10 8 2 10 8 8 10 10
left_child=1 6 4 -3 10 9 7 -1 -9 -4 11 12 -2 -6
right_child=2 3 5 -5 13 -7 -8 8 -10 -11 -12 -13 -14 -15
leaf_value=0.036195957002216013 -0.0084845989672196719 0.014107985550493236 -0.017866253491251004 0.0053571330820254212 -0.008882201461701102 -0.028146032118547031 0.025795031099349199 0.031133628162337182 0.021855530565753872 -0.02267599279666339 0.0033375580897484877 -0.0075821125864519402 0.0031063268883398361 -0.013609357984109869
leaf_weight=228.77895355224609 75.35774864256382 1151.4083637595177 511.23321480304003 891.55631050467491 614.15758907794952 987.80453749001026 802.14189812541008 557.80763693153858 188.89250113070011 885.89141961187124 138.60350802540779 330.54919291287661 179.99221394211054 589.35556903481483
leaf_count=1130 944 9314 9018 9315 9305 20135 4306 2860 1045 16503 1683 4431 2256 9215
internal_value=-0.000135702 0.0187414 -0.0168583 0.0102936 -0.00810354 -0.0239294 0.0284389 0.0305844 0.0288189 -0.0209301 -0.00294079 -0.00442919 -0.00033409 -0.0112064
internal_weight=8133.53 3820.59 4312.94 2042.96 1928.02 2384.93 1777.62 975.479 746.7 1397.12 724.503 585.899 255.35 1203.51
internal_count=101460 27970 73490 18629 27834 45656 9341 5035 3905 25521 9314 7631 3200 18520
is_linear=0
shrinkage=0.03


Tree=22
num_leaves=15
num_cat=0
split_feature=10 10 10 10 10 10 5 3 6 1 4 2 6 9
split_gain=2690.26 319.464 291.738 39.331 33.1227 32.9089 10.0925 8.44865 7.98688 7.35137 10.7275 7.26722 8.8622 9.04443
threshold=3.5000000000000004 1.5000000000000002 6.5000000000000009 2.5000000000000004 9.5000000000000018 4.5000000000000009 0.15000000000000005 1.5000000000000002 2.0612500000000007 53.500000000000007 3.5500000000000003 136.50000000000003 0.58166666666666689 1.0000000180025095e-35
decision_type=8 10 8 10 8 10 10 8 10 10 10 10 10 8
left_child=1 6 5 -3 8 11 7 -1 -4 10 -8 12 13 -2
right_child=2 3 4 -5 -6 -7 9 -9 -10 -11 -12 -13 -14 -15
leaf_value=0.032799447512224626 0.022039168128243497 0.013546911575096644 -0.019102909528550906 0.0051744783923258408 -0.028011402233241642 -0.010977773078381362 -0.0019774805530807897 0.026681052030378842 -0.024204582075217178 0.02554910885443034 0.02466696818852223 0.014347072285921714 -0.0052778009932904612 0.00012916096116412517
leaf_weight=415.74122785031796 18.10252571105957 1162.9842169731855 949.79599710926414 895.31385927647352 963.15329665318131 1191.9623404741287 22.753441914916039 494.47941330075264 421.70329102873802 836.38557280600071 32.298460721969604 20.471096955239773 533.0994615405798 151.0505999699235
leaf_count=2014 214 9314 17627 9315 20135 18520 129 2533 7894 4488 177 229 7061 1810
internal_value=-0.000136107 0.0179914 -0.0166029 0.00990937 -0.02372 -0.00791688 0.0272141 0.0295085 -0.020688 0.0248408 0.0138158 -0.00286046 -0.00338175 0.00258968
internal_weight=8109.29 3859.96 4249.34 2058.3 2334.65 1914.69 1801.66 910.221 1371.5 891.437 55.0519 722.724 702.253 169.153
internal_count=101460 27970 73490 18629 45656 27834 9341 4547 25521 4794 306 9314 9085 2024
is_linear=0
shrinkage=0.03


Tree=23
num_leaves=15
num_cat=0
split_feature=10 10 10 10 10 10 6 5 4 10 1 6 7 1
split_gain=2537.25 294.184 286.923 36.2788 33.4374 31.5712 9.7616 8.07689 7.33248 7.19342 7.14236 7.48006 8.03736 7.64222
threshold=3.5000000000000004 1.5000000000000002 6.5000000000000009 2.5000000000000004 8.5000000000000018 4.5000000000000009 0.093750000000000028 -0.6499999999999998 5.366666666666668 5.5000000000000009 52.500000000000007 4.0708333333333346 40.290000000000013 56.750000000000007
decision_type=8 10 8 10 8 10 10 8 10 10 10 10 10 10
left_child=1 6 5 -3 -4 -2 -1 8 -8 -7 -5 12 13 -12
right_child=2 3 4 10 -6 9 7 -9 -10 -11 11 -13 -14 -15
leaf_value=0.02986907298322088 -0.0027806136243716923 0.013014016195781549 -0.019134942375511471 -0.0044478083657719927 -0.026568571093744317 -0.008434892863627648 0.024915176891807396 0.024103796471319265 0.045750351162940829 -0.013156904856576388 0.0059183977302716927 0.023176638309383917 0.00011708461431979778 0.017559050556670053
leaf_weight=477.9993067830801 720.95652209967375 1174.1543194949627 943.67516779154539 66.012937113642693 1342.0667856894433 603.76669120043516 38.414325669407845 1275.9616809934378 32.022709727287292 576.96467887610197 553.44586372375488 20.68553451448679 203.49768227338791 55.311599522829056
leaf_count=2302 9314 9314 17615 690 28041 9305 182 6714 143 9215 5734 211 2108 572
internal_value=-0.000136119 0.0172815 -0.016348 0.0095425 -0.0235093 -0.00773267 0.0260654 0.0246938 0.0348953 -0.0107515 0.0049988 0.00575191 0.0052802 0.00700313
internal_weight=8084.94 3897.51 4187.43 2073.11 2285.74 1901.69 1824.4 1346.4 70.437 1180.73 898.954 832.941 812.255 608.757
internal_count=101460 27970 73490 18629 45656 27834 9341 7039 325 18520 9315 8625 8414 6306
is_linear=0
shrinkage=0.03


Tree=24
num_leaves=15
num_cat=1
split_feature=10 10 10 10 10 10 7 4 0 6 10 5 12 0
split_gain=2393.83 282.038 271.349 33.7639 33.483 30.2732 9.11913 8.57625 11.4171 8.13367 6.967 6.95177 6.94955 9.36806
threshold=3.5000000000000004 6.5000000000000009 1.5000000000000002 9.5000000000000018 2.5000000000000004 4.5000000000000009 39.110000000000014 1.6333333333333335 4.5000000000000009 2.0612500000000007 5.5000000000000009 1.1500000000000001 0 6.5000000000000009
decision_type=8 8 10 8 10 10 10 8 2 10 10 10 1 2
left_child=2 5 6 9 -4 11 7 -1 -9 -3 -7 -2 -6 -14
right_child=1 3 4 -5 12 10 -8 8 -10 -11 -12 -13 13 -15
leaf_value=0.032130936411150633 -0.00041216798506672986 -0.018568212896591187 0.01250740548183521 -0.027746546806161697 0.0072765314279576365 -0.008242731131817109 0.022561930937054518 0.027480816890506188 0.018867692297811923 -0.023808832829179526 -0.012911238166284474 -0.0064959143887055671 0.0032348150963571122 -0.012966560229434633
leaf_weight=237.65560960769653 449.06034861505032 916.38800820335746 1184.9343337714672 916.89324367791414 476.43976277858019 599.39752388745546 832.7838534116745 579.34156776964664 196.12761998176575 404.85292077064514 570.42371693998575 270.23352091014385 392.01648258417845 33.996351540088654
leaf_count=1130 5636 17627 9314 20135 4903 9305 4306 2860 1045 7894 9215 3678 4060 352
internal_value=-0.000135784 -0.0160939 0.0166091 -0.0232972 0.00919245 -0.00755198 0.0249864 0.0269551 0.0253295 -0.0201908 -0.0105283 -0.00270363 0.00483083 0.00187078
internal_weight=8060.54 4127.25 3933.3 2238.13 2087.39 1889.12 1845.91 1013.12 775.469 1321.24 1169.82 719.294 902.453 426.013
internal_count=101460 73490 27970 45656 18629 27834 9341 5035 3905 25521 18520 9314 9315 4412
cat_boundaries=0 1
cat_threshold=10
is_linear=0
shrinkage=0.03


Tree=25
num_leaves=15
num_cat=0
split_feature=10 10 10 10 10 10 6 5 10 2 5 0 4 6
split_gain=2259.24 277.105 250.612 33.9824 30.9171 29.0145 8.79284 13.749 8.18676 6.88482 8.7721 10.6549 7.71884 7.73447
threshold=3.5000000000000004 6.5000000000000009 1.5000000000000002 9.5000000000000018 2.5000000000000004 4.5000000000000009 0.33875000000000016 -0.6499999999999998 7.5000000000000009 35.500000000000007 0.8500000000000002 5.5000000000000009 9.7750000000000021 0.96000000000000019
decision_type=8 8 10 8 10 10 10 8 10 8 10 2 8 10
left_child=2 5 6 8 9 -2 -1 -8 -3 12 11 -11 13 -4
right_child=1 3 4 -5 -6 -7 7 -9 -10 10 -12 -13 -14 -15
leaf_value=0.026918507654366947 -0.002628940206985733 -0.016728663510317869 0.013442189141998066 -0.027609784251576341 0.0046703824322065065 -0.010307797666042147 0.036470981606421815 0.021661468841381509 -0.021796988598330853 0.01522536597336171 0.023216352990394245 -0.001882661338282232 0.0267137094032244 0.0075394393694497262
leaf_weight=636.37061965465546 717.6697933524847 477.39964088052511 349.2303352355957 894.14114862680435 905.81860499083996 1159.2183575965464 60.811758160591125 1169.1446236670017 820.29497544467449 203.3431613445282 98.750611260533333 38.774996802210808 25.184273988008499 480.05607728660107
leaf_count=3041 9314 9018 2734 20135 9315 18520 274 6026 16503 1563 756 308 196 3757
internal_value=-0.00013537 -0.0158409 0.0159708 -0.023084 0.00885832 -0.00737458 0.0239693 0.0224227 -0.0199468 0.0120253 0.0156556 0.0124891 0.0105605 0.0100384
internal_weight=8036.21 4068.72 3967.49 2191.84 2101.16 1876.89 1866.33 1229.96 1297.69 1195.34 340.869 242.118 854.471 829.286
internal_count=101460 73490 27970 45656 18629 27834 9341 6300 25521 9314 2627 1871 6687 6491
is_linear=0
shrinkage=0.03


Tree=26
num_leaves=15
num_cat=0
split_feature=10 10 10 10 10 10 4 0 4 3 2 6 5 6
split_gain=2132.79 272.142 231.776 34.1881 28.605 27.7976 8.53027 9.97157 9.18824 10.0872 9.01429 10.2655 11.2544 8.26809
threshold=3.5000000000000004 6.5000000000000009 1.5000000000000002 9.5000000000000018 2.5000000000000004 4.5000000000000009 1.6333333333333335 4.5000000000000009 3.7083333333333335 2.5000000000000004 133.50000000000003 0.74500000000000022 0.15000000000000005 2.0612500000000007
decision_type=8 8 10 8 10 10 8 2 8 8 8 10 10 10
left_child=2 5 6 13 -4 -2 -1 8 10 -10 11 -8 -13 -3
right_child=1 3 4 -5 -6 -7 7 -9 9 -11 -12 12 -14 -15
leaf_value=0.026922530079867141 -0.0025558385062896226 -0.01804380748235054 0.011568363167071903 -0.027472140973410761 0.0045136894807157142 -0.010089831176708416 0.023873831137079311 0.017628747502324422 0.031893660797374886 0.023270532861322388 0.03811364375382819 0.024816766901220151 0.009663929001882933 -0.02341900763442132
leaf_weight=414.44111892580986 716.10341612994671 885.52451752498746 1205.3201608210802 872.0024748891592 909.12953195720911 1148.9121520146728 187.42580787837505 385.67546783387661 178.9024344086647 479.98031401634216 22.897375866770744 62.375601500272751 153.95546023547649 389.25794548541307
leaf_count=1962 9314 17627 9314 20135 9315 18520 921 2033 857 2348 115 311 794 7894
internal_value=-0.000134751 -0.0155887 0.0153644 -0.0228696 0.0085387 -0.00719995 0.0230097 0.0218899 0.0233862 0.0256567 0.019828 0.0186994 0.0141271 -0.0197022
internal_weight=8011.9 4011.8 4000.1 2146.78 2114.45 1865.02 1885.65 1471.21 1085.54 658.883 426.654 403.757 216.331 1274.78
internal_count=101460 73490 27970 45656 18629 27834 9341 7379 5346 3205 2141 2026 1105 25521
is_linear=0
shrinkage=0.03


Tree=27
num_leaves=15
num_cat=1
split_feature=10 10 10 10 10 10 10 6 11 4 4 7 1 2
split_gain=2013.97 267.136 214.753 34.382 26.6215 26.4701 8.29636 8.19477 9.81596 13.7216 8.64314 8.10289 7.16388 6.88959
threshold=3.5000000000000004 6.5000000000000009 1.5000000000000002 9.5000000000000018 4.5000000000000009 2.5000000000000004 7.5000000000000009 0.093750000000000028 0 3.9000000000000004 1.6333333333333335 37.855000000000011 55.250000000000007 76.500000000000014
decision_type=8 8 10 8 10 10 10 10 9 10 10 10 10 8
left_child=2 4 7 6 13 -4 -3 12 9 -9 11 -10 -1 -2
right_child=1 3 5 -5 -6 -7 -8 8 10 -11 -12 -13 -14 -15
leaf_value=0.021409461996191665 -0.0039246904964251421 -0.016173342721746874 0.011130713686042773 -0.027333537709229007 -0.00987471405373214 0.0043628127731667604 -0.021354953329725142 0.019604136818073041 0.038221352033694582 0.033196411220852172 0.017466185694514223 0.021641841341462822 0.028961784151379732 0.0035191407811990673
leaf_weight=231.38072967529297 576.62027731537819 462.25625056773424 1215.0190876573324 850.46252075582743 1138.898013625294 912.33717539161444 790.25436618179083 113.10900044441223 32.464958250522614 187.81300303339958 874.60793069005013 197.65404036641121 266.81184624135494 137.96288120001554
leaf_count=1089 7631 9018 9314 20135 18520 9315 16503 570 151 930 4431 957 1213 1683
internal_value=-0.000133827 -0.0153374 0.014788 -0.0226538 -0.00702844 0.00823165 -0.019457 0.0221059 0.0208842 0.0272662 0.0187069 0.0241361 0.0255041 -0.00248462
internal_weight=7987.65 3956.45 4031.2 2102.97 1853.48 2127.36 1252.51 1903.84 1405.65 300.922 1104.73 230.119 498.193 714.583
internal_count=101460 73490 27970 45656 27834 18629 25521 9341 7039 1500 5539 1108 2302 9314
cat_boundaries=0 1
cat_threshold=160
is_linear=0
shrinkage=0.03


Tree=28
num_leaves=15
num_cat=1
split_feature=10 10 10 10 10 10 6 0 7 7 11 4 5 10
split_gain=1902.19 262.092 199.198 34.5617 25.4848 24.5118 8.39215 7.86166 8.34096 7.13027 7.45406 10.5729 7.03484 6.94673
threshold=3.5000000000000004 6.5000000000000009 1.5000000000000002 9.5000000000000018 4.5000000000000009 2.5000000000000004 2.0612500000000007 4.5000000000000009 39.022500000000015 37.910000000000011 0 1.1000000000000003 -0.6499999999999998 5.5000000000000009
decision_type=8 8 10 8 10 10 10 2 10 8 9 8 10 10
left_child=2 4 7 6 -2 -4 -3 8 -1 -9 12 -12 -11 -6
right_child=1 3 5 -5 13 -7 -8 9 -10 10 11 -13 -14 -15
leaf_value=0.024697075413663675 -0.0024153059492121776 -0.017518345569167124 0.01071327253198482 -0.027193906934089122 -0.00734828091316972 0.0042174981834281556 -0.023026238313362 0.025696072709818933 0.019909409208226227 0.036602951183174672 0.029905106581981457 0.010836393521186056 0.020248801195330464 -0.01208688739710553
leaf_weight=737.23154266178608 713.09450601041317 856.35426730662584 1224.3843622654676 829.50673453509808 579.77866483852267 915.44491717964411 374.48705757409334 91.766457259654999 662.60275603830814 37.336242884397507 28.361273005604744 282.87757642567158 80.934187397360802 549.38955010846257
leaf_count=3464 9314 17627 9314 20135 9305 9315 7894 453 3245 176 131 1451 421 9215
internal_value=-0.000132816 -0.0150874 0.0142389 -0.0224369 -0.00686011 0.00793757 -0.0192115 0.0212498 0.0224467 0.0179987 0.0162983 0.0122712 0.023689 -0.00966247
internal_weight=7963.55 3902.61 4060.94 2060.35 1842.26 2139.83 1230.84 1921.11 1399.83 521.276 429.509 311.239 118.27 1129.17
internal_count=101460 73490 27970 45656 27834 18629 25521 9341 6709 2632 2179 1582 597 18520
cat_boundaries=0 1
cat_threshold=136
is_linear=0
shrinkage=0.03


Tree=29
num_leaves=15
num_cat=1
split_feature=10 10 10 10 10 10 5 4 1 4 11 7 4 6
split_gain=1796.96 257.012 184.96 34.7846 24.3903 22.7135 7.46725 9.15236 10.3862 10.029 10.5835 9.75269 9.36487 8.96484
threshold=3.5000000000000004 6.5000000000000009 1.5000000000000002 8.5000000000000018 4.5000000000000009 2.5000000000000004 -0.84999999999999998 2.1000000000000005 55.250000000000007 3.5500000000000003 0 39.655000000000008 1.5500000000000003 1.7387500000000002
decision_type=8 8 10 8 10 10 8 10 10 10 9 10 10 8
left_child=2 4 6 -3 -2 -4 -1 8 -8 13 -11 -10 -13 -9
right_child=1 3 5 -5 -6 -7 7 9 11 10 -12 12 -14 -15
leaf_value=0.029718762475875845 -0.0023477294293215885 -0.017561783954402881 0.010314819772396162 -0.025594570328219633 -0.0094534554195922649 0.0040775066621729127 0.018523172445313086 0.011552942596493258 0.027601349801167043 0.026411177791111327 0.015687788863817703 0.023996627242318169 0.0046553785947760339 0.02298847528893256
leaf_weight=78.299106732010841 711.66252563893795 851.11456762254238 1233.4286637604237 1167.787453699857 1119.7174504771829 918.45593273639679 372.53156650066376 292.40498201549053 375.30473689734936 238.43751174211502 405.72255502641201 57.772087052464485 37.473901927471161 79.558102995157242
leaf_count=342 9314 17615 9314 28041 18520 9315 1761 1467 1726 1179 2010 271 187 398
internal_value=-0.000131783 -0.0148385 0.0137152 -0.0222185 -0.006695 0.00765577 0.0204377 0.0200311 0.0223852 0.0180578 0.0203444 0.025397 0.0165144 0.0140539
internal_weight=7939.67 3850.28 4089.39 2018.9 1831.38 2151.88 1937.5 1859.21 843.082 1016.12 644.16 470.551 95.246 371.963
internal_count=101460 73490 27970 45656 27834 18629 9341 8999 3945 5054 3189 2184 458 1865
cat_boundaries=0 1
cat_threshold=168
is_linear=0
shrinkage=0.03


Tree=30
num_leaves=15
num_cat=1
split_feature=10 10 10 10 10 10 6 0 7 11 6 2 6 7
split_gain=1698.27 251.902 172.163 35.0743 23.3321 21.0605 8.50804 7.35051 7.46739 6.92821 8.41906 7.97972 8.8673 7.85694
threshold=3.5000000000000004 6.5000000000000009 1.5000000000000002 9.5000000000000018 4.5000000000000009 2.5000000000000004 2.0612500000000007 4.5000000000000009 39.022500000000015 0 0.42250000000000015 84.500000000000014 1.3775000000000006 41.455000000000013
decision_type=8 8 10 8 10 10 10 2 10 9 8 10 10 10
left_child=2 4 7 6 9 -4 -3 8 -1 10 -2 13 -13 -11
right_child=1 3 5 -5 -6 -7 -8 -9 -10 11 -12 12 -14 -15
leaf_value=0.022930813568584261 0.012826345200904126 -0.016978524889245849 0.0099342326849803566 -0.026918962712321567 -0.0092470451820739191 0.0039426113488416105 -0.022620183906974886 0.01656649564552732 0.018443017505523192 -1.4951526292651222e-05 -0.0075795326324541645 -0.0010068513834467694 0.03076858105569261 -0.01861382808621366
leaf_weight=749.66245239973068 18.70151474326849 828.08680364862084 1242.1640054434538 790.34925727173686 1110.5334509536624 921.37334083020687 360.14323548227549 529.87167504429817 673.24710726737976 386.80105891823769 253.68855101615191 15.923576787114145 14.575359374284742 20.582674659788609
leaf_count=3464 226 17627 9314 20135 18520 9315 7894 2632 3245 5059 3383 189 179 278
internal_value=-0.00012884 -0.0145905 0.0132197 -0.0219987 -0.00653278 0.00738562 -0.0187061 0.0196763 0.0208219 -0.00228192 -0.00592019 0.000121764 0.0146733 -0.00099792
internal_weight=7915.7 3799.39 4116.32 1978.58 1820.81 2163.54 1188.23 1952.78 1422.91 710.273 272.39 437.883 30.4989 407.384
internal_count=101460 73490 27970 45656 27834 18629 25521 9341 6709 9314 3609 5705 368 5337
cat_boundaries=0 1
cat_threshold=137
is_linear=0
shrinkage=0.03


Tree=31
num_leaves=15
num_cat=1
split_feature=10 10 10 10 10 10 10 5 4 1 4 11 7 7
split_gain=1604.74 246.778 160.085 35.2108 22.3118 19.5395 8.55262 7.04166 8.36224 9.68248 9.2604 10.2994 8.79676 8.74811
threshold=3.5000000000000004 6.5000000000000009 1.5000000000000002 9.5000000000000018 4.5000000000000009 2.5000000000000004 7.5000000000000009 -0.84999999999999998 2.1000000000000005 55.250000000000007 3.5500000000000003 0 39.655000000000008 37.322500000000012
decision_type=8 8 10 8 10 10 10 8 10 10 10 9 10 8
left_child=2 4 7 6 -2 -4 -3 -1 9 13 -10 -12 -11 -9
right_child=1 3 5 -5 -6 -7 -8 8 10 12 11 -13 -14 -15
leaf_value=0.027871053810436957 -0.0022177228983810077 -0.015034252387375328 0.0095704752368594853 -0.026775886231176695 -0.0090435891004540473 0.0038125951252129097 -0.020457965422954427 0.00045969642129454146 0.012866698739941122 0.025733104649002227 0.024643493697847033 0.014444953983451036 0.015289101533029278 0.018337103664263252
leaf_weight=79.350623428821564 708.89979391545057 433.69748373329639 1250.6019624322653 771.03308666497469 1101.6114036180079 924.20015047490597 734.65257932990789 26.541459813714027 377.38779184222221 381.49175803363323 243.0361622273922 411.82245111465454 96.514384746551514 351.55396541953087
leaf_count=342 9314 9018 9314 20135 18520 9315 16503 121 1865 1726 1179 2010 458 1640
internal_value=-0.000127971 -0.0143441 0.0127412 -0.0217777 -0.00637364 0.00712649 -0.0184592 0.01894 0.0185501 0.0207806 0.016682 0.0188577 0.0236607 0.0170867
internal_weight=7892.4 3749.89 4142.5 1939.38 1810.51 2174.8 1168.35 1967.7 1888.35 856.102 1032.25 654.859 478.006 378.095
internal_count=101460 73490 27970 45656 27834 18629 25521 9341 8999 3945 5054 3189 2184 1761
cat_boundaries=0 1
cat_threshold=168
is_linear=0
shrinkage=0.03


Tree=32
num_leaves=15
num_cat=2
split_feature=10 10 10 10 10 10 6 11 12 6 0 5 6 1
split_gain=1517.03 241.64 149.246 35.3308 21.6334 18.1388 8.60812 7.08131 10.4141 9.21536 6.91927 7.22046 8.70998 7.54054
threshold=3.5000000000000004 6.5000000000000009 1.5000000000000002 9.5000000000000018 5.5000000000000009 2.5000000000000004 2.0612500000000007 0 1 0.73541666666666683 4.5000000000000009 0.72500000000000009 3.9050000000000007 55.250000000000007
decision_type=8 8 10 8 10 10 10 9 1 8 2 10 10 10
left_child=2 4 10 6 7 -4 -3 8 -2 -9 11 -1 13 -13
right_child=1 3 5 -5 -6 -7 -8 9 -10 -11 -12 12 -14 -15
leaf_value=0.020829686160426953 -0.0022334999051798082 -0.016452638811719298 0.0092225887604655762 -0.026631510140825574 -0.01130103524603304 0.003687255787621442 -0.022221480431627305 0.0071344998429000014 -0.0095355790803318026 -0.0031923706276200032 0.015262924606792501 0.011186586328796964 0.031782094634165252 0.01925981574458022
leaf_weight=983.78912022709846 369.23790644109249 802.09316824376583 1258.7535997331142 752.24640261381865 530.57197775691748 926.93927615135908 346.91940088570118 93.476801373064518 367.8667553961277 439.38178095221519 537.81462824344635 229.02232274413109 29.799942553043365 201.05392846465111
leaf_count=4500 5400 17627 9314 20135 9215 9315 7894 1313 5436 6470 2632 1102 143 964
internal_value=-0.000125215 -0.0140989 0.0122884 -0.0215556 -0.00621753 0.00687785 -0.0182122 -0.0040865 -0.00596437 -0.0013456 0.01825 0.0193515 0.0161509 0.0149966
internal_weight=7868.97 3701.79 4167.17 1901.26 1800.54 2185.69 1149.01 1269.96 737.105 532.859 1981.48 1443.67 459.876 430.076
internal_count=101460 73490 27970 45656 27834 18629 25521 18619 10836 7783 9341 6709 2209 2066
cat_boundaries=0 1 2
cat_threshold=141 10
is_linear=0
shrinkage=0.03


Tree=33
num_leaves=15
num_cat=2
split_feature=10 10 10 10 10 10 10 12 4 11 4 3 0 6
split_gain=1439.72 223.863 138.482 47.5728 16.236 14.9205 14.0544 7.22179 6.70103 10.3037 10.7456 14.6868 10.4007 9.59992
threshold=4.5000000000000009 1.5000000000000002 7.5000000000000009 2.5000000000000004 9.5000000000000018 5.5000000000000009 3.5000000000000004 0 1.6333333333333335 1 5.2250000000000005 2.5000000000000004 3.5000000000000004 0.27750000000000014
decision_type=8 10 8 10 8 10 10 1 8 9 10 10 2 10
left_child=1 8 5 -3 -4 7 -5 -2 -1 10 12 -12 -10 -11
right_child=2 3 4 6 -6 -7 -8 -9 9 13 11 -13 -14 -15
leaf_value=0.020932075171084332 -0.002305395738178167 0.008889689034961944 -0.020008129859895293 0.0035663973034570093 -0.026485773207352094 -0.012604178096181643 -0.0020464677342140925 -0.0094283332026310375 0.028263010116881412 0.018928977028513976 0.039974658338711999 0.019908538454668299 0.012953864019726855 0.013130372657009887
leaf_weight=437.78493495285511 254.85967519506812 1266.629516556859 709.2343443967402 929.59351454675198 733.97615360096097 946.32307992503047 705.308125898242 305.48891929164529 60.788414925336838 380.09966576099396 64.265747457742691 74.308886677026749 123.85221107304096 853.78473000228405
leaf_count=1962 4224 9314 16503 9315 20135 18233 9314 5081 280 1718 288 356 600 4137
internal_value=-0.000124585 0.00984934 -0.0166777 0.00452786 -0.0233185 -0.0103054 0.0011452 -0.00640756 0.0175832 0.0166288 0.0223566 0.0294342 0.0181191 0.0148106
internal_weight=7846.3 4896.42 2949.88 2901.53 1443.21 1506.67 1634.9 560.349 1994.88 1557.1 323.215 138.575 184.641 1233.88
internal_count=101460 37284 64176 27943 36638 27538 18629 9305 9341 7379 1524 644 880 5855
cat_boundaries=0 1 2
cat_threshold=8 160
is_linear=0
shrinkage=0.03


Tree=34
num_leaves=15
num_cat=3
split_feature=10 10 10 10 10 10 10 12 5 11 2 8 12 0
split_gain=1366.19 208.623 136.634 44.3202 16.3545 14.3971 13.1974 6.91808 6.52326 9.88778 6.6517 9.35789 6.50794 8.60681
threshold=4.5000000000000009 1.5000000000000002 7.5000000000000009 2.5000000000000004 9.5000000000000018 5.5000000000000009 3.5000000000000004 0 1.1500000000000001 1 49.500000000000007 4.5000000000000009 2 6.5000000000000009
decision_type=8 10 8 10 8 10 10 1 10 9 10 2 1 2
left_child=1 -1 5 -3 -4 7 12 -2 9 -8 -10 -12 -5 -14
right_child=2 3 4 6 -6 -7 8 -9 10 -11 11 -13 13 -15
leaf_value=0.016950113621506252 -0.0022434763869981253 0.0085709516161959539 -0.019770676080843548 0.0057634606028996215 -0.026338615382335152 -0.012366298111586441 0.0047366065653235805 -0.0092293793826249935 -0.007358092513637911 -0.0040357649083275406 0.024886631206819661 -0.0088689787972258249 0.0019544593542418914 -0.0134236114335272
leaf_weight=2007.3839007467031 254.34834461659193 1274.2398947477341 696.42693084105849 493.06977216899395 716.2092881090939 935.77173120900989 214.28668184578419 302.98747403919697 235.36161862313747 226.6656724140048 13.613383062183857 14.177774421870708 404.45931995660067 34.636491782963276
leaf_count=9341 4224 9314 16503 4903 20135 18233 2738 5081 3316 2898 177 185 4060 352
internal_value=-0.000123592 0.00951219 -0.0164296 0.00437818 -0.0231169 -0.0100914 0.00110983 -0.00625647 -0.0019886 0.000244215 -0.00571678 0.00795614 0.00344984 0.000697814
internal_weight=7823.64 4917.89 2905.74 2910.51 1412.64 1493.11 1636.27 557.336 704.105 440.952 263.153 27.7912 932.166 439.096
internal_count=101460 37284 64176 27943 36638 27538 18629 9305 9314 5636 3678 362 9315 4412
cat_boundaries=0 1 2 3
cat_threshold=8 180 10
is_linear=0
shrinkage=0.03


Tree=35
num_leaves=15
num_cat=1
split_feature=10 10 10 10 10 10 10 11 4 2 0 2 6 7
split_gain=1296.38 194.371 134.738 41.2938 16.466 13.8848 12.3993 6.88106 9.76892 9.21747 7.43076 10.1006 8.1159 7.1664
threshold=4.5000000000000009 1.5000000000000002 7.5000000000000009 2.5000000000000004 9.5000000000000018 5.5000000000000009 3.5000000000000004 0 1.6333333333333335 41.500000000000007 3.5000000000000004 14.500000000000002 1.2775000000000005 37.855000000000011
decision_type=8 10 8 10 8 10 10 9 10 10 2 8 8 8
left_child=1 7 5 -3 -4 -2 -5 9 13 10 12 -12 -1 -9
right_child=2 3 4 6 -6 -7 -8 8 -10 -11 11 -13 -14 -15
leaf_value=0.041592448374237423 -0.0061082325226441076 0.0082656141997537198 -0.019532420475162248 0.0033389345375229597 -0.02618997795562452 -0.012130503225036888 -0.0019320743918067396 0.026852339334789085 0.013659794801718873 0.0052016491217822735 0.014642791853343702 0.034411659717206958 0.022243185293724342 0.017088051900531635
leaf_weight=44.888996616005898 554.40712745115161 1281.5944538414478 683.97598507255316 934.61849775165319 698.93305465579033 925.51907937601209 702.90793605148792 80.024737119674683 1129.788096383214 22.301378294825554 83.797345519065857 33.111059546470642 42.411814659833908 583.35321076214314
leaf_count=199 9305 9314 16503 9315 20135 18233 9314 344 5365 103 394 154 192 2590
internal_value=-0.000122821 0.00918739 -0.0161819 0.00423455 -0.0229137 -0.0098801 0.00107656 0.0163403 0.0153021 0.0227819 0.0257773 0.0204861 0.0325507 0.0183046
internal_weight=7801.63 4938.8 2862.84 2919.12 1382.91 1479.93 1637.53 2019.68 1793.17 226.511 204.209 116.908 87.3008 663.378
internal_count=101460 37284 64176 27943 36638 27538 18629 9341 8299 1042 939 548 391 2934
cat_boundaries=0 1
cat_threshold=128
is_linear=0
shrinkage=0.03


Tree=36
num_leaves=15
num_cat=1
split_feature=10 10 10 10 10 10 10 12 2 9 7 6 6 0
split_gain=1230.18 181.356 132.828 38.4991 16.5701 13.4069 11.6449 6.70249 6.39167 7.94324 7.39356 6.83317 7.34381 6.39054
threshold=4.5000000000000009 1.5000000000000002 7.5000000000000009 2.5000000000000004 9.5000000000000018 5.5000000000000009 3.5000000000000004 0 136.50000000000003 1.0000000180025095e-35 41.64500000000001 0.70500000000000018 1.0550000000000004 4.5000000000000009
decision_type=8 10 8 10 8 10 10 1 10 10 8 8 8 2
left_child=1 13 5 -3 -4 7 -5 -2 9 11 -11 -8 -13 -1
right_child=2 3 4 6 -6 -7 8 -9 -10 10 -12 12 -14 -15
leaf_value=0.016804991935877308 -0.00201821854064522 0.0079729663601761907 -0.019293413619710768 0.0032304016819434673 -0.026039810933546337 -0.01189685526198766 0.018365717411074386 -0.0089026630142573955 0.014228113298535558 -0.0034080786399242635 -0.019036839957491253 -0.016705512917284743 0.0031641365588225257 0.012944302981478801
leaf_weight=1479.0993999242783 252.50318269431591 1288.7025188952684 671.87230942770839 937.03497505933046 682.1349267847836 915.55713268741965 21.834108464419842 298.9551418684423 20.519769176840782 474.14341592788696 27.985109858214855 18.011757552623749 139.28109763562679 551.91556166112423
leaf_count=6709 4224 9314 16503 9315 20135 18233 265 5081 229 6387 385 244 1804 2632
internal_value=-0.000121101 0.00887662 -0.015934 0.00409549 -0.0227089 -0.00966978 0.00104337 -0.00595743 -0.00187726 -0.00238251 -0.00431522 0.00302915 0.000797682 0.0157628
internal_weight=7779.55 4958.53 2821.02 2927.51 1354.01 1467.02 1638.81 551.458 701.775 681.255 502.129 179.127 157.293 2031.01
internal_count=101460 37284 64176 27943 36638 27538 18629 9305 9314 9085 6772 2313 2048 9341
cat_boundaries=0 1
cat_threshold=8
is_linear=0
shrinkage=0.03


Tree=37
num_leaves=15
num_cat=1
split_feature=10 10 10 10 10 10 2 10 11 7 2 1 5 0
split_gain=1167.36 169.204 130.842 35.9085 16.6665 12.9167 10.981 10.9777 6.82855 9.41653 8.4896 8.07555 7.03071 6.78906
threshold=4.5000000000000009 1.5000000000000002 7.5000000000000009 2.5000000000000004 9.5000000000000018 5.5000000000000009 219.50000000000003 3.5000000000000004 0 39.122500000000009 41.500000000000007 54.750000000000007 -1.0000000180025095e-35 3.5000000000000004
decision_type=8 10 8 10 8 10 10 10 9 10 10 10 8 2
left_child=1 8 5 -3 -4 -2 7 -5 10 -10 13 -11 -13 -1
right_child=2 3 4 6 -6 -7 -8 -9 9 11 -12 12 -14 -15
leaf_value=0.030636320211881125 -0.0058149095052940107 0.0076923470873270245 -0.019053705621119004 0.0029201688767240422 -0.025888055260808753 -0.011665416313338658 0.029013092250636145 -0.0020564018530607733 0.016235615861184289 0.0079149318126465751 0.0045746221969640002 0.001862795360712917 0.015206333554933357 0.019200304862190494
leaf_weight=88.597514450550079 548.69446439296007 1295.573073297739 660.10687429457903 933.21233776956797 665.80275308340788 905.8781031742692 11.508584231138228 695.31295126676559 1010.044656008482 302.08140215277672 22.463475480675697 38.821017786860466 461.64307659864426 118.38193160295486
leaf_count=391 9305 9314 16503 9254 20135 18233 120 9255 4544 1426 103 171 2158 548
internal_value=-0.000120375 0.0085767 -0.0156874 0.00396129 -0.0225025 -0.009464 0.00101099 0.000795421 0.0152066 0.0142154 0.0213957 0.0118327 0.0141771 0.0242193
internal_weight=7758.12 4977.64 2780.48 2935.61 1325.91 1454.57 1640.03 1628.53 2042.03 1812.59 229.443 802.545 500.464 206.979
internal_count=101460 37284 64176 27943 36638 27538 18629 18509 9341 8299 1042 3755 2329 939
cat_boundaries=0 1
cat_threshold=128
is_linear=0
shrinkage=0.03


Tree=38
num_leaves=15
num_cat=2
split_feature=10 10 10 10 10 10 10 12 11 6 7 1 6 1
split_gain=1107.74 157.978 128.846 33.4958 16.7549 12.4596 10.2811 6.48492 6.4732 12.0878 6.44477 6.35137 6.96563 6.33442
threshold=4.5000000000000009 1.5000000000000002 7.5000000000000009 2.5000000000000004 9.5000000000000018 5.5000000000000009 3.5000000000000004 0 1 0.72250000000000025 38.563333333333347 53.500000000000007 1.4816666666666671 52.500000000000007
decision_type=8 10 8 10 8 10 10 1 9 10 10 8 8 10
left_child=1 8 5 11 -4 7 13 -2 9 -1 -11 12 -3 -5
right_child=2 3 4 6 -6 -7 -8 -9 -10 10 -12 -13 -14 -15
leaf_value=0.016024156651079903 -0.0018055921212824422 0.0091781307547794157 -0.018813354681915879 -0.0056968291992854549 -0.025734664859331523 -0.011436243035804565 -0.0017729120331793631 -0.0085855276487769288 0.016277592908754614 0.015493718010716088 0.0065388223468247257 0.0069661050427727161 0.031425206791030724 0.0037164434211282992
leaf_weight=346.31620627641678 250.78285457193851 37.057386696338654 648.67088481783867 68.570469357073307 649.92453215643764 896.4743882343173 699.58814226835966 295.12861453741789 1272.0913063883781 92.107228770852089 341.89560414850712 1245.8172888308764 19.339989051222801 873.05187859386206
leaf_count=1544 4224 248 16503 690 20135 18233 9314 5081 5767 423 1607 8937 129 8625
internal_value=-0.000118742 0.00828919 -0.0154408 0.00383229 -0.0222945 -0.00925926 0.000980357 -0.00566993 0.014676 0.0116895 0.00847054 0.00742314 0.0172218 0.00302564
internal_weight=7736.82 4995.84 2740.98 2943.43 1298.6 1442.39 1641.21 545.911 2052.41 780.319 434.003 1302.21 56.3974 941.622
internal_count=101460 37284 64176 27943 36638 27538 18629 9305 9341 3574 2030 9314 377 9315
cat_boundaries=0 1 2
cat_threshold=8 81
is_linear=0
shrinkage=0.03


Tree=39
num_leaves=15
num_cat=1
split_feature=10 10 10 10 10 10 2 10 11 4 6 5 2 7
split_gain=1051.33 147.621 126.78 31.2715 16.8351 11.992 10.1421 9.69705 6.4742 9.27331 14.5947 10.5789 7.83192 7.72382
threshold=4.5000000000000009 1.5000000000000002 7.5000000000000009 2.5000000000000004 9.5000000000000018 5.5000000000000009 219.50000000000003 3.5000000000000004 0 1.1000000000000003 1.1050000000000002 0.77500000000000013 41.500000000000007 39.022500000000015
decision_type=8 10 8 10 8 10 10 10 9 8 8 8 10 10
left_child=1 8 5 -3 -4 -2 7 -5 12 10 11 -10 -1 -11
right_child=2 3 4 6 -6 -7 -8 -9 9 13 -12 -13 -14 -15
leaf_value=0.022716789227872226 -0.0055330268343694467 0.0071658483749942352 -0.018572418222203079 0.0027289182462814829 -0.025579597950083681 -0.01120939245535758 0.027569911320215242 -0.0019480851836533451 0.01643789160963632 0.014461333411098199 0.024493711515669703 -0.006405502913749082 0.0039464158737025573 0.010245615966609873
leaf_weight=209.62793488800526 543.30335970968008 1308.5920667052269 637.5556856803596 937.50405319780111 634.48841262608767 887.33853951469064 11.781938083469866 693.09156353026628 50.170449942350388 847.64825601875782 149.21847677230835 27.676141157746315 22.624854400753975 755.27470861375332
leaf_count=939 9305 9314 16503 9254 20135 18233 120 9255 220 3799 636 121 103 3523
internal_value=-0.000116989 0.00801356 -0.0151957 0.00370793 -0.0220849 -0.0090591 0.000950085 0.000740963 0.0141699 0.0132309 0.0190159 0.00833833 0.0200533 0.0124826
internal_weight=7715.9 5013.21 2702.69 2950.97 1272.04 1430.64 1642.38 1630.6 2062.24 1829.99 227.065 77.8466 232.253 1602.92
internal_count=101460 37284 64176 27943 36638 27538 18629 18509 9341 8299 977 341 1042 7322
cat_boundaries=0 1
cat_threshold=128
is_linear=0
shrinkage=0.03


Tree=40
num_leaves=15
num_cat=1
split_feature=10 10 10 10 10 10 2 10 5 11 5 4 6 5
split_gain=997.641 137.972 124.707 29.1883 16.9068 11.5563 9.38563 9.11412 6.47247 11.1551 6.28342 6.72918 14.0607 12.6157
threshold=4.5000000000000009 1.5000000000000002 7.5000000000000009 2.5000000000000004 9.5000000000000018 5.5000000000000009 219.50000000000003 3.5000000000000004 0.95000000000000007 0 -0.84999999999999998 1.1000000000000003 1.1050000000000002 0.77500000000000013
decision_type=8 10 8 10 8 10 10 10 10 9 8 8 8 8
left_child=1 10 5 -3 -4 -2 7 -5 9 -9 -1 12 13 -12
right_child=2 3 4 6 -6 -7 -8 8 -10 -11 11 -13 -14 -15
leaf_value=0.021880550866607722 -0.0053937660468307714 0.0069177307854970402 -0.018330960780321794 0.002641494187938782 -0.025422801192099369 -0.010984919914234033 0.026275992899093506 0.005767867692154021 -0.0050952819284248831 -0.0042235703848798956 0.016615797560522633 0.012683049918196411 0.023627109519313027 -0.0077761818438471042
leaf_weight=82.324983552098274 540.67708433046937 1314.8008332848549 626.75282183289528 939.47836261242628 619.48310567997396 878.46331243216991 12.036503218114374 187.18350633233786 311.16241802275181 193.61769243329763 53.013179570436478 1757.3051193356514 150.07408732175827 28.767681509256363
leaf_count=342 9305 9314 16503 9254 20135 18233 120 2377 4403 2475 231 8006 636 126
internal_value=-0.00011531 0.00774769 -0.0149507 0.00358786 -0.0218738 -0.00886005 0.000921349 0.000718305 -0.00189285 0.00073043 0.0136837 0.0133337 0.0181892 0.00804526
internal_weight=7695.14 5029.76 2665.38 2958.28 1246.24 1419.14 1643.48 1631.44 691.964 380.801 2071.49 1989.16 231.855 81.7809
internal_count=101460 37284 64176 27943 36638 27538 18629 18509 9255 4852 9341 8999 993 357
cat_boundaries=0 1
cat_threshold=180
is_linear=0
shrinkage=0.03


Tree=41
num_leaves=15
num_cat=2
split_feature=10 10 10 10 10 10 2 10 12 3 11 4 3 4
split_gain=946.673 128.995 122.6 27.2502 16.9698 11.1309 8.69422 8.56544 6.32913 6.32629 6.27401 8.22903 7.66734 6.9868
threshold=4.5000000000000009 1.5000000000000002 7.5000000000000009 2.5000000000000004 9.5000000000000018 5.5000000000000009 219.50000000000003 3.5000000000000004 0 5.5000000000000009 1 1.6333333333333335 2.5000000000000004 5.2250000000000005
decision_type=8 10 8 10 8 10 10 10 1 8 9 10 8 10
left_child=1 10 5 -3 9 8 7 -5 -2 -4 12 -12 13 -1
right_child=2 3 4 6 -6 -7 -8 -9 -10 -11 11 -13 -14 -15
leaf_value=0.019726673756227307 -0.0014571456627557094 0.0066794067218320964 -0.012276836251022938 0.0025570509528327809 -0.025264239499611412 -0.010762875810264534 0.025067752480061042 -0.0018388479463895748 -0.0081595011301516807 -0.019743644004912696 0.01502502984313857 0.01083348086859816 0.0134118294464946 0.035606276059690162
leaf_weight=92.136571809649467 248.00766797736287 1320.8044313341379 138.42388106882572 941.39202206581831 604.89720999263227 869.84167289733887 12.282490797340868 690.84193149954081 290.11962062865496 477.83021192997694 681.05737888813019 1164.5600669682026 104.90179398655891 37.645707577466965
leaf_count=404 4224 9314 3687 9254 20135 18233 120 9255 5081 12816 2934 5365 477 161
internal_value=-0.00011363 0.00749175 -0.0147066 0.00347211 -0.021661 -0.00866389 0.000893649 0.000696503 -0.00525738 -0.018089 0.013217 0.0123208 0.0188602 0.0245699
internal_weight=7674.74 5045.62 2629.12 2965.32 1221.15 1407.97 1644.52 1632.23 538.127 616.254 2080.3 1845.62 234.684 129.782
internal_count=101460 37284 64176 27943 36638 27538 18629 18509 9305 16503 9341 8299 1042 565
cat_boundaries=0 1 2
cat_threshold=8 128
is_linear=0
shrinkage=0.03


Tree=42
num_leaves=15
num_cat=1
split_feature=10 10 10 10 10 10 2 10 6 6 9 11 6 5
split_gain=898.389 120.667 120.436 25.4494 17.0221 10.6975 8.06141 8.05121 6.41039 6.13751 6.48656 6.13545 10.7553 6.07883
threshold=4.5000000000000009 1.5000000000000002 7.5000000000000009 2.5000000000000004 9.5000000000000018 5.5000000000000009 219.50000000000003 3.5000000000000004 1.7050000000000003 0.58166666666666689 1.0000000180025095e-35 0 0.72250000000000025 4.7500000000000009
decision_type=8 10 8 10 8 10 10 10 10 10 8 9 10 10
left_child=1 11 5 -3 8 -2 7 -5 -4 10 -9 12 -1 -13
right_child=2 3 4 6 -6 -7 -8 9 -10 -11 -12 13 -14 -15
leaf_value=0.014061585425238332 -0.0051287562682928254 0.0064504048943734276 -0.014974758933734518 0.0024754715733350417 -0.025103867462260235 -0.010543312501139148 0.023937235158781992 0.01916291238688864 -0.021339035303101363 -0.0033934514605790463 0.0010163634252438522 0.014052029340602318 0.0070023206046891766 0.02885096049108745
leaf_weight=352.11261311173439 535.73828897997737 1326.6101110428572 335.43391944468021 943.24693886935711 590.71984929963946 861.46662289276719 12.520198084414004 19.139443792402744 270.63201021030545 521.40027117729187 149.24026836454868 1270.0072616785765 441.06843847036362 25.461701214313507
leaf_count=1544 9305 9314 9023 9254 20135 18233 120 224 7480 7198 1833 5650 2030 117
internal_value=-0.000112305 0.00724546 -0.0144644 0.00336027 -0.0214469 -0.00847233 0.000866651 0.000675231 -0.0178471 -0.00178655 0.00318001 0.0127698 0.0100236 0.014255
internal_weight=7654.8 5060.81 2593.99 2972.16 1196.79 1397.2 1645.55 1633.03 606.066 689.78 168.38 2088.65 793.181 1295.47
internal_count=101460 37284 64176 27943 36638 27538 18629 18509 16503 9255 2057 9341 3574 5767
cat_boundaries=0 1
cat_threshold=81
is_linear=0
shrinkage=0.03


Tree=43
num_leaves=15
num_cat=1
split_feature=10 10 10 10 10 10 10 6 4 1 11 4 7 7
split_gain=852.456 118.273 112.882 23.7712 17.0646 10.294 7.53653 6.35394 6.17666 8.85244 7.34043 9.32375 8.08432 6.76747
threshold=4.5000000000000009 7.5000000000000009 1.5000000000000002 2.5000000000000004 9.5000000000000018 5.5000000000000009 3.5000000000000004 1.7050000000000003 5.1000000000000005 56.750000000000007 0 6.4500000000000011 39.222500000000018 38.445000000000014
decision_type=8 8 10 10 8 10 10 10 10 10 9 10 10 8
left_child=2 5 -1 -4 7 -2 8 -3 9 13 -10 12 -12 -5
right_child=1 4 3 6 -6 -7 -8 -9 10 -11 11 -13 -14 -15
leaf_value=0.01233899543169647 -0.0049979278396446872 -0.014731584092722698 0.0062302799718059231 -0.0045960488688606216 -0.024941653138268675 -0.010326276177327927 -0.0015339204151444833 -0.021118958851097915 -0.0062909861707113992 0.016395616277171211 0.010461359574713431 0.0084202657100420301 -0.010398960755459142 0.0045637244749363861
leaf_weight=2096.7585144937038 533.3324196152389 330.82866293936968 1332.2249063551426 84.054686337709427 576.94018484093249 853.33147714659572 694.63462669402361 265.33952528610826 121.95337003469467 49.094185248017311 22.071127466857433 113.89330378174782 60.425479978322983 500.38348285108805
leaf_count=9341 9305 9023 9314 823 20135 18233 9314 7480 1194 474 216 1116 593 4899
internal_value=-0.000110633 -0.0142225 0.00700794 0.00325248 -0.0212314 -0.00828199 0.000840757 -0.017605 0.00257348 0.00428439 -0.000834154 0.00274857 -0.00475954 0.00324075
internal_weight=7635.27 2559.77 5075.49 2978.74 1173.11 1386.66 1646.51 596.168 951.876 633.532 318.343 196.39 82.4966 584.438
internal_count=101460 64176 37284 27943 36638 27538 18629 16503 9315 6196 3119 1925 809 5722
cat_boundaries=0 1
cat_threshold=292
is_linear=0
shrinkage=0.03


Tree=44
num_leaves=15
num_cat=1
split_feature=10 10 10 10 10 10 2 10 3 11 4 6 5 3
split_gain=808.765 116.083 105.633 22.2255 17.0977 9.90092 7.47204 7.10733 6.44082 6.2064 7.95893 12.6144 9.1071 7.2153
threshold=4.5000000000000009 7.5000000000000009 1.5000000000000002 2.5000000000000004 9.5000000000000018 5.5000000000000009 219.50000000000003 3.5000000000000004 5.5000000000000009 0 1.1000000000000003 1.1050000000000002 0.77500000000000013 2.5000000000000004
decision_type=8 8 10 10 8 10 10 10 8 9 8 8 8 8
left_child=2 5 9 -4 8 -2 7 -5 -3 13 11 12 -11 -1
right_child=1 4 3 6 -6 -7 -8 -9 -10 10 -12 -13 -14 -15
leaf_value=0.022763337153746621 -0.0048698858225612448 -0.011392878588891894 0.0060186156523723581 0.0023129857798838819 -0.024777562520508715 -0.01011180963090391 0.022828915575725379 -0.0016913781997768909 -0.019077336194755986 0.013957317137029416 0.010386098455494652 0.021406361399857344 -0.0070950583434408205 0.012038996139439904
leaf_weight=131.42132972180843 530.99676699191332 132.57912942022085 1337.6554975658655 946.95331634581089 563.54775290004909 845.42967950925231 12.760268695652483 687.83164275437593 453.97077783569694 51.191221579909325 1635.6728266179562 152.13046507537365 27.87223045527935 106.32265654206276
leaf_count=565 9305 3687 9314 9254 20135 18233 120 9255 12816 220 7322 636 121 477
internal_value=-0.000109509 -0.0139818 0.00677792 0.00314731 -0.0210144 -0.00809459 0.000813845 0.000628156 -0.0173627 0.0119237 0.0110765 0.0163724 0.0065398 0.0173126
internal_weight=7616.34 2526.52 5089.81 2985.2 1150.1 1376.43 1647.55 1634.78 586.55 2104.61 1866.87 231.194 79.0635 237.744
internal_count=101460 64176 37284 27943 36638 27538 18629 18509 16503 9341 8299 977 341 1042
cat_boundaries=0 1
cat_threshold=128
is_linear=0
shrinkage=0.03


Tree=45
num_leaves=15
num_cat=2
split_feature=10 10 10 10 10 10 2 7 6 2 4 7 11 12
split_gain=767.357 113.869 98.9095 20.7725 17.1219 9.72315 6.94045 6.76941 8.08237 9.44905 7.68686 6.57722 11.3146 6.67816
threshold=4.5000000000000009 7.5000000000000009 1.5000000000000002 2.5000000000000004 9.5000000000000018 6.5000000000000009 219.50000000000003 40.763333333333343 2.1050000000000009 39.500000000000007 5.1000000000000005 38.536666666666683 0 1
decision_type=8 8 10 10 8 10 10 10 10 8 10 10 9 1
left_child=2 5 -1 -4 -3 11 7 10 9 -9 -5 -2 -13 -14
right_child=1 4 3 6 -6 -7 -8 8 -10 -11 -12 12 13 -15
leaf_value=0.011527002067887744 -0.010890598246061318 -0.017120126426105553 0.0058150197154634388 0.0030670722901357528 -0.024611564949889978 -0.012049621056014224 0.021836617853164882 -0.0025492893197995572 -0.010454148000440276 0.018331006711017821 -0.001655596674231022 -0.008327833110366837 0.0033935457712740993 -0.0045905321249195361
leaf_weight=2111.7983675897121 222.63471131026745 577.20091162249446 1342.9084337800741 904.08437437564135 550.53227728232741 372.07682404667139 12.981888659298418 138.39595612883568 100.20796731114388 21.679380550980568 471.12809243798256 412.60175618156791 163.27475251629949 195.8961195833981
leaf_count=9341 4134 16503 9314 10037 20135 9018 120 1589 1170 244 5469 7694 3015 3677
internal_value=-0.000107772 -0.0137423 0.00655757 0.00304667 -0.0207958 -0.00791014 0.000789313 0.000609007 -0.00381834 0.000374826 0.00144913 -0.00635072 -0.0050287 -0.000968077
internal_weight=7597.4 2494.22 5103.18 2991.39 1127.73 1366.48 1648.48 1635.5 260.283 160.075 1375.21 994.407 771.773 359.171
internal_count=101460 64176 37284 27943 36638 27538 18629 18509 3003 1833 15506 18520 14386 6692
cat_boundaries=0 1 2
cat_threshold=396 8
is_linear=0
shrinkage=0.03


Tree=46
num_leaves=15
num_cat=2
split_feature=10 10 10 10 10 10 8 11 2 12 2 2 4 3
split_gain=728.069 111.596 92.5995 19.5464 17.184 9.3756 8.41501 13.6572 11.1713 8.82765 7.91031 12.6581 11.4908 7.58442
threshold=4.5000000000000009 7.5000000000000009 1.5000000000000002 3.5000000000000004 10.500000000000002 5.5000000000000009 4.5000000000000009 0 40.500000000000007 1 14.500000000000002 17.500000000000004 2.5500000000000003 5.5000000000000009
decision_type=8 8 10 10 8 10 2 9 10 1 8 8 8 8
left_child=2 5 -1 6 13 -2 8 -8 9 10 12 -12 -4 -3
right_child=1 4 3 -5 -6 -7 7 -9 -10 -11 11 -13 -14 -15
leaf_value=0.011143186805452388 -0.0045822917637969932 -0.011909839941207472 0.036511080838616192 -0.0014658043658242418 -0.026052019237650659 -0.009714802203204748 -0.0020162957628614593 0.0046251149390715987 0.014335882021640052 0.0015404593494543132 -0.015024387398922694 0.007711243425742152 0.0097350123988487643 -0.019503643417592188
leaf_weight=2118.9245081692934 525.81549618765712 155.51683885231614 19.063679039478302 693.22462040185928 355.77527724951506 831.11531303822994 385.04461459070444 971.11795662343502 137.31183843314648 375.96607609838247 22.660879753530025 337.3609382212162 55.706739716231823 594.69533030688763
leaf_count=9341 9305 4675 150 9314 13318 18233 3159 7876 1081 3051 178 2682 452 18645
internal_value=-0.000106685 -0.0135049 0.0063443 0.00294934 -0.0205757 -0.00773078 0.00427769 0.0027586 0.00644548 0.00509312 0.00793706 0.00624254 0.0169537 -0.0179474
internal_weight=7579.3 2462.92 5116.38 2997.46 1105.99 1356.93 2304.23 1356.16 948.07 810.758 434.792 360.022 74.7704 750.212
internal_count=101460 64176 37284 27943 36638 27538 18629 11035 7594 6513 3462 2860 602 23320
cat_boundaries=0 1 2
cat_threshold=76 9
is_linear=0
shrinkage=0.03


Tree=47
num_leaves=15
num_cat=0
split_feature=10 10 10 10 10 10 6 2 7 6 2 4 6 7
split_gain=690.703 109.343 86.7074 18.7165 17.2379 9.24791 6.62645 6.3947 6.36962 7.69575 8.69688 7.12776 6.50321 6.35897
threshold=4.5000000000000009 7.5000000000000009 1.5000000000000002 2.5000000000000004 9.5000000000000018 6.5000000000000009 1.7050000000000003 219.50000000000003 40.763333333333343 2.1050000000000009 39.500000000000007 5.1000000000000005 1.5387500000000005 38.536666666666683
decision_type=8 8 10 10 8 10 10 10 10 10 8 10 8 10
left_child=2 5 -1 -4 6 13 -3 8 11 10 12 -5 -10 -2
right_child=1 4 3 7 -6 -7 -8 -9 9 -11 -12 -13 -14 -15
leaf_value=0.010773996538789672 -0.010528078553191487 -0.01361334055712809 0.0054721432710865972 0.0029032959747601911 -0.024280680369853189 -0.011633554189256672 -0.020327504978641445 0.020733392454525164 -0.007391961095294896 -0.010270155044882783 0.017375081357663802 -0.0016419929914702498 0.0060363864806073668 -0.0047235343004135349
leaf_weight=2125.7158894091845 219.15276877954602 311.06891934201121 1351.8066137731075 907.64378318935633 526.08402635715902 364.74332693219185 247.72910177335143 13.23487566411495 88.086627639830112 99.504841163754463 22.070058330893517 470.90392630547285 50.148666746914387 763.65539087355137
leaf_count=9341 4134 9023 9314 10037 20135 9018 7480 120 1007 1170 244 5469 582 14386
internal_value=-0.000104947 -0.013268 0.00613889 0.0028558 -0.0203542 -0.00755222 -0.0166209 0.00071234 0.000538059 -0.00376185 0.000316619 0.00135059 -0.00251209 -0.00602725
internal_weight=7561.55 2432.43 5129.12 3003.4 1084.88 1347.55 558.798 1651.59 1638.36 259.81 160.305 1378.55 138.235 982.808
internal_count=101460 64176 37284 27943 36638 27538 16503 18629 18509 3003 1833 15506 1589 18520
is_linear=0
shrinkage=0.03


Tree=48
num_leaves=15
num_cat=2
split_feature=10 10 10 10 10 0 10 3 11 12 6 6 2 3
split_gain=656.135 118.785 65.3416 24.1766 14.3132 9.90373 9.21874 7.69214 6.98039 9.37673 8.28945 6.76025 7.43304 7.05797
threshold=5.5000000000000009 2.5000000000000004 8.5000000000000018 1.5000000000000002 3.5000000000000004 3.5000000000000004 11.500000000000002 7.5000000000000009 0 1 0.73541666666666683 0.62250000000000016 26.500000000000004 2.5000000000000004
decision_type=8 10 8 10 10 2 8 10 9 1 8 10 8 10
left_child=1 3 5 -1 -3 -2 -4 -7 9 -6 11 13 -13 -10
right_child=2 4 6 -5 8 7 -8 -9 10 -11 -12 12 -14 -15
leaf_value=0.010418720186179699 -0.014841726186227868 0.0022282849118969946 -0.020126763213269113 0.0052890773211325143 -0.0010518106610796722 -0.0064782785250770648 -0.027813996102889586 -0.012856867791384535 0.01671674404626898 -0.0080535811777131903 -0.0017429037798447624 0.007435586430022823 0.046114683078683841 -0.0027244471506887255
leaf_weight=2132.1897684186697 363.27011322230101 959.8037571683526 571.85068392008543 1356.5978876203299 355.84959260374308 480.1826136149466 199.82160237617791 266.7847845479846 24.579504951834679 346.68708886578679 419.93453619256616 11.128258328884842 7.0523156598210326 48.353074427694082
leaf_count=9341 8764 9315 20196 9314 5400 11401 7845 6665 343 5436 6470 170 105 695
internal_value=-0.000103485 0.00499737 -0.0154451 0.00842617 -0.000507989 -0.0107686 -0.0221508 -0.00877058 -0.00267212 -0.00457793 4.02425e-05 0.00819272 0.0240614 0.00396505
internal_weight=7544.09 5662.18 1881.91 3488.79 2173.39 1110.24 771.672 746.967 1213.58 702.537 511.048 91.1132 18.1806 72.9326
internal_count=101460 46589 54871 18655 27934 26830 28041 18066 18619 10836 7783 1313 275 1038
cat_boundaries=0 1 2
cat_threshold=141 10
is_linear=0
shrinkage=0.03


Tree=49
num_leaves=15
num_cat=4
split_feature=10 10 10 10 10 0 10 3 11 12 6 11 12 6
split_gain=624.177 111.231 64.4532 22.7126 13.4868 9.6219 9.30036 7.43235 6.63031 8.94404 7.79113 6.6163 8.43464 12.1574
threshold=5.5000000000000009 2.5000000000000004 8.5000000000000018 1.5000000000000002 3.5000000000000004 3.5000000000000004 11.500000000000002 7.5000000000000009 0 1 0.73541666666666683 2 3 1.5550000000000004
decision_type=8 10 8 10 10 2 8 10 9 1 8 9 1 8
left_child=1 3 5 11 -3 -2 -4 -7 9 -6 -10 -1 -13 -14
right_child=2 4 6 -5 8 7 -8 -9 10 -11 -12 12 13 -15
leaf_value=0.01528922198206078 -0.014596304020384251 0.0021577646931865038 -0.019902550884253942 0.0051127920396572711 -0.0010221064960043334 -0.0063219882035217643 -0.027712447842159999 -0.012621866573219934 0.0079152669166843662 -0.007872858899592142 -0.0016933005926990591 0.0064082814010989952 0.0081017255248000269 0.014239631978505847
leaf_weight=241.58453516662121 358.38822668418288 961.44416331499815 561.11862888373435 1361.2337467819452 355.5299318395555 477.36015463620424 194.61951130069792 263.66574046015739 91.700713127851486 344.29519547149539 419.30799328163266 722.16678178310394 611.09303104877472 563.51812839508057
leaf_count=1042 8764 9315 20196 9314 5400 11401 7845 6665 1313 5436 6470 3178 2702 2419
internal_value=-0.000102248 0.00483872 -0.0152031 0.0081479 -0.000493747 -0.010551 -0.0219477 -0.00857755 -0.00259918 -0.00446217 4.22275e-05 0.0100767 0.00927565 0.0109627
internal_weight=7527.03 5671.87 1855.15 3499.6 2172.28 1099.41 755.738 741.026 1210.83 699.825 511.009 2138.36 1896.78 1174.61
internal_count=101460 46589 54871 18655 27934 26830 28041 18066 18619 10836 7783 9341 8299 5121
cat_boundaries=0 1 2 3 4
cat_threshold=141 10 128 4
is_linear=0
shrinkage=0.03


Tree=50
num_leaves=15
num_cat=3
split_feature=10 10 10 10 10 10 0 3 4 11 6 11 12 6
split_gain=593.791 104.262 63.5391 21.3816 12.7146 9.3785 9.34293 7.1777 6.63848 6.43531 9.92205 6.28847 8.52915 7.29561
threshold=5.5000000000000009 2.5000000000000004 8.5000000000000018 1.5000000000000002 3.5000000000000004 11.500000000000002 3.5000000000000004 7.5000000000000009 4.2250000000000005 0 0.72250000000000025 1 2 0.73541666666666683
decision_type=8 10 8 10 10 8 2 10 10 9 10 9 1 8
left_child=1 3 6 9 -3 -4 -2 -8 -9 10 -1 12 -6 -13
right_child=2 4 5 -5 11 -7 7 8 -10 -11 -12 13 -14 -15
leaf_value=0.011042807527913851 -0.014351958752832213 0.0020895932221945876 -0.019677083751808308 0.0049429915700798981 -0.0009932179186929813 -0.027609664156100919 -0.0061686020577348339 0.017242508622027572 -0.013130101647356928 0.011142952654707251 0.0043634801020153531 0.0076290982521960427 -0.0076951160373058226 -0.0016450385497308849
leaf_weight=360.54155451059341 353.6446937918663 963.03438478708267 550.69181633554399 1365.7195384949446 355.21952291950583 189.56386621110141 474.62013127654791 5.8194014169275752 254.81638881191611 1329.9565714597702 453.50409100949764 92.314180266112089 341.97016177326441 418.70001083239913
leaf_count=1544 8764 9315 20196 9314 5400 7845 11401 145 6520 5767 2030 1313 5436 6470
internal_value=-0.000100194 0.00468669 -0.0149617 0.00788258 -0.000480593 -0.021743 -0.0103359 -0.00838733 -0.0123886 0.00975191 0.00724282 -0.00252927 -0.00434895 4.1149e-05
internal_weight=7510.12 5680.96 1829.16 3509.72 2171.24 740.256 1088.9 735.256 260.636 2144 814.046 1208.2 697.19 511.014
internal_count=101460 46589 54871 18655 27934 28041 26830 18066 6665 9341 3574 18619 10836 7783
cat_boundaries=0 1 2 3
cat_threshold=81 141 10
is_linear=0
shrinkage=0.03


Tree=51
num_leaves=15
num_cat=2
split_feature=10 10 10 10 10 10 0 3 4 11 12 5 7 5
split_gain=564.78 97.7233 62.6031 20.116 11.9866 9.45296 9.06833 6.92581 6.32725 6.23976 7.95113 11.5806 10.4805 7.66616
threshold=5.5000000000000009 2.5000000000000004 8.5000000000000018 1.5000000000000002 3.5000000000000004 11.500000000000002 3.5000000000000004 7.5000000000000009 4.2250000000000005 0 1 2.0500000000000003 38.110000000000014 0.45000000000000007
decision_type=8 10 8 10 10 8 2 10 10 9 1 8 8 8
left_child=1 3 6 9 -3 -4 -2 -8 -9 -1 13 -12 -13 -11
right_child=2 4 5 -5 -6 -7 7 8 -10 10 11 12 -14 -15
leaf_value=0.014439410177886143 -0.014108772225675812 0.0020236840904588826 -0.019450413564495481 0.0047793946970017083 -0.0024611055848277577 -0.027505588765615641 -0.0060181069232265322 0.016573066365354133 -0.012893767958277692 0.010692024017023325 0.007576628876170965 0.023437209010330209 0.011779755929100995 0.0039603715530894205
leaf_weight=243.13999962806702 349.03581720218062 964.57598432153463 540.56198075413704 1370.0604205131531 1205.6468887329102 184.65076558291912 471.96021032333374 5.9117873087525359 251.76737662404776 217.9576174467802 628.88845014572144 82.27716426551342 469.72562588751316 507.44890405237675
leaf_count=1042 8764 9315 20196 9314 18619 7845 11401 145 6520 949 2774 346 2001 2229
internal_value=-9.85658e-05 0.00453911 -0.0147209 0.00762576 -0.000467785 -0.0215364 -0.0101229 -0.00819953 -0.0121563 0.00943697 0.00867053 0.0102939 0.0135566 0.00591351
internal_weight=7493.61 5689.72 1803.89 3519.5 2170.22 725.213 1078.68 729.639 257.679 2149.44 1906.3 1180.89 552.003 725.407
internal_count=101460 46589 54871 18655 27934 28041 26830 18066 6665 9341 8299 5121 2347 3178
cat_boundaries=0 1 2
cat_threshold=128 4
is_linear=0
shrinkage=0.03


Tree=52
num_leaves=15
num_cat=2
split_feature=10 10 10 10 10 10 0 3 0 11 5 12 6 7
split_gain=537.19 91.6021 61.644 18.9423 11.2885 9.52358 8.79694 6.67948 6.14684 7.08431 8.53003 7.5109 9.95196 9.34317
threshold=5.5000000000000009 2.5000000000000004 8.5000000000000018 1.5000000000000002 3.5000000000000004 11.500000000000002 3.5000000000000004 7.5000000000000009 4.5000000000000009 0 0.075000000000000025 1 1.5775000000000003 40.463333333333345
decision_type=8 10 8 10 10 8 2 10 2 9 10 1 8 10
left_child=1 3 6 8 -3 -4 -2 -8 9 10 -1 12 13 -11
right_child=2 4 5 -5 -6 -7 7 -9 -10 11 -12 -13 -14 -15
leaf_value=0.017107427359544958 -0.01386682290371251 0.0019599559275169688 -0.019222598501604078 0.0046217369241913237 -0.0023924467501192366 -0.02740016910335967 -0.0058704884315664832 -0.011925864906571736 0.006503542968484469 0.0092472554207735456 0.0096408080178377216 0.0049672860125800043 0.015183390486588844 -0.00583419662713791
leaf_weight=273.48876096308231 344.55795735493302 966.07048187404871 530.72099873796105 1374.2613491714001 1203.1072803065181 179.87638095393777 469.37810237705708 254.80727466382086 589.69141831994057 262.89069271087646 288.38649506866932 439.32135409116745 258.40436643362045 42.296141162514687
leaf_count=1135 8764 9315 20196 9314 18619 7845 11401 6665 2632 1135 1251 1906 1096 186
internal_value=-9.62436e-05 0.00439754 -0.0144809 0.00737918 -0.00045404 -0.0213282 -0.00991253 -0.0080146 0.00913508 0.010122 0.0130669 0.00824842 0.010662 0.00714487
internal_weight=7477.26 5697.92 1779.34 3528.74 2169.18 710.597 1068.74 724.185 2154.48 1564.79 561.875 1002.91 563.591 305.187
internal_count=101460 46589 54871 18655 27934 28041 26830 18066 9341 6709 2386 4323 2417 1321
cat_boundaries=0 1 2
cat_threshold=164 9
is_linear=0
shrinkage=0.03


Tree=53
num_leaves=15
num_cat=2
split_feature=10 10 10 10 12 10 0 0 10 11 7 2 2 6
split_gain=510.873 85.8625 60.6609 17.8302 10.8621 9.59019 8.52786 7.72758 9.29666 8.77887 9.64949 7.36092 7.19472 7.70185
threshold=5.5000000000000009 2.5000000000000004 8.5000000000000018 1.5000000000000002 0 11.500000000000002 3.5000000000000004 6.5000000000000009 4.5000000000000009 1 39.322500000000012 221.50000000000003 68.500000000000014 0.96000000000000019
decision_type=8 10 8 10 1 8 2 2 10 9 8 10 10 10
left_child=1 3 6 -1 11 -4 -2 8 9 12 -11 -3 -6 -14
right_child=2 4 5 -5 7 -7 -8 -9 -10 10 -12 -13 13 -15
leaf_value=0.0088427725596870593 -0.013626192340966093 0.001378235142855392 -0.018993697552033399 0.00446976653264659 0.0021697417127063703 -0.027293356125425335 -0.007832952862686442 -0.011261367080275208 -0.0070460724387008001 0.0031280314755257714 -0.0065775745220056029 0.025987445339738801 -0.0037471163479933602 0.029652282950990053
leaf_weight=2159.2046128213406 340.20754837803543 1110.3798132538795 521.16100463457406 1378.3271138072014 297.76936209201813 175.23700076155365 718.90253268554807 85.05377022922039 235.12971242889762 141.07666074484587 262.46041613072157 10.052210822701452 9.1543043926358241 17.085811577737331
leaf_count=9341 8764 14046 20196 9314 3385 7845 18066 1142 4344 1596 3036 103 97 185
internal_value=-9.44295e-05 0.00426018 -0.014242 0.00714066 -0.000440691 -0.0211183 -0.00970496 -0.00262096 -0.00187387 -0.000194938 -0.00310831 0.00160766 0.00342226 0.0182905
internal_weight=7461.2 5705.69 1755.51 3537.53 2168.16 696.398 1059.11 1047.73 962.676 727.547 403.537 1120.43 324.009 26.2401
internal_count=101460 46589 54871 18655 27934 28041 26830 13785 12643 8299 4632 14149 3667 282
cat_boundaries=0 1 2
cat_threshold=10 116
is_linear=0
shrinkage=0.03


Tree=54
num_leaves=15
num_cat=2
split_feature=10 10 10 10 10 10 10 6 6 11 12 4 6 0
split_gain=485.752 80.4626 59.6609 16.7644 10.4189 9.6526 8.59582 8.3953 6.04908 6.01479 7.20797 10.4872 9.03346 7.70631
threshold=5.5000000000000009 2.5000000000000004 8.5000000000000018 1.5000000000000002 3.5000000000000004 11.500000000000002 6.5000000000000009 2.0612500000000007 4.0708333333333346 0 1 1.1000000000000003 1.1050000000000002 4.5000000000000009
decision_type=8 10 8 10 10 8 10 10 10 9 1 8 8 2
left_child=1 3 6 9 8 -4 -2 -8 -3 -1 -11 12 -12 -13
right_child=2 4 5 -5 -6 -7 7 -9 -10 10 11 13 -14 -15
leaf_value=0.013367129431752743 -0.0062336701505693003 0.0014941568817524486 -0.018763777052409707 0.0043232447775272478 -0.0022950994570938386 -0.027185093740387793 -0.009558396065168227 -0.017410385644071168 0.016252119228609495 0.0052353545447468156 0.0055449413222321805 0.0099839452718518441 0.020892431750927771 0.00427973381269919
leaf_weight=244.97382305562496 432.61394304409623 943.07640164345503 511.87426227331161 1382.2623262405396 1199.4515511021018 170.72897189296782 444.8245371542871 172.31100921146572 24.693547412753105 729.75984229147434 49.921590611338615 714.72544404864311 117.86378580331802 306.84580707550049
leaf_count=1042 9215 9082 20196 9314 18619 7845 12485 5130 233 3178 210 3057 481 1373
internal_value=-9.28927e-05 0.00412663 -0.0140039 0.00690908 -0.000427531 -0.0209068 -0.00949968 -0.0117754 0.00188711 0.00855796 0.00782705 0.0093547 0.016386 0.00827645
internal_weight=7445.93 5713.57 1732.35 3546.35 2167.22 682.603 1049.75 617.136 967.77 2164.09 1919.12 1189.36 167.785 1021.57
internal_count=101460 46589 54871 18655 27934 28041 26830 17615 9315 9341 8299 5121 691 4430
cat_boundaries=0 1 2
cat_threshold=128 4
is_linear=0
shrinkage=0.03


Tree=55
num_leaves=15
num_cat=2
split_feature=10 10 10 10 12 10 10 6 0 10 11 7 2 10
split_gain=461.907 75.4694 58.6349 15.8008 10.2247 9.71067 8.30725 8.19978 7.37124 8.65888 8.25659 9.13572 6.8298 6.78626
threshold=5.5000000000000009 2.5000000000000004 8.5000000000000018 1.5000000000000002 0 11.500000000000002 6.5000000000000009 2.0612500000000007 6.5000000000000009 4.5000000000000009 1 39.322500000000012 221.50000000000003 3.5000000000000004
decision_type=8 10 8 10 1 8 10 10 2 10 9 8 10 10
left_child=1 3 6 -1 12 -4 -2 -8 9 10 -6 13 -3 -12
right_child=2 4 5 -5 8 -7 7 -9 -10 -11 11 -13 -14 -15
leaf_value=0.0082881106015515876 -0.0060816160998971233 0.001347002305788921 -0.018532902307129426 0.0041819473563372679 0.0033077534717604194 -0.027075334377524785 -0.0093557923870083142 -0.017169559594992372 -0.011017531239457059 -0.0068241586586941421 0.0083592337889615495 -0.006417225529854245 0.02484722132190019 -0.0049615345406746059
leaf_weight=2168.3287412524223 430.18969188630581 1111.1814661175013 502.85328671336174 1386.0713890939951 324.91789558529854 166.34874352253973 440.90549455210567 169.54230962507427 84.215088978409767 233.19257216155529 84.790049821138382 261.07530182600021 10.247444506734608 56.626810982823372
leaf_count=9341 9215 14046 20196 9314 3667 7845 12485 5130 1142 4344 817 3036 103 779
internal_value=-9.04695e-05 0.00399909 -0.0137674 0.0066885 -0.000414761 -0.0206936 -0.00929771 -0.0115505 -0.00253497 -0.00180699 -0.000191432 -0.00302442 0.0015697 0.00302788
internal_weight=7430.49 5720.65 1709.84 3554.4 2166.25 669.202 1040.64 610.448 1044.82 960.603 727.41 402.492 1121.43 141.417
internal_count=101460 46589 54871 18655 27934 28041 26830 17615 13785 12643 8299 4632 14149 1596
cat_boundaries=0 1 2
cat_threshold=10 116
is_linear=0
shrinkage=0.03


Tree=56
num_leaves=15
num_cat=3
split_feature=10 10 10 10 10 12 0 0 10 11 7 11 4 4
split_gain=439.117 70.7413 57.5923 14.8599 9.76424 9.63564 8.33132 7.03179 8.21703 7.77851 8.64297 6.91831 9.91742 8.07592
threshold=5.5000000000000009 2.5000000000000004 8.5000000000000018 1.5000000000000002 11.500000000000002 0 3.5000000000000004 6.5000000000000009 4.5000000000000009 1 39.322500000000012 2 9.6333333333333346 8.3666666666666689
decision_type=8 10 8 10 8 1 2 2 10 9 8 9 10 10
left_child=1 3 6 -1 -4 -3 -2 8 9 -7 -11 13 -13 -8
right_child=2 5 4 -5 -6 7 11 -9 -10 10 -12 12 -14 -15
leaf_value=0.0080228432228309342 -0.013036265522248264 0.0015213276537028165 -0.018301142638387363 0.0040456580945149884 -0.026964024890619279 0.0032034771737294112 -0.004030775130715333 -0.010789075635595809 -0.0066609256655324545 0.0029308373367012931 -0.0062579214469864371 -0.0073985513584423042 -0.021729608976505881 0.016057659765166394
leaf_weight=2172.7855968475342 329.9086191598326 1122.8390809260309 494.09076415747404 1389.7586205750704 162.0928671117872 325.77426921576262 83.664149226620793 83.451259810477495 231.78612259030342 141.72416722029448 259.73577934503555 549.7351317089051 46.602203270420432 21.878449913114309
leaf_count=9341 8764 14149 20196 9314 7845 3667 2114 1142 4344 1596 3036 14053 1289 610
internal_value=-8.89743e-05 0.00387428 -0.0135319 0.0064729 -0.0204789 -0.000402202 -0.0090984 -0.00246446 -0.00175526 -0.000184713 -0.00294177 -0.00723154 -0.00841216 0.000224057
internal_weight=7415.83 5727.85 1687.97 3562.54 656.184 2165.31 1031.79 1042.47 959.02 727.234 401.46 701.88 596.337 105.543
internal_count=101460 46589 54871 18655 28041 27934 26830 13785 12643 8299 4632 18066 15342 2724
cat_boundaries=0 1 2 3
cat_threshold=10 116 1
is_linear=0
shrinkage=0.03


Tree=57
num_leaves=15
num_cat=4
split_feature=10 10 10 10 10 10 10 6 11 11 6 11 12 6
split_gain=417.398 66.3213 56.5374 13.9765 9.81317 9.31675 8.10404 8.05558 6.16999 5.9934 9.03481 5.84071 7.04412 6.83579
threshold=5.5000000000000009 2.5000000000000004 8.5000000000000018 1.5000000000000002 11.500000000000002 3.5000000000000004 6.5000000000000009 2.0612500000000007 0 1 0.72250000000000025 2 3 0.73541666666666683
decision_type=8 10 8 10 8 10 10 10 9 9 10 9 1 8
left_child=1 3 6 9 -4 -3 8 -8 -2 10 -1 12 -7 -13
right_child=2 5 4 -5 -6 11 7 -9 -10 -11 -12 13 -14 -15
leaf_value=0.0090582862454193346 -0.0014684281692446974 0.0017931200080817025 -0.018068570545641535 0.0039141739571516444 -0.026851124573874997 -0.00089472143372844239 -0.0089646874771265612 -0.016793645347357049 -0.0089403576573147351 0.0090560306160007153 0.0027378677326680857 0.0076574929193454393 -0.0070265853450321618 -0.0013305017651792505
leaf_weight=365.47355499863625 198.11984394863248 969.95704118162394 485.5795313026756 1393.3280752897263 157.95793795958161 354.15449699759483 433.51814514771104 165.37806425616145 226.21798875555396 1350.8127676099539 460.75688144564629 92.238734625279903 333.39085929095745 414.70783401280642
leaf_count=1544 4289 9315 20196 9314 7845 5400 12485 5130 4926 5767 2030 1313 5436 6470
internal_value=-8.75199e-05 0.0037535 -0.0132976 0.00626485 -0.0202626 -0.000390074 -0.00890158 -0.011151 -0.00570815 0.00776682 0.00547502 -0.0021629 -0.00393189 0.000310601
internal_weight=7401.59 5734.82 1666.77 3570.37 643.537 2164.45 1023.23 598.896 424.338 2177.04 826.23 1194.49 687.545 506.947
internal_count=101460 46589 54871 18655 28041 27934 26830 17615 9215 9341 3574 18619 10836 7783
cat_boundaries=0 1 2 3 4
cat_threshold=57 81 141 10
is_linear=0
shrinkage=0.03


Tree=58
num_leaves=15
num_cat=1
split_feature=10 10 10 10 10 12 0 0 1 2 5 4 7 6
split_gain=396.789 62.2359 55.4442 13.1609 9.85732 8.80991 8.0764 6.71832 7.77007 8.20835 15.7024 10.2226 9.50792 7.14616
threshold=5.5000000000000009 2.5000000000000004 8.5000000000000018 1.5000000000000002 11.500000000000002 0 3.5000000000000004 6.5000000000000009 52.500000000000007 25.500000000000004 1.4500000000000002 5.4500000000000011 38.245000000000012 2.7550000000000012
decision_type=8 10 8 10 8 1 2 2 10 10 8 8 8 10
left_child=1 3 6 -1 -4 -3 -2 8 -7 12 -11 -12 -10 -14
right_child=2 5 4 -5 -6 7 -8 -9 9 10 11 -13 13 -15
leaf_value=0.0075216959070440511 -0.012630338025291741 0.0014555181748173863 -0.017835261110393692 0.0037873009902075678 -0.026736579190227223 -0.0091119787166395374 -0.0068633597599083197 -0.010537137961302744 0.0076636613340544746 -0.0038375773254581327 0.019229631333441025 0.00030359495291836289 -0.00274747164814737 -0.015271528642717953
leaf_weight=2180.9312959611416 323.15906142815948 1124.7198222018778 477.31265895068645 1396.7837451249361 153.94066826440394 110.43432838842273 691.82946888543665 82.607131779193878 73.429187219589949 106.55992967635393 68.90790967643261 40.65485330298543 512.62866809219122 43.667411722242832
leaf_count=9341 8764 14149 20196 9314 7845 1530 18066 1142 946 1346 871 558 6774 618
internal_value=-8.65101e-05 0.00363679 -0.013066 0.00606521 -0.0200448 -0.000379766 -0.00871011 -0.00235749 -0.00166526 -0.000683405 0.0043486 0.0122731 -0.00241455 -0.00375621
internal_weight=7387.57 5741.32 1646.24 3577.72 631.253 2163.61 1014.99 1038.89 956.282 845.848 216.123 109.563 629.725 556.296
internal_count=101460 46589 54871 18655 28041 27934 26830 13785 12643 11113 2775 1429 8338 7392
cat_boundaries=0 1
cat_threshold=10
is_linear=0
shrinkage=0.03


Tree=59
num_leaves=15
num_cat=2
split_feature=10 10 10 10 6 0 2 11 2 7 2 7 11 7
split_gain=377.715 83.2301 31.2611 24.4958 10.121 7.60159 9.0254 7.77521 8.58014 7.603 7.24663 6.62567 6.3802 11.4319
threshold=6.5000000000000009 3.5000000000000004 9.5000000000000018 1.5000000000000002 2.0612500000000007 5.5000000000000009 38.500000000000007 0 53.500000000000007 40.245000000000012 28.500000000000004 40.045000000000009 1 41.029166666666676
decision_type=8 10 8 10 10 2 10 9 10 10 8 10 9 10
left_child=1 3 4 -1 10 6 9 -7 -9 11 -2 -5 -8 -14
right_child=2 -3 -4 5 -6 7 12 8 -10 -11 -12 -13 13 -15
leaf_value=0.0072829668628809421 -0.0074845383729949099 -0.0029407520129182303 -0.022190421892679769 0.0034968135161476911 -0.017227936663137829 0.003333572118086056 0.0025429911750983253 -0.0024843752955877687 -0.02063496305575516 -0.00060901647696004425 -0.014901165688047151 0.012288628311002482 0.017500477955272323 -0.0096895465316557145
leaf_weight=2184.8200455307961 394.99931750446558 1610.6639110520482 407.63944210484624 1194.2808345481753 232.88557074964046 217.694490224123 105.48306784778833 202.27877864986658 25.576827749609947 413.75282763689756 171.78048658929765 81.713697947561741 115.34340249747038 15.162526756525038
leaf_count=9341 12309 27834 20135 9279 7894 1740 810 1629 203 3333 5318 643 878 114
internal_value=-8.51338e-05 0.00291967 -0.0154231 0.00499163 -0.0119499 0.00287829 0.00369495 -0.000651804 -0.00441033 0.00292387 -0.00975467 0.00406902 0.00918048 0.0132818
internal_weight=7374.08 6166.77 1207.3 4556.11 799.665 2371.29 1925.74 445.55 227.856 1689.75 566.78 1275.99 235.989 130.506
internal_count=101460 55804 45656 27970 25521 18629 15057 3572 1832 13255 17627 9922 1802 992
cat_boundaries=0 1 2
cat_threshold=177 113
is_linear=0
shrinkage=0.03


Tree=60
num_leaves=15
num_cat=1
split_feature=10 10 10 10 10 6 2 7 11 6 7 6 4 7
split_gain=359.978 78.2632 30.8941 16.0757 11.4978 9.88807 7.07243 6.7882 11.2024 7.36396 9.12448 8.09275 8.93924 8.47853
threshold=6.5000000000000009 2.5000000000000004 9.5000000000000018 4.5000000000000009 1.5000000000000002 2.0612500000000007 28.500000000000004 38.536666666666683 0 1.8050000000000004 40.690000000000012 1.93875 5.7750000000000012 40.363333333333337
decision_type=8 10 8 10 10 10 10 10 9 10 10 8 10 10
left_child=1 4 5 -3 -1 6 -2 -5 -9 10 -10 12 -11 -13
right_child=2 3 -4 7 -6 -7 -8 8 9 11 -12 13 -14 -15
leaf_value=0.007052397192652461 -0.00795221355801457 0.00061548029717065653 -0.021995356456025746 -0.0091063321335313335 0.0035687490969235664 -0.016988822500357062 -0.016775802367857303 -0.0063552386918554523 0.00082368998653827735 -0.0013988980749650313 -0.014830501308486847 -0.0059990734263340728 0.044907045797424973 0.011594114423133911
leaf_weight=2188.537586286664 461.62441251799464 1654.450537469238 399.05614021979272 206.31298170611262 1402.7391942888498 229.14952999912202 100.03667312115431 381.86102842539549 183.44507863000035 5.9803883433341971 39.976501248776913 42.278288401663303 8.8106256425380689 56.574714202433825
leaf_count=9341 14484 18629 20135 4134 9314 7894 3143 7694 3623 117 792 849 174 1137
internal_value=-8.35241e-05 0.00283027 -0.0151849 -0.0011558 0.00569307 -0.0117248 -0.00955079 -0.00432033 -0.00293614 0.00110015 -0.00203089 0.00731569 0.0272814 0.00408499
internal_weight=7360.83 6170.97 1189.87 2579.69 3591.28 790.811 561.661 925.24 718.927 337.066 223.422 113.644 14.791 98.853
internal_count=101460 55804 45656 37149 18655 25521 17627 18520 14386 6692 4415 2277 291 1986
cat_boundaries=0 1
cat_threshold=396
is_linear=0
shrinkage=0.03


Tree=61
num_leaves=15
num_cat=2
split_feature=10 10 10 10 6 8 11 2 12 2 2 4 2 9
split_gain=343.007 73.9753 30.512 21.4791 9.65455 7.16685 12.4367 9.32909 7.88496 7.21937 11.5687 10.0373 6.90317 6.2168
threshold=6.5000000000000009 3.5000000000000004 9.5000000000000018 1.5000000000000002 2.0612500000000007 4.5000000000000009 0 40.500000000000007 1 14.500000000000002 17.500000000000004 2.5500000000000003 28.500000000000004 1.0000000180025095e-35
decision_type=8 10 8 10 10 2 9 10 1 8 8 8 8 10
left_child=1 3 4 -1 12 7 -7 8 9 11 -11 -5 -2 -9
right_child=2 -3 -4 5 -6 6 -8 13 -10 10 -12 -13 -14 -15
leaf_value=0.0068296619534512371 -0.0071275816382177564 -0.0028000485833722163 -0.021798314647465275 0.032197237939454941 -0.016749533502806405 -0.0031288586285663851 0.0030925019086673789 0.00097926077571548927 0.00022460053202410282 -0.01565346628723966 0.0058315873863423228 0.0078362598198452992 -0.014446328587854053 0.015326918301564933
leaf_weight=2192.0922965705395 389.35087552852929 1603.3853330947459 390.71909679658711 20.184785157442093 225.52018373273313 395.54739107191563 1002.1996270418167 36.48920176923275 387.12688945233822 23.154442831873894 349.8445346429944 57.753363721072674 167.34223582223058 107.19468956440687
leaf_count=9341 12309 27834 20135 150 7894 3159 7876 276 3051 178 2682 452 5318 805
internal_value=-8.23651e-05 0.00274318 -0.0149473 0.00468754 -0.0115017 0.00271208 0.00133069 0.00467546 0.00345599 0.0060839 0.00445958 0.0144733 -0.00934956 0.0117152
internal_weight=7347.9 6174.97 1172.93 4571.59 782.213 2379.49 1397.75 981.748 838.064 450.937 372.999 77.9381 556.693 143.684
internal_count=101460 55804 45656 27970 25521 18629 11035 7594 6513 3462 2860 602 17627 1081
cat_boundaries=0 1 2
cat_threshold=76 9
is_linear=0
shrinkage=0.03


Tree=62
num_leaves=15
num_cat=3
split_feature=10 10 10 10 6 0 2 11 2 7 2 11 12 5
split_gain=326.802 69.4933 30.1163 20.1848 9.42121 7.02008 7.99506 7.1591 8.28427 7.04994 6.76419 6.24612 7.14776 10.147
threshold=6.5000000000000009 3.5000000000000004 9.5000000000000018 1.5000000000000002 2.0612500000000007 5.5000000000000009 38.500000000000007 0 53.500000000000007 40.245000000000012 28.500000000000004 1 2 2.0500000000000003
decision_type=8 10 8 10 10 2 10 9 10 10 10 9 1 8
left_child=1 3 4 11 10 6 9 -7 -9 -5 -2 -1 -13 -14
right_child=2 -3 -4 5 -6 7 -8 8 -10 -11 -12 12 13 -15
leaf_value=0.011267209888222798 -0.0075850447408379179 -0.0027228283415922441 -0.02159931752455517 0.0037796343403935519 -0.016510150791885038 0.0030507863217164263 0.0085376625981817035 -0.0024914912459211166 -0.020407783306986185 -0.00071740575484731482 -0.016326443746084805 0.0034657267454859604 0.0048702291980588759 0.010397602276067886
leaf_weight=248.39070974290371 454.70557175204158 1599.4806777685881 382.62148170918226 1283.5846360102296 221.99460636638105 219.06521537899971 238.82277999818325 202.29266633838415 25.305979743599892 414.75677689164877 97.16119578666985 740.7542629390955 643.66513201594353 562.68200002610683
leaf_count=1042 14484 27834 20135 9922 7894 1740 1802 1629 203 3333 3143 3178 2774 2347
internal_value=-8.08308e-05 0.00265928 -0.0147102 0.00453934 -0.0112805 0.00262621 0.00340762 -0.00076278 -0.00437282 0.00268162 -0.00915079 0.00661445 0.00592716 0.00739363
internal_weight=7335.28 6178.8 1156.48 4579.32 773.861 2383.83 1937.16 446.664 227.599 1698.34 551.867 2195.49 1947.1 1206.35
internal_count=101460 55804 45656 27970 25521 18629 15057 3572 1832 13255 17627 9341 8299 5121
cat_boundaries=0 1 2 3
cat_threshold=177 128 4
is_linear=0
shrinkage=0.03


Tree=63
num_leaves=15
num_cat=1
split_feature=10 10 10 10 0 11 6 7 6 4 2 2 4 7
split_gain=311.348 65.5124 29.7068 14.1345 10.4076 9.28013 9.18782 7.90486 7.77849 7.52264 6.77896 6.57354 6.53581 6.51557
threshold=6.5000000000000009 2.5000000000000004 9.5000000000000018 4.5000000000000009 4.5000000000000009 0 2.0612500000000007 38.410000000000011 3.805000000000001 5.6333333333333337 84.500000000000014 28.500000000000004 1.2250000000000003 38.536666666666683
decision_type=8 8 8 10 2 9 10 8 8 10 8 10 8 10
left_child=1 4 6 -3 5 -1 11 9 10 -6 -7 -2 -10 -5
right_child=2 3 -4 13 7 8 -8 -9 12 -11 -12 -13 -14 -15
leaf_value=0.00043533247106416969 -0.0074110137059957299 0.00057655270165484255 -0.02139838913677863 -0.0087860506934407338 0.0092945857613882105 0.0053111202687082804 -0.016270760524851095 0.001162726789949954 0.01739309243566281 -0.0041447698262427231 0.011505256492428308 -0.01608670268403643 0.0084798136938857658 -0.0027060270015208279
leaf_weight=239.96107241511345 451.49460812099278 1655.7849258370697 374.75667517073452 203.63169437646866 226.90892498195171 1644.4480677098036 218.56993754394352 789.27470520138741 91.979547798633575 44.261931568384171 176.14678882062435 95.688299056142569 396.25432576239109 713.55419331043959
leaf_count=1229 14484 18629 20135 4134 1170 8483 7894 4283 407 236 890 3143 1957 14386
internal_value=-7.86896e-05 0.00257887 -0.0144738 -0.0010786 0.00518581 0.00622498 -0.0110615 0.00268463 0.00679496 0.00709377 0.0059164 -0.00895475 0.0101911 -0.004064
internal_weight=7322.72 6182.21 1140.51 2572.97 3609.24 2548.79 765.753 1060.45 2308.83 271.171 1820.59 547.183 488.234 917.186
internal_count=101460 55804 45656 37149 18655 12966 25521 5689 11737 1406 9373 17627 2364 18520
cat_boundaries=0 1
cat_threshold=16
is_linear=0
shrinkage=0.03


Tree=64
num_leaves=15
num_cat=2
split_feature=10 10 10 10 6 8 11 2 12 2 2 4 2 2
split_gain=296.548 61.774 29.2845 18.3159 8.95492 6.55096 11.4513 8.28025 7.35336 6.72625 10.8758 9.10133 6.43459 6.04775
threshold=6.5000000000000009 3.5000000000000004 9.5000000000000018 1.5000000000000002 2.0612500000000007 4.5000000000000009 0 40.500000000000007 1 14.500000000000002 17.500000000000004 2.5500000000000003 28.500000000000004 49.500000000000007
decision_type=8 10 8 10 10 2 9 10 1 8 8 8 8 10
left_child=1 3 4 -1 12 7 -7 8 9 11 -11 -5 -2 -9
right_child=2 -3 -4 5 -6 6 -8 13 -10 10 -12 -13 -14 -15
leaf_value=0.0062398741593511099 -0.0066071804122526945 -0.0025900452658475593 -0.02119556566578577 0.030372804489915608 -0.016031447146197524 -0.0031502012722134216 0.0028116991131671345 0.023103571623251929 5.8254424464783853e-05 -0.015456443376578834 0.0054377690921606162 0.007403610112759436 -0.013784243103186098 0.0077583964161398716
leaf_weight=2200.8211315125227 381.38605755195022 1592.6997752338648 367.11813465133309 20.693267293274403 215.24339306727052 395.69610270857811 1008.1523185446858 28.508435219526291 388.57489908486605 22.983265027403831 352.55955705046654 58.241821758449078 161.24894531071186 117.25949542969465
leaf_count=9341 12309 27834 20135 150 7894 3159 7876 214 3051 178 2682 452 5318 867
internal_value=-7.72044e-05 0.00249994 -0.0142382 0.00426497 -0.0108445 0.00244657 0.00112779 0.00431583 0.00316644 0.00569172 0.00412139 0.0137297 -0.00876134 0.0108965
internal_weight=7311.19 6186.19 1125 4593.49 757.878 2392.67 1403.85 988.821 843.053 454.478 375.543 78.9351 542.635 145.768
internal_count=101460 55804 45656 27970 25521 18629 11035 7594 6513 3462 2860 602 17627 1081
cat_boundaries=0 1 2
cat_threshold=76 9
is_linear=0
shrinkage=0.03


Tree=65
num_leaves=15
num_cat=2
split_feature=10 10 10 10 0 11 6 7 6 12 4 4 4 4
split_gain=282.412 58.0709 28.8507 12.8855 9.63195 8.73127 8.72306 7.36936 7.24166 7.16314 7.41574 7.02854 6.50768 9.48292
threshold=6.5000000000000009 2.5000000000000004 9.5000000000000018 4.5000000000000009 4.5000000000000009 0 2.0612500000000007 38.410000000000011 3.805000000000001 1 1.2250000000000003 5.6333333333333337 4.1000000000000005 3.2916666666666674
decision_type=8 10 8 10 2 9 10 8 8 1 8 10 10 10
left_child=1 4 6 -3 5 -1 -2 11 -7 -10 -11 12 13 -6
right_child=2 3 -4 -5 7 8 -8 -9 9 10 -12 -13 -14 -15
leaf_value=0.00027186472658973122 -0.0085704963259902994 0.00055025167835530246 -0.020990876795921275 -0.0038885360435653854 0.0094275766680449267 0.0055727845934248387 -0.015792299758803075 0.00099834314672646329 0.0042387611338364443 0.021692734362801266 0.010327349598911451 -0.0041524817410684995 0.019375547130919994 -0.0083690874095597358
leaf_weight=240.40561993420124 538.21695487387478 1656.7513969764113 359.69955902174115 911.74993496388197 154.14652867615223 1827.3437432050705 212.01226828247309 790.83578965067863 188.40653032064438 67.331063508987427 234.39534839987755 44.248452812433243 42.076554208993912 31.796871572732925
leaf_count=1229 17627 18629 20135 18520 763 9373 7894 4283 933 295 1136 236 232 175
internal_value=-7.56812e-05 0.00242375 -0.0140033 -0.0010263 0.00487061 0.00586813 -0.0106297 0.00246728 0.00641943 0.00968889 0.0125135 0.0067147 0.00883245 0.00635581
internal_weight=7299.42 6189.49 1109.93 2568.5 3620.99 2557.88 750.229 1063.1 2317.48 490.133 301.726 272.268 228.02 185.943
internal_count=101460 55804 45656 37149 18655 12966 25521 5689 11737 2364 1431 1406 1170 938
cat_boundaries=0 1 2
cat_threshold=16 6
is_linear=0
shrinkage=0.03


Tree=66
num_leaves=15
num_cat=2
split_feature=10 10 10 10 3 4 0 11 3 4 12 6 4 4
split_gain=268.903 54.9096 28.4075 16.59 8.7666 7.50226 7.05951 6.22928 6.85836 7.01749 6.55923 9.23552 10.0344 8.18294
threshold=6.5000000000000009 3.5000000000000004 9.5000000000000018 1.5000000000000002 5.5000000000000009 8.5500000000000025 3.5000000000000004 0 2.5000000000000004 5.2250000000000005 1 1.5550000000000004 2.1000000000000005 1.1000000000000003
decision_type=8 10 8 10 8 10 2 9 8 10 1 8 8 8
left_child=1 3 4 7 5 6 -2 8 9 -1 -9 12 -12 -13
right_child=2 -3 -4 -5 -6 -7 -8 10 -10 -11 11 13 -14 -15
leaf_value=0.010871520789847593 -0.014417349073381462 -0.0024628371016982933 -0.020784361253085814 0.0022803194223146683 -0.012403847058976798 0.022825088403863776 -0.0022180337667634257 0.0028850444974032759 0.0053241434757145172 0.025999190807853307 0.0089386731017141868 0.016867661415457612 0.0011627485213902447 0.0076698612013943119
leaf_weight=97.626464486122131 62.587774815037847 1586.253537170589 352.49480059556663 2400.8697935640812 541.48457155749202 7.3854647558182469 131.33196544088423 744.11305968463421 112.60280382633209 39.327073186635971 241.2841973900795 107.18261168897152 390.35193000733852 473.42032317817211
leaf_count=404 2144 27834 20135 18629 18915 252 4210 3178 477 161 1011 432 1691 1987
internal_value=-7.39066e-05 0.00235004 -0.0137692 0.00400743 -0.0104166 -0.00503638 -0.00620914 0.00588531 0.0104604 0.0153725 0.00521656 0.0066089 0.00414258 0.00939391
internal_weight=7288.32 6193.03 1095.28 4606.78 742.79 201.305 193.92 2205.91 249.556 136.954 1956.35 1212.24 631.636 580.603
internal_count=101460 55804 45656 27970 25521 6606 6354 9341 1042 565 8299 5121 2702 2419
cat_boundaries=0 1 2
cat_threshold=128 4
is_linear=0
shrinkage=0.03


Tree=67
num_leaves=15
num_cat=2
split_feature=10 10 10 10 6 2 0 2 11 12 4 5 7 7
split_gain=256 51.6133 27.9556 15.6204 8.53961 6.40605 6.13243 7.13027 6.69969 6.13366 13.6403 13.3193 6.33894 6.02278
threshold=6.5000000000000009 3.5000000000000004 9.5000000000000018 1.5000000000000002 2.0612500000000007 28.500000000000004 5.5000000000000009 202.50000000000003 0 1 4.5500000000000007 1.2250000000000003 39.090000000000011 40.845000000000013
decision_type=8 10 8 10 10 10 2 10 9 1 10 10 8 10
left_child=1 3 4 -1 5 -2 7 9 -8 10 13 12 -11 -5
right_child=2 -3 -4 6 -6 -7 8 -9 -10 11 -12 -13 -14 -15
leaf_value=0.0057042881689983085 -0.006619661644795701 -0.0023942107559934136 -0.020576059595379215 0.0078294145474563041 -0.015382657538621029 -0.015359083791424212 -0.0055526578523526675 0.021041362871456436 0.0018577843794415549 0.0026788482764788504 -0.00061775625430449815 0.0061469941153604688 -0.0036467468961155717 -0.0012790801209237351
leaf_weight=2208.1588099300861 437.4175042361021 1582.8505563214421 345.49785169027746 601.95361824333668 206.68167832866311 91.458525074645877 164.82020319253206 18.400407046079636 283.78960405290127 215.04880055040121 326.99315809458494 301.83878130465746 418.76266130059958 72.984797082841396
leaf_count=9341 14484 27834 20135 4496 7894 3143 1332 129 2240 1634 2573 2386 3276 563
internal_value=-7.20346e-05 0.00227903 -0.0135358 0.00388281 -0.0102055 -0.0081571 0.00220846 0.00293374 -0.000953302 0.00275101 0.00436705 0.0009608 -0.00149967 0.00684403
internal_weight=7276.66 6195.6 1081.06 4612.75 735.558 528.876 2404.59 1955.98 448.61 1937.58 1001.93 935.65 633.811 674.938
internal_count=101460 55804 45656 27970 25521 17627 18629 15057 3572 14928 7632 7296 4910 5059
cat_boundaries=0 1 2
cat_threshold=268 9
is_linear=0
shrinkage=0.03


Tree=68
num_leaves=15
num_cat=2
split_feature=10 10 10 10 0 3 11 4 0 7 5 4 11 5
split_gain=243.675 48.6562 27.4894 11.3379 8.81167 8.54643 8.15405 7.08993 6.8285 6.82422 6.8623 8.85881 6.75779 7.62199
threshold=6.5000000000000009 2.5000000000000004 9.5000000000000018 4.5000000000000009 4.5000000000000009 5.5000000000000009 0 8.5500000000000025 3.5000000000000004 38.410000000000011 1.0500000000000003 5.7083333333333348 1 0.25000000000000006
decision_type=8 10 8 10 2 8 9 10 2 8 10 10 9 8
left_child=1 4 5 -3 6 7 -1 8 -2 10 11 -6 13 -7
right_child=2 3 -4 -5 9 12 -8 -9 -10 -11 -12 -13 -14 -15
leaf_value=1.3884755418964325e-05 -0.014002742910277666 0.00051778713116870634 -0.020366016959762267 -0.0036559663352538378 0.0061121362626233239 -0.019696062145126286 0.005922922793836433 0.022273429850898543 -0.00189121864370309 0.00073341855031504972 0.015129608525155561 -0.01141584949855016 -0.015819468331612921 -0.0059002716522253704
leaf_weight=241.03234516084194 61.115187609568238 1657.8460751995444 338.70290742069483 904.6379334256053 184.58815044164658 41.841307424008846 2328.2369579821825 7.470660423859953 129.89835773780942 793.16592362523079 59.749617844820023 29.228763207793236 248.07753076031804 240.15508412383497
leaf_count=1229 2144 18629 20135 18520 931 1473 11737 252 4210 4283 321 154 8848 8594
internal_value=-7.08468e-05 0.00220944 -0.0133041 -0.000956531 0.00444032 -0.00999759 0.00539189 -0.00465535 -0.00581907 0.00214551 0.00622207 0.00367407 -0.0119854 -0.00773622
internal_weight=7265.75 6198.49 1067.26 2562.48 3636 728.558 2569.27 198.484 191.014 1066.73 273.567 213.817 530.074 281.996
internal_count=101460 55804 45656 37149 18655 25521 12966 6606 6354 5689 1406 1085 18915 10067
cat_boundaries=0 1 2
cat_threshold=16 89
is_linear=0
shrinkage=0.03


Tree=69
num_leaves=15
num_cat=1
split_feature=10 10 10 10 6 3 2 1 5 5 7 8 11 2
split_gain=232.029 45.8667 27.2553 14.2393 10.3604 7.84075 6.67599 6.14104 6.87678 7.8927 7.17729 5.9652 10.5574 7.51764
threshold=6.5000000000000009 3.5000000000000004 10.500000000000002 1.5000000000000002 2.0612500000000007 5.5000000000000009 28.500000000000004 55.250000000000007 1.5500000000000003 0.95000000000000007 40.663333333333348 4.5000000000000009 0 40.500000000000007
decision_type=8 10 8 10 10 8 10 10 8 10 8 2 9 10
left_child=1 3 4 -1 5 -2 7 -7 9 -9 -11 13 -13 -5
right_child=2 -3 -4 11 -6 6 -8 8 -10 10 -12 12 -14 -15
leaf_value=0.0053861689575575699 -0.0028946818257704595 -0.0022751543927510085 -0.022593580720947297 0.0027342107568445908 -0.015774178565682112 -0.012172773242072221 -0.01929502080022473 -0.0059161021109640343 -0.011448250225040245 0.0060353578127637468 0.042159178354727815 -0.0032987899128250698 0.0024086181940613707 0.010047181678904846
leaf_weight=2212.7567753642797 166.79809195920825 1576.8836525715888 215.2803761260584 850.52447852492332 247.14182055555284 212.25104308500886 66.588935924693942 49.48343575745821 63.861029867082834 27.4456183668226 5.1740584075450888 397.07648220658302 1016.716964609921 147.96726091206074
leaf_count=9341 5715 27834 13318 6513 10545 8000 2607 1855 2409 1008 199 3159 7876 1081
internal_value=-6.99772e-05 0.0021422 -0.0130762 0.00364844 -0.0106094 -0.00842884 -0.0105899 -0.00892249 -0.00414549 0.00160412 0.0128488 0.00205287 0.000798151 0.00382689
internal_weight=7255.95 6201.93 1054.02 4625.04 838.744 591.602 424.804 358.215 145.964 82.1031 32.6197 2412.29 1413.79 998.492
internal_count=101460 55804 45656 27970 32338 21793 16078 13471 5471 3062 1207 18629 11035 7594
cat_boundaries=0 1
cat_threshold=76
is_linear=0
shrinkage=0.03


Tree=70
num_leaves=15
num_cat=2
split_feature=10 10 10 10 6 0 12 6 11 7 3 7 5 2
split_gain=220.791 43.1581 26.8559 10.3408 10.0861 8.16191 7.77187 13.4738 12.9926 7.69932 7.53526 6.55305 7.23394 6.52922
threshold=6.5000000000000009 2.5000000000000004 10.500000000000002 4.5000000000000009 2.0612500000000007 4.5000000000000009 0 3.0050000000000008 1 36.955000000000005 5.5000000000000009 40.622500000000009 1.7250000000000003 28.500000000000004
decision_type=8 10 8 10 10 2 1 8 9 8 8 8 8 10
left_child=1 5 4 -3 10 6 7 11 -8 -10 -2 -1 -13 -12
right_child=2 3 -4 -5 -6 -7 8 -9 9 -11 13 12 -14 -15
leaf_value=0.0058072773097415766 -0.0028160626427123766 0.00049528711169207179 -0.022408467628307466 -0.0034972189701701515 -0.015536642250988695 0.0019659846650449974 0.0075838171037189003 0.011479967818665556 0.016811814263178571 0.00032715206731883653 -0.0087286052934297219 0.003430900262641476 -0.011087868419227712 -0.019069577905564038
leaf_weight=895.12920437753201 166.34604894183576 1658.6724085249007 210.62590769119561 899.84241831675172 243.46413445845246 1068.9057727009058 388.4007576406002 378.19947192072868 25.400853365659714 748.54871448874474 355.19816831685603 97.433241710066795 44.020931392908096 65.385019361972809
leaf_count=4498 5715 18629 13318 18520 10545 5689 1965 1796 124 3835 13471 516 232 2607
internal_value=-6.86997e-05 0.00207698 -0.0128469 -0.000909715 -0.0103976 0.0041725 0.00508656 0.00658992 0.00316874 0.000877843 -0.00824301 0.00485995 -0.0011335 -0.0103777
internal_weight=7245.57 6204.55 1041.02 2558.51 830.393 3646.04 2577.13 1414.78 1162.35 773.95 586.929 1036.58 141.454 420.583
internal_count=101460 55804 45656 37149 32338 18655 12966 7042 5924 3959 21793 5246 748 16078
cat_boundaries=0 1 2
cat_threshold=9 416
is_linear=0
shrinkage=0.03


Tree=71
num_leaves=15
num_cat=2
split_feature=10 10 10 10 6 2 11 2 5 7 2 8 11 2
split_gain=210.088 40.7736 26.4451 12.9299 9.81162 7.36308 5.99897 6.67773 6.36158 6.20306 5.92072 5.54368 9.83498 7.01297
threshold=6.5000000000000009 3.5000000000000004 10.500000000000002 1.5000000000000002 2.0612500000000007 19.500000000000004 0 41.500000000000007 -0.6499999999999998 39.122500000000009 118.50000000000001 4.5000000000000009 1 40.500000000000007
decision_type=8 10 8 10 10 8 9 10 8 10 10 2 9 10
left_child=1 3 4 6 5 -2 7 8 -1 -8 -11 13 -13 -5
right_child=2 -3 -4 11 -6 -7 9 -9 -10 10 -12 12 -14 -15
leaf_value=0.0222060460315271 -0.0043693197082866732 -0.0021613783011678574 -0.022221231386931699 0.0025621660479779812 -0.015299385299881186 -0.011160402192130671 0.0059770219221313486 -0.0048100661308595671 0.0090626423385869095 0.0020070735682090361 0.013196316542958752 -0.0032549638259842142 0.0022528543956358634 0.0095994164936538187
leaf_weight=40.423849299550056 266.94919577986002 1571.2195665575564 206.10567111894488 853.52702923864126 239.89253437146544 315.45937889814377 1090.0836229920387 24.543570637702942 185.79503917694092 832.07251174747944 43.912020862102509 396.60068368911743 1020.0371133983135 149.15503156930208
leaf_count=163 9847 27834 13318 6513 10545 11946 4544 103 776 3568 187 3159 7876 1081
internal_value=-6.70876e-05 0.00201417 -0.0126191 0.00342945 -0.0101883 -0.00806051 0.00508424 0.00951187 0.0114987 0.00444403 0.00258238 0.00191169 0.000702613 0.00361752
internal_weight=7235.78 6207.37 1028.41 4636.15 822.301 582.409 2216.83 250.762 226.219 1966.07 875.985 2419.32 1416.64 1002.68
internal_count=101460 55804 45656 27970 32338 21793 9341 1042 939 8299 3755 18629 11035 7594
cat_boundaries=0 1 2
cat_threshold=128 76
is_linear=0
shrinkage=0.03


Tree=72
num_leaves=15
num_cat=3
split_feature=10 10 10 10 3 4 10 0 12 11 5 2 0 12
split_gain=199.855 38.3295 26.0273 12.1677 9.75574 7.31936 7.04461 6.71058 6.11484 5.64137 6.39637 6.81838 7.47387 5.96009
threshold=6.5000000000000009 3.5000000000000004 10.500000000000002 1.5000000000000002 5.5000000000000009 8.5500000000000025 7.5000000000000009 3.5000000000000004 0 1 0.25000000000000006 7.5000000000000009 3.5000000000000004 2
decision_type=8 10 8 10 8 10 10 2 1 9 8 8 2 1
left_child=1 3 4 9 5 7 -6 -2 -8 10 -1 12 -12 -11
right_child=2 -3 -4 -5 6 -7 8 -9 -10 13 11 -13 -14 -15
leaf_value=0.014882009311382486 -0.013452697341236237 -0.0021005967649850056 -0.022031883751220338 0.0018518795893025647 -0.0070964495822619759 0.022015481625040724 -0.018082372648070898 -0.0017772367674988134 -0.0087392543214657881 0.0021190275045691086 0.010232368434939243 0.01226365960674591 -0.0088664877998184382 0.0056194054701641238
leaf_weight=112.39092536270618 64.552854249253869 1568.257434707135 201.71591788064688 2422.3930867016315 190.99208420328796 8.083689993247388 208.03868565149605 137.85170006752014 204.91417202726007 748.40302610397339 30.381062224507332 64.555772379040718 43.734784483909607 1219.3534604460001
leaf_count=459 2480 27834 13318 18629 6099 290 9451 4824 9194 3178 125 271 187 5121
internal_value=-6.56725e-05 0.00195322 -0.0123925 0.00332315 -0.00998093 -0.00439104 -0.0119187 -0.00554872 -0.0141264 0.00492786 0.00921879 0.0052152 -0.00100562 0.00430728
internal_weight=7225.62 6209.47 1016.15 4641.21 814.433 210.488 603.945 202.405 412.953 2218.82 251.063 138.672 74.1158 1967.76
internal_count=101460 55804 45656 27970 32338 7594 24744 7304 18645 9341 1042 583 312 8299
cat_boundaries=0 1 2 3
cat_threshold=4 128 4
is_linear=0
shrinkage=0.03


Tree=73
num_leaves=15
num_cat=2
split_feature=10 10 10 10 6 2 5 6 11 4 12 7 7 2
split_gain=190.277 36.2369 25.5934 9.1085 7.67557 9.0353 7.59653 7.87827 8.568 10.9079 8.61601 7.69592 9.06534 6.37313
threshold=6.5000000000000009 2.5000000000000004 9.5000000000000018 4.5000000000000009 1.8550000000000002 28.500000000000004 -1.2499999999999998 1.6950000000000005 0 1.1000000000000003 1 38.990000000000016 38.945000000000014 98.500000000000014
decision_type=8 10 8 10 10 10 8 8 9 8 1 8 10 10
left_child=1 6 4 -3 5 -2 -1 11 -9 10 -10 12 -8 -6
right_child=2 3 -4 -5 13 -7 7 8 9 -11 -12 -13 -14 -15
leaf_value=0.015592619893697745 -0.0046684069000236207 0.00046686459016415197 -0.01935165486840161 -0.0032882851325602997 -0.014223008250347167 -0.01590770508894777 0.0039617089157035637 0.0099368413452828042 0.015111556215270073 0.0029287831529066382 -0.00016783990448840174 0.00087199672822697481 0.020667308111132234 0.010330896841933604
leaf_weight=47.672204703092575 374.71396135538816 1659.6316041238606 309.14161794818938 893.60255312919617 234.21697413176298 77.187929352745414 912.86472822725773 291.42543955147266 115.60530798137188 1018.5922537446022 54.408222615718842 1188.4773142933846 29.27855971455574 9.2303728275001031
leaf_count=208 12938 18629 20135 18520 9382 2830 4611 1490 507 5175 251 6260 153 371
internal_value=-6.50985e-05 0.00189447 -0.0121725 -0.000848167 -0.00895755 -0.00661904 0.00380834 0.00364847 0.00532976 0.004075 0.0111232 0.00247861 0.00450222 -0.0132536
internal_weight=7216.05 6211.56 1004.49 2553.23 695.349 451.902 3658.32 3610.65 1480.03 1188.61 170.014 2130.62 942.143 243.447
internal_count=101460 55804 45656 37149 25521 15768 18655 18447 7423 5933 758 11024 4764 9753
cat_boundaries=0 1 2
cat_threshold=289 8
is_linear=0
shrinkage=0.03


Tree=74
num_leaves=15
num_cat=1
split_feature=10 10 10 10 1 5 5 4 7 11 4 10 2 7
split_gain=181.749 47.3304 16.1264 11.0572 9.21069 8.52332 9.45605 7.38432 10.5589 7.09297 6.7679 6.07605 5.66472 7.7815
threshold=7.5000000000000009 3.5000000000000004 11.500000000000002 1.5000000000000002 55.250000000000007 1.5500000000000003 0.45000000000000007 6.291666666666667 38.922500000000007 0 9.4500000000000011 5.5000000000000009 14.500000000000002 39.410000000000011
decision_type=8 10 8 10 10 10 8 8 8 9 10 10 10 8
left_child=1 3 4 -1 7 6 -6 -2 -9 12 -11 -3 13 -8
right_child=2 11 -4 -5 5 -7 9 8 -10 10 -12 -13 -14 -15
leaf_value=0.0046555161846675106 -0.0087699488145346824 -0.0012265967359177338 -0.025021601012315167 0.0017262807693575923 -0.015250696448955036 -0.014295503187242842 0.06737531734323092 -0.0037809696848110841 -0.020802519885281888 0.00082192196238480106 -0.023418637990502349 -0.0047899083550269868 0.0021684448439070352 0.015391767060554987
leaf_weight=2222.1523440778255 108.26633030269295 1160.8435323983431 109.9626406095922 2428.7433454617858 37.811677211895585 101.61928240489215 2.9812130648642787 39.15909296926111 218.2816131580621 59.864372347481549 11.521414984948931 684.66210849024355 10.88221814483404 10.07149107940495
leaf_count=9341 4835 18619 7845 18629 1731 4987 128 1883 10977 2708 581 18233 508 455
internal_value=-6.25572e-05 0.00151368 -0.0144582 0.00312654 -0.0124853 -0.00779505 -0.00276371 -0.0154666 -0.018238 0.00229652 -0.00295207 -0.00255042 0.0132936 0.0312143
internal_weight=7206.82 6496.4 710.421 4650.9 600.459 234.752 133.132 365.707 257.441 95.3207 71.3858 1845.51 23.9349 13.0527
internal_count=101460 64822 36638 27970 28793 11098 6111 17695 12860 4380 3289 36852 1091 583
cat_boundaries=0 1
cat_threshold=9
is_linear=0
shrinkage=0.03


Tree=75
num_leaves=15
num_cat=2
split_feature=10 10 10 10 1 5 5 4 7 11 4 10 11 4
split_gain=173.291 44.5177 15.9879 10.3988 8.98207 8.22944 9.06065 7.24459 10.358 6.67243 6.55031 5.76409 5.64905 7.05051
threshold=7.5000000000000009 3.5000000000000004 11.500000000000002 1.5000000000000002 55.250000000000007 1.5500000000000003 0.45000000000000007 6.291666666666667 38.922500000000007 0 9.4500000000000011 5.5000000000000009 1 11.366666666666669
decision_type=8 10 8 10 10 10 8 8 8 9 10 10 9 10
left_child=1 3 4 -1 7 6 -6 -2 -9 -8 -11 12 13 -3
right_child=2 11 -4 -5 5 -7 9 8 -10 10 -12 -13 -14 -15
leaf_value=0.0045117643167502724 -0.0085810367288646008 -0.0033861678055987624 -0.024879030559862434 0.0016725366470489284 -0.015019308855748528 -0.01406281813681066 0.012826120944853286 -0.0036835118959027175 -0.020591761059341317 0.0007970457789395869 -0.023253854631219394 -0.0046672173508949888 0.0012400435896612392 0.021981775967320052
leaf_weight=2224.1656429171562 107.3661595704034 657.08678721264005 107.32074596453458 2431.571553863585 37.266112731769681 100.2392984284088 24.302595568820834 39.017937674187124 213.97596375830472 59.911240407265723 11.265926713123916 681.65322913229465 493.50583851337433 9.0248367451131326
leaf_count=9341 4835 10684 7845 18629 1731 4987 1091 1883 10977 2708 581 18233 7783 152
internal_value=-6.13721e-05 0.00146806 -0.0142251 0.00302959 -0.0122595 -0.00761726 -0.00268133 -0.0152314 -0.0180089 0.00224 -0.00288013 -0.00247983 -0.00119111 -0.00296558
internal_weight=7197.67 6497.01 700.666 4655.74 593.345 232.985 132.746 360.36 252.994 95.4798 71.1772 1841.27 1159.62 666.112
internal_count=101460 64822 36638 27970 28793 11098 6111 17695 12860 4380 3289 36852 18619 10836
cat_boundaries=0 1 2
cat_threshold=9 141
is_linear=0
shrinkage=0.03


Tree=76
num_leaves=15
num_cat=2
split_feature=10 10 10 10 1 5 5 4 7 11 4 10 11 2
split_gain=165.156 41.8658 15.8463 9.78006 8.76743 7.95928 8.69988 7.10326 10.156 6.33263 6.33898 5.46923 5.43777 6.33873
threshold=7.5000000000000009 3.5000000000000004 11.500000000000002 1.5000000000000002 55.250000000000007 1.5500000000000003 0.45000000000000007 6.291666666666667 38.922500000000007 0 9.4500000000000011 5.5000000000000009 1 41.500000000000007
decision_type=8 10 8 10 10 10 8 8 8 9 10 10 9 10
left_child=1 3 4 12 7 6 -6 -2 -9 -8 -11 -3 13 -1
right_child=2 11 -4 -5 5 -7 9 8 -10 10 -12 -13 -14 -15
leaf_value=0.010452670236396885 -0.0083947186964374119 -0.0011558969029706887 -0.02473428182627832 0.0016205266513367531 -0.014788446522236652 -0.013830974948052804 0.012454364135555864 -0.0035882459496199403 -0.020379359143022024 0.0007729411044256904 -0.023087619081035422 -0.0045471573151353428 0.0037736116389635141 -0.0053877968100697832
leaf_weight=227.12486310303211 106.49225698690861 1158.3977395892143 104.75505525246263 2434.3130160197616 36.736140558496118 98.899230636656284 24.600921340286732 38.880886415019631 209.79393222369254 59.956723588518798 11.017597678117452 678.73299644887447 1974.3322633504868 24.639850109815598
leaf_count=939 4835 18619 7845 18629 1731 4987 1091 1883 10977 2708 581 18233 8299 103
internal_value=-5.98178e-05 0.00142397 -0.0139913 0.00293575 -0.0120332 -0.007436 -0.00258803 -0.0149967 -0.0177789 0.002206 -0.00280993 -0.0024106 0.00437262 0.00854899
internal_weight=7188.67 6497.54 691.133 4660.41 586.378 231.211 132.311 355.167 248.675 95.5752 70.9743 1837.13 2226.1 251.765
internal_count=101460 64822 36638 27970 28793 11098 6111 17695 12860 4380 3289 36852 9341 1042
cat_boundaries=0 1 2
cat_threshold=9 128
is_linear=0
shrinkage=0.03


Tree=77
num_leaves=15
num_cat=3
split_feature=10 10 10 12 4 11 12 6 10 5 6 4 6 7
split_gain=157.376 39.3842 15.6969 9.52133 15.112 9.85804 8.55937 8.0952 7.93229 8.31442 8.71066 7.83134 8.93528 7.73113
threshold=7.5000000000000009 3.5000000000000004 11.500000000000002 0 2.1000000000000005 1 2 2.6275000000000004 1.5000000000000002 1.2250000000000003 1.2950000000000004 9.9000000000000021 2.5450000000000008 38.010000000000012
decision_type=8 10 8 1 10 9 1 10 10 8 10 10 10 8
left_child=1 3 6 5 13 8 7 11 -1 -10 -11 12 -2 -5
right_child=2 -3 -4 4 -6 -7 -8 -9 9 10 -12 -13 -14 -15
leaf_value=0.0079282469721321421 -0.0035734435470663297 -0.0023435748211778906 -0.024587332747007723 0.013228418701922441 0.0022445828843537627 -0.00034386532742567528 -0.01538893778009269 -0.018341843830884764 -0.0025046482358468871 -0.002875896358832568 0.013008360463979648 -0.018928956200995758 0.040540471907776751 0.0057714649497780102
leaf_weight=289.65865737199783 194.66210891678929 1833.143145961687 102.26342044305056 145.37074296176434 1716.0153201669455 1269.1709784716368 303.85877578426152 48.028778552077711 210.82768798619509 49.137267924845219 82.086787432432175 29.839082368649542 3.225291905924677 902.56826373189688
leaf_count=1206 9067 36852 7845 715 10721 7843 15345 2620 1609 379 642 1588 173 4855
internal_value=-5.82454e-05 0.00138129 -0.0137583 0.00284524 0.00396588 0.00118746 -0.0118086 -0.00701268 0.00421729 0.00118373 0.00708368 -0.00486014 -0.00265423 0.00681752
internal_weight=7179.86 6497.98 681.877 4664.84 2763.95 1900.88 579.614 275.755 631.71 342.052 131.224 227.726 197.887 1047.94
internal_count=101460 64822 36638 27970 16291 11679 28793 13448 3836 2630 1021 10828 9240 5570
cat_boundaries=0 1 2 3
cat_threshold=4 416 10
is_linear=0
shrinkage=0.03


Tree=78
num_leaves=15
num_cat=3
split_feature=10 10 10 12 4 11 12 6 3 4 6 10 5 6
split_gain=150.08 37.0444 15.5239 8.92935 14.1705 9.26584 8.37481 7.85821 7.84504 7.57781 8.30245 7.45132 7.79551 8.10728
threshold=7.5000000000000009 3.5000000000000004 11.500000000000002 0 2.1000000000000005 1 2 2.6275000000000004 4.5000000000000009 9.9000000000000021 2.5450000000000008 1.5000000000000002 1.2250000000000003 1.2950000000000004
decision_type=8 10 8 1 10 9 1 10 8 10 10 10 8 10
left_child=1 3 6 5 -5 11 7 9 -8 10 -2 -1 -13 -14
right_child=2 -3 -4 4 -6 -7 8 -9 -10 -11 -12 12 13 -15
leaf_value=0.0076807594948971152 -0.0034787425015262454 -0.0022780885872101973 -0.024438167829648083 0.0065992260122666613 0.0021748746982683306 -0.0003336927529341533 -0.0027738668278809459 -0.018117858114745443 -0.017500987241748752 -0.018710384959278497 0.038429855792061755 -0.002434000939711225 -0.0027967376200380509 0.012511678617212635
leaf_weight=290.04836739599705 193.99994654767215 1829.3510472308844 99.843751955777407 1050.1771447211504 1717.8889211341739 1268.9635663703084 37.633289002813399 47.189018102362752 261.78088870923966 29.301884617656469 3.3532648636028162 210.47309799492359 49.04198395460844 82.813432820141315
leaf_count=1206 9067 36852 7845 5570 10721 7843 1666 2620 13679 1588 173 1609 379 642
internal_value=-5.76729e-05 0.00133973 -0.0135315 0.00275729 0.00384133 0.00115164 -0.0115927 -0.00684971 -0.0151607 -0.00473532 -0.00257651 0.00408693 0.00114749 0.00683971
internal_weight=7171.86 6498.76 673.102 4669.41 2768.07 1901.34 573.258 273.844 299.414 226.655 197.353 632.377 342.329 131.855
internal_count=101460 64822 36638 27970 16291 11679 28793 13448 15345 10828 9240 3836 2630 1021
cat_boundaries=0 1 2 3
cat_threshold=4 416 10
is_linear=0
shrinkage=0.03


Tree=79
num_leaves=15
num_cat=2
split_feature=10 10 10 10 3 12 6 6 5 2 5 11 6 5
split_gain=143.002 34.8428 15.3548 8.58148 8.19959 7.4114 6.35152 15.2601 6.58864 5.86768 7.98317 7.26516 10.1121 5.84707
threshold=7.5000000000000009 3.5000000000000004 11.500000000000002 1.5000000000000002 5.5000000000000009 0 1.1225000000000003 1.0450000000000004 1.0500000000000003 23.500000000000004 1.4500000000000002 1 1.3183333333333336 0.77500000000000013
decision_type=8 10 8 10 8 1 10 10 10 10 10 9 8 10
left_child=1 3 4 -1 6 9 7 8 -2 10 11 12 -6 -14
right_child=2 -3 -4 -5 5 -7 -8 -9 -10 -11 -12 -13 13 -15
leaf_value=0.0040173030232759626 -0.0090169011814595426 -0.002214303367923008 -0.024286767550019919 0.0014430428098403253 -0.0062485924706997022 -0.01706672278825359 -0.009413901885985362 0.051975674791637339 0.018954848429469939 -0.017063402138218307 -0.011899110553931901 -0.0054148618271730575 0.015732866684692946 0.05427385184228297
leaf_weight=2230.2873577773571 27.988184059970081 1825.6713909413666 97.494011353701353 2443.6187376081944 12.511117539368568 235.32487728446722 75.057876033708453 4.4465430099517098 9.2685655038803798 49.90565477963537 82.349063158966601 52.205237616784871 13.23393517080695 4.6562781771644941
leaf_count=9341 1199 36852 7845 18629 578 12644 3444 187 392 2606 4362 2515 646 220
internal_value=-5.65558e-05 0.00129937 -0.0133022 0.00267202 -0.0113739 -0.0132099 -0.00424298 0.0050662 -0.00174465 -0.00777534 -0.00534796 0.00124698 0.0107848 0.028106
internal_weight=7164.02 6499.58 664.441 4673.91 566.947 450.186 116.761 41.7033 37.2567 214.861 164.956 82.6066 30.4013 17.8902
internal_count=101460 64822 36638 27970 28793 23571 5222 1778 1591 10927 8321 3959 1444 866
cat_boundaries=0 1 2
cat_threshold=10 25
is_linear=0
shrinkage=0.03


Tree=80
num_leaves=15
num_cat=2
split_feature=10 10 10 10 12 11 6 3 4 4 6 2 0 2
split_gain=136.339 33.1344 15.1669 11.4238 8.02013 7.73655 7.59214 7.50083 7.50024 7.35886 7.78001 6.5436 7.74481 9.51341
threshold=7.5000000000000009 4.5000000000000009 11.500000000000002 1.5000000000000002 0 1 2.6275000000000004 4.5000000000000009 2.7750000000000004 9.9000000000000021 2.5450000000000008 37.500000000000007 5.5000000000000009 52.500000000000007
decision_type=8 10 8 10 1 9 10 8 10 10 10 8 2 8
left_child=1 3 4 -1 6 -3 9 -6 -7 10 -2 -5 -13 -14
right_child=2 5 -4 11 7 8 -8 -9 -10 -11 -12 12 13 -15
leaf_value=0.0038939014410224039 -0.0032164978310386862 -0.0069972254834725417 -0.024133121129408235 0.00026660113738866516 -0.0025841165464278843 -0.0083503422299617616 -0.017758087498638796 -0.017052500952061535 -0.00040783724122385245 -0.018400438454997853 0.036923053334597236 0.004761339633777892 0.015170716598495417 -0.0062010257993352132
leaf_weight=2231.9443212449551 192.18446545023471 350.52053867280483 95.212218649685383 2304.796751447022 37.379307689145207 126.03517579846084 45.89554541837424 253.48645173385739 679.39152401126921 28.568734328262508 3.4493890376761547 665.14015589281917 21.173914313316345 121.03138534724712
leaf_count=9341 9067 8416 7845 21018 1666 2882 2620 13679 16240 1588 173 5639 192 1094
internal_value=-5.61089e-05 0.00126027 -0.0130782 0.00225646 -0.0111622 -0.00334321 -0.00652422 -0.0147046 -0.00163919 -0.00444564 -0.00232459 0.00108126 0.00340374 -0.00293513
internal_weight=7156.21 6500.03 656.176 5344.09 560.964 1155.95 270.098 290.866 805.427 224.203 195.634 3112.14 807.345 142.205
internal_count=101460 64822 36638 37284 28793 27538 13448 15345 19122 10828 9240 27943 6925 1286
cat_boundaries=0 1 2
cat_threshold=10 132
is_linear=0
shrinkage=0.03


Tree=81
num_leaves=15
num_cat=2
split_feature=10 10 10 10 3 11 8 12 7 0 2 6 6 5
split_gain=129.857 31.2257 14.9847 10.7411 7.81837 7.37585 7.25979 7.13616 6.40025 7.37468 8.23917 9.24811 9.43852 11.7157
threshold=7.5000000000000009 4.5000000000000009 11.500000000000002 1.5000000000000002 5.5000000000000009 0 3.5000000000000004 1 40.763333333333343 5.5000000000000009 28.500000000000004 2.1612500000000003 2.5225000000000009 2.6500000000000008
decision_type=8 10 8 10 8 9 2 1 10 2 10 10 10 8
left_child=1 3 4 -1 -2 -3 -7 -6 9 10 -5 -12 13 -13
right_child=2 5 -4 8 7 6 -8 -9 -10 -11 11 12 -14 -15
leaf_value=0.0037744055546493319 -0.0039593708055619299 -0.0068363676234328855 -0.02397721996029974 0.0013944993946061164 -0.007445395818928115 -0.0066741675065724705 -9.4768957255432932e-06 -0.016616590339596025 -0.002255990034936285 -0.0016213485993791001 0.0037491627944209352 0.039791147991911864 0.0066997383612147814 0.0045217392194491727
leaf_weight=2233.5354219973087 115.54510357603431 348.29814038425684 92.996437693946064 1680.7290238291025 211.72837340738624 192.68804295733571 611.53828688897192 227.73665367439389 450.39326906576753 513.2766570597887 375.23528228700161 21.338991761207581 59.371181011199951 14.117102332413195
leaf_count=9341 5222 8416 7845 14930 10927 4563 14559 12644 4247 4749 3202 183 511 121
internal_value=-5.53846e-05 0.00122195 -0.0128512 0.0021872 -0.0109472 -0.00325507 -0.00159282 -0.0127713 0.00104809 0.00160733 0.00237823 0.00588518 0.0142102 0.0262576
internal_weight=7148.53 6500.52 648.007 5348 555.01 1152.52 804.226 439.465 3114.46 2664.07 2150.79 470.063 94.8273 35.4561
internal_count=101460 64822 36638 37284 28793 27538 19122 23571 27943 23696 18947 4017 815 304
cat_boundaries=0 1 2
cat_threshold=132 10
is_linear=0
shrinkage=0.03


Tree=82
num_leaves=15
num_cat=2
split_feature=10 10 10 12 4 4 11 4 6 1 1 7 6 8
split_gain=123.82 29.4425 14.778 8.35243 12.8466 9.03088 8.67939 12.1287 7.74763 7.52062 7.3953 7.3418 8.3016 10.5814
threshold=7.5000000000000009 3.5000000000000004 11.500000000000002 0 2.1000000000000005 7.4500000000000011 1 9.4500000000000011 2.1612500000000003 55.250000000000007 54.250000000000007 38.110000000000014 1.0050000000000006 4.5000000000000009
decision_type=8 10 8 1 10 10 9 10 10 10 8 8 10 2
left_child=1 3 8 5 10 -1 -7 -8 9 -2 -5 -12 -13 -14
right_child=2 -3 -4 4 -6 6 7 -9 -10 -11 11 12 13 -15
leaf_value=0.00017624768402183991 -0.011957133125141833 -0.0020565596951173694 -0.023819052471665585 0.015625388364710141 0.0019026516977982998 0.00017595750332553633 0.021890759593235012 0.00055235902862098513 -0.016243014983231777 -0.0034660936979613735 0.011463587596337591 0.0059717834247843297 0.004410543071523494 -0.0098682614531856675
leaf_weight=1699.2292604446411 223.7122539235279 1816.3764329683036 90.844805398955941 67.969192519783974 1723.575054243207 106.6545400172472 61.69365543872118 38.902571111917496 162.60508359782398 163.14286171086133 152.95486855506897 638.23766579478979 120.39071092009544 74.938636846840382
leaf_count=10385 11468 36852 7845 377 10721 687 382 225 9552 7773 748 3380 652 413
internal_value=-5.55086e-05 0.00118496 -0.012632 0.00244198 0.00348762 0.000894307 0.00679543 0.0124955 -0.0107424 -0.0083945 0.00610706 0.00543611 0.00431769 -0.00108992
internal_weight=7141.23 6500.92 640.305 4684.55 2778.07 1906.48 207.251 100.596 549.46 386.855 1054.49 986.522 833.567 195.329
internal_count=101460 64822 36638 27970 16291 11679 1294 607 28793 19241 5570 5193 4445 1065
cat_boundaries=0 1 2
cat_threshold=4 325
is_linear=0
shrinkage=0.03


Tree=83
num_leaves=15
num_cat=1
split_feature=10 10 10 10 3 11 4 6 7 0 2 6 6 5
split_gain=117.901 28.1419 14.5844 9.75311 7.66149 7.05443 6.9958 6.26092 5.99465 6.90767 7.71291 8.598 8.63679 10.533
threshold=7.5000000000000009 4.5000000000000009 11.500000000000002 1.5000000000000002 5.5000000000000009 0 2.7750000000000004 3.1887500000000002 40.763333333333343 5.5000000000000009 28.500000000000004 2.1612500000000003 2.5225000000000009 2.6500000000000008
decision_type=8 10 8 10 10 9 10 8 10 2 10 10 10 8
left_child=1 3 4 -1 -2 -3 -7 -6 9 10 -5 -12 13 -13
right_child=2 5 -4 8 7 6 -8 -9 -10 -11 11 12 -14 -15
leaf_value=0.0035746777626082548 -0.0048332040607062835 -0.0066305784348783406 -0.023658615600391793 0.0013107333868243554 -0.011261289934321786 -0.0080183306929243608 -0.00030261572687157449 -0.022758339313435207 -0.0022215691641221651 -0.0016079143469824289 0.0035853442778166471 0.03759981542797565 0.0064352996375571878 0.0043575255844465442
leaf_weight=2235.8277426660061 154.39989368896931 345.49186008796096 88.755480595864356 1683.7080014050007 340.11483511421829 124.35498474724591 677.20478447154164 49.331909126602113 449.93781688064337 513.03578317165375 376.49982692301273 21.937961548566818 59.684045560657978 14.167948395013807
leaf_count=9341 7288 8416 7845 14930 18447 2882 16240 3058 4247 4749 3202 183 511 121
internal_value=-5.42618e-05 0.00114938 -0.0124075 0.00206288 -0.0105313 -0.00311321 -0.00148958 -0.0127722 0.000978353 0.00151842 0.00226275 0.00564674 0.0136283 0.0250245
internal_weight=7134.45 6501.85 632.602 5354.8 543.847 1147.05 801.56 389.447 3118.97 2669.03 2156 472.29 95.79 36.1059
internal_count=101460 64822 36638 37284 28793 27538 19122 21505 27943 23696 18947 4017 815 304
cat_boundaries=0 1
cat_threshold=132
is_linear=0
shrinkage=0.03


Tree=84
num_leaves=15
num_cat=2
split_feature=10 10 10 10 12 6 4 6 3 11 8 2 0 2
split_gain=112.243 26.5233 14.3846 9.16876 7.78922 7.20465 7.21843 7.46869 7.16665 6.72106 6.75127 5.67949 6.69512 8.94627
threshold=7.5000000000000009 4.5000000000000009 11.500000000000002 1.5000000000000002 0 2.6275000000000004 9.9000000000000021 2.5450000000000008 4.5000000000000009 1 3.5000000000000004 37.500000000000007 5.5000000000000009 52.500000000000007
decision_type=8 10 8 10 1 10 10 10 8 9 2 8 2 8
left_child=1 3 4 -1 5 6 7 -2 -6 -3 -11 -5 -13 -14
right_child=2 9 -4 11 8 -7 -8 -9 -10 10 -12 12 13 -15
leaf_value=0.0034652447330160512 -0.0025397890226805868 -0.0064761501067358701 -0.023495903578869801 0.000189138426443585 -0.0019399378657009303 -0.01702641224793406 -0.017866489247691058 0.036740409520315188 -0.016254900708974146 -0.0063786788296214814 7.753060153892853e-05 0.0043554761110036868 0.014653726929237046 -0.0060017637608790241
leaf_weight=2237.2520475834608 187.65505027864128 343.41270645149052 86.726702484302223 2308.6550254523754 36.54278158210218 43.459276013076305 27.382949510589242 3.4613194735720745 239.90329163614661 190.54227779991925 609.93100371956825 670.65368965640664 21.373504593968391 120.32961322367191
leaf_count=9341 9067 8416 7845 21018 1666 2620 1588 173 13679 4563 14559 5639 192 1094
internal_value=-5.3436e-05 0.00111459 -0.0121847 0.0019999 -0.0103225 -0.00578593 -0.00374642 -0.00164085 -0.0138763 -0.00303056 -0.00144727 0.000948709 0.00310446 -0.00280538
internal_weight=7127.28 6502.15 625.131 5358.26 538.405 261.959 218.499 191.116 276.446 1143.89 800.473 3121.01 812.357 141.703
internal_count=101460 64822 36638 37284 28793 13448 10828 9240 15345 27538 19122 27943 6925 1286
cat_boundaries=0 1 2
cat_threshold=10 132
is_linear=0
shrinkage=0.03


Tree=85
num_leaves=15
num_cat=2
split_feature=10 10 10 10 12 6 4 3 6 11 7 5 5 0
split_gain=106.831 24.9955 14.1799 8.62172 7.56665 6.96985 6.96436 6.96181 6.94318 6.40209 6.57217 7.04709 6.1123 8.70886
threshold=7.5000000000000009 4.5000000000000009 11.500000000000002 1.5000000000000002 0 2.6275000000000004 9.9000000000000021 4.5000000000000009 2.5450000000000008 1 38.490000000000016 0.55000000000000016 1.4500000000000002 5.5000000000000009
decision_type=8 10 8 10 1 10 10 8 10 9 10 8 8 2
left_child=1 3 4 -1 5 6 8 -6 -2 -3 11 -11 -12 -14
right_child=2 9 -4 -5 7 -7 -8 -9 -10 10 12 -13 13 -15
leaf_value=0.0033592477357940872 -0.0024700440678033578 -0.006324494298687749 -0.023330915954119246 0.00091970489629283284 -0.0018867335375433944 -0.016798883639769259 -0.017644194416888317 -0.01602072537206262 0.034901178486739827 0.005412691160889601 -0.0030127572119567352 -0.0097345060044368072 0.0053277544923375835 -0.0070402786248475301
leaf_weight=2238.6207813322544 187.20037834905088 341.39282844029367 84.75673948880285 3123.0363099649549 36.475298807024956 42.750806527212262 26.915815926156938 236.17910182289779 3.585166707634925 34.022978559136391 310.00095539353788 134.63994879461825 257.77730208821595 62.974032897502184
leaf_count=9341 9067 8416 7845 27943 1666 2620 1588 13679 173 798 7270 3255 6290 1509
internal_value=-5.26839e-05 0.00108072 -0.0119633 0.00193871 -0.0101157 -0.00564502 -0.00364601 -0.0136451 -0.00158946 -0.00294987 -0.00140605 -0.00666509 -1.37134e-05 0.00288517
internal_weight=7120.33 6502.47 617.863 5361.66 533.107 260.452 217.701 272.654 190.786 1140.81 799.415 168.663 630.752 320.751
internal_count=101460 64822 36638 37284 28793 13448 10828 15345 9240 27538 19122 4053 15069 7799
cat_boundaries=0 1 2
cat_threshold=10 132
is_linear=0
shrinkage=0.03


Tree=86
num_leaves=15
num_cat=2
split_feature=10 10 10 12 4 11 6 4 1 1 7 6 8 5
split_gain=101.661 23.6091 13.9702 7.82013 11.6682 8.61488 7.34688 7.07254 6.87376 6.85315 6.83847 7.7763 9.97329 7.31851
threshold=7.5000000000000009 3.5000000000000004 11.500000000000002 0 2.1000000000000005 1 2.1612500000000003 2.7083333333333335 54.250000000000007 55.250000000000007 38.110000000000014 1.0050000000000006 4.5000000000000009 0.45000000000000007
decision_type=8 10 8 1 10 9 10 10 8 10 8 10 2 8
left_child=1 3 6 5 8 -1 9 -6 -5 -2 13 -12 -13 -10
right_child=2 -3 -4 4 7 -7 -8 -9 10 -11 11 12 -14 -15
leaf_value=0.0034972344984827777 -0.01110115462726766 -0.001867386613607188 -0.023163660847850601 0.014806552713657566 -0.0031404243258517164 -0.00074971788478391639 -0.015425561599625064 0.0024331969179079344 0.00087908933976971887 -0.0028754184144211535 0.0055418208159894429 0.004038040172969915 -0.0098214324003920283 0.015120822439660082
leaf_weight=635.8334503620863 214.17271406482905 1805.2905312441289 82.843903871253133 68.515088528394699 236.6228224337101 1275.2990701049566 154.05025543365628 1491.6883118823171 46.644184425473213 159.74041777104139 640.39308301359415 120.84548423439264 74.821354269981384 106.87959304451942
leaf_count=3836 11468 36852 7845 377 1387 7843 9552 9334 233 7773 3380 652 413 515
internal_value=-5.20082e-05 0.0010478 -0.0117435 0.00216828 0.00317793 0.00067517 -0.00991108 0.00166874 0.00566918 -0.00760406 0.00502223 0.00394455 -0.0012847 0.0108275
internal_weight=7113.64 6502.83 610.807 4697.54 2786.41 1911.13 527.963 1728.31 1058.1 373.913 989.584 836.06 195.667 153.524
internal_count=101460 64822 36638 27970 16291 11679 28793 10721 5570 19241 5193 4445 1065 748
cat_boundaries=0 1 2
cat_threshold=4 416
is_linear=0
shrinkage=0.03


Tree=87
num_leaves=15
num_cat=2
split_feature=10 10 10 5 3 4 12 11 5 2 1 8 4 5
split_gain=96.9261 19.9663 16.7219 8.65346 7.70836 8.0173 7.60857 7.10285 11.2529 8.13157 7.92081 12.2769 7.86698 7.58718
threshold=6.5000000000000009 10.500000000000002 2.5000000000000004 4.1500000000000012 5.5000000000000009 8.9000000000000021 0 1 0.25000000000000006 24.500000000000004 55.250000000000007 4.5000000000000009 4.2250000000000005 2.8500000000000001
decision_type=8 8 10 10 8 8 1 9 8 10 8 2 8 8
left_child=2 3 -1 4 5 -2 -4 8 -6 10 -10 -12 -11 -13
right_child=1 -3 6 -5 7 -7 -8 -9 9 12 11 13 -14 -15
leaf_value=0.0025490905626216124 -0.0022311058792211192 -0.019224667948233062 0.00097276654195070568 -0.019542942671477076 -0.018739619409311906 0.034467260070136556 -0.0023056782423589053 -0.012244296547148637 -0.0047647590815270901 0.030356705908331054 -0.0073347229969624953 0.010857718827334715 -0.013823692451965285 0.039745590431777937
leaf_weight=3698.8163570761681 179.22674236539751 152.62473414372653 1310.506729144603 47.637366286478937 41.598790845833719 4.522866263985633 1221.9065579175949 224.66349482163787 85.717435717582703 2.938671817071735 28.453694144263864 41.520777721889317 57.663658517412841 9.6565881483256799
leaf_count=18655 6927 13318 18685 2445 1943 174 18464 10356 4119 127 1221 1802 2750 474
internal_value=-5.07626e-05 -0.00938738 0.00126343 -0.00728879 -0.00639761 -0.00114613 -0.000614652 -0.00835175 -0.00442887 -0.00191837 0.00153899 0.00829949 -0.0112233 0.0169658
internal_weight=7107.45 876.225 6231.23 723.6 675.963 183.75 2532.41 492.213 267.55 225.951 165.348 79.6311 60.6023 51.1774
internal_count=101460 45656 55804 32338 29893 7101 37149 22792 12436 10493 7616 3497 2877 2276
cat_boundaries=0 1 2
cat_threshold=10 89
is_linear=0
shrinkage=0.03


Tree=88
num_leaves=15
num_cat=2
split_feature=10 10 10 10 12 3 6 4 6 11 7 6 3 6
split_gain=92.4783 21.4751 13.6087 7.49565 7.33703 6.7366 6.59695 6.74944 6.62854 6.11852 15.6912 9.32359 6.80721 6.54997
threshold=7.5000000000000009 4.5000000000000009 11.500000000000002 1.5000000000000002 0 4.5000000000000009 2.6275000000000004 9.9000000000000021 2.5450000000000008 1 38.463333333333345 0.093750000000000028 3.5000000000000004 1.8354166666666669
decision_type=8 10 8 10 1 8 10 10 10 9 10 8 10 10
left_child=1 3 4 -1 6 -6 7 8 -2 11 -11 -3 -12 -14
right_child=2 9 -4 -5 5 -7 -8 -9 -10 10 12 -13 13 -15
leaf_value=0.0031044409223715008 -0.0020534691238213833 0.033995828689112509 -0.02285075430403399 0.00083148846380386165 -0.0014145604790918847 -0.015438562524089153 -0.016219889507866857 -0.017211155625470063 0.034303611825533729 -0.010837864874781658 -0.0047033032103683666 -0.0052160214338776026 0.0010604146370364568 0.0098675379058897634
leaf_weight=2241.4948733299971 184.51974496990442 4.5231881625950336 79.476077263243496 3128.5723040290177 35.885275950655341 227.36861682683229 41.040400427766144 26.044160808436573 3.6267998106777659 102.52126771584153 98.593232609331608 599.42440935224295 210.32955279201269 118.24809915758669
leaf_count=9341 9067 108 7845 27943 1666 13679 2620 1588 173 2467 2223 14781 4984 2975
internal_value=-5.01422e-05 0.000988553 -0.0113303 0.00178063 -0.00952377 -0.0130458 -0.00514438 -0.00319579 -0.00117498 -0.0027618 -0.000350633 -0.0047875 0.00217755 0.00425023
internal_weight=7101.67 6503.71 597.961 5370.07 518.485 263.254 255.231 214.191 188.147 1133.64 529.692 603.948 427.171 328.578
internal_count=101460 64822 36638 37284 28793 15345 13448 10828 9240 27538 12649 14889 10182 7959
cat_boundaries=0 1 2
cat_threshold=10 396
is_linear=0
shrinkage=0.03


Tree=89
num_leaves=15
num_cat=2
split_feature=10 10 10 4 12 7 2 10 1 11 8 5 2 5
split_gain=87.9643 20.2184 13.3856 7.11395 7.94348 7.84454 7.70881 7.04947 6.0613 5.90789 6.1701 5.7701 12.2095 7.79335
threshold=7.5000000000000009 4.5000000000000009 11.500000000000002 6.5500000000000007 0 41.310000000000009 28.500000000000004 1.5000000000000002 55.250000000000007 1 3.5000000000000004 1.3500000000000003 20.500000000000004 0.77500000000000013
decision_type=8 10 8 10 1 8 8 10 8 9 2 8 8 10
left_child=1 7 3 4 6 8 -2 -1 -5 -3 -11 12 13 -10
right_child=2 9 -4 5 -6 -7 -8 -9 11 10 -12 -13 -14 -15
leaf_value=0.0030097272299806259 -0.0011276246349191774 -0.0059515254176968979 -0.022677093436932454 -0.014804638491270125 -0.0062950970402214064 -0.022456760146123623 0.053257221383415078 0.00080607154963154189 0.0025798526050152476 -0.0059613456773242651 0.00025122793684038156 -0.01135341995344827 -0.012009471423808456 0.032885729057664882
leaf_weight=2242.6849520206451 4.0935010081157079 336.49019348993897 77.716518952511251 119.15935734473169 198.66251322813332 54.9489909959957 4.3690595356747517 3130.4082193188369 20.699806986376647 187.57157507911325 606.72298380546272 69.258306867443025 31.29567180108279 11.280342159792779
leaf_count=9341 192 8416 7845 7314 10130 3539 212 27943 1112 4563 14559 4010 1726 558
internal_value=-4.90809e-05 0.000958889 -0.0111155 -0.00932594 -0.00499531 -0.0122254 0.0143968 0.00172625 -0.00991166 -0.00268563 -0.00120635 -0.00543453 0.0011198 0.0139426
internal_weight=7095.36 6503.88 591.484 513.768 207.125 306.642 8.46256 5373.09 251.693 1130.78 794.295 132.534 63.2758 31.9801
internal_count=101460 64822 36638 28793 10534 18259 404 37284 14720 27538 19122 7406 3396 1670
cat_boundaries=0 1 2
cat_threshold=2 132
is_linear=0
shrinkage=0.03


Tree=90
num_leaves=15
num_cat=5
split_feature=10 10 10 12 12 4 11 8 7 11 7 5 11 4
split_gain=83.672 19.0539 13.156 7.03647 7.00033 11.7892 8.01581 7.21161 12.5843 7.75226 6.69055 7.55893 6.62896 6.55245
threshold=7.5000000000000009 4.5000000000000009 11.500000000000002 0 1 1.9000000000000001 2 4.5000000000000009 39.33666666666668 3 41.436666666666675 1.2250000000000003 4 8.9000000000000021
decision_type=8 10 8 1 1 10 9 2 10 9 8 8 9 10
left_child=1 4 3 -2 6 12 -1 10 9 -9 11 -8 -6 -10
right_child=2 -3 -4 -5 5 -7 7 8 13 -11 -12 -13 -14 -15
leaf_value=0.0022950191825927098 -0.0048523720580636778 -0.0026134085515990974 -0.022501195050724412 -0.012621195809260398 -0.0035053344761252474 0.0013909864132316048 -0.001482360872974016 -0.0051895160828475577 -0.0082661033281248748 0.0058146878704412762 -0.0032900610966292041 0.0068349248108783419 0.0060591590037966979 0.010260708489380139
leaf_weight=1032.5786651968956 252.27301792800426 1128.0859066098928 76.008067689836025 256.95259341597557 67.109663181006908 2215.940604198724 172.74239978194237 82.718301136046648 329.33607634902 142.04002147167921 217.19256109371781 226.41199011355639 872.65137962251902 17.296502444893122
leaf_count=7348 13448 27538 7845 15345 380 15958 1218 645 2639 985 1512 1528 4918 153
internal_value=-4.85404e-05 0.000929729 -0.0109038 -0.009132 0.00167356 0.00257811 0.000374053 -0.0013017 -0.00373753 0.00178743 0.000937768 0.00324074 0.00540029 -0.00731478
internal_weight=7089.34 6504.1 585.234 509.226 5376.02 3155.7 2220.32 1187.74 571.391 224.758 616.347 399.154 939.761 346.633
internal_count=101460 64822 36638 28793 37284 21256 16028 8680 4422 1630 4258 2746 5298 2792
cat_boundaries=0 1 2 3 4 5
cat_threshold=10 4 432 68 33
is_linear=0
shrinkage=0.03


Tree=91
num_leaves=15
num_cat=2
split_feature=10 10 10 6 5 0 11 7 4 10 12 1 5 5
split_gain=79.656 18.1891 12.9134 6.99697 6.74465 6.67538 6.98362 6.96725 6.217 6.13152 6.91601 6.19704 6.05714 17.5019
threshold=7.5000000000000009 2.5000000000000004 11.500000000000002 2.1612500000000003 -1.2499999999999998 4.5000000000000009 0 38.390000000000015 5.6333333333333337 5.5000000000000009 1 55.250000000000007 0.45000000000000007 0.95000000000000007
decision_type=8 10 8 10 8 2 9 8 10 10 1 8 10 10
left_child=1 4 3 -2 -1 6 -6 8 -7 10 12 -12 -3 -14
right_child=2 9 -4 -5 5 7 -8 -9 -10 -11 11 -13 13 -15
leaf_value=0.013362552038468992 -0.0066688660188955733 -0.0012082333470129745 -0.022323074965894328 -0.014496245833849977 -0.001833553943453246 0.0063308272493057876 0.0034536746855377588 -0.0012457249125597666 -0.0060452999720645717 -0.0034660665901820598 -0.0010596842655174027 -0.0081397847677395982 0.0112765297737833 0.00035583885751318782
leaf_weight=47.804420977830887 359.63166053872555 449.30980524793267 74.349262230098248 145.31622655969113 245.61059756577015 224.39193373918533 2339.4275393784046 807.68715383112431 42.770336702466011 653.42202536202967 896.62437376007438 126.10254807025194 179.5764725394547 492.01253481209278
leaf_count=208 19241 5435 7845 9552 1229 1125 11585 4283 225 18233 12041 1744 2240 6474
internal_value=-4.80349e-05 0.000901933 -0.0106981 -0.00894566 0.00227955 0.00213118 0.00295707 0.000143989 0.00433436 -0.000924368 -0.00014835 -0.001921 0.0014733 0.00328835
internal_weight=7084.04 6504.74 579.297 504.948 3707.69 3659.89 2585.04 1074.85 267.162 2797.05 2143.63 1022.73 1120.9 671.589
internal_count=101460 64822 36638 28793 18655 18447 12814 5633 1350 46167 27934 13785 14149 8714
cat_boundaries=0 1 2
cat_threshold=16 10
is_linear=0
shrinkage=0.03


Tree=92
num_leaves=15
num_cat=3
split_feature=10 10 10 12 3 5 6 11 4 12 7 6 4 6
split_gain=75.7235 17.1074 12.6816 6.94376 6.62999 6.34989 6.37789 8.76565 8.88452 7.72808 6.25848 6.23778 6.57484 6.33433
threshold=7.5000000000000009 2.5000000000000004 11.500000000000002 0 4.5000000000000009 -1.2499999999999998 1.6950000000000005 1 1.1000000000000003 2 40.510000000000012 2.6275000000000004 9.9000000000000021 2.5450000000000008
decision_type=8 10 8 1 8 8 8 9 8 1 8 10 10 10
left_child=1 5 3 11 -5 -1 10 -8 9 -9 -7 12 13 -2
right_child=2 -3 -4 4 -6 6 7 8 -10 -11 -12 -13 -14 -15
leaf_value=0.012959346773905188 -0.0015002889265676373 -0.00089760043595082679 -0.02214275221423909 -0.00056961301559860689 -0.014675348586121732 0.0016335681050245647 0.0081160978543750682 0.012469141529338319 0.0013211768128298159 -0.0014146154345039575 -0.0032319252943785581 -0.015537542528784604 -0.01671004440168335 0.033953794725054068
leaf_weight=47.843511283397675 181.08007789216936 2794.6869638115168 72.738677859306335 34.875120245851576 216.73892580531538 1889.5350637286901 296.72734697163105 116.40096893906593 1033.5529430061579 54.831255331635475 271.24892084300518 39.184359397739172 25.100070670247078 3.6515263617038718
leaf_count=208 9067 46167 7845 1666 13679 9593 1490 507 5175 251 1431 2620 1588 173
internal_value=-4.69707e-05 0.000874881 -0.0104886 -0.00875459 -0.0122455 0.0022099 0.00206597 0.00356724 0.00235427 0.00868278 0.00102158 -0.00452178 -0.00261521 -0.000620442
internal_weight=7078.2 6504.83 573.369 500.63 251.614 3710.14 3662.3 1501.51 1204.79 171.232 2160.78 249.016 209.832 184.732
internal_count=101460 64822 36638 28793 15345 18655 18447 7423 5933 758 11024 13448 10828 9240
cat_boundaries=0 1 2 3
cat_threshold=10 289 8
is_linear=0
shrinkage=0.03


Tree=93
num_leaves=15
num_cat=1
split_feature=10 10 10 5 3 4 11 5 2 5 1 8 7 1
split_gain=72.1561 17.4279 11.888 8.43751 6.93386 7.50916 7.23555 11.196 7.89957 7.67314 7.05987 11.6005 7.24733 7.65297
threshold=6.5000000000000009 10.500000000000002 2.5000000000000004 4.2500000000000009 5.5000000000000009 8.9000000000000021 0 0.25000000000000006 24.500000000000004 2.9500000000000006 55.250000000000007 4.5000000000000009 36.610000000000014 56.250000000000007
decision_type=8 8 10 10 8 8 9 8 10 10 8 2 10 8
left_child=2 3 -1 4 5 -2 7 -6 10 -10 -9 12 13 -12
right_child=1 -3 -4 -5 6 -7 -8 8 9 -11 11 -13 -14 -15
leaf_value=0.0021440919163108149 -0.001568925786151635 -0.018029529345488474 -0.00052378717930376016 -0.019081518291282084 -0.018107581050940975 0.033775696678753978 -0.011361605487987607 -0.003635538848201004 -0.015327926839226817 0.012462891848155255 -0.010556846820458746 0.01725574857173312 -0.023586460819168032 0.029301267446302275
leaf_weight=3712.3298339545727 175.25930825900286 138.08392424881458 2525.0635593123734 43.225720503367484 39.560241615399718 4.5813786955550304 215.78389582969248 82.17267247941345 47.835978870280087 10.150093179196118 9.4125418346375227 50.862370199523866 11.699763896875082 6.5025176657363781
leaf_count=18655 6935 13318 37149 2358 1943 176 10411 4135 2339 541 390 2279 551 280
internal_value=-4.50538e-05 -0.00832082 0.00106415 -0.00637446 -0.00550651 -0.000486742 -0.00740611 -0.00349606 -0.000941003 -0.0103345 0.00249251 0.00887413 -0.00662708 0.00649774
internal_weight=7072.52 835.13 6237.39 697.046 653.821 179.841 473.98 258.196 218.636 57.9861 160.65 78.4772 27.6148 15.9151
internal_count=101460 45656 55804 32338 29980 7111 22869 12458 10515 2880 7635 3500 1221 670
cat_boundaries=0 1
cat_threshold=89
is_linear=0
shrinkage=0.03


Tree=94
num_leaves=15
num_cat=3
split_feature=10 10 10 4 7 12 2 12 4 11 2 7 6 2
split_gain=68.7617 15.7523 12.287 6.78276 7.90188 7.33362 6.98493 6.30493 10.7291 7.50702 6.97298 11.5393 8.15293 9.09812
threshold=7.5000000000000009 4.5000000000000009 11.500000000000002 6.5500000000000007 41.310000000000009 0 28.500000000000004 1 1.9000000000000001 2 20.500000000000004 39.33666666666668 3.8600000000000008 146.50000000000003
decision_type=8 10 8 10 8 1 8 1 10 9 8 8 10 10
left_child=1 7 3 5 -5 6 -2 9 -9 -1 11 -11 13 -12
right_child=2 -3 -4 4 -6 -7 -8 8 -10 10 12 -13 -14 -15
leaf_value=0.0021241560682439529 -0.00066908753360494632 -0.0024087390199749085 -0.021808924705727872 -0.0089540690985576692 -0.021904785817769737 -0.0054554513656243824 0.051197818530888187 0.0050447950594880572 0.0012248051581244276 0.0017711513946662804 0.00039825504602230909 -0.0084433779535431474 0.0161368315944087 -0.016648186875729134
leaf_weight=1034.3601010367274 4.0173323964700094 1120.4376943912357 69.926044028252363 240.74499760940671 51.542159709148109 191.83539564628154 4.502786780707539 942.22382535040379 2220.5945771113038 162.18083394318819 714.16632346063852 255.48002139106393 27.283091638237238 28.335214987397194
leaf_count=7348 192 27538 7845 14720 3539 10130 212 5298 15958 1148 5104 2041 209 178
internal_value=-4.46456e-05 0.000826145 -0.0100973 -0.00839415 -0.0113047 -0.00411305 0.0142609 0.00149958 0.00235659 0.000267291 -0.00135484 -0.00448224 0.000328029 -0.000273785
internal_weight=7067.63 6505.06 562.569 492.643 292.287 200.356 8.52012 5384.62 3162.82 2221.81 1187.45 417.661 769.785 742.502
internal_count=101460 64822 36638 28793 18259 10534 404 37284 21256 16028 8680 3189 5491 5282
cat_boundaries=0 1 2 3
cat_threshold=2 4 432
is_linear=0
shrinkage=0.03


Tree=95
num_leaves=15
num_cat=3
split_feature=10 10 10 12 3 0 7 2 7 11 11 1 7 3
split_gain=65.3509 14.8309 12.0447 6.81633 6.31416 6.18783 8.19373 9.84288 8.7097 10.7079 8.26923 7.92883 7.47816 7.05949
threshold=7.5000000000000009 4.5000000000000009 11.500000000000002 0 4.5000000000000009 5.5000000000000009 39.022500000000015 40.500000000000007 38.945000000000014 1 2 50.500000000000007 41.455000000000013 4.5000000000000009
decision_type=8 10 8 1 8 2 10 8 10 9 9 10 10 8
left_child=1 5 3 -2 -5 6 8 -8 11 -10 13 -1 -12 -9
right_child=2 -3 -4 4 -6 -7 7 10 9 -11 12 -13 -14 -15
leaf_value=-0.0073389035628336607 -0.0040452093968685598 -0.0023417465142313142 -0.021622526811683553 -0.00028681198943662398 -0.01413195002774836 -0.00073630422977858582 -9.3356447963324941e-05 0.015172127889389245 0.020626246572456968 0.00033570920328871221 -0.00037875790299952104 0.0032441009017332707 0.018159436332121012 0.00056821775263016835
leaf_weight=65.039228968322277 244.43499728105962 1117.9828295689076 68.444100371561944 34.548061547800899 209.72924517840147 954.75246161594987 2022.5056900978088 106.25143567472696 45.079326972365379 51.392036825418472 210.48103332519531 1870.253861926496 20.589066088199615 41.358186259865761
leaf_count=490 13448 27538 7845 1666 13679 7078 14778 673 285 340 1406 11760 161 313
internal_value=-4.3784e-05 0.000801295 -0.00989518 -0.00821196 -0.0117057 0.00145381 0.00192557 0.000738635 0.00332726 0.012082 0.0051708 0.00288483 0.00128866 0.0104111
internal_weight=7062.84 6505.69 557.156 488.712 244.277 5387.7 4432.95 2401.19 2031.76 96.4714 378.68 1935.29 231.07 147.61
internal_count=101460 64822 36638 28793 15345 37284 30206 17331 12875 625 2553 12250 1567 986
cat_boundaries=0 1 2 3
cat_threshold=10 456 140
is_linear=0
shrinkage=0.03


end of trees

feature_importances:
人気_num=533
avg5_margin=129
avg5_ninki=105
days_since_last=93
last_margin=93
場所=80
avg5_last3f=78
齢_num=67
sei=55
斤量_num=46
last_ninki=45
n_past_races=14
same_track_as_last=6

parameters:
[boosting: gbdt]
[objective: binary]
[metric: auc]
[tree_learner: serial]
[device_type: cpu]
[data_sample_strategy: bagging]
[data: ]
[valid: ]
[num_iterations: 96]
[learning_rate: 0.03]
[num_leaves: 15]
[num_threads: 0]
[seed: 42]
[deterministic: 0]
[force_col_wise: 0]
[force_row_wise: 0]
[histogram_pool_size: -1]
[max_depth: -1]
[min_data_in_leaf: 100]
[min_sum_hessian_in_leaf: 0.001]
[bagging_fraction: 1]
[pos_bagging_fraction: 1]
[neg_bagging_fraction: 1]
[bagging_freq: 0]
[bagging_seed: 400]
[bagging_by_query: 0]
[feature_fraction: 1]
[feature_fraction_bynode: 1]
[feature_fraction_seed: 30056]
[extra_trees: 0]
[extra_seed: 12879]
[early_stopping_round: 0]
[early_stopping_min_delta: 0]
[first_metric_only: 0]
[max_delta_step: 0]
[lambda_l1: 0]
[lambda_l2: 1]
[linear_lambda: 0]
[min_gain_to_split: 0]
[drop_rate: 0.1]
[max_drop: 50]
[skip_drop: 0.5]
[xgboost_dart_mode: 0]
[uniform_drop: 0]
[drop_seed: 17869]
[top_rate: 0.2]
[other_rate: 0.1]
[min_data_per_group: 100]
[max_cat_threshold: 32]
[cat_l2: 10]
[cat_smooth: 10]
[max_cat_to_onehot: 4]
[top_k: 20]
[monotone_constraints: ]
[monotone_constraints_method: basic]
[monotone_penalty: 0]
[feature_contri: ]
[forcedsplits_filename: ]
[refit_decay_rate: 0.9]
[cegb_tradeoff: 1]
[cegb_penalty_split: 0]
[cegb_penalty_feature_lazy: ]
[cegb_penalty_feature_coupled: ]
[path_smooth: 0]
[interaction_constraints: ]
[verbosity: -1]
[saved_feature_importance_type: 0]
[use_quantized_grad: 0]
[num_grad_quant_bins: 4]
[quant_train_renew_leaf: 0]
[stochastic_rounding: 1]
[linear_tree: 0]
[max_bin: 255]
[max_bin_by_feature: ]
[min_data_in_bin: 3]
[bin_construct_sample_cnt: 200000]
[data_random_seed: 175]
[is_enable_sparse: 1]
[enable_bundle: 1]
[use_missing: 1]
[zero_as_missing: 0]
[feature_pre_filter: 1]
[pre_partition: 0]
[two_round: 0]
[header: 0]
[label_column: ]
[weight_column: ]
[group_column: ]
[ignore_column: ]
[categorical_feature: 11,12]
[forcedbins_filename: ]
[precise_float_parser: 0]
[parser_config_file: ]
[objective_seed: 16083]
[num_class: 1]
[is_unbalance: 0]
[scale_pos_weight: 1]
[sigmoid: 1]
[boost_from_average: 1]
[reg_sqrt: 0]
[alpha: 0.9]
[fair_c: 1]
[poisson_max_delta_step: 0.7]
[tweedie_variance_power: 1.5]
[lambdarank_truncation_level: 30]
[lambdarank_norm: 1]
[label_gain: ]
[lambdarank_position_bias_regularization: 0]
[eval_at: ]
[multi_error_top_k: 1]
[auc_mu_weights: ]
[num_machines: 1]
[local_listen_port: 12400]
[time_out: 120]
[machine_list_filename: ]
[machines: ]
[gpu_platform_id: -1]
[gpu_device_id: -1]
[gpu_device_id_list: ]
[gpu_use_dp: 0]
[num_gpu: 1]

end of parameters

pandas_categorical:[["\u540d\u53e4\u5c4b", "\u5712\u7530", "\u5927\u4e95", "\u5ddd\u5d0e", "\u6d66\u548c", "\u76db\u5ca1", "\u8239\u6a4b", "\u91d1\u6ca2", "\u9580\u5225"], ["\u30bb", "\u30bb\u30f3", "\u725d", "\u7261"]]
