tree
version=v4
num_class=1
num_tree_per_iteration=1
label_index=0
max_feature_idx=11
objective=binary sigmoid:1
feature_names=齢 kinryo days_since_last last_ninki avg5_ninki last_margin avg5_margin avg5_last3f n_past_races same_track_as_last 競馬場 性
feature_infos=[2:17] [50:59] [4:539] [1:16] [1:14.4] [0:10] [0:10] [34.780000000000001:50.700000000000003] [0:45] [0:1] -1:2:1:3:0:10:9:8:4:6:7:5 -1:2:1:0
tree_sizes=1675 1714 1725 1739 1721 1741 1743 1774 1756 1762 1772 1760 1769 1774 1776 1772 1783 1761 1774 1772 1769 1767 1765 1789 1745 1788 1762 1769 1752 1773 1766 1767 1776 1778 1780 1764 1764 1754 1755 1770 1758 1791 1783 1750 1778 1769 1760 1749 1777 1760 1753 1752 1750 1761 1749 1743 1773 1756 1712 1766 1766 1741 1760 1766 1740 1745 1769 1760 1753 1762 1785 1744 1762 1755 1732 1752 1748 1777 1756 1767 1776 1741 1762 1764 1747 1734 1753 1739 1737 1749 1756 1736 1752 1760 1763 1750 1738 1715 1720 1771 1737 1777 1732 1748 1742 1732 1725 1730 1751 1759 1765 1718

Tree=0
num_leaves=15
num_cat=0
split_feature=3 4 4 5 8 4 3 1 3 6 0 2 8 7
split_gain=2514.27 567.802 444.135 129.95 119.692 100.517 79.4659 74.9805 58.6952 45.4689 63.4122 38.1847 36.7695 32.4264
threshold=2.5000000000000004 1.7750000000000001 4.9000000000000012 inf 11.500000000000002 3.2250000000000005 6.5000000000000009 56.750000000000007 1.5000000000000002 0.10500000000000002 3.5000000000000004 28.500000000000004 6.5000000000000009 39.390000000000015
decision_type=10 8 10 8 2 10 10 10 8 10 2 10 2 8
left_child=1 3 5 -1 7 -2 -4 8 -3 10 -5 -12 -9 -10
right_child=2 4 6 9 -6 -7 -8 12 13 -11 11 -13 -14 -15
leaf_value=-2.1273611530127612 -2.1993593324286298 -2.1463849452242396 -2.2472468879261265 -2.0993001715998161 -2.2120591297577592 -2.2323602614747644 -2.2663109402454626 -2.1165648215849813 -2.1570136003489382 -2.0809537222893755 -1.9266215884918942 -2.040704805613915 -2.1693856881564479 -2.1963604598671727
leaf_weight=135.62534719705582 354.03043705224991 105.25229209661484 811.20636469125748 15.186527550220488 224.81327778100967 662.5890748500824 1675.9606010913849 84.974327564239502 64.34522944688797 66.100897371768951 17.644462645053867 12.553025662899016 53.811221897602081 281.17021816968918
leaf_count=1545 4033 1199 9241 173 2561 7548 19092 968 733 753 201 143 613 3203
internal_value=-2.22829 -2.16087 -2.24871 -2.09449 -2.18102 -2.22087 -2.26009 -2.16918 -2.17907 -2.0545 -2.01596 -1.97405 -2.13705 -2.18903
internal_weight=4565.26 1061.48 3503.79 247.11 814.367 1016.62 2487.17 589.553 450.768 111.485 45.384 30.1975 138.786 345.515
internal_count=52006 12092 39914 2815 9277 11581 28333 6716 5135 1270 517 344 1581 3936
is_linear=0
shrinkage=1


Tree=1
num_leaves=15
num_cat=0
split_feature=3 4 4 5 8 4 3 1 4 6 0 5 3 7
split_gain=2188.35 565.892 215.682 133.899 125.033 60.5376 56.7577 49.4149 44.3612 42.5195 34.2679 30.7199 29.8475 28.2461
threshold=3.5000000000000004 2.1000000000000005 4.9000000000000012 inf 11.500000000000002 3.3666666666666671 6.5000000000000009 56.250000000000007 1.4500000000000002 0.10500000000000002 3.5000000000000004 7.5000000000000009 1.5000000000000002 39.64500000000001
decision_type=10 8 10 8 2 10 10 8 10 10 2 8 8 10
left_child=1 3 5 8 7 -2 -4 12 13 10 -5 -9 -3 -1
right_child=2 4 6 9 -6 -7 -8 11 -10 -11 -12 -13 -14 -15
leaf_value=0.123029619965704 0.023270748233077065 0.061724318744568331 -0.02016831428487955 0.11364743882251896 0.006391443905367296 -0.0095849418959323054 -0.037279247780185688 0.045579055307315014 0.058437575783336554 0.11160416047805691 0.19020616141616012 0.088070445943752476 0.029287921790366545 0.0687858647109683
leaf_weight=58.109082207083702 192.87540327757597 83.780148401856422 690.56494575738907 22.688439190387726 388.23082134872675 513.33801222592592 1625.2033569216728 92.856541395187378 168.13107147067785 109.43273796886206 41.082420505583286 78.491908319294453 462.12561378628016 40.885110065340996
leaf_count=612 2149 894 7988 236 4396 5867 19092 1019 1817 1134 389 833 5150 430
internal_value=-4.83827e-05 0.0483401 -0.0248002 0.0962744 0.0292473 -0.000611657 -0.0321767 0.0416186 0.0740725 0.130516 0.162968 0.0650437 0.0342659 0.100627
internal_weight=4567.8 1545.81 3021.98 440.329 1105.49 706.213 2315.77 717.254 267.125 173.204 63.7709 171.348 545.906 98.9942
internal_count=52006 16910 35096 4618 12292 8016 27080 7896 2859 1759 625 1852 6044 1042
is_linear=0
shrinkage=0.05


Tree=2
num_leaves=15
num_cat=0
split_feature=3 4 4 8 5 4 1 7 7 3 1 3 4 7
split_gain=1936.32 443.111 207.716 105.846 95.1476 76.1219 39.6968 36.0098 34.4238 33.9836 30.0545 29.2434 25.8025 25.6404
threshold=3.5000000000000004 2.1000000000000005 5.7750000000000012 11.500000000000002 inf 3.3666666666666671 56.250000000000007 39.390000000000015 40.345000000000006 6.5000000000000009 54.750000000000007 1.5000000000000002 1.4500000000000002 39.463333333333345
decision_type=10 8 10 2 8 10 8 10 10 10 10 10 10 10
left_child=1 4 5 6 8 -2 -3 -6 10 -4 -1 -9 -12 -5
right_child=2 3 9 13 7 -7 -8 11 -10 -11 12 -13 -14 -15
leaf_value=0.040931130271398081 0.021689522081995007 0.031651686076236467 -0.022186271710914189 0.023410951149859083 0.12928670031750031 -0.012762159489096651 0.058617882693617479 0.10297638544567794 0.036002491409049389 -0.037796704099686967 0.11001699018174747 0.030924788895720291 0.069898032858146192 -0.0034163124208256299
leaf_weight=46.797137260437012 196.49291731417179 560.99109894782305 460.70786818861961 137.55098662525415 116.59893397241831 871.31255400925875 180.35100730508566 55.901337996125221 70.512165449559689 1433.283515535295 67.806324563920498 18.824824057519436 98.004293881356716 252.6789703220129
leaf_count=472 2149 6044 5417 1548 1063 10173 1852 515 721 17357 656 181 1010 2848
internal_value=-8.54033e-05 0.0441232 -0.0240573 0.0271172 0.0846833 -0.00642251 0.0382119 0.111921 0.0662766 -0.0339995 0.0763171 0.0848253 0.0863042 0.00603995
internal_weight=4567.81 1606.02 2961.8 1131.57 474.445 1067.81 741.342 191.325 283.12 1893.99 212.608 74.7262 165.811 390.23
internal_count=52006 16910 35096 12292 4618 12322 7896 1759 2859 22774 2138 696 1666 4396
is_linear=0
shrinkage=0.05


Tree=3
num_leaves=15
num_cat=0
split_feature=3 4 4 8 4 3 6 0 5 7 7 7 0 8
split_gain=1719.55 353.609 198.009 91.4149 85.9971 73.7489 45.6667 41.5658 55.8275 32.2352 27.7126 23.4162 21.7882 21.7173
threshold=3.5000000000000004 2.1000000000000005 6.5500000000000007 7.5000000000000009 3.6333333333333337 1.5000000000000002 0.10500000000000002 3.5000000000000004 1.0000000180025095e-35 39.390000000000015 40.345000000000006 39.210000000000015 3.5000000000000004 15.500000000000002
decision_type=10 8 10 2 10 10 10 2 10 8 10 10 2 2
left_child=1 5 4 7 -2 6 12 9 -9 -3 -7 -8 -1 -6
right_child=2 3 -4 -5 13 10 11 8 -10 -11 -12 -13 -14 -15
leaf_value=0.084617971723231905 0.014205003611842452 0.069847595278869787 -0.036039608646192232 0.011867274128476282 -0.011038012646282085 0.062448221772271752 0.098239156462733845 0.086161111259049919 0.034752016295829725 0.023021011353638432 0.019279942641025397 0.066256445374444167 0.1452186095418033 -0.025566042025749726
leaf_weight=21.435171820223331 292.88390801101923 42.080231219530106 1490.5715129971504 608.96719262748957 720.70144227147102 155.1171325519681 102.44197872281075 93.655659727752209 121.08404110372066 290.27601761370897 48.897849969565868 129.67463624477386 48.149821229279041 400.01093568652868
leaf_count=186 3231 435 18474 6642 8598 1477 910 937 1253 3025 488 1192 365 4793
internal_value=-0.000114763 0.0404488 -0.0233254 0.025194 -0.00991895 0.0753212 0.0910225 0.0400278 0.0571734 0.0289498 0.0521017 0.0803716 0.126551 -0.0162234
internal_weight=4565.95 1661.78 2904.17 1156.06 1413.6 505.717 301.702 547.096 214.74 332.356 204.015 232.117 69.585 1120.71
internal_count=52006 16910 35096 12292 16622 4618 2653 5650 2190 3460 1965 2102 551 13391
is_linear=0
shrinkage=0.05


Tree=4
num_leaves=15
num_cat=1
split_feature=3 4 4 4 8 5 1 8 9 10 3 5 0 8
split_gain=1531.58 288.156 189.504 78.8465 71.5589 64.5317 28.6664 28.07 29.4174 26.7594 25.9523 23.213 57.0486 41.7655
threshold=3.5000000000000004 2.3666666666666671 6.5500000000000007 3.5500000000000003 11.500000000000002 inf 54.750000000000007 9.5000000000000018 1.0000000180025095e-35 0 1.5000000000000002 inf 3.5000000000000004 5.5000000000000009
decision_type=10 8 10 10 2 8 10 2 10 1 10 8 2 2
left_child=1 5 3 -2 9 6 -1 8 -7 11 -10 -3 -13 -14
right_child=2 4 -4 -5 -6 7 -8 -9 10 -11 -12 12 13 -15
leaf_value=0.024628779944459916 0.016036137234081132 0.030579472182437391 -0.035299200642993717 -0.015009424439387856 0.0046867456546733086 0.023430586715274062 0.059230210734597138 0.048050224892024554 0.10838436042864326 0.020507183160986379 0.062307320695752934 0.03180154857728526 0.12553893075598255 0.047246460997008799
leaf_weight=76.090442880988121 248.5837412327528 178.56102584302425 1446.8646691441536 1153.6031224802136 381.76742716133595 13.995788633823393 280.59520102292299 41.4804897159338 144.46605890244246 391.56721366196871 38.758322775363922 96.991652920842171 38.870864391326904 30.321618437767029
leaf_count=721 2683 1817 18474 13939 4241 112 2588 354 1123 3989 339 974 358 294
internal_value=-0.000138679 0.0372164 -0.0226046 -0.00950558 0.0222537 0.0653149 0.0518488 0.085437 0.0933004 0.031362 0.0986375 0.0418813 0.056545 0.0912295
internal_weight=4562.52 1713.47 2849.05 1402.19 1118.08 595.386 356.686 238.701 197.22 736.312 183.224 344.745 166.184 69.1925
internal_count=52006 16910 35096 16622 11673 5237 3309 1928 1574 7432 1462 3443 1626 652
cat_boundaries=0 1
cat_threshold=1287
is_linear=0
shrinkage=0.05


Tree=5
num_leaves=15
num_cat=0
split_feature=3 4 4 8 4 3 7 3 1 7 2 5 5 2
split_gain=1367.84 242.665 181.51 95.067 57.2851 40.4107 39.6217 33.9482 32.4659 23.8571 22.9487 21.828 20.6831 20.333
threshold=3.5000000000000004 1.7750000000000001 5.7750000000000012 11.500000000000002 3.3666666666666671 1.5000000000000002 39.390000000000015 6.5000000000000009 56.250000000000007 39.390000000000015 176.50000000000003 2.7500000000000004 0.35000000000000003 105.50000000000001
decision_type=10 8 10 2 10 8 10 10 8 8 10 10 8 10
left_child=1 6 4 5 -2 -3 11 -4 9 12 -9 -1 -7 -8
right_child=2 3 7 -5 -6 8 13 10 -10 -11 -12 -13 -14 -15
leaf_value=0.089200341782999931 0.018272000897218921 0.054267077774042397 -0.019605435235444911 0.0051168607604446248 -0.011208659764051108 0.0031823522506256954 0.045733951184890875 -0.036586664142312153 0.046331645002176902 0.016695276977930058 0.017033737895909073 0.026211523358718059 0.049669074146850171 0.10138656375019335
leaf_weight=192.65754879266024 204.73856744170189 187.76183921098709 432.01195015013218 427.48877051472664 844.31913166493177 30.167602971196175 147.48950079828501 1294.95383823663 190.35494817793369 436.45299302041531 20.266689620912075 14.811316289007662 115.67686226963997 18.467343233525753
leaf_count=1461 2149 1700 5417 4668 10173 298 1222 17090 1751 4411 267 123 1123 153
internal_value=-0.000155768 0.0343578 -0.0218952 0.0247311 -0.00545509 0.0334616 0.070137 -0.031766 0.0284057 0.0225456 -0.0357604 0.0847035 0.0400534 0.0519269
internal_weight=4557.62 1761.33 2796.29 1387.9 1049.06 960.414 373.426 1747.23 772.652 582.297 1315.22 207.469 145.844 165.957
internal_count=52006 16910 35096 13951 12322 9283 2959 22774 7583 5832 17357 1584 1421 1375
is_linear=0
shrinkage=0.05


Tree=6
num_leaves=15
num_cat=0
split_feature=3 4 4 4 8 6 7 0 5 0 8 3 2 6
split_gain=1223.95 201.82 174.611 66.4462 54.4304 45.5908 30.7219 25.9341 40.1843 22.9146 20.8746 20.693 20.6287 19.9002
threshold=3.5000000000000004 2.3666666666666671 6.5500000000000007 3.6333333333333337 7.5000000000000009 0.10500000000000002 40.345000000000006 3.5000000000000004 1.0000000180025095e-35 9.5000000000000018 15.500000000000002 7.5000000000000009 101.50000000000001 1.4050000000000005
decision_type=10 8 10 10 2 10 10 2 10 2 2 10 10 10
left_child=1 5 3 -2 7 -1 -7 -3 -9 -6 -5 -4 -8 -11
right_child=2 4 11 10 9 6 12 8 -10 13 -12 -13 -14 -15
leaf_value=0.084490660141147783 0.012130003171341547 0.021911091732930332 -0.024791934560861706 -0.0092935112887627385 0.0078356205375573491 0.054345925571916712 0.016703881332860066 0.067098661357170436 0.023995537558838525 0.013933779016475226 -0.023845504424151218 -0.038033578309150669 0.081681759493288264 0.19901921106189877
leaf_weight=103.81808419525623 300.92715290188789 341.54612070322037 430.78737099468708 696.39171816408634 592.5581367239356 433.78174757957458 97.115326911211014 100.91493932157755 116.49223262071609 2.8691721484065047 381.4187484011054 936.28116086870432 13.97197452187538 2.9408592954277992
leaf_count=702 3231 3346 5687 8598 6267 3545 870 876 1122 31 4793 12787 120 31
internal_value=-0.000171154 0.0317983 -0.0211985 -0.00864327 0.0192846 0.0541238 0.0483377 0.0305038 0.0440029 0.00880449 -0.0144432 -0.0338609 0.0248765 0.107618
internal_weight=4551.81 1806.01 2745.81 1378.74 1157.32 648.687 544.869 558.953 217.407 598.368 1077.81 1367.07 111.087 5.81003
internal_count=52006 16910 35096 16622 11673 5237 4535 5344 1998 6329 13391 18474 990 62
is_linear=0
shrinkage=0.05


Tree=7
num_leaves=15
num_cat=1
split_feature=3 4 4 8 4 3 7 1 10 8 7 4 7 3
split_gain=1097.13 172.445 166.517 73.7147 60.5313 31.6612 28.0505 25.7291 20.9053 20.0272 19.4496 19.3268 19.2009 17.5772
threshold=3.5000000000000004 1.7750000000000001 6.5500000000000007 11.500000000000002 3.6333333333333337 1.5000000000000002 39.390000000000015 56.250000000000007 0 19.500000000000004 40.490000000000016 2.3666666666666671 39.390000000000015 7.5000000000000009
decision_type=10 8 10 2 10 8 10 8 1 2 10 10 8 10
left_child=1 6 4 5 11 -3 -1 12 -4 -6 -5 -2 -7 -10
right_child=2 3 8 10 9 7 -8 -9 13 -11 -12 -13 -14 -15
leaf_value=0.069833863470538174 0.045944704041767315 0.046596248713922386 -0.005213102910023709 0.010576214607494245 -0.010551696026719187 0.034480079401291289 0.043374707026337368 0.039846231961236343 -0.026158697918199553 -0.027969604929465642 -0.013290999963192912 0.0068057062686112842 0.014027234878381922 -0.038935192033012128
leaf_weight=228.63798487186432 35.747207745909691 200.27397438883781 81.598198086023331 316.76206225901842 860.88381285220385 153.89052693545818 178.26887337118387 201.79158633202314 393.12197434157133 204.17156392335892 116.84491457790136 268.0782727971673 451.17696050554514 853.9401554018259
leaf_count=1584 366 1700 1129 3386 10771 1421 1375 1751 5299 2620 1282 2865 4411 12046
internal_value=-0.000183305 0.029499 -0.0205138 0.0213812 -0.00827503 0.0288021 0.0582419 0.0243854 -0.0331231 -0.0138907 0.00414467 0.0114107 0.0192291 -0.0346299
internal_weight=4545.19 1847.65 2697.54 1440.74 1368.88 1007.13 406.907 806.859 1328.66 1065.06 433.607 303.825 605.067 1247.06
internal_count=52006 16910 35096 13951 16622 9283 2959 7583 18474 13391 4668 3231 5832 17345
cat_boundaries=0 1
cat_threshold=64
is_linear=0
shrinkage=0.05


Tree=8
num_leaves=15
num_cat=1
split_feature=3 4 4 4 8 5 1 3 9 0 5 8 0 10
split_gain=985.062 158.619 145.967 55.1211 42.9994 36.1613 21.1292 20.6746 20.0874 20.0096 32.1998 18.9087 18.4222 18.1819
threshold=3.5000000000000004 6.5500000000000007 2.3666666666666671 3.6333333333333337 7.5000000000000009 inf 54.750000000000007 5.5000000000000009 1.0000000180025095e-35 3.5000000000000004 1.0000000180025095e-35 19.500000000000004 9.5000000000000018 0
decision_type=10 10 8 10 2 8 10 10 10 2 10 2 2 1
left_child=2 3 5 -2 9 6 -1 -3 -7 -4 13 -5 -6 -11
right_child=1 7 4 11 12 8 -8 -9 -10 10 -12 -13 -14 -15
leaf_value=0.014079507063287084 0.010737553414633526 -0.013423912907996639 0.019043595656365056 -0.010114105698227132 0.0066214096228135663 0.0083192114961472292 0.041978363913382555 -0.034497251607035803 0.062789276219391454 0.080092720729169065 0.020327692556355553 -0.027212886944569487 0.091990224222837313 0.023406875273034658
leaf_weight=85.844352558255196 306.56744958460331 129.33585719764233 353.08398518711329 853.41863280534744 602.63204020261765 18.072904765605927 324.04558007419109 1162.647412724793 266.6485156416893 47.478855974972248 121.4287883117795 199.47754930704832 6.3864683508872977 60.764726020395756
leaf_count=721 3231 1739 3346 10771 6267 126 2588 16735 1802 374 1122 2620 62 502
internal_value=-0.000193433 -0.0198429 0.0274253 -0.00792088 0.016807 0.0456436 0.0361354 -0.0323877 0.0593317 0.026516 0.0380036 -0.0133536 0.00751663 0.0578327
internal_weight=4537.83 2651.45 1886.39 1359.46 1191.77 694.611 409.89 1291.98 284.721 582.756 229.672 1052.9 609.019 108.244
internal_count=52006 35096 16910 16622 11673 5237 3309 18474 1928 5344 1998 13391 6329 876
cat_boundaries=0 1
cat_threshold=1411
is_linear=0
shrinkage=0.05


Tree=9
num_leaves=15
num_cat=2
split_feature=3 4 3 7 4 8 8 5 9 0 10 11 8 8
split_gain=886.775 150.898 129.581 51.8243 50.9883 43.0748 25.2847 25.0882 29.2563 23.6889 21.0089 20.6352 20.4211 20.1443
threshold=3.5000000000000004 6.5500000000000007 1.5000000000000002 39.410000000000011 3.3666666666666671 9.5000000000000018 11.500000000000002 0.87500000000000011 1.0000000180025095e-35 3.5000000000000004 0 1 15.500000000000002 9.5000000000000018
decision_type=10 10 8 10 10 2 2 8 10 2 1 1 2 2
left_child=2 4 5 11 -2 7 -5 -1 -9 -10 -3 -4 -6 -13
right_child=1 10 3 6 12 -7 -8 8 9 -11 -12 13 -14 -15
leaf_value=0.029796515565073369 0.014830154013600766 -0.0036885561429707415 0.016260621601306827 0.014003788862333317 -0.0070081092362978062 0.023423623014324796 -0.0067996071349090415 0.0085267134061046499 0.042802873956671733 0.071836445708183788 -0.033215866642139678 0.04096568135020906 -0.021180440165365067 0.015029476820567692
leaf_weight=96.000434994697571 213.67485619336367 79.077140897512436 296.2572475746274 384.77927030622959 753.13147002458572 178.32688459008932 235.42470601946115 26.929463848471642 102.27264933288097 224.42335473746061 1177.7816546708345 274.45513709634542 383.66028445214033 102.94686612486839
leaf_count=738 2149 1129 2756 3497 9433 1607 2530 196 737 1514 17345 2334 5040 1001
internal_value=-0.000188816 -0.0191833 0.0255809 0.016536 -0.00757908 0.0442175 0.00610698 0.0524646 0.0586184 0.0627474 -0.0316517 0.0261376 -0.0117912 0.0338909
internal_weight=4529.14 2607.33 1921.82 1293.86 1350.47 627.953 620.204 449.626 353.625 326.696 1256.86 673.659 1136.79 377.402
internal_count=52006 35096 16910 12118 16622 4792 6027 3185 2447 2251 18474 6091 14473 3335
cat_boundaries=0 1 2
cat_threshold=64 2
is_linear=0
shrinkage=0.05


Tree=10
num_leaves=15
num_cat=1
split_feature=3 4 4 3 7 8 7 2 1 6 8 5 0 10
split_gain=806.511 172.207 91.6509 61.1764 34.2254 28.3794 34.1442 26.7993 24.9914 29.5836 21.4813 19.9823 20.0902 19.6395
threshold=4.5000000000000009 2.3666666666666671 6.5500000000000007 2.5000000000000004 39.763333333333343 2.5000000000000004 39.745000000000012 26.500000000000004 55.500000000000007 3.6050000000000009 10.500000000000002 2.2500000000000004 3.5000000000000004 0
decision_type=10 8 10 10 10 2 10 10 10 8 2 8 2 1
left_child=1 4 7 11 8 6 -5 -2 -1 10 -10 -3 -13 -4
right_child=2 3 13 5 -6 -7 -8 -9 9 -11 -12 12 -14 -15
leaf_value=0.033777402251812659 -0.016446894197075734 0.0096961273240504797 -0.0034872371174004208 0.062488176786665066 0.025276678544235865 -0.0024914897638751402 -0.00058224183136581403 0.0013966409353513975 0.056944968181610711 0.087257443931038944 0.020925369153786646 0.016864222746825069 0.036442396077212051 -0.033190262405994195
leaf_weight=197.28421401232481 690.18284969776869 282.09071334451437 73.837716571986675 39.055701315402985 266.18640288710594 701.13054372370243 47.627130016684532 302.72291853278875 177.01788285374641 62.661606267094612 54.02542170137167 274.95545514672995 250.33085967600346 1102.0802476331592
leaf_count=1410 8777 2726 1062 393 2081 7818 495 3754 1217 363 411 2530 2222 16747
internal_value=-0.000199053 0.0200782 -0.0221923 0.0107578 0.0397141 0.000845288 0.0278347 -0.0110067 0.0475412 0.0567865 0.0485224 0.0204301 0.0261944 -0.0316371
internal_weight=4521.19 2352.37 2168.82 1595.19 757.176 787.813 86.6828 992.906 490.989 293.705 231.043 807.377 525.286 1175.92
internal_count=52006 21666 30340 16184 5482 8706 888 12531 3401 1991 1628 7478 4752 17809
cat_boundaries=0 1
cat_threshold=64
is_linear=0
shrinkage=0.05


Tree=11
num_leaves=15
num_cat=1
split_feature=3 4 4 3 7 8 7 2 6 2 10 5 0 8
split_gain=730.881 148.587 87.7206 53.8813 30.451 25.041 28.6975 24.7292 21.6185 21.99 18.8345 17.2803 17.0864 17.8248
threshold=4.5000000000000009 2.3666666666666671 6.5500000000000007 2.5000000000000004 40.345000000000006 2.5000000000000004 39.745000000000012 26.500000000000004 3.2050000000000005 32.500000000000007 0 2.2500000000000004 3.5000000000000004 6.5000000000000009
decision_type=10 8 10 10 10 2 10 10 8 10 1 8 2 2
left_child=1 4 7 11 8 6 -5 -2 -1 -10 -4 -3 -13 -14
right_child=2 3 10 5 -6 -7 -8 -9 9 -11 -12 12 13 -15
leaf_value=0.036576483278149573 -0.015844247217590774 0.0091418288392871739 -0.0033426118180722589 0.056530537713638168 0.015904618390491041 -0.0023717400134138245 -0.00055338756269257897 0.0013252483876918205 0.073009363370080183 0.030823153992828728 -0.032474895963442475 0.015814830132712569 0.0488398771329338 0.02224742540543569
leaf_weight=494.79672106355429 680.85520739853382 284.17967109382153 73.61924647539854 40.960741050541401 142.73546309769154 699.74078921228647 47.605525359511375 303.07013858109713 92.399241767823696 46.404138378798962 1071.0554364174604 278.44711856544018 110.62408383190632 146.42378917336464
leaf_count=3522 8777 2726 1062 393 1130 7818 495 3754 550 280 16747 2530 830 1392
internal_value=-0.000207568 0.0188045 -0.0215036 0.0101317 0.0367681 0.000798655 0.0258472 -0.0105557 0.0414682 0.0589059 -0.0309142 0.0191075 0.0243961 0.0336919
internal_weight=4512.92 2384.32 2128.6 1607.98 776.336 788.307 88.5663 983.925 633.6 138.803 1144.67 819.675 535.495 257.048
internal_count=52006 21666 30340 16184 5482 8706 888 12531 4352 830 17809 7478 4752 2222
cat_boundaries=0 1
cat_threshold=64
is_linear=0
shrinkage=0.05


Tree=12
num_leaves=15
num_cat=1
split_feature=3 4 4 3 7 8 2 7 8 6 0 10 4 6
split_gain=662.739 128.699 83.8463 47.5447 25.9513 23.1687 22.8015 21.0054 22.9045 18.3132 18.9164 18.0425 15.6542 17.4478
threshold=4.5000000000000009 2.3666666666666671 6.5500000000000007 2.5000000000000004 40.345000000000006 17.500000000000004 26.500000000000004 39.610000000000014 2.5000000000000004 3.2050000000000005 3.5000000000000004 0 4.1000000000000005 0.39500000000000007
decision_type=10 8 10 10 10 2 10 10 2 8 2 1 10 8
left_child=1 4 6 -3 9 7 12 8 -5 -1 -11 -4 -2 -14
right_child=2 3 11 5 -6 -7 -8 -9 -10 10 -12 -13 13 -15
leaf_value=0.033914776537091261 -0.0012080698031185638 0.017893110588649171 -0.0032036789730286695 0.050464831307890014 0.014939419038764857 -0.016128602243119041 0.0012575804317961643 -0.0025105170743755707 0.0096069881407680243 0.028979605235238789 0.067268173401112102 -0.031759677287998528 0.034435875289301025 -0.020963744703127257
leaf_weight=506.62935515493155 153.11312794685364 831.11415663361549 73.410326659679413 40.78220646828413 144.31732442975044 161.56983822584152 303.39989069104195 370.54199007898569 215.8442802503705 49.04926847666502 94.23118332773447 1041.4026310816407 14.624584123492239 504.22402802854776
leaf_count=3522 1759 7478 1062 374 1130 1947 3754 4060 2325 309 521 16747 195 6823
internal_value=-0.000214128 0.0176321 -0.0208259 0.00954825 0.0341192 0.000755045 -0.0101196 0.00510458 0.0161 0.0383783 0.0541608 -0.0301929 -0.0152565 -0.0194022
internal_weight=4504.25 2414.08 2090.17 1619.85 794.227 788.738 975.362 627.168 256.626 649.91 143.28 1114.81 671.962 518.849
internal_count=52006 21666 30340 16184 5482 8706 12531 6759 2699 4352 830 17809 8777 7018
cat_boundaries=0 1
cat_threshold=64
is_linear=0
shrinkage=0.05


Tree=13
num_leaves=15
num_cat=1
split_feature=3 4 4 3 7 4 2 1 8 3 10 2 7 5
split_gain=601.282 111.928 80.0141 42.0131 23.0232 21.2203 21.0176 19.5645 21.4367 17.2849 21.4578 19.8058 15.8846 14.8215
threshold=4.5000000000000009 2.3666666666666671 6.5500000000000007 2.5000000000000004 39.763333333333343 4.1000000000000005 26.500000000000004 55.500000000000007 10.500000000000002 7.5000000000000009 0 161.50000000000003 39.422500000000007 2.2500000000000004
decision_type=10 8 10 10 10 10 10 10 2 10 1 10 10 8
left_child=1 4 6 13 7 12 -2 -1 -9 10 -4 -11 -5 -3
right_child=2 3 9 5 -6 -7 -8 8 -10 11 -12 -13 -14 -15
leaf_value=0.026078281443807451 -0.014687531401305113 0.0076186017441885467 0.006357089545665425 0.021957818042504906 0.02015179889586087 -0.0076352964551714246 0.001193437886232016 0.052023284825392029 0.019119345741835794 -0.034906845221315895 -0.025752704673228505 0.013821409984507219 0.0012708570858635567 0.021577920389698427
leaf_weight=211.6068864390254 663.43290942162275 290.05583433061838 66.242511190474033 145.52088867127895 280.60593066364527 387.44703946262598 303.71305583417416 257.24488618969917 61.294002518057823 745.4535513818264 253.12971417233348 21.453200660645962 256.10501092672348 552.08792540431023
leaf_count=1410 8777 2726 1009 1427 2081 4606 3754 1558 433 12456 4013 331 2673 4752
internal_value=-0.000219188 0.0165493 -0.0201606 0.00900264 0.0317331 0.000712889 -0.00970043 0.0378631 0.0456918 -0.0294736 -0.0197 -0.0335437 0.00876635 0.01677
internal_weight=4495.39 2441.97 2053.42 1631.22 810.752 789.073 967.146 530.146 318.539 1086.28 319.372 766.907 401.626 842.144
internal_count=52006 21666 30340 16184 5482 8706 12531 3401 1991 17809 5022 12787 4100 7478
cat_boundaries=0 1
cat_threshold=112
is_linear=0
shrinkage=0.05


Tree=14
num_leaves=15
num_cat=2
split_feature=4 4 3 5 3 9 10 10 5 7 8 4 8 1
split_gain=547.969 101.572 85.078 33.5154 27.6478 23.9878 49.6645 23.6859 22.8988 22.2665 20.0527 19.9272 18.8179 18.6546
threshold=4.9000000000000012 2.3666666666666671 6.5000000000000009 0.075000000000000025 2.5000000000000004 1.0000000180025095e-35 0 1 1.6250000000000002 40.690000000000012 15.500000000000002 8.2250000000000014 19.500000000000004 54.750000000000007
decision_type=10 8 10 10 10 10 1 1 8 10 2 10 2 10
left_child=1 9 4 7 8 6 -4 -3 -2 -1 13 -7 -6 -5
right_child=2 3 5 10 12 11 -8 -9 -10 -11 -12 -13 -14 -15
leaf_value=0.032336871909786506 -0.0071505124812425661 0.028023812705942883 0.035138527001568318 -0.0054138500478615424 -0.0064392545816619046 -0.025526278291180118 -0.025472504612901445 0.006771753307494569 0.037044451219212175 0.0065260449516682988 -0.0094877067182281213 -0.039771603314598281 -0.025475602584082841 0.011095920405274892
leaf_weight=744.36719025671482 58.498320408165455 282.738450281322 37.106239758431911 233.52218238264322 509.7652228102088 596.55118903890252 116.09498238936067 277.83366310596466 58.739935219287872 94.123766846954823 245.63308360427618 417.16868338733912 174.17877969890833 640.05697848647833
leaf_count=4875 567 2501 578 2465 6762 9437 1914 2462 535 728 2895 7163 2479 6645
internal_value=-0.000221384 0.0152266 -0.0199878 0.00813203 -0.00744165 -0.0286017 -0.0101612 0.0181115 0.0149925 0.0294395 0.0031337 -0.0313886 -0.0112872 0.00668259
internal_weight=4486.38 2518.28 1968.1 1679.78 801.182 1166.92 153.201 560.572 117.238 838.491 1119.21 1013.72 683.944 873.579
internal_count=52006 22571 29435 16968 10343 19092 2492 4963 1102 5603 12005 16600 9241 9110
cat_boundaries=0 1 2
cat_threshold=1347 1333
is_linear=0
shrinkage=0.05


Tree=15
num_leaves=15
num_cat=2
split_feature=3 3 4 4 8 1 8 7 2 10 5 9 3 10
split_gain=499.221 93.5651 72.3524 47.8462 25.7949 22.8051 19.246 19.068 18.9759 17.2818 15.4986 21.5939 15.0737 14.7489
threshold=4.5000000000000009 1.5000000000000002 6.5500000000000007 3.2250000000000005 9.5000000000000018 55.500000000000007 17.500000000000004 39.64500000000001 26.500000000000004 0 0.87500000000000011 1.0000000180025095e-35 8.5000000000000018 1
decision_type=10 8 10 10 2 10 2 10 10 1 8 10 10 1
left_child=1 4 8 5 10 -3 13 -7 -2 -4 -1 -12 -11 -5
right_child=2 3 9 6 -6 7 -8 -9 -10 12 11 -13 -14 -15
leaf_value=0.019067597848978754 -0.013785141803652557 0.0083153720612139815 -0.0017176718798790616 0.016035579852399808 0.014684092318229775 0.031079473080824201 -0.015166890707871221 0.011131262037807933 0.0013682120912260924 -0.023158089839750717 -0.00038136217047618677 0.043764386098945986 -0.035721789126160509 -0.0014636260219168019
leaf_weight=106.70249240845442 650.26796996593475 518.43980683386326 71.219910062849522 158.10533508658409 196.18412661552429 305.66931835561991 180.06343706697226 197.0010346993804 302.79977954924107 438.34128650650382 29.917405970394611 373.89262028038502 524.29348684474826 424.3723753541708
leaf_count=738 8777 4428 1062 1707 1607 2323 2173 1690 3754 7403 196 2251 9344 4553
internal_value=-0.000216459 0.0146967 -0.0189082 0.00859632 0.0300937 0.0156731 -0.000880077 0.0232616 -0.00897076 -0.0280691 0.0360154 0.0404937 -0.0296924 0.00353646
internal_weight=4477.27 2490.35 1986.92 1783.65 706.697 1021.11 762.541 502.67 953.068 1033.85 510.513 403.81 962.635 582.478
internal_count=52006 21666 30340 16874 4792 8441 8433 4013 12531 17809 3185 2447 16747 6260
cat_boundaries=0 1 2
cat_threshold=64 515
is_linear=0
shrinkage=0.05


Tree=16
num_leaves=15
num_cat=1
split_feature=4 3 3 4 1 9 10 3 2 8 5 4 8 8
split_gain=456.523 80.4661 77.4448 36.616 26.9763 23.5316 48.5515 23.5297 20.2801 20.8368 19.5901 19.3829 17.3609 17.1796
threshold=4.9000000000000012 1.5000000000000002 6.5000000000000009 3.2250000000000005 56.750000000000007 1.0000000180025095e-35 0 2.5000000000000004 12.500000000000002 9.5000000000000018 1.6250000000000002 8.2250000000000014 17.500000000000004 19.500000000000004
decision_type=10 8 10 10 10 10 1 10 10 2 8 10 2 2
left_child=1 8 7 4 -3 6 -4 10 -1 -10 -2 -7 -5 -9
right_child=2 3 5 12 -6 11 -8 13 9 -11 -12 -13 -14 -15
leaf_value=0.059919400560509456 -0.0069953344781874391 0.0090989761116252576 0.039376895472870752 0.0032838617509455392 0.026224622912625742 -0.024243133825654989 -0.02315305501914388 -0.0057990301421395156 0.031253720522745679 0.010222112963115787 0.033576859988105938 -0.038670562324182985 -0.016474987056621281 -0.024260823059588744
leaf_weight=47.378385692834854 58.329518720507622 810.89085388928652 31.695431835949421 620.21383185684681 320.96482120454311 573.55367609113455 116.94824197515845 503.63572896271944 471.03354440629482 157.02797943353653 60.727998837828636 391.84376001730561 135.44909437000751 168.0580537840724
leaf_count=310 567 6916 480 7005 2537 9437 2012 6762 2867 1231 535 7163 1705 2479
internal_value=-0.000213875 0.0135649 -0.0187536 0.00826515 0.0139554 -0.0272476 -0.00872828 -0.00678697 0.028375 0.0259954 0.0136994 -0.0300991 -0.000257821 -0.0104182
internal_weight=4467.75 2562.96 1904.79 1887.52 1131.86 1114.04 148.644 790.751 675.44 628.062 119.058 965.397 755.663 671.694
internal_count=52006 22571 29435 18163 9453 19092 2492 10343 4408 4098 1102 16600 8710 9241
cat_boundaries=0 1
cat_threshold=1345
is_linear=0
shrinkage=0.05


Tree=17
num_leaves=15
num_cat=2
split_feature=3 3 4 7 8 2 6 8 10 7 9 10 0 6
split_gain=414.696 99.3475 50.1239 36.8613 29.9222 24.6419 23.2266 23.0476 25.7175 18.8508 18.1084 44.6429 24.3483 21.7168
threshold=5.5000000000000009 2.5000000000000004 6.9000000000000012 39.663333333333341 17.500000000000004 38.500000000000007 3.7050000000000005 14.500000000000002 0 40.310000000000009 1.0000000180025095e-35 1 4.5000000000000009 0.94500000000000017
decision_type=10 10 10 8 2 10 8 2 1 10 10 1 2 8
left_child=1 3 -2 5 9 6 -1 8 -5 -3 11 12 -4 -14
right_child=2 4 10 7 -6 -7 -8 -9 -10 -11 -12 -13 13 -15
leaf_value=0.028099135914216502 -0.01147803820913388 0.0093650770891199314 -0.0035184004240357211 0.022496909597135507 -0.015130408103059332 0.011181939704741316 0.055619099639101555 -0.010588726565800864 0.003839942763177031 -0.0048374085679005283 -0.032357998852278441 -0.026346605857317698 0.24320872063100774 0.072267562743337163
leaf_weight=466.92079872637987 740.83557743579149 653.16839967668056 9.9393617361783999 468.69479103386402 246.56304083392024 176.40019697695971 91.733805909752846 97.506165057420731 326.51375292241573 363.74769499152899 711.8358667306602 90.205217313021421 2.1888837032020065 12.290564704686403
leaf_count=3352 10482 6925 152 3542 3273 1154 476 953 2615 4129 13088 1644 34 187
internal_value=-0.00021106 0.0110161 -0.0209223 0.0191818 0.000496072 0.0274738 0.032618 0.0123543 0.0151675 0.00428489 -0.0293881 -0.0109442 0.0402569 0.098109
internal_weight=4458.54 2891.25 1567.3 1627.77 1263.48 735.055 558.655 892.715 795.209 1016.92 826.46 114.624 24.4188 14.4794
internal_count=52006 26419 25587 12092 14327 4982 3828 7110 6157 11054 15105 2017 373 221
cat_boundaries=0 1 2
cat_threshold=1333 1345
is_linear=0
shrinkage=0.05


Tree=18
num_leaves=15
num_cat=1
split_feature=4 3 4 5 2 10 3 3 7 5 2 7 7 0
split_gain=382.237 69.4561 63.8909 23.509 22.8625 19.7161 19.5024 17.8768 17.1508 17.0469 19.1745 22.9731 16.6775 16.3855
threshold=4.9000000000000012 6.5000000000000009 2.3666666666666671 0.075000000000000025 176.50000000000003 0 2.5000000000000004 8.5000000000000018 40.363333333333344 2.2500000000000004 18.500000000000004 39.163333333333348 38.310000000000009 4.5000000000000009
decision_type=10 10 8 10 10 1 10 10 10 8 10 10 10 2
left_child=2 6 8 5 7 -4 9 -3 -1 -2 11 -11 -8 -5
right_child=1 4 3 13 -6 -7 12 -9 -10 10 -12 -13 -14 -15
leaf_value=0.026228315673872522 -0.0051039040981879745 -0.019262778021984825 0.028626063066490483 0.0073847766084862935 0.026297774538969955 0.0080425196867729178 0.014909714634125444 -0.032509158702417246 0.0078795641430514218 0.13648650360142753 0.0018304415818668211 0.034535209461011844 -0.012232917421168199 -0.0048201211692530232
leaf_weight=732.57269316911697 65.70905689150095 439.93046815320849 169.73415035754442 660.83727996051311 20.56938761100173 413.17555219680071 62.499608021229506 604.94844434037805 154.15160474926233 7.4234866052866009 26.586567379534245 21.612163528800011 598.89342329278588 471.00001914799213
leaf_count=4470 631 7580 1441 6864 311 3522 823 11201 1133 60 223 188 8418 5141
internal_value=-0.00020992 -0.0175964 0.012142 0.00650728 -0.0259043 0.0146652 -0.00628763 -0.026932 0.0230385 0.0121393 0.0325095 0.0606009 -0.00966802 0.00230586
internal_weight=4449.64 1848.17 2601.47 1714.75 1065.45 582.91 782.724 1044.88 886.724 121.331 55.6222 29.0357 661.393 1131.84
internal_count=52006 29435 22571 16968 19092 4963 10343 18781 5603 1102 471 248 9241 12005
cat_boundaries=0 1
cat_threshold=1313
is_linear=0
shrinkage=0.05


Tree=19
num_leaves=15
num_cat=2
split_feature=3 3 4 7 8 9 1 8 4 10 9 10 0 6
split_gain=347.561 79.5456 46.3682 29.8866 26.9041 22.2597 20.8955 19.5298 18.5751 18.466 17.6337 40.4232 19.4761 17.3923
threshold=5.5000000000000009 2.5000000000000004 6.9000000000000012 39.663333333333341 21.500000000000004 1.0000000180025095e-35 53.500000000000007 14.500000000000002 1.2916666666666667 0 1.0000000180025095e-35 1 4.5000000000000009 1.9550000000000001
decision_type=10 10 10 8 2 10 10 2 10 1 10 1 2 8
left_child=1 3 -2 5 -3 -1 -5 9 -7 -8 11 12 -4 -14
right_child=2 4 10 6 -6 8 7 -9 -10 -11 -12 -13 13 -15
leaf_value=-0.0055001912081948066 -0.010542220583356365 0.0027731135035937698 -0.0023199964790414536 -0.020171473638868946 -0.02206011387897969 0.040426544088059346 0.00024159082660408951 -0.0090820922462324406 0.021952816238546235 0.019380271225788968 -0.031093802845210794 -0.02507106001567579 0.13678742746698036 0.030426925543523328
leaf_weight=57.523927137255669 726.37253268063068 1143.9015514031053 9.7246774621307868 50.971138432621956 120.56189902871847 185.29002064466476 169.82187059521675 91.258848033845425 512.23290137201548 595.29433126747608 676.13993739336729 86.121611341834068 8.3744151890277827 7.1041649729013452
leaf_count=392 10482 12649 152 427 1678 946 1388 893 3644 4402 13088 1644 117 104
internal_value=-0.000203373 0.00985664 -0.0196534 0.0170456 0.000405357 0.0243948 0.0109299 0.0127811 0.0268602 0.0153888 -0.0280578 -0.00961833 0.0380394 0.0879714
internal_weight=4440.69 2926.86 1513.84 1662.39 1264.46 755.047 907.346 856.375 697.523 765.116 787.465 111.325 25.2033 15.4786
internal_count=52006 26419 25587 12092 14327 4982 7110 6683 4590 5790 15105 2017 373 221
cat_boundaries=0 1 2
cat_threshold=584 1345
is_linear=0
shrinkage=0.05


Tree=20
num_leaves=15
num_cat=2
split_feature=4 3 3 5 7 6 1 8 9 10 2 8 10 3
split_gain=320.605 64.0068 51.788 32.8151 30.5208 22.911 20.9762 19.5818 18.3787 39.8287 16.5617 16.0515 15.3419 15.635
threshold=4.9000000000000012 8.5000000000000018 1.5000000000000002 1.0000000180025095e-35 40.645000000000017 0.34500000000000008 56.750000000000007 15.500000000000002 1.0000000180025095e-35 0 12.500000000000002 9.5000000000000018 1 5.5000000000000009
decision_type=10 10 8 10 10 10 10 2 10 1 10 2 1 10
left_child=2 3 10 5 6 -2 -4 -8 9 -3 -1 -12 -5 -14
right_child=1 8 4 12 -6 -7 7 -9 -10 -11 11 -13 13 -15
leaf_value=0.049990427629938321 0.12303149427884018 -0.027990655223574076 0.0061100104617682277 0.0023474987719946236 -0.0066972463090525097 0.013228823877129259 0.024132923858804042 -0.0038869314892279157 -0.033792202203598062 0.037470009688458476 0.02480191613619407 0.0067349752998033391 -0.0073240330621224259 -0.020205837745323564
leaf_weight=50.66311801970005 5.0403570123016825 65.316599015146494 1150.124084122479 160.5328123010695 350.59141276776791 82.667487747967243 348.3424411341548 75.948275312781334 497.37878727167845 24.282891750335693 496.16272580623627 163.43291687220335 412.82513659447432 548.53441964462399
leaf_count=310 62 1259 10743 2259 3706 957 2853 861 9766 352 2867 1231 5340 9440
internal_value=-0.000201822 -0.0164892 0.010902 -0.00991493 0.00664444 0.0195389 0.00961537 0.0191174 -0.0300371 -0.0091918 0.0224414 0.0203253 -0.0122176 -0.0145231
internal_weight=4431.84 1796.58 2635.26 1209.6 1925.01 87.7078 1574.41 424.291 586.978 89.5995 710.259 659.596 1121.89 961.36
internal_count=52006 29435 22571 18058 18163 1019 14457 3714 11377 1611 4408 4098 17039 14780
cat_boundaries=0 1 2
cat_threshold=698 96
is_linear=0
shrinkage=0.05


Tree=21
num_leaves=15
num_cat=1
split_feature=4 3 4 5 8 1 7 2 4 2 10 8 3 0
split_gain=291.301 60.8424 47.3739 29.6645 27.0618 20.007 18.9372 18.2688 15.8659 23.6913 14.1588 15.65 13.7432 13.0051
threshold=4.9000000000000012 8.5000000000000018 1.7750000000000001 1.0000000180025095e-35 12.500000000000002 56.750000000000007 39.463333333333345 176.50000000000003 6.291666666666667 30.500000000000004 0 15.500000000000002 2.5000000000000004 3.5000000000000004
decision_type=10 10 8 10 2 10 8 10 10 8 1 2 8 2
left_child=2 3 13 6 5 12 8 -3 -2 -10 -5 -12 -4 -1
right_child=1 7 4 10 -6 -7 -8 -9 9 -11 11 -13 -14 -15
leaf_value=0.0099800012365131776 0.021651616494440796 -0.030612320565685348 0.014481343017740645 0.002232770445714466 -0.0028869415123730989 0.019649572309827383 0.0001750064144026083 0.033071461642067659 0.13328165913510712 -0.024589945662091189 -0.0081424124342809965 -0.02101453065133857 0.0030249345286009208 0.02802914264261111
leaf_weight=132.61313689500093 21.497233089059591 559.88179058581591 393.31559423357248 160.84807850793004 527.77527956664562 412.9050130173564 55.154995858669281 11.492569636553524 9.2269464991986716 3.2007652260363111 508.18394918367267 441.08822492882609 782.7390144392848 403.3707594498992
leaf_count=759 217 11201 2898 2259 5826 3284 654 176 109 39 7515 7265 7579 2225
internal_value=-0.000198004 -0.0159037 0.0102849 -0.00950589 0.00692256 0.0101808 0.0182553 -0.0293314 0.0476501 0.0926217 -0.0117335 -0.0139763 0.00685638 0.0235634
internal_weight=4423.29 1770.57 2652.72 1199.2 2116.73 1588.96 89.0799 571.374 33.9249 12.4277 1110.12 949.272 1176.05 535.984
internal_count=52006 29435 22571 18058 19587 13761 1019 11377 365 148 17039 14780 10477 2984
cat_boundaries=0 1
cat_threshold=96
is_linear=0
shrinkage=0.05


Tree=22
num_leaves=15
num_cat=2
split_feature=3 3 4 7 8 2 1 6 9 10 6 11 0 8
split_gain=268.347 58.4362 41.1922 23.175 22.9995 20.3326 18.1236 17.519 16.4685 35.3193 16.1879 16.4267 15.5582 15.2482
threshold=5.5000000000000009 2.5000000000000004 6.9000000000000012 39.663333333333341 21.500000000000004 38.500000000000007 53.500000000000007 3.7050000000000005 1.0000000180025095e-35 0 0.26125000000000004 1 4.5000000000000009 13.500000000000002
decision_type=10 10 10 8 2 10 10 8 10 1 8 1 2 2
left_child=1 3 10 5 -3 7 -5 -1 9 -4 11 -2 -11 -8
right_child=2 4 8 6 -6 -7 13 -9 -10 12 -12 -13 -14 -15
leaf_value=0.021504670143767359 0.13242889778399955 0.0024109035443319188 -0.024874458438813599 -0.019965388759149251 -0.020875312728706092 0.0063331289553603858 0.01321200678761294 0.044690258862328941 -0.029243933388820437 -0.00090486365226072156 -0.010142764701147612 -0.00041539979889456481 0.071808672733777834 -0.0071296524771045844
leaf_weight=496.02572508901358 4.0127841010689735 1149.4899392388761 77.070326324552298 50.707184463739395 116.81370856240392 185.11923567205667 770.69222524762154 97.484714694321156 629.07345170155168 12.34277116507292 697.57892840728164 5.5393551066517812 18.209797352552414 104.63452470302582
leaf_count=3352 54 12649 1566 427 1678 1154 5662 476 13088 203 10354 74 248 1021
internal_value=-0.000194704 0.00839883 -0.0178776 0.0144427 0.000262802 0.0208005 0.00909685 0.0253129 -0.0261518 -0.00807797 -0.00925751 0.0553915 0.0319697 0.0107804
internal_weight=4414.79 2970.97 1443.83 1704.66 1266.3 778.63 926.034 593.51 736.696 107.623 707.131 9.55214 30.5526 875.327
internal_count=52006 26419 25587 12092 14327 4982 7110 3828 15105 2017 10482 128 451 6683
cat_boundaries=0 1 2
cat_threshold=700 2
is_linear=0
shrinkage=0.05


Tree=23
num_leaves=15
num_cat=1
split_feature=3 4 4 1 8 8 5 4 1 2 9 9 10 7
split_gain=244.81 52.2569 39.1525 26.9365 22.793 20.2084 17.8151 20.2717 16.499 16.0575 17.2231 15.3743 19.0555 15.1108
threshold=5.5000000000000009 3.5500000000000003 6.9000000000000012 55.500000000000007 7.5000000000000009 21.500000000000004 1.0000000180025095e-35 3.6333333333333337 52.500000000000007 31.500000000000004 1.0000000180025095e-35 1.0000000180025095e-35 0 39.463333333333345
decision_type=10 10 10 10 2 2 10 10 10 10 10 10 1 8
left_child=1 3 11 8 13 6 7 -3 -1 -4 -11 12 -2 -5
right_child=2 5 9 4 -6 -7 -8 -9 -10 10 -12 -13 -14 -15
leaf_value=-0.023578374216053424 -0.0062463277941322941 -0.042326663405704651 -0.0287498907402505 0.033744632414531232 0.0090070411355849429 -0.019263341533987132 -0.0011226200609506895 0.024179030170697391 0.0080448647326347399 0.023458020883725429 -0.020042929251785677 -0.011597973901304246 0.040272155801521416 0.017979557403494134
leaf_weight=43.408326260745525 59.812066532671452 12.591528840363024 603.17893505096436 253.8418265581131 395.83860728144646 130.59178270027041 814.68194848671556 127.28822562843561 828.12108976393938 30.991154529154301 85.605977345257998 617.59903585165739 24.191720619797707 378.84679813683033
leaf_count=354 882 110 12856 1449 3066 1829 9486 1198 6316 489 1760 9284 316 2611
internal_value=-0.00019433 0.00793773 -0.0172735 0.0129371 0.0184172 -0.00081598 0.00170777 0.0181924 0.0064698 -0.0254664 -0.00848051 -0.00886825 0.0112007 0.0243047
internal_weight=4406.59 2985.21 1421.38 1900.06 1028.53 1085.15 954.562 139.88 871.529 719.776 116.597 701.603 84.0038 632.689
internal_count=52006 26419 25587 13796 7126 12623 10794 1308 6670 15105 2249 10482 1198 4060
cat_boundaries=0 1
cat_threshold=690
is_linear=0
shrinkage=0.05


Tree=24
num_leaves=15
num_cat=3
split_feature=4 3 4 5 0 6 9 10 7 2 5 10 1 10
split_gain=223.976 54.3114 35.3349 24.0348 22.679 17.2976 17.166 35.0753 16.3532 17.7343 16.0786 19.7133 15.6963 14.003
threshold=4.9000000000000012 8.5000000000000018 1.7750000000000001 1.0000000180025095e-35 4.5000000000000009 0.34500000000000008 1.0000000180025095e-35 0 40.645000000000017 116.50000000000001 inf 1 56.750000000000007 2
decision_type=10 10 8 10 2 10 10 1 10 8 8 1 10 1
left_child=2 3 -1 5 8 -2 7 -3 12 -10 -6 -12 -4 -5
right_child=1 6 4 13 10 -7 -8 -9 9 -11 11 -13 -14 -15
leaf_value=0.020088224959970216 0.10039237029023698 0.037002250047587101 0.0091181801027187832 -0.0033750875446837783 -0.0048985081572455406 0.010686450586451166 -0.031468051406027368 -0.025339649529129121 -0.0047363952157450685 0.054359092892206418 -0.0059206082665316353 0.028144625180256962 0.023285087328337787 -0.0151599383378487
leaf_weight=550.56205195188522 5.7350800298154345 23.24411865323782 879.93649681657553 450.02104051783681 592.88127553462982 85.309522725641727 449.63796837627888 62.251081638038158 245.0326879248023 13.389105118811129 78.000392861664295 82.259173668920994 251.3716101795435 628.61772690713406
leaf_count=2984 62 309 7734 6945 6080 957 9766 1302 2449 126 592 603 2003 10094
internal_value=-0.000186779 -0.014369 0.00878991 -0.00833268 0.00588707 0.0163372 -0.0275631 -0.00702624 0.00967373 -0.0016746 -0.00110026 0.0129514 0.012266 -0.010415
internal_weight=4398.25 1704.82 2693.43 1169.68 2142.87 91.0446 535.133 85.4952 1389.73 258.422 753.141 160.26 1131.31 1078.64
internal_count=52006 29435 22571 18058 19587 1019 11377 1611 12312 2575 7275 1195 9737 17039
cat_boundaries=0 1 2 3
cat_threshold=1345 748 102
is_linear=0
shrinkage=0.05


Tree=25
num_leaves=15
num_cat=1
split_feature=3 3 4 7 2 9 10 5 2 8 5 8 2 5
split_gain=205.887 44.2952 36.3322 29.2775 20.7333 17.1805 17.1152 16.2756 16.0949 15.2369 13.2626 12.7877 13.3025 11.9658
threshold=5.5000000000000009 1.5000000000000002 7.5500000000000007 39.410000000000011 161.50000000000003 1.0000000180025095e-35 0 0.075000000000000025 12.500000000000002 21.500000000000004 0.35000000000000003 7.5000000000000009 121.50000000000001 5.5000000000000009
decision_type=10 8 10 10 10 10 1 10 10 2 8 2 10 10
left_child=1 8 5 10 -4 6 -2 -7 -1 -5 -3 -10 -13 -9
right_child=2 3 4 9 -6 7 -8 13 11 -11 -12 12 -14 -15
leaf_value=0.042452704907857533 -0.012805180788696855 -0.0040782139691232736 -0.02768570677197842 -9.9864287139739087e-05 0.029772805481358539 0.014654470380064006 0.025863073642162105 -0.012441392319311429 0.020624774397991787 -0.02037263922361587 0.01198689170398666 0.0094911212455142668 -0.040741879298279743 -0.038658217420145663
leaf_weight=59.043520480394363 44.478874918073416 150.16832046583295 541.30938888341188 1080.868653960526 16.168928816914558 52.441426560282707 55.392157759517431 624.91586497053504 443.14517882466316 101.37812243774533 889.10659797489643 271.32697366178036 13.852248683571814 46.781584855169058
leaf_count=354 699 1460 12046 11118 270 806 796 10187 2425 1448 7601 1919 94 783
internal_value=-0.000181588 0.00715516 -0.0161611 0.00354348 -0.0260192 -0.00949161 0.00994913 -0.0121728 0.0173453 -0.00183826 0.00966559 0.0153099 0.00705111 -0.0142673
internal_weight=4390.38 3008.89 1381.49 2221.52 557.478 824.01 99.871 724.139 787.368 1182.25 1039.27 728.324 285.179 671.697
internal_count=52006 26419 25587 21627 12316 13271 1495 11776 4792 12566 9061 4438 2013 10970
cat_boundaries=0 1
cat_threshold=150
is_linear=0
shrinkage=0.05


Tree=26
num_leaves=15
num_cat=2
split_feature=4 3 4 5 0 9 10 1 5 10 7 2 7 4
split_gain=188.17 49.2997 28.6859 20.6254 20.2307 16.4677 32.194 15.7727 14.5673 14.8392 14.4437 13.8928 13.2651 12.7186
threshold=4.9000000000000012 8.5000000000000018 1.5500000000000003 1.0000000180025095e-35 4.5000000000000009 1.0000000180025095e-35 0 55.500000000000007 inf 1 39.463333333333345 28.500000000000004 37.963333333333345 6.291666666666667
decision_type=10 10 8 10 2 10 1 10 8 1 10 8 10 10
left_child=2 3 -1 10 7 6 -3 -4 -6 -10 13 -9 -5 -2
right_child=1 5 4 12 8 -7 -8 11 9 -11 -12 -13 -14 -15
leaf_value=0.019658090337720063 0.016515809142423687 0.035314942466595507 0.0044860895961598242 0.013796626752577867 -0.0043767438230156467 -0.030284142249836145 -0.024324511887058298 0.0091214332403482846 0.024175144269549947 -0.0041276496491512446 -0.00097967301330945111 0.023963907798689035 -0.010984497508430453 0.077439403702257228
leaf_weight=437.82108898460865 22.773795295506716 23.826038472354412 817.81811974942684 57.07082262635231 617.96397646516562 428.29340808093548 59.885536175221205 408.15260703116655 93.528805151581764 84.715174496173859 56.067245736718178 256.88748195022345 1004.1952571794391 13.732083011418579
leaf_count=2274 217 309 7271 818 6246 9766 1302 3527 652 626 654 1975 16221 148
internal_value=-0.000176319 -0.0134073 0.00793618 -0.00767749 0.00568433 -0.0263198 -0.006037 0.00913625 -0.000744526 0.0118482 0.0149569 0.0148547 -0.00965186 0.0394329
internal_weight=4382.73 1665.84 2716.89 1153.84 2279.07 512.005 83.7116 1482.86 796.208 178.244 92.5731 665.04 1061.27 36.5059
internal_count=52006 29435 22571 18058 20297 11377 1611 12773 7524 1278 1019 5502 17039 365
cat_boundaries=0 1 2
cat_threshold=1345 1299
is_linear=0
shrinkage=0.05


Tree=27
num_leaves=15
num_cat=2
split_feature=3 3 8 9 10 4 1 7 7 2 10 6 5 4
split_gain=173.781 49.3092 25.5259 23.1302 34.2609 24.3876 17.5942 15.2871 14.6193 16.4272 14.0831 13.7717 13.0713 19.6408
threshold=6.5000000000000009 2.5000000000000004 17.500000000000004 1.0000000180025095e-35 0 8.2250000000000014 53.500000000000007 40.690000000000012 39.663333333333341 38.500000000000007 1 0.3050000000000001 9.5000000000000018 7.7750000000000012
decision_type=10 10 2 10 1 10 8 10 8 10 1 8 8 10
left_child=1 6 7 4 -2 -5 -1 -3 9 -8 -10 -9 -6 -14
right_child=3 2 -4 5 12 -7 8 11 10 -11 -12 -13 13 -15
leaf_value=-0.011518286958325045 0.031459495406616779 0.0053531914538212525 -0.013675258587678521 -0.015315161725284871 -0.020720294484135357 -0.032964904379123368 0.021400681370620497 0.063536906496150208 0.013953779670486733 0.0042690533502409856 0.0014201724889656743 -0.0088731971611239729 0.17001481296118356 -0.05240125210830493
leaf_weight=81.712167501449585 47.424154222011566 944.01342407986522 318.65953680872917 589.37022702395916 102.1113902553916 293.02845732495189 586.02457318454981 6.7084860876202574 460.41891358047724 183.82086950540543 447.69261811673641 310.10732451826334 2.2340407930314532 1.786188833415508
leaf_count=644 637 10399 4763 10972 2023 7163 3615 76 3366 1105 3362 3804 36 41
internal_value=-0.000169057 0.0053814 -0.00103177 -0.0180597 -0.000149924 -0.0211763 0.0111379 0.00216372 0.0122412 0.0173101 0.0079441 -0.00733993 -0.0157542 0.0711953
internal_weight=4375.11 3339.16 1579.49 1035.95 153.556 882.399 1759.67 1260.83 1677.96 769.845 908.112 316.816 106.132 4.02023
internal_count=52006 31134 19042 20872 2737 18135 12092 14279 11448 4720 6728 3880 2100 77
cat_boundaries=0 1 2
cat_threshold=1347 309
is_linear=0
shrinkage=0.05


Tree=28
num_leaves=15
num_cat=3
split_feature=3 8 3 9 10 4 10 1 7 2 6 6 11 9
split_gain=158.738 46.3433 24.6116 21.78 31.0067 23.5239 16.7925 14.6074 14.1043 12.9361 11.5415 13.7265 11.989 11.4563
threshold=6.5000000000000009 11.500000000000002 1.5000000000000002 1.0000000180025095e-35 0 8.2250000000000014 1 56.750000000000007 40.563333333333347 251.50000000000003 1.1275000000000002 0.63541666666666685 2 1.0000000180025095e-35
decision_type=10 2 8 10 1 10 1 8 10 10 8 10 1 10
left_child=1 2 13 4 10 9 -3 -4 -8 -5 11 -2 -13 -1
right_child=3 6 7 5 -6 -7 8 -9 -10 -11 -12 12 -14 -15
leaf_value=-0.0059249570942424487 -0.00069993420513963915 0.0077857390341923823 0.0030232557850170382 -0.015309973444370654 -0.015197085187709828 -0.032301414655238558 -0.0029097558087968259 0.013913376079511521 -0.017518785519455023 0.084920418474478981 0.021993900423061274 0.19522301289082133 0.068113536645077397 0.019095442344728521
leaf_weight=49.439429491758347 3.6633448451757413 245.01498442515731 1210.4591909050941 578.24500348046422 104.5350222364068 284.31828676909208 587.70109781995416 412.98404289409518 229.82336084917188 3.2372014038264743 37.139826238155365 2.993951328098774 4.8769228160381317 613.16575266420841
leaf_count=295 45 2829 11312 10923 2100 7163 6849 3348 3137 49 491 37 64 3364
internal_value=-0.000160517 0.00509781 0.00910798 -0.01744 -6.29225e-05 -0.020515 -0.00353005 0.00579357 -0.00693187 -0.014752 0.0295013 0.0792519 0.116464 0.0172286
internal_weight=4367.6 3348.59 2286.05 1019.01 153.209 865.8 1062.54 1623.44 817.524 581.482 48.674 11.5342 7.87087 662.605
internal_count=52006 31134 18319 20872 2737 18135 12815 14660 9986 10972 637 146 101 3659
cat_boundaries=0 1 2 3
cat_threshold=1347 624 4
is_linear=0
shrinkage=0.05


Tree=29
num_leaves=15
num_cat=2
split_feature=4 3 4 8 1 5 7 2 6 10 0 10 6 7
split_gain=146.677 42.3764 21.7927 17.3237 19.3485 17.3049 15.551 15.2751 13.3924 12.9847 12.0735 20.7387 17.3617 11.423
threshold=4.9000000000000012 8.5000000000000018 1.4500000000000002 21.500000000000004 54.750000000000007 1.0000000180025095e-35 41.722500000000011 161.50000000000003 0.34500000000000008 0 5.5000000000000009 1 1.0645833333333334 37.890000000000015
decision_type=10 10 8 2 10 10 10 10 10 1 2 1 10 10
left_child=2 5 -1 4 -4 8 10 -3 -2 13 -6 12 -12 -7
right_child=1 7 3 -5 6 9 -8 -9 -10 -11 11 -13 -14 -15
leaf_value=0.017727110797405275 0.08370704124643269 -0.026302725410393357 -0.0022049209320984145 -0.016610278818709502 0.011728868210251146 0.027621846796666617 -0.014956253247756455 0.020463024994126788 0.0086273625233749696 -0.013366733886832885 0.032780833238771366 -0.011174211736914033 0.00085712410961756656 -0.004159140291289826
leaf_weight=395.93805480003357 6.3720902614295474 463.37556789070368 555.65075130388141 88.846644833683968 1292.0250083506107 30.383692279458046 67.635434478521347 18.144743386656046 87.504953477531672 602.21534282714128 70.078660108149052 166.68911812081933 108.57561904191971 407.19423262029886
leaf_count=1995 62 11076 5052 1091 10667 428 682 301 957 10094 571 1515 998 6517
internal_value=-0.000158188 -0.0121138 0.0068755 0.00504678 0.00589793 -0.0068356 0.00853861 -0.0245405 0.0137235 -0.00869177 0.00950912 0.00120442 0.0126703 -0.00190877
internal_weight=4360.63 1615.19 2745.44 2349.5 2260.65 1133.67 1705 481.52 93.877 1039.79 1637.37 345.343 178.654 437.578
internal_count=52006 29435 22571 20576 19485 18058 14433 11377 1019 17039 13751 3084 1569 6945
cat_boundaries=0 1 2
cat_threshold=102 1441
is_linear=0
shrinkage=0.05


Tree=30
num_leaves=15
num_cat=3
split_feature=3 8 10 0 2 9 10 4 7 2 1 7 5 10
split_gain=134.296 39.5769 22.3157 24.3571 23.6868 20.4603 28.0034 22.201 17.4614 17.415 17.3015 15.1188 16.3429 14.5209
threshold=6.5000000000000009 8.5000000000000018 0 3.5000000000000004 105.50000000000001 1.0000000180025095e-35 1 8.2250000000000014 40.590000000000011 51.500000000000007 53.500000000000007 39.690000000000012 4.5000000000000009 2
decision_type=10 2 1 2 8 10 1 10 10 10 10 8 10 1
left_child=1 2 3 -1 -5 6 -2 -7 9 13 -4 12 -12 -3
right_child=5 8 10 4 -6 7 -8 -9 -10 -11 11 -13 -14 -15
leaf_value=0.0056771278629538183 0.030721108805604816 0.014786918958519142 -0.027334469340917551 0.016059269304874332 0.040795309751400763 -0.013782703878474044 -0.013015587837950355 -0.031183769374292486 -0.011054430349378211 -0.016256475626067083 0.013538248409335927 -0.0030174199409216387 -0.033915321844771237 0.00058740367239574207
leaf_weight=444.95775754749775 42.987126305699348 220.01653936505318 44.019915923476219 468.64878597855568 121.96727492287755 568.12784782797098 108.35706475377083 270.60789218172431 352.89726714417338 122.35565367341042 391.6068457365036 331.3244350142777 19.025428738445044 847.14726907759905
leaf_count=3637 526 2330 424 3220 787 10972 2211 7163 4568 1196 2810 2905 159 9098
internal_value=-0.000157475 0.00460644 0.00959696 0.0143729 0.0211675 -0.0163437 0.000577072 -0.0193969 -0.00128722 0.00161045 0.00308227 0.00492842 0.0113396 0.00365898
internal_weight=4354.05 3363.97 1821.55 1035.57 590.616 990.08 151.344 838.736 1542.42 1189.52 785.977 741.957 410.632 1067.16
internal_count=52006 31134 13942 7644 4007 20872 2737 18135 17192 12624 6298 5874 2969 11428
cat_boundaries=0 1 2 3
cat_threshold=1303 1345 608
is_linear=0
shrinkage=0.05


Tree=31
num_leaves=15
num_cat=2
split_feature=4 3 1 8 5 2 7 8 10 0 10 9 8 1
split_gain=123.835 37.8695 19.246 24.0082 15.2269 14.0368 12.7222 12.0547 11.9068 11.726 11.2355 24.3356 11.1845 11.0321
threshold=4.9000000000000012 8.5000000000000018 55.500000000000007 8.5000000000000018 1.0000000180025095e-35 161.50000000000003 41.790000000000013 4.5000000000000009 0 5.5000000000000009 1 1.0000000180025095e-35 23.500000000000004 51.250000000000007
decision_type=10 10 10 2 10 10 10 2 1 2 1 10 2 10
left_child=2 4 9 6 7 10 -4 -2 -6 13 11 -3 -5 -1
right_child=1 5 3 12 8 -7 -8 -9 -10 -11 -12 -13 -14 -15
leaf_value=-0.028708589066859969 0.064690662396147333 0.037712094251585483 0.016581027602305062 0.004106275198922908 -0.0016103808010234492 0.019533180359176981 -0.017210883061976105 0.0067106560295970459 -0.012626692813446257 -0.010568212636655238 -0.030299339389440502 -0.02022287919925711 -0.026080283019674324 0.0043811324951700181
leaf_weight=25.781741950660944 10.02380286157131 21.551084607839584 840.94460660964251 571.59036524966359 435.04920043796301 18.34493151307106 28.807363770902157 84.856440644711256 592.02223389595747 167.34044859930873 308.80607387050986 114.04865657538176 32.425833858549595 1095.8050229996443
leaf_count=245 90 265 5578 5255 6945 301 250 929 10094 1609 7950 2861 407 9227
internal_value=-0.000150369 -0.0112925 0.00624085 0.0101436 -0.00632858 -0.0233278 0.0154618 0.0128361 -0.008099 0.00177839 -0.025097 -0.0102586 0.00248575 0.0036205
internal_weight=4347.4 1584.7 2762.7 1473.77 1121.95 462.751 869.752 94.8802 1027.07 1288.93 444.406 135.6 604.016 1121.59
internal_count=52006 29435 22571 11490 18058 11377 5828 1019 17039 11081 11076 3126 5662 9472
cat_boundaries=0 1 2
cat_threshold=102 1345
is_linear=0
shrinkage=0.05


Tree=32
num_leaves=15
num_cat=2
split_feature=3 4 3 7 2 5 2 9 5 2 10 6 8 10
split_gain=113.745 27.1076 25.2254 19.855 16.8468 14.7658 13.6519 11.7149 11.3667 11.2507 10.9135 10.7967 13.704 10.3874
threshold=5.5000000000000009 7.5500000000000007 1.5000000000000002 39.290000000000013 161.50000000000003 0.15000000000000005 12.500000000000002 1.0000000180025095e-35 5.5000000000000009 97.500000000000014 0 0.56833333333333347 12.500000000000002 1
decision_type=10 10 8 10 10 10 10 10 10 10 1 8 2 1
left_child=2 5 6 -4 -3 11 -1 -7 -9 13 -11 12 -2 -5
right_child=1 4 3 9 -6 7 -8 8 -10 10 -12 -13 -14 -15
leaf_value=0.035124218475614123 0.082716431840860846 -0.023724259877871776 0.0076347094223753083 0.0020471717704657589 0.027653715462192703 0.0074577703828767718 0.010719842023864886 -0.010132958855431924 -0.036912310245309284 0.028260445213219978 -0.0046277182544088493 0.0035586312032262258 -0.0087642227836930153 -0.0073685476265161866
leaf_weight=62.000967621803284 10.561164796352388 471.49050663411617 987.30119644850492 528.85266816243529 16.51408626139164 88.3891711384058 756.74704780429602 555.1947078332305 42.671008054167032 48.490280538797379 45.816138725727797 78.378083132207394 6.6851734817028037 642.52703651785851
leaf_count=354 149 12046 8332 5558 270 1341 4438 9614 783 430 422 1271 113 6885
internal_value=-0.000151909 -0.0127388 0.00505164 0.00232019 -0.0219856 -0.00696751 0.0125679 -0.00953241 -0.0120443 -0.00182541 0.0147886 0.0114397 0.0472559 -0.00316298
internal_weight=4341.62 1269.88 3071.74 2252.99 488.005 781.879 818.748 686.255 597.866 1265.69 94.3064 95.6244 17.2463 1171.38
internal_count=52006 25587 26419 21627 12316 13271 4792 11738 10397 13295 852 1533 262 12443
cat_boundaries=0 1 2
cat_threshold=270 818
is_linear=0
shrinkage=0.05


Tree=33
num_leaves=15
num_cat=1
split_feature=3 8 3 9 5 5 7 2 4 10 8 1 7 7
split_gain=104.792 42.2883 20.1945 15.5382 15.0732 14.2269 14.1805 13.8048 14.3867 11.0082 11.5738 10.5764 10.9818 14.0598
threshold=7.5000000000000009 15.500000000000002 2.5000000000000004 1.0000000180025095e-35 0.35000000000000003 2.7500000000000004 42.263333333333343 155.50000000000003 8.9000000000000021 0 5.5000000000000009 54.750000000000007 38.663333333333348 40.963333333333345
decision_type=10 2 8 10 8 10 10 10 10 1 2 10 10 10
left_child=1 2 3 -1 -5 -4 -3 8 -2 10 -6 12 -11 -14
right_child=7 6 5 4 9 -7 -8 -9 -10 11 -12 -13 13 -15
leaf_value=-0.008318961976361337 -0.014518223401463096 -0.0067543228594607874 0.0042342724548757402 -0.0011239462749334957 0.030451258951692119 -0.0084256893438539437 -0.053641647841545639 0.014075224406147941 -0.030422272107329291 0.014478718678465011 0.013690061416059397 0.01312319950144311 -0.024523717607169915 0.043386848628914197
leaf_weight=100.55693243443966 460.98717628791928 673.88272546976805 1390.0247218944132 181.36688379198313 190.06902320683002 264.07419552654028 16.521167073398829 32.24148428440094 205.62064598873258 49.946300067007542 224.8124667480588 474.83080631494522 61.880945153534412 8.6921187415719015
leaf_count=664 10033 9550 14669 1238 1043 3215 281 508 5709 296 1468 2832 435 65
internal_value=-0.000145836 0.00326181 0.00587184 0.0105554 0.0121482 0.00221313 -0.00787632 -0.0178785 -0.019424 0.0145309 0.0208659 0.00960441 -0.00346225 -0.0161595
internal_weight=4335.51 3636.66 2946.25 1292.16 1191.6 1654.1 690.404 698.849 666.608 1010.23 414.881 595.35 120.519 70.5731
internal_count=52006 35756 25925 8041 7377 17884 9831 16250 15742 6139 2511 3628 796 500
cat_boundaries=0 1
cat_threshold=389
is_linear=0
shrinkage=0.05


Tree=34
num_leaves=15
num_cat=2
split_feature=4 3 7 1 8 10 9 2 5 2 5 2 7 10
split_gain=96.4011 31.9564 16.7388 16.5777 17.7669 13.654 28.2238 12.8189 12.7125 12.3882 12.7301 11.3043 10.9912 10.9338
threshold=4.9000000000000012 8.5000000000000018 40.690000000000012 55.500000000000007 7.5000000000000009 0 1.0000000180025095e-35 125.50000000000001 1.0000000180025095e-35 37.500000000000007 0.62500000000000011 149.50000000000003 39.463333333333345 1
decision_type=10 10 10 10 2 1 10 10 10 8 8 10 10 1
left_child=2 8 3 9 -5 6 -3 -4 12 10 -1 -6 -2 -10
right_child=1 5 7 4 11 -7 -8 -9 13 -11 -12 -13 -14 -15
leaf_value=-0.00481194666385883 0.032188233261319962 0.039364668545039637 -0.0059704792474654968 0.016429524988673481 0.005806558272357187 -0.027434461786138377 -0.01803911703702743 0.0303059623072853 -0.0010771793998814894 -0.0042935250372759968 0.010776384336777996 -0.034418435205863837 -0.0022454128095466919 -0.011685698062064404
leaf_weight=177.45947470143437 39.033708035945892 26.351526100188494 397.08317442238331 681.8820488974452 571.59197552502155 297.44872530549765 114.25304459780455 25.943542987108231 430.66464781016111 413.06875746697187 499.93635062873363 18.016520813107491 57.041550666093826 579.37524765357375
leaf_count=1621 365 309 3917 4267 5006 8101 2967 210 6945 3283 4114 153 654 10094
internal_value=-0.000141963 -0.0101621 0.00541383 0.0070543 0.0109335 -0.0215919 -0.0067973 -0.0037457 -0.00563557 0.00253109 0.00669266 0.00457741 0.0117444 -0.00728876
internal_weight=4329.15 1544.17 2784.98 2361.96 1271.49 438.053 140.605 423.027 1106.12 1090.46 677.396 589.608 96.0753 1010.04
internal_count=52006 29435 22571 18444 9426 11377 3276 4127 18058 9018 5735 5159 1019 17039
cat_boundaries=0 1 2
cat_threshold=1345 102
is_linear=0
shrinkage=0.05


Tree=35
num_leaves=15
num_cat=3
split_feature=3 8 7 2 2 8 10 7 3 10 9 10 4 7
split_gain=88.9191 36.6132 17.9394 18.5032 16.0699 19.3052 15.5958 13.5376 12.7804 13.0859 12.6533 21.4003 16.5994 14.8597
threshold=7.5000000000000009 15.500000000000002 39.710000000000015 120.50000000000001 46.500000000000007 9.5000000000000018 0 42.263333333333343 2.5000000000000004 1 1.0000000180025095e-35 2 9.1000000000000014 38.245000000000012
decision_type=10 2 8 10 10 2 1 10 10 1 10 1 10 10
left_child=1 2 4 8 -1 -6 -5 -3 9 -4 11 13 -12 -2
right_child=10 7 3 6 5 -7 -8 -9 -10 -11 12 -13 -14 -15
leaf_value=0.012466211885382293 0.1479222513123217 -0.0063937203230744564 -0.0047974793959607341 0.034391494258575087 0.0058260849677678021 -0.025767044941178621 -0.010466111239828315 -0.05342744337394123 -0.0046116693511098691 0.008645448174946533 -0.014891137960348612 -0.017728005655769399 -0.034712108161067068 0.021313163455290898
leaf_weight=1060.1548516079783 2.4557221494615069 669.15577188134193 254.88518969714642 62.787469014525414 231.76115798950195 61.101480301469564 25.90310126543045 15.656915202736853 678.48574753850698 585.47973512858152 424.1525409668684 69.72351435571909 140.65707030892372 41.173723421990871
leaf_count=8465 32 9550 1877 538 1674 612 248 281 8466 4045 9763 1639 4284 532
internal_value=-0.000142969 0.00294978 0.00535978 0.00178904 0.00960222 -0.000765357 0.0239879 -0.00746906 0.000492778 0.00461396 -0.0167676 -0.00152215 -0.0198272 0.0231365
internal_weight=4323.53 3645.37 2960.56 1607.54 1353.02 292.863 88.6906 684.813 1518.85 840.365 678.163 113.353 564.81 43.6294
internal_count=52006 35756 25925 15174 10751 2286 786 9831 14388 5922 16250 2203 14047 564
cat_boundaries=0 1 2 3
cat_threshold=1310 522 1865
is_linear=0
shrinkage=0.05


Tree=36
num_leaves=15
num_cat=3
split_feature=3 8 10 7 2 1 7 6 0 10 4 7 2 10
split_gain=81.7393 26.0609 17.8067 17.4162 14.1401 13.659 15.8547 13.1546 10.3537 24.3661 21.1987 11.5784 18.2114 10.8023
threshold=6.5000000000000009 17.500000000000004 0 41.845000000000006 159.50000000000003 54.750000000000007 38.845000000000006 2.0550000000000006 5.5000000000000009 1 6.6333333333333337 39.763333333333343 100.50000000000001 2
decision_type=10 2 1 10 10 10 8 10 2 1 8 8 10 1
left_child=1 3 7 5 -4 6 -1 -2 11 10 -10 -7 13 -13
right_child=2 -3 4 -5 -6 8 -8 -9 9 -11 -12 12 -14 -15
leaf_value=0.012316543508188098 0.0021624150802606466 -0.0083517671370282112 -0.021526848466855895 -0.015020388499129234 0.025795764254184783 0.013964379167806993 -0.0045875654391002718 -0.015883613907272848 0.010468063290928741 -0.0078422693131573774 0.069484780501262777 0.013230490236018853 0.032849667089570336 0.000416654974223841
leaf_weight=187.65212370082736 242.27694730646908 411.9556301087141 486.70135754905641 104.18196243047714 16.314547218382359 798.44823486357927 531.86592260748148 173.15920457802713 160.93755377084017 285.78426671773195 16.804782014340162 214.63447210565209 57.794105507433414 629.29636825248599
leaf_count=1585 4995 5768 11757 1169 272 5745 5093 3848 1237 2636 137 1833 453 5478
internal_value=-0.000138367 0.00343752 -0.0133734 0.00506323 -0.0196023 0.00578893 -0.000178931 -0.00523343 0.00777349 0.00114936 0.0151931 0.00957946 0.00569676 0.00383727
internal_weight=4317.81 3399.36 918.452 2987.4 503.016 2883.22 719.518 415.436 2163.7 463.527 177.742 1700.17 901.725 843.931
internal_count=52006 31134 20872 25366 12029 24197 6678 8843 17519 4010 1374 13509 7764 7311
cat_boundaries=0 1 2 3
cat_threshold=1380 1281 368
is_linear=0
shrinkage=0.05


Tree=37
num_leaves=15
num_cat=2
split_feature=3 8 5 7 2 5 10 7 7 2 8 10 4 7
split_gain=75.6378 30.4202 15.7754 15.1692 17.9504 17.8574 13.7425 12.9912 12.8344 12.4019 17.7447 15.3418 23.8999 18.0185
threshold=7.5000000000000009 15.500000000000002 2.7500000000000004 39.390000000000015 124.50000000000001 0.87500000000000011 0 42.263333333333343 40.445000000000014 44.500000000000007 9.5000000000000018 1 2.2250000000000005 38.410000000000011
decision_type=10 2 10 8 10 8 1 10 10 10 2 1 10 10
left_child=1 2 3 5 -5 -1 8 -3 -6 -7 11 -11 -13 -14
right_child=-2 7 -4 4 6 9 -8 -9 -10 10 -12 12 13 -15
leaf_value=0.0020433770365098783 -0.015715914910009572 -0.0058497049204638066 -0.0042315191433416766 0.0020564719862173567 0.025208566173385207 0.020104152003138375 -0.0046523338048953334 -0.053217082706789688 0.074649343180050287 -0.0067223723405837425 -0.03589107931959299 0.009491809727875198 0.018343672484430095 0.12117228696628662
leaf_weight=337.96835738793015 659.68853338621557 662.36178128048778 411.45401755347848 1515.5835961177945 36.225276209414005 482.82481778785586 32.944216463714838 14.798856690526007 20.585641723126173 60.995411746203899 24.079830970615149 35.042371772229671 7.0371887609362629 10.795802820473908
leaf_count=3009 16250 9550 4198 13671 267 3348 310 281 165 409 227 172 58 91
internal_value=-0.000134096 0.00268003 0.00485677 0.00631516 0.00334313 0.0112916 0.0250693 -0.00688488 0.036669 0.0163266 0.00310507 0.0113514 0.0281486 0.0805944
internal_weight=4312.39 3652.7 2975.54 2564.08 1605.34 958.744 89.7551 677.161 56.8109 620.775 137.951 113.871 52.8754 17.833
internal_count=52006 35756 25925 21727 14413 7314 742 9831 432 4305 957 730 321 149
cat_boundaries=0 1 2
cat_threshold=1295 244
is_linear=0
shrinkage=0.05


Tree=38
num_leaves=15
num_cat=2
split_feature=4 3 7 10 8 10 0 1 4 2 7 2 7 8
split_gain=70.4011 18.5782 17.6778 17.416 13.7365 20.4628 13.99 14.6291 11.2509 11.5826 10.7498 10.7055 10.8062 10.6068
threshold=5.7750000000000012 2.5000000000000004 41.590000000000011 0 7.5000000000000009 1 5.5000000000000009 53.500000000000007 10.225000000000001 173.50000000000003 38.290000000000013 51.500000000000007 41.290000000000013 21.500000000000004
decision_type=10 10 10 1 2 1 2 10 10 8 8 10 8 2
left_child=2 3 4 -2 5 -1 7 -7 -3 -10 -9 13 -13 -6
right_child=1 8 -4 -5 11 6 -8 10 9 -11 -12 12 -14 -15
leaf_value=0.01393064153280528 -0.015231623017572077 -0.011109683502967002 -0.012949982103938799 0.031064411319669191 0.0039957992480376915 -0.022437383782857388 -0.017132528476324946 0.020315264307608386 -0.034443233619614426 0.10234942210342535 0.003706833907828732 -0.012970915424439004 0.078309424511412595 -0.011494815084106129
leaf_weight=712.01731540262699 28.34704364836216 984.69333693385124 152.30347459390759 40.478652440011501 1139.1516991481185 47.350639194250107 82.086582668125629 114.67023773491383 71.267942970618606 1.5818141140043724 647.9608134701848 159.81167681142688 3.3094732575118533 122.37797437235713
leaf_count=4877 263 21345 1751 349 11245 439 610 703 2157 21 4951 1536 33 1726
internal_value=-0.000131996 -0.0108743 0.00367171 0.014297 0.00450756 0.0076809 0.00250831 0.00452975 -0.0125124 -0.031473 0.0062041 0.000934523 -0.011119 0.00249309
internal_weight=4307.41 1126.37 3181.04 68.8257 3028.74 1604.09 892.068 809.982 1057.54 72.8498 762.631 1424.65 163.121 1261.53
internal_count=52006 24135 27871 612 26120 11580 6703 6093 23523 2178 5654 14540 1569 12971
cat_boundaries=0 1 2
cat_threshold=62 1413
is_linear=0
shrinkage=0.05


Tree=39
num_leaves=15
num_cat=2
split_feature=3 8 5 7 2 9 10 4 10 7 1 8 7 6
split_gain=64.7148 25.9253 16.3865 14.7631 14.4712 12.0479 19.4643 15.9914 11.62 11.5539 11.5212 10.5807 28.3087 9.64567
threshold=7.5000000000000009 17.500000000000004 0.075000000000000025 41.845000000000006 21.500000000000004 1.0000000180025095e-35 0 9.1000000000000014 1 38.245000000000012 54.750000000000007 1.5000000000000002 39.790000000000013 0.58166666666666689
decision_type=10 2 10 10 8 10 1 10 1 10 10 2 10 10
left_child=1 2 4 10 -1 6 9 11 -6 -2 -4 12 -7 -3
right_child=5 13 3 -5 8 7 -8 -9 -10 -11 -12 -13 -14 -15
leaf_value=0.01735495749686277 0.12911524997981513 0.017066152291599825 -0.0040867495559103418 -0.016907751549610554 -0.0069808199917771804 0.19256098836332289 -0.015936031708574643 -0.033121115879030251 0.0080910031918356561 0.02221071252515168 0.0046867897234104082 -0.01390018726663534 -0.036966689724482076 -0.010327766764669911
leaf_weight=350.89447053894401 2.6946955285966387 34.62154920399189 505.67178255692124 104.25229511409998 153.81689884513617 2.2478537764400235 66.058054562658072 129.66432309523225 622.91549710556865 40.715603213757277 1439.0553619600832 398.98204349726439 3.3384655471891165 447.22917082719505
leaf_count=2432 32 490 5528 1347 1162 60 1639 4284 4130 532 13740 9608 95 6927
internal_value=-0.00012471 0.00244759 0.00408689 0.00142282 0.00892769 -0.0147443 0.000367095 -0.0178408 0.00512061 0.0234458 0.00240548 -0.0129434 0.0553919 -0.00835948
internal_weight=4302.16 3658.46 3176.61 2048.98 1127.63 643.701 109.468 534.233 776.732 43.4103 1944.73 404.568 5.58632 481.851
internal_count=52006 35756 28339 20615 7724 16250 2203 14047 5292 564 19268 9763 155 7417
cat_boundaries=0 1 2
cat_threshold=1865 576
is_linear=0
shrinkage=0.05


Tree=40
num_leaves=15
num_cat=3
split_feature=4 3 10 9 1 8 8 6 10 2 4 2 7 10
split_gain=59.5285 23.2049 13.0956 21.305 12.9602 13.1861 11.0257 17.9771 11.2632 10.0649 10.2236 9.53592 13.345 11.9158
threshold=4.9000000000000012 8.5000000000000018 0 1.0000000180025095e-35 55.500000000000007 7.5000000000000009 4.5000000000000009 3.3775000000000008 1 10.500000000000002 7.5500000000000007 101.50000000000001 39.622500000000009 2
decision_type=10 10 1 10 10 2 2 10 1 10 10 10 10 1
left_child=4 6 3 -3 -1 11 7 -2 -8 10 -5 12 -6 -13
right_child=1 2 -4 9 5 -7 8 -9 -10 -11 -12 13 -14 -15
leaf_value=0.00049157283010618964 0.020957915978696201 0.034610972778034169 -0.024579466242201045 0.13459623281179006 0.015041761612643518 0.0022347506420685461 0.0059090430837472332 -0.024373579791379728 -0.0085432340005063227 -0.018827990047011522 0.0023772044486422266 -0.011442791007855368 0.001009957166692928 0.031248169445260973
leaf_weight=1305.9180409051478 89.930161871016026 27.61187444254756 267.51264215447009 2.1403222419321528 429.36463155597448 695.90019279718399 156.80654793232679 28.898610960692167 803.80017580091953 97.999825563281775 4.6134148016571999 18.985145270824432 279.9113349840045 87.953151844441891
leaf_count=11081 1306 309 8101 52 2487 6278 2223 488 14041 2777 138 129 2051 545
internal_value=-0.000123463 -0.00824569 -0.0185345 -0.00414721 0.00414027 0.00729141 -0.0044342 0.0099335 -0.00621151 -0.0147593 0.0442786 0.0116027 0.0095042 0.0255211
internal_weight=4297.35 1479.31 399.878 132.365 2818.03 1512.11 1079.44 118.829 960.607 104.754 6.75374 816.214 709.276 106.938
internal_count=52006 29435 11377 3276 22571 11490 18058 1794 16264 2967 190 5212 4538 674
cat_boundaries=0 1 2 3
cat_threshold=1345 96 97
is_linear=0
shrinkage=0.05


Tree=41
num_leaves=15
num_cat=1
split_feature=3 2 4 7 9 1 10 6 2 4 5 2 2 8
split_gain=54.8436 24.3606 22.073 15.8818 14.225 14.8653 13.6685 15.715 13.0931 13.7211 12.7091 11.3228 12.1657 10.1731
threshold=4.5000000000000009 26.500000000000004 8.2250000000000014 39.463333333333345 1.0000000180025095e-35 54.750000000000007 0 0.7645833333333335 44.500000000000007 3.2250000000000005 1.0000000180025095e-35 100.50000000000001 50.500000000000007 3.5000000000000004
decision_type=10 10 10 8 10 8 1 10 10 10 10 10 10 2
left_child=3 2 6 8 -3 -6 -2 -8 13 -10 -7 12 -5 -1
right_child=1 4 -4 11 5 10 7 -9 9 -11 -12 -13 -14 -15
leaf_value=0.020997962790549701 0.0057904795977410731 0.019120992413393323 -0.025479963487878194 0.00088491950821347615 -0.017666219145836343 0.052668843527397785 0.0078123482587785552 -0.013983114149674467 0.005186090336532001 -0.02306525314254898 0.0017152714291852125 0.016722216443398219 -0.019955361314409184 0.0084377707588266394
leaf_weight=212.53309050947428 145.77842831984162 96.381372796371579 231.40973940119147 1482.3074268139899 111.15739953145385 12.948958080261944 95.7466118671 607.10491248778999 168.65881186723709 57.675783909857273 222.85014497861266 106.90804281458259 73.499946985393763 667.64058476686478
leaf_count=1171 2685 1327 7180 12599 2076 164 1637 11333 982 539 3938 764 614 4997
internal_value=-0.000120855 -0.00774073 -0.0117917 0.00407092 0.00212802 -0.00259247 -0.00805908 -0.0108595 0.00871257 -0.00201307 0.0045134 0.000981975 -9.96237e-05 0.0114706
internal_weight=4292.6 1523.38 1080.04 2769.22 443.338 346.957 848.63 702.852 1106.51 226.335 235.799 1662.72 1555.81 880.174
internal_count=52006 30340 22835 21666 7505 6178 15655 12970 7689 1521 4102 13977 13213 6168
cat_boundaries=0 1
cat_threshold=1056
is_linear=0
shrinkage=0.05


Tree=42
num_leaves=15
num_cat=1
split_feature=3 8 7 1 10 7 9 4 0 0 4 7 8 9
split_gain=51.2452 21.3705 13.8744 11.2952 10.5238 17.6573 16.9323 15.555 15.2494 14.2727 13.3362 15.0171 10.99 10.4776
threshold=7.5000000000000009 17.500000000000004 41.845000000000006 55.500000000000007 0 38.922500000000007 1.0000000180025095e-35 3.3666666666666671 5.5000000000000009 3.5000000000000004 5.9000000000000012 38.122500000000009 5.5000000000000009 1.0000000180025095e-35
decision_type=10 2 10 8 1 10 10 10 2 2 10 10 2 10
left_child=1 2 4 -2 5 9 7 -7 10 -1 -6 -12 -8 -5
right_child=3 -3 -4 13 8 6 12 -9 -10 -11 11 -13 -14 -15
leaf_value=0.0045219119216883836 -0.019507821756562106 -0.0077500496078961789 -0.013453714006359386 0.01408568051225754 0.00580079005060289 -0.00045966973736198311 0.014122991700653433 0.086722511742387334 -0.0062109549782047224 0.03347676196223897 0.035637387698740995 -0.012945470787557409 -0.0010150273397467944 -0.01061691066296416
leaf_weight=66.99668013304472 340.85959013924003 475.87397769838572 114.85670972056687 52.881500648334622 1705.055529139936 8.9508840367198008 171.56432374194264 11.942729063332079 410.87256856262684 116.68642450124025 17.575083188712597 167.47929375246167 398.09547619521618 227.99820807948709
leaf_count=454 9134 7417 1460 1013 13432 62 1170 140 4117 693 238 2718 3855 6103
internal_value=-0.000117021 0.00213408 0.00360853 -0.0133902 0.00424579 0.00925709 0.00516552 0.0493734 0.00250845 0.0229158 0.00441715 -0.00833143 0.00354409 -0.00596613
internal_weight=4287.69 3665.95 3190.08 621.739 3075.22 774.237 590.553 20.8936 2300.98 183.683 1890.11 185.054 569.66 280.88
internal_count=52006 35756 28339 16250 26879 6374 5227 202 20505 1147 16388 2956 5025 7116
cat_boundaries=0 1
cat_threshold=1281
is_linear=0
shrinkage=0.05


Tree=43
num_leaves=15
num_cat=3
split_feature=3 8 5 2 7 2 4 10 9 5 6 10 10 7
split_gain=46.7665 19.329 12.6193 12.9103 11.9217 10.9215 12.1153 10.8555 18.6271 10.1171 13.5764 10.0515 10.0084 8.62008
threshold=7.5000000000000009 17.500000000000004 0.075000000000000025 21.500000000000004 41.845000000000006 155.50000000000003 8.9000000000000021 0 1.0000000180025095e-35 inf 0.99500000000000022 1 2 38.845000000000006
decision_type=10 2 10 8 10 10 10 1 10 8 10 1 1 10
left_child=1 2 3 -1 11 6 9 8 -8 -2 -11 -4 -5 -13
right_child=5 -3 4 12 -6 -7 7 -9 -10 10 -12 13 -14 -15
leaf_value=0.015539170550524443 -0.01075222476872716 -0.0074118177972281804 -0.0026751864001442085 -0.0071335105358521474 -0.015641132379853245 0.015885996356451396 0.052788292446229915 -0.031955836509969505 -0.020244688499026314 0.17027674290557221 0.0058552864005320766 0.013196391280685494 0.0067958080217731505 0.0026539698736709684
leaf_weight=355.74897829070687 406.63885163515806 472.7912201359868 732.39479162916541 154.07390658184886 101.34347330592573 31.306671543046832 12.016989976167677 126.25899918936193 31.92498330026865 1.7832145020365704 4.2422132398933172 241.71509813889861 630.4063509516418 980.12240253388882
leaf_count=2432 9915 7417 7232 1162 1347 508 144 4470 1095 31 87 2118 4130 9918
internal_value=-0.000113808 0.00202401 0.00341996 0.00763855 0.0010799 -0.0128835 -0.0144288 -0.0256534 -0.000221626 -0.00979923 0.0545155 0.00194702 0.00405575 0.00470109
internal_weight=4282.77 3668.6 3195.81 1140.23 2055.58 614.172 582.865 170.201 43.942 412.664 6.02543 1954.23 784.48 1221.84
internal_count=52006 35756 28339 7724 20615 16250 15742 5709 1239 10033 118 19268 5292 12036
cat_boundaries=0 1 2 3
cat_threshold=1345 202 576
is_linear=0
shrinkage=0.05


Tree=44
num_leaves=15
num_cat=1
split_feature=3 8 7 5 3 2 1 4 2 4 6 5 10 2
split_gain=42.8407 17.7221 12.3653 11.6634 10.6259 12.8739 10.5525 10.3875 8.89314 8.78824 8.52096 8.25727 8.1725 17.4065
threshold=7.5000000000000009 15.500000000000002 42.263333333333343 2.7500000000000004 1.5000000000000002 13.500000000000002 55.500000000000007 4.366666666666668 290.00000000000006 9.6333333333333346 0.68541666666666667 0.87500000000000011 0 161.50000000000003
decision_type=10 2 10 10 8 10 8 10 10 10 10 10 1 10
left_child=1 3 10 4 5 -1 8 -8 9 -2 11 -3 13 -9
right_child=6 2 -4 -5 -6 -7 7 12 -10 -11 -12 -13 -14 -15
leaf_value=0.027369957753966064 -0.01505324651141351 0.0040942299766573414 -0.052915358479075782 -0.0042865346329876153 0.002795431405046859 0.0073778531077886324 0.032384845469801297 -0.024246231851406064 0.098459552558376157 -0.035851328244583335 -0.0065946836931179385 0.049381806408692192 -0.00010266951326768308 0.081045199594669909
leaf_weight=92.275049112737179 266.33703523688018 62.697552155703306 13.472715837880967 410.63007634878159 1877.1090646274388 632.38514502346516 17.230378303676844 95.348512049764395 1.6188444010913361 62.760860361158848 570.96425015851855 11.989896699786184 159.7404296733439 4.0937652252614489
leaf_count=483 6918 827 281 4198 17821 3423 229 2783 22 2194 8547 176 4029 75
internal_value=-0.000114638 0.00191988 -0.00550649 0.0035448 0.0047808 0.00992356 -0.0124181 -0.00520774 -0.0184445 -0.0190196 -0.00451722 0.0113644 -0.00770688 -0.0180923
internal_weight=4278.65 3671.52 659.124 3012.4 2601.77 724.66 607.13 276.413 330.717 329.098 645.652 74.6874 259.183 99.4423
internal_count=52006 35756 9831 25925 21727 3906 16250 7116 9134 9112 9550 1003 6887 2858
cat_boundaries=0 1
cat_threshold=652
is_linear=0
shrinkage=0.05


Tree=45
num_leaves=15
num_cat=2
split_feature=4 3 10 7 1 10 7 7 2 5 3 2 9 6
split_gain=39.2337 14.7013 15.6159 12.1509 11.6398 10.4424 9.99098 10.9956 9.80816 13.0828 8.63755 8.59613 10.886 8.26056
threshold=5.7750000000000012 2.5000000000000004 0 41.590000000000011 56.750000000000007 1 38.610000000000014 39.022500000000015 18.500000000000004 2.2500000000000004 1.5000000000000002 10.500000000000002 1.0000000180025095e-35 2.0050000000000003
decision_type=10 10 1 10 10 1 10 10 10 8 8 10 10 10
left_child=3 2 -2 4 10 6 -3 -8 9 -4 11 -1 -13 -7
right_child=1 5 8 -5 -6 13 7 -9 -10 -11 -12 12 -14 -15
leaf_value=0.043425660708383954 -0.01452534444958955 0.015245354992237456 0.018218792661630519 -0.011371084794765739 0.0080986442851202264 -0.0099026699394083647 -0.038087988480743309 -0.004036923385975835 0.0061119227584368087 0.090468824190206951 -0.00047076115595399455 -0.020221443511220381 0.0077987462371789497 -0.022056060928829113
leaf_weight=15.611679069697855 27.796286128461361 61.392585983499885 11.949469633400442 147.43655768036842 900.95190808176994 398.09801011160016 25.774663602933288 295.69746256992221 16.10001228749752 13.172500498592852 1629.6725705936551 37.374942794442177 477.73776300996542 215.50105110369623
leaf_count=84 263 1103 116 1751 7190 9568 497 6731 135 98 15962 232 2652 5624
internal_value=-0.000111195 -0.00842435 0.013892 0.0026492 0.00332443 -0.00997006 -0.00315493 -0.00676703 0.0294367 0.0561025 0.00133343 0.00687349 0.00576569 -0.0139438
internal_weight=4274.27 1065.48 69.0183 3208.79 3061.35 996.464 382.865 321.472 41.222 25.122 2160.4 530.724 515.113 613.599
internal_count=52006 24135 612 27871 26120 23523 8331 7228 349 214 18930 2968 2884 15192
cat_boundaries=0 1 2
cat_threshold=62 1124
is_linear=0
shrinkage=0.05


Tree=46
num_leaves=15
num_cat=2
split_feature=3 8 7 6 1 8 0 10 4 10 8 0 5 5
split_gain=36.6758 16.0765 12.7802 10.08 9.79033 10.8724 17.4126 15.7396 17.0227 9.66743 13.3652 9.65828 9.06762 8.80575
threshold=7.5000000000000009 21.500000000000004 41.845000000000006 2.5550000000000002 53.500000000000007 5.5000000000000009 3.5000000000000004 0 4.4500000000000011 1 2.5000000000000004 5.5000000000000009 0.35000000000000003 2.2500000000000004
decision_type=10 2 10 10 10 2 2 1 8 1 2 2 8 10
left_child=1 2 4 9 -1 6 -6 8 12 10 -2 -9 -8 -14
right_child=3 -3 -4 -5 5 -7 7 11 -10 -11 -12 -13 13 -15
leaf_value=-0.0074057729776061945 0.078274727243000553 -0.011081982488977016 -0.013321541907904933 -0.022590344781727896 0.0021468928481301812 0.0014351434411731001 -0.033222773445791873 0.013868086784465822 0.079094777706177288 -0.015257594437416444 -0.0022478116175512442 -0.0025725367306275526 0.038362791230221308 -0.016863482128489159
leaf_weight=204.58514842391014 5.2725656311959019 228.67730836197734 121.47297535277903 154.90376519598067 699.44179825857282 1847.2835075221956 6.0837844237685195 369.69195001199841 18.555747210979462 207.7241002637893 227.7169060241431 117.79482168331742 52.643205970525742 8.364884100854395
leaf_count=2296 103 3943 1654 4411 5372 18833 36 2389 123 6116 5620 790 267 53
internal_value=-0.000109431 0.00175615 0.00260811 -0.0116189 0.00319017 0.003885 0.00744123 0.0139023 0.0328709 -0.00776264 -0.000408067 0.00969652 0.024986 0.0307907
internal_weight=4270.21 3674.6 3445.92 595.617 3324.44 3119.86 1272.58 573.134 85.6476 440.714 232.989 487.487 67.0919 61.0081
internal_count=52006 35756 31813 16250 30159 27863 9030 3658 479 11839 5723 3179 356 320
cat_boundaries=0 1 2
cat_threshold=257 1381
is_linear=0
shrinkage=0.05


Tree=47
num_leaves=15
num_cat=4
split_feature=4 3 1 10 7 10 10 9 2 5 10 8 5 8
split_gain=33.6976 18.866 13.1555 12.4744 15.5406 11.4197 11.329 17.3151 10.8463 13.9779 10.7291 11.4897 9.99743 11.7494
threshold=3.5500000000000003 8.5000000000000018 52.500000000000007 0 39.990000000000016 1 2 1.0000000180025095e-35 161.50000000000003 3.7500000000000004 3 3.5000000000000004 0.87500000000000011 5.5000000000000009
decision_type=10 10 10 1 10 1 1 10 10 8 1 2 8 2
left_child=2 3 -1 -2 10 12 7 -3 -8 -10 11 -5 -4 -14
right_child=1 6 5 4 -6 -7 8 -9 9 -11 -12 -13 13 -15
leaf_value=-0.022200411315595452 0.0013758909665472384 0.032041620768797234 0.00017651939186381005 0.089180271415343751 -0.013666339552409205 0.00051568557863770393 -0.022972848799616211 -0.011315251993204545 0.0039306296027739138 0.1687153287368828 -0.004869774799200725 0.011507072525932331 0.015910966606278706 0.0044945192633001783
leaf_weight=45.613684803247452 998.1389829851687 29.446188494563103 297.86893045902252 5.0257056877017012 416.54687993600965 868.23006819188595 248.21917928569019 105.64392546378076 7.0058463960885975 1.5764927789568908 243.02649820037186 90.420520849525928 496.69704203307629 412.56057963520288
leaf_count=381 14263 319 2195 46 6823 5942 8177 3096 133 30 3448 1227 2969 2957
internal_value=-0.000107769 -0.00452659 0.00436122 -0.0023096 -0.00710594 0.00494501 -0.0144445 -0.00173605 -0.0202727 0.0342 0.000757778 0.0141178 0.00805978 0.0107309
internal_weight=4266.02 2145.05 2120.97 1753.16 755.02 2075.36 391.892 135.09 256.802 8.58234 338.473 95.4462 1207.13 909.258
internal_count=52006 37562 14444 25807 11544 14063 11755 3415 8340 163 4721 1273 8121 5926
cat_boundaries=0 1 2 3 4
cat_threshold=630 1325 1345 1280
is_linear=0
shrinkage=0.05


Tree=48
num_leaves=15
num_cat=1
split_feature=3 8 7 1 4 4 10 8 5 0 4 2 9 2
split_gain=30.718 14.1217 11.3176 9.83061 8.9883 8.50376 8.48981 15.304 9.39076 9.60323 10.8547 10.4016 8.84049 8.47094
threshold=7.5000000000000009 21.500000000000004 41.845000000000006 55.500000000000007 4.366666666666668 9.5500000000000025 0 4.5000000000000009 0.35000000000000003 3.5000000000000004 5.7083333333333348 46.500000000000007 1.0000000180025095e-35 28.500000000000004
decision_type=10 2 10 8 10 10 1 2 8 2 10 10 8 10
left_child=1 2 6 5 -5 -2 7 8 -1 -10 -11 -12 13 -8
right_child=3 -3 -4 4 -6 -7 12 -9 9 10 11 -13 -14 -15
leaf_value=-0.0087866036419595069 -0.01252825581758004 -0.010523573400486694 -0.012712819456069788 0.030917257947343804 -0.0061416730020835497 -0.032727762118309023 -0.029417516863307583 0.0022076516618107825 0.0076590644955399235 0.01971879993829144 0.13356609522518501 0.003876036113423271 0.0012627710733804608 -0.0020159026570010382
leaf_weight=48.514860566705465 249.67401104047894 225.97030922956765 119.9204276073724 17.504789534956217 250.58700529299676 65.844777824357152 47.123131595551968 1249.7224858514965 262.78734023869038 231.83738958090544 4.1115186102688304 2.4777956083416939 1415.5052692554891 70.253124948590994
leaf_count=368 6673 3943 1654 229 6887 2461 520 12529 1911 1291 48 29 12854 609
internal_value=-0.000105122 0.00158575 0.00237838 -0.0107619 -0.00372195 -0.0167436 0.00292146 0.00523678 0.0122183 0.0142514 0.0215174 0.0847984 0.00016825 -0.0130168
internal_weight=4261.83 3678.22 3452.25 583.611 268.092 315.519 3332.33 1799.45 549.729 501.214 238.427 6.58931 1532.88 117.376
internal_count=52006 35756 31813 16250 7116 9134 30159 16176 3647 3279 1368 77 13983 1129
cat_boundaries=0 1
cat_threshold=1333
is_linear=0
shrinkage=0.05


Tree=49
num_leaves=15
num_cat=4
split_feature=3 5 7 10 2 10 10 9 4 3 6 11 9 6
split_gain=28.2785 15.4676 13.5156 11.3493 11.2799 12.7781 11.072 14.2992 10.9459 10.4121 12.8887 11.9177 11.2095 9.30466
threshold=8.5000000000000018 0.075000000000000025 42.045000000000009 0 21.500000000000004 1 2 1.0000000180025095e-35 8.9000000000000021 3.5000000000000004 0.26125000000000004 3 1.0000000180025095e-35 3.0550000000000002
decision_type=10 10 10 1 8 1 1 10 10 10 10 1 10 10
left_child=1 4 3 9 5 -1 7 -2 -8 10 -3 -12 13 -11
right_child=6 2 -4 -5 -6 -7 8 -9 -10 12 11 -13 -14 -15
leaf_value=0.021307183912895308 0.02955768873129452 -0.031994840608521403 -0.01862208174888565 -0.0028406224374353767 0.0023745562707754384 0.0034663407688328741 -0.011091824880203077 -0.0094759036550826486 -0.032422830341405695 0.0135475775360377 -0.017931949777317956 0.013288288603996236 -0.0039249225572472466 0.085098645442040821
leaf_weight=197.63586087524891 30.247630462050438 18.114642091095448 104.32089717872441 1582.6247605197132 819.99780440330505 222.40187068842351 149.94607233442366 104.59530156850815 100.41572606563568 50.539188288152218 32.9672881513834 419.93464666604996 419.41414639726281 4.9925337396562091
leaf_count=1508 322 111 1740 18612 5623 1722 4324 3108 4034 722 249 3252 6610 69
internal_value=-0.000101698 0.00118333 -0.000985175 -0.000257536 0.00578762 0.0124506 -0.0130217 -0.000670277 -0.0188927 0.00405125 0.0093616 0.0110157 -0.00112987 0.0199803
internal_weight=4258.15 3872.94 2632.91 2528.59 1240.04 420.038 385.205 134.843 250.362 945.962 471.017 452.902 474.946 55.5317
internal_count=52006 40218 31365 29625 8853 3230 11788 3430 8358 11013 3612 3501 7401 791
cat_boundaries=0 1 2 3 4
cat_threshold=804 377 1345 1
is_linear=0
shrinkage=0.05


Tree=50
num_leaves=15
num_cat=1
split_feature=4 5 8 1 3 10 6 0 7 6 6 6 5 1
split_gain=26.5121 15.8082 12.3524 11.8865 10.4976 10.2048 17.666 16.3234 17.7121 10.2216 13.3744 14.6225 21.55 12.7233
threshold=3.5500000000000003 4.5000000000000009 16.500000000000004 52.500000000000007 11.500000000000002 0 3.4950000000000006 5.5000000000000009 40.790000000000013 0.9275000000000001 2.1950000000000007 1.5450000000000002 1.3750000000000002 55.500000000000007
decision_type=10 10 2 10 10 1 8 2 8 10 10 10 10 10
left_child=3 2 -2 -1 5 6 7 -4 9 -9 11 13 -13 -11
right_child=1 -3 4 -5 -6 -7 -8 8 -10 10 -12 12 -14 -15
leaf_value=-0.021573639991158605 -3.5778668235035999e-05 -0.01830309432087961 -0.022684393360864585 0.0043926567619046383 -0.044184577926854735 -0.0094402422626040042 0.14320162633099373 -0.0054706723600473836 -0.053554397723365621 -0.008620309974715655 -0.014641880540779209 0.070993415060538564 0.27210019599337792 0.11059228449576673
leaf_weight=45.024580024182796 1330.5882202181965 178.20811514556408 24.054072434082627 2085.9634018093348 20.055084191262722 539.06394456699491 2.5238712392747393 6.1156936176121297 4.9230118300765744 4.4138705283403414 3.7667246535420409 3.1658631134778252 2.2997545190155506 4.5406596288084984
leaf_count=381 20480 3713 442 14063 764 11618 45 97 101 76 64 48 43 71
internal_value=-9.61445e-05 -0.0040498 -0.00274421 0.00384403 -0.00860479 -0.00740527 0.0118253 0.00782141 0.0329292 0.0504483 0.0692522 0.0911663 0.155613 0.05183
internal_weight=4254.71 2123.72 1945.51 2130.99 614.923 594.867 55.8035 53.2797 29.2256 24.3026 18.1869 14.4201 5.46562 8.95453
internal_count=52006 37562 33849 14444 13369 12605 987 942 500 399 302 238 91 147
cat_boundaries=0 1
cat_threshold=96
is_linear=0
shrinkage=0.05


Tree=51
num_leaves=15
num_cat=3
split_feature=4 3 10 5 4 10 8 5 2 10 6 1 0 7
split_gain=24.6976 11.5597 13.7871 10.2728 9.70907 9.4219 8.76917 8.45968 8.88539 8.27812 9.00606 8.15846 7.72892 13.2517
threshold=5.7750000000000012 2.5000000000000004 0 5.5000000000000009 11.100000000000001 1 9.5000000000000018 2.2500000000000004 18.500000000000004 2 0.10500000000000002 56.750000000000007 4.5000000000000009 38.890000000000015
decision_type=10 10 1 10 10 1 2 8 10 1 10 10 2 8
left_child=3 2 -2 11 9 -5 -4 -8 -9 -3 -11 12 13 -1
right_child=1 4 6 5 -6 -7 7 8 -10 10 -12 -13 -14 -15
leaf_value=0.011747675951928015 -0.014038290635420165 -0.0022160106245729147 0.069853624069574988 0.009669321743529016 -0.040745460672345274 -0.021036759639568726 -0.0094953517275263837 0.070529921366232554 -0.0066023492051595026 0.092774432020931052 -0.01244833415771987 0.0065218331154455163 -0.0035413289280775018 0.00043172423629220718
leaf_weight=330.80641520023346 27.432443995028734 435.12226123735309 11.95780426263809 31.562615968286991 22.473374692723155 76.346577059477568 13.852531090378763 10.678042732179167 5.7412661388516417 2.0418654549866906 499.49647276103497 924.55960888043046 672.51345361024141 1187.2856112718582
leaf_count=2288 263 9831 79 328 877 827 143 80 47 36 12779 7395 6655 10378
internal_value=-9.51608e-05 -0.00684009 0.0128261 0.0020578 -0.00826845 -0.0131089 0.027168 0.0192813 0.0435594 -0.00748922 -0.011785 0.00258318 0.000920839 0.00289758
internal_weight=4251.87 1028.8 69.6621 3223.07 959.134 107.909 42.2296 30.2718 16.4193 936.661 501.538 3115.17 2190.61 1518.09
internal_count=52006 24135 612 27871 23523 1155 349 270 127 22646 12815 26716 19321 12666
cat_boundaries=0 1 2 3
cat_threshold=62 658 1140
is_linear=0
shrinkage=0.05


Tree=52
num_leaves=15
num_cat=2
split_feature=3 8 7 1 10 9 4 5 2 7 6 10 6 5
split_gain=23.147 13.202 11.692 11.0076 10.39 12.844 10.2718 8.60259 8.59332 9.24771 16.7061 8.3206 17.0536 7.96239
threshold=8.5000000000000018 15.500000000000002 42.310000000000009 52.500000000000007 0 1.0000000180025095e-35 8.9000000000000021 6.5000000000000009 10.500000000000002 40.490000000000016 2.9316666666666671 1 3.645 4.5000000000000009
decision_type=10 2 10 8 1 10 10 10 10 10 10 1 8 8
left_child=1 3 11 -1 5 -2 -6 -5 9 -7 -11 12 -3 -10
right_child=4 2 -4 7 6 8 -8 -9 13 10 -12 -13 -14 -15
leaf_value=-0.016823805792190696 0.028367703409211489 0.0064232684740654147 -0.049075014868931226 0.0033324802667953619 -0.010214672167180895 -0.0015559762597787638 -0.031302172524741483 -0.013633983940601639 -0.0065346324913108933 0.21233416158942628 -0.051650150043174636 -0.0061554648986877174 0.12754505660856716 -0.048152880250604005
leaf_weight=72.331275917589664 30.62767194211483 88.923078499734402 14.75481343269348 2997.7869352009147 146.93282849155366 3.9597235452383748 95.140704598277807 76.62089111097157 82.473117446526885 1.7028960417956116 0.92479107342660416 620.25120430439711 3.004297610372304 13.353308940306304
leaf_count=875 322 1319 364 26479 4324 111 4034 936 2486 51 31 10200 45 429
internal_value=-9.53476e-05 0.00105309 -0.00502002 0.00245604 -0.0119548 -3.80233e-05 -0.0177686 0.00290964 -0.00853669 0.0467037 0.119427 -0.0041073 0.00936314 -0.0123341
internal_weight=4248.79 3873.67 726.933 3146.74 375.115 133.042 242.074 3074.41 102.414 6.58741 2.62769 712.179 91.9274 95.8264
internal_count=52006 40218 11928 28290 11788 3430 8358 27415 3108 193 82 11564 1364 2915
cat_boundaries=0 1 2
cat_threshold=1345 112
is_linear=0
shrinkage=0.05


Tree=53
num_leaves=15
num_cat=2
split_feature=3 5 7 9 0 8 4 4 10 6 1 7 6 11
split_gain=21.1583 12.1981 11.5783 10.4059 10.7974 11.179 11.7251 10.445 10.17 10.0313 10.022 9.9861 9.38302 9.25537
threshold=8.5000000000000018 0.075000000000000025 42.045000000000009 1.0000000180025095e-35 3.5000000000000004 5.5000000000000009 7.1000000000000005 2.5500000000000003 0 0.5950000000000002 55.500000000000007 39.363333333333344 1.4450000000000003 1
decision_type=10 10 10 8 2 2 10 10 1 8 8 10 8 1
left_child=1 3 8 -1 -5 7 -7 -6 13 -9 -2 -8 -12 -3
right_child=10 2 -4 4 5 6 11 9 -10 -11 12 -13 -14 -15
leaf_value=-0.01461550197030358 -0.0190366607802629 -0.01384714828155573 -0.01750304008330485 0.00025109486451896368 0.013955451772510195 0.0029336433991374302 0.080356974551358665 -0.011963976565648035 -0.0027228847215596632 0.054492804086375135 0.012098189588925189 0.013555995232078889 -0.012002724842335638 0.0052207064058396209
leaf_weight=63.717997841536999 201.54142185300589 68.605084255337715 101.38289975747466 470.97753417119384 245.62730353325605 406.48575479909778 9.0645694322884101 6.9646907597780219 1577.8100456371903 30.743884764611721 66.511892005801201 14.614830672740935 102.80634974502027 879.34135883674026
leaf_count=508 6717 785 1740 3364 1218 3126 120 57 18612 206 1928 254 3143 10228
internal_value=-9.35577e-05 0.000998286 -0.000935289 0.00506797 0.00612683 0.0100054 0.00492602 0.0177169 -0.000270266 0.0422184 -0.0115029 0.0391277 -0.00253536 0.00380063
internal_weight=4246.2 3875.34 2627.14 1248.2 1184.48 713.501 430.165 283.336 2525.76 37.7086 370.86 23.6794 169.318 947.946
internal_count=52006 40218 31365 8853 8345 4981 3500 1481 29625 263 11788 374 5071 11013
cat_boundaries=0 1 2
cat_threshold=804 1
is_linear=0
shrinkage=0.05


Tree=54
num_leaves=15
num_cat=2
split_feature=4 5 1 8 3 10 2 6 10 0 7 7 1 6
split_gain=20.0364 13.2315 10.1007 9.98475 9.68365 9.34947 8.7586 13.99 8.45581 14.9386 13.9862 15.4192 9.64541 10.2252
threshold=3.5500000000000003 4.5000000000000009 52.500000000000007 16.500000000000004 11.500000000000002 0 37.500000000000007 2.8550000000000009 1 5.5000000000000009 40.310000000000009 39.410000000000011 55.500000000000007 1.1950000000000003
decision_type=10 10 10 2 10 1 10 10 1 2 10 10 10 8
left_child=2 3 -1 -2 8 -4 -3 -8 9 -5 11 -11 13 -13
right_child=1 6 5 4 -6 -7 7 -9 -10 10 -12 12 -14 -15
leaf_value=-0.020403224268951334 4.8236500285315166e-05 -0.022146773906404488 0.0066054639513501009 -0.016103889042214655 -0.043411418119230216 -0.0001723651649094155 0.053831016088651623 -0.017088237963900726 -0.0084915576855472304 0.025560251860830632 -0.01361634396995022 -0.027571823532604706 0.16327397026465748 0.13856274314846367
leaf_weight=43.97385411709547 1327.0998883061111 140.82269057817757 1222.9628956317902 25.140167428180575 18.414558243006468 874.58614872395992 10.592804281041028 20.243045188486576 527.90511882118881 13.575471883639699 9.915927750989793 1.8966219015419468 4.3584018871188164 1.8100760243833063
leaf_count=381 20480 3187 8121 469 764 5942 167 359 11618 196 190 31 66 35
internal_value=-9.08831e-05 -0.00355902 0.00331288 -0.00237591 -0.00771091 0.00381008 -0.0168618 0.00727411 -0.00658637 0.0107539 0.0355585 0.058091 0.112848 0.053556
internal_weight=4243.3 2101.77 2141.52 1930.12 603.016 2097.55 171.659 30.8358 584.602 56.6967 31.5565 21.6406 8.0651 3.7067
internal_count=52006 37562 14444 33849 13369 14063 3713 526 12605 987 518 328 132 66
cat_boundaries=0 1 2
cat_threshold=1325 96
is_linear=0
shrinkage=0.05


Tree=55
num_leaves=15
num_cat=2
split_feature=4 10 7 4 8 5 10 8 8 5 3 2 2 2
split_gain=18.594 10.2385 11.3748 10.1092 8.51093 8.24986 7.83876 7.76755 7.16405 9.80922 8.4432 7.91324 17.0387 7.70877
threshold=5.7750000000000012 0 40.810000000000009 8.1000000000000014 18.500000000000004 6.5000000000000009 1 1.5000000000000002 8.5000000000000018 0.075000000000000025 5.5000000000000009 65.500000000000014 23.500000000000004 11.500000000000002
decision_type=10 1 10 10 2 10 1 2 2 8 10 8 10 8
left_child=5 2 -2 -3 -5 -1 7 -7 11 10 -10 12 13 -4
right_child=1 3 8 4 -6 6 -8 -9 9 -11 -12 -13 -14 -15
leaf_value=0.0021429733475886608 0.0075271898582962935 -0.0054514587570157922 0.10310523245515978 -0.010696084600976596 -0.031147463109573933 -0.033577016979466759 -0.021091437225097168 0.050429244528883199 -0.024870687518990568 -0.020963168639218058 0.1220274384018355 -0.054693943771406323 0.11909422028860293 -0.015482205142545613
leaf_weight=3158.9055012986064 229.80867080204189 453.11631681583822 1.5811532307416207 131.08049939386547 83.135282693430781 3.8433001972734919 58.02147376537323 9.6881412044167501 1.7109776511788362 89.743252485990524 2.2838612776249647 3.2836364693939677 4.050892934203147 10.28135441057384
leaf_count=27071 4298 9424 32 4549 3124 35 653 112 26 2278 55 53 77 219
internal_value=-8.86696e-05 -0.00600975 0.00110942 -0.00953985 -0.0186331 0.00176269 -0.015026 0.0152782 -0.0118517 -0.0175506 0.0591114 0.0159759 0.0305582 0.00032431
internal_weight=4240.53 1010.08 342.744 667.332 214.216 3230.46 71.5529 13.5314 112.935 93.7381 3.99484 19.197 15.9134 11.8625
internal_count=52006 24135 7038 17097 7673 27871 800 147 2740 2359 81 381 328 251
cat_boundaries=0 1 2
cat_threshold=1376 514
is_linear=0
shrinkage=0.05


Tree=56
num_leaves=15
num_cat=2
split_feature=3 8 1 10 9 4 6 5 4 6 10 9 7 2
split_gain=17.1909 10.6944 9.8873 9.70207 11.2714 9.82926 9.02968 8.1744 12.8347 13.4739 9.57471 9.38602 9.10301 8.7479
threshold=8.5000000000000018 21.500000000000004 53.500000000000007 0 1.0000000180025095e-35 9.9000000000000021 0.98541666666666683 0.075000000000000025 7.1000000000000005 0.87750000000000006 1 1.0000000180025095e-35 39.390000000000015 20.500000000000004
decision_type=10 2 8 1 10 10 8 10 10 10 1 8 8 10
left_child=1 2 6 4 -2 -5 -1 8 10 13 -4 -12 -13 -10
right_child=3 -3 7 5 -6 -7 -8 -9 9 -11 11 12 -14 -15
leaf_value=0.0079216918354573663 0.027364642562587561 -0.0089778327578720531 -0.0049067376232752305 -0.011525881938461449 -0.0071881862428843438 -0.036404740057085126 -0.015823332424873382 0.00045699376828300145 0.17315021660874841 0.021374608732839268 -0.014062133813011166 0.015462905375362697 0.0046968558578992471 0.044614537507110183
leaf_weight=55.42315055988729 30.949516668915749 256.66117664799094 201.84192851930857 180.99648135341704 99.419285671785474 50.855930423364043 144.22555562481284 2253.8012235164642 2.8173038251698044 16.740459691733122 49.929864071309566 291.62749817594886 600.91329500824213 2.4968974143266678
leaf_count=664 322 4996 1478 5987 3108 2371 1821 24845 38 246 372 1610 4108 40
internal_value=-8.85557e-05 0.000884798 0.0015841 -0.0105054 0.000942361 -0.0162808 -0.00923163 0.00221546 0.00561339 0.0433938 0.00488524 0.00696052 0.00821454 0.112757
internal_weight=4238.7 3876.48 3619.82 362.221 130.369 231.852 199.649 3420.17 1166.37 22.0547 1144.31 942.471 892.541 5.3142
internal_count=52006 40218 35222 11788 3430 8358 2485 32737 7892 324 7568 6090 5718 78
cat_boundaries=0 1 2
cat_threshold=1345 576
is_linear=0
shrinkage=0.05


Tree=57
num_leaves=15
num_cat=0
split_feature=4 5 1 5 4 2 6 3 7 7 5 4 0 2
split_gain=16.0394 11.788 9.15368 8.21791 13.6101 8.08656 12.1386 7.94093 7.535 10.839 10.4155 7.38595 7.36288 11.6439
threshold=3.5500000000000003 4.5000000000000009 55.500000000000007 1.0000000180025095e-35 3.6333333333333337 37.500000000000007 2.8550000000000009 5.5000000000000009 37.790000000000013 37.422500000000007 4.5000000000000009 11.100000000000001 5.5000000000000009 13.500000000000002
decision_type=10 10 10 10 10 10 10 10 8 10 8 10 2 8
left_child=2 3 8 4 -2 7 -7 -3 9 -1 -11 -5 -10 -14
right_child=1 5 -4 11 -6 6 -8 -9 12 10 -12 -13 13 -15
leaf_value=-0.00061336002816645167 -0.038758119236157025 -0.0066340683898586357 0.005898826041547677 -0.002890546191424855 0.011187796553511486 0.049228304978281297 -0.016207981335867778 -0.031148549249604519 -0.00042708059469219326 0.06895430912371385 0.0073724005456183494 -0.036504403714186333 0.037083996226317965 -0.022284608172908501
leaf_weight=42.959814831614494 14.725775219500063 55.819383032619953 1181.378610804677 1702.9067244641483 184.92236112989485 11.034194588661196 19.812717890366912 80.928492458537221 811.39058827608824 14.393372923135759 13.129245780408381 16.500527298077941 9.2623297944664937 76.240133859217167
leaf_count=268 123 762 7462 31171 1810 167 359 2425 5864 97 68 745 78 607
internal_value=-8.63994e-05 -0.00320877 0.00294573 -0.00209819 0.00750385 -0.0159256 0.00719912 -0.0211419 -0.000660651 0.0150808 0.0395776 -0.00321313 -0.00189769 -0.0158533
internal_weight=4235.4 2086.65 2148.75 1919.06 199.648 167.595 30.8469 136.748 967.375 70.4824 27.5226 1719.41 896.893 85.5025
internal_count=52006 37562 14444 33849 1933 3713 526 3187 6982 433 165 31916 6549 685
is_linear=0
shrinkage=0.05


Tree=58
num_leaves=15
num_cat=5
split_feature=4 10 6 11 0 8 0 7 2 10 10 0 10 1
split_gain=14.8171 19.782 12.5167 14.5339 13.562 12.9462 12.4793 9.65454 16.5024 17.3146 8.53181 12.2273 12.0636 10.8149
threshold=8.1000000000000014 0 2.0050000000000003 1 6.5000000000000009 21.500000000000004 8.5000000000000018 39.945000000000014 124.50000000000001 2 3 5.5000000000000009 4 57.250000000000007
decision_type=10 1 10 1 2 2 2 10 10 1 1 2 1 10
left_child=7 2 3 4 -2 -5 -6 10 -9 -10 -1 13 -13 -12
right_child=1 -3 -4 5 6 -7 -8 8 9 -11 11 12 -14 -15
leaf_value=0.010230598351889008 0.032809745856690407 -0.016093757571564438 -0.005479017970425634 -0.0045239278290447041 0.22908654770404696 0.13766464539205403 0.073037933430635374 -0.0036727023671350592 -0.01560471619648926 0.030261358162976912 0.0030920004122074888 0.0097487058459792657 -0.010129656655360671 0.047461947005076749
leaf_weight=316.10679244622588 5.1142723709344864 253.32428910769522 24.737399999052286 12.993738537654279 2.4610429536551237 1.8258043620735414 2.6723893918097019 1428.5919012892991 24.602696781978011 61.534416237846017 1652.9001644719392 90.333486873656511 341.49211833626032 13.848661579191683
leaf_count=2612 91 9133 536 234 39 43 36 18950 264 554 14533 958 3941 82
internal_value=-8.36743e-05 -0.0107349 0.0164503 0.0446535 0.0904374 0.0129941 0.14785 0.000738003 -0.00239121 0.0188625 0.00270096 0.00151082 -0.00598013 0.00346066
internal_weight=4232.54 303.129 49.8046 25.0672 10.2477 14.8195 5.13343 3929.41 1514.73 86.1371 2414.68 2098.57 431.826 1666.75
internal_count=52006 10112 979 443 166 277 75 41894 19768 818 22126 19514 4899 14615
cat_boundaries=0 1 2 3 4 5
cat_threshold=320 4 992 1280 33
is_linear=0
shrinkage=0.05


Tree=59
num_leaves=15
num_cat=2
split_feature=8 3 5 1 7 10 8 0 2 11 7 5 4 5
split_gain=14.2215 10.4243 10.1806 10.4547 9.99045 8.66003 11.2635 11.206 14.3497 19.4866 11.6991 10.1557 11.7234 11.5609
threshold=15.500000000000002 11.500000000000002 6.5000000000000009 53.500000000000007 42.64500000000001 0 5.5000000000000009 5.5000000000000009 187.50000000000003 1 39.410000000000011 0.62500000000000011 1.6333333333333335 2.2500000000000004
decision_type=2 10 10 8 10 1 2 2 10 1 8 8 10 10
left_child=2 4 3 -1 -2 6 11 8 10 -10 -7 -5 -13 -14
right_child=1 -3 -4 5 -6 7 -8 -9 9 -11 -12 12 13 -15
leaf_value=-0.0097860473104397563 -0.0042715003924551241 -0.040012800811667325 -0.015213716875736414 -0.0049684248837602307 -0.052155299785055453 0.0064811536774225798 0.001757192544956653 -0.0092222628882588243 0.13387121739181568 0.019029878170570527 -0.0029042295901093502 0.0067007181395916937 0.029943471099790869 0.0046433759198542283
leaf_weight=182.11087667383254 841.10935670509934 21.664630826562643 89.758002551272511 85.507559441030025 11.035930635407565 562.664715571329 825.75049850903451 269.6850984506309 4.0220485217869282 45.267643913626671 810.08011915907264 265.67068894207478 151.28537499159575 64.36286761239171
leaf_count=2568 16515 971 1413 732 327 4747 8896 3163 30 369 9051 1426 1144 654
internal_value=-8.05909e-05 -0.0057624 0.00139872 0.00185522 -0.00489163 0.00254257 0.00544371 0.000121539 0.00189442 0.028401 0.000942679 0.0109102 0.0137311 0.0223923
internal_weight=4229.98 873.81 3356.17 3266.41 852.145 3084.3 1392.58 1691.72 1422.03 49.2897 1372.74 566.826 481.319 215.648
internal_count=52006 17813 34193 32780 16842 30212 12852 17360 14197 399 13798 3956 3224 1798
cat_boundaries=0 1 2
cat_threshold=1317 1
is_linear=0
shrinkage=0.05


Tree=60
num_leaves=15
num_cat=1
split_feature=3 1 8 1 6 6 0 5 10 2 8 2 6 2
split_gain=13.254 9.30202 8.70667 8.47712 8.33594 6.85046 6.77108 6.52666 6.62341 7.52218 8.69924 6.32974 11.0137 8.96465
threshold=8.5000000000000018 55.500000000000007 21.500000000000004 51.250000000000007 1.4450000000000003 8.0200000000000014 5.5000000000000009 5.5000000000000009 0 13.500000000000002 1.5000000000000002 29.500000000000004 4.2550000000000008 119.50000000000001
decision_type=10 8 2 8 8 10 2 10 1 10 2 10 10 10
left_child=2 6 3 -1 -3 -5 7 8 9 -2 -11 -6 -13 -14
right_child=1 4 -4 5 11 -7 -8 -9 -10 10 -12 12 13 -15
leaf_value=-0.025783601444954493 0.046484075593058005 0.013229819326806459 -0.008209720766983104 0.0017313925675945187 -0.017338981063231867 -0.036850327981291099 -0.032825782582670743 -0.047420465423617726 -0.017874573371293622 0.14248365018342571 -0.0051511578922253717 -4.02512129432649e-05 0.0166604088786108 0.19429806160969942
leaf_weight=28.47068814188242 9.1670347396284324 65.294876016676426 252.55417354218662 3581.8756703361869 72.530348854139447 11.542342832311986 49.321824450045824 11.474499847739933 64.45294614136219 1.0165428742766369 54.118024237453938 22.271037066355351 1.4364353828132146 1.4048627391457555
leaf_count=399 320 1928 4996 34679 2577 144 1749 440 2382 26 1800 503 39 24
internal_value=-7.82423e-05 -0.00936071 0.000766257 0.00139215 -0.000600019 0.00160747 -0.0168914 -0.0112869 -0.00806669 0.0039325 -0.00242914 -0.0098482 0.0117869 0.104492
internal_weight=4226.93 352.488 3874.44 3621.89 162.938 3593.42 189.551 140.229 128.755 64.3016 55.1346 97.6427 25.1123 2.8413
internal_count=52006 11788 40218 35222 5071 34823 6717 4968 4528 2146 1826 3143 566 63
cat_boundaries=0 1
cat_threshold=333
is_linear=0
shrinkage=0.05


Tree=61
num_leaves=15
num_cat=3
split_feature=4 10 6 0 5 8 5 7 2 10 2 4 10 7
split_gain=12.2257 17.847 10.4892 11.846 12.049 10.4518 8.48696 8.23788 12.3537 13.6039 10.7982 9.6262 8.91984 11.1359
threshold=8.1000000000000014 0 2.0050000000000003 6.5000000000000009 2.7500000000000004 21.500000000000004 2.2500000000000004 39.710000000000015 124.50000000000001 1 144.50000000000003 5.1000000000000005 2 38.690000000000012
decision_type=10 1 10 2 8 2 10 8 10 1 10 8 1 10
left_child=7 2 3 5 -5 -2 -3 12 -9 10 11 -10 13 -1
right_child=1 6 -4 4 -6 -7 -8 8 9 -11 -12 -13 -14 -15
leaf_value=0.00035903831622476133 0.00058196980383702244 -0.0095758941539215141 -0.0047087582462305251 0.054226248489857035 0.18706861985165571 0.12305975874084391 -0.029723899368794826 -0.0022714967395405582 0.090256811569200623 -0.0090560748298383672 0.020061483091414829 -0.0074859954638391681 0.0043967038568968261 -0.026668290361855914
leaf_weight=135.04295653663576 14.479734648019081 171.27366412524134 24.366032235324383 7.2625398151576492 2.2313766498118648 1.9800614099949587 75.222481620498002 2049.9719942454249 11.419722698628899 38.297059778124094 51.629129135981202 3.2318745087832221 1585.9754066932946 53.096598876640201
leaf_count=1351 264 6205 536 107 26 46 2928 24426 84 405 421 57 14516 634
internal_value=-7.79789e-05 -0.00986269 0.0157262 0.0409704 0.0854485 0.0153157 -0.0151114 0.000661269 -0.00141636 0.0153464 0.0267731 0.0686965 0.00318442 -0.00690175
internal_weight=4225.48 296.816 50.3197 25.9537 9.49392 16.4598 246.496 3928.66 2154.55 104.578 66.2807 14.6516 1774.11 188.14
internal_count=52006 10112 979 443 133 310 9133 41894 25393 967 562 141 16501 1985
cat_boundaries=0 1 2 3
cat_threshold=320 1295 64
is_linear=0
shrinkage=0.05


Tree=62
num_leaves=15
num_cat=2
split_feature=8 3 7 5 1 6 6 11 2 8 10 6 7 2
split_gain=11.7918 9.67972 9.5308 8.83369 9.05701 8.43627 11.158 10.4461 11.1668 8.82533 7.62575 10.4995 10.4903 13.1698
threshold=15.500000000000002 11.500000000000002 42.64500000000001 6.5000000000000009 53.500000000000007 0.98541666666666683 0.75500000000000023 0 29.500000000000004 9.5000000000000018 1 0.73541666666666683 38.910000000000011 63.500000000000007
decision_type=2 10 10 10 8 8 10 1 8 2 1 8 8 10
left_child=3 2 -2 4 5 6 -1 -8 9 -9 11 -6 13 -13
right_child=1 -3 -4 -5 10 -7 7 8 -10 -11 -12 12 -14 -15
leaf_value=-0.0090967528268255746 -0.0038659553861793076 -0.039281544439933931 -0.052031540400298032 -0.0143608663131335 -0.0059569519838340579 -0.015712997629062822 0.1408159940890869 -0.0084407523664064427 -0.056836012885482692 0.082595871087440723 4.725306702014533e-05 0.024509246810270072 0.0048631709657946387 -0.011334476935549061
leaf_weight=30.825643552467227 834.37436340749264 20.439024630002677 10.398596530780194 88.079994566738605 186.9673233423382 132.35978915169835 2.2871085330843925 4.2204626724123955 3.1885110456496486 7.2103320714086294 1691.8685625344515 143.49552550911903 1036.5575104039162 31.198383647948503
leaf_count=375 16515 971 327 1413 1514 1958 34 57 39 105 17360 1036 10063 239
internal_value=-7.64642e-05 -0.00528146 -0.00445884 0.00126454 0.0016854 -0.00921432 0.00880636 0.0414493 0.0259039 0.0489835 0.00232064 0.00503512 0.00677341 0.018108
internal_weight=4223.47 865.212 844.773 3358.26 3270.18 180.092 47.7321 16.9064 14.6193 11.4308 3090.09 1398.22 1211.25 174.694
internal_count=52006 17813 16842 34193 32780 2568 610 235 201 162 30212 12852 11338 1275
cat_boundaries=0 1 2
cat_threshold=4 1317
is_linear=0
shrinkage=0.05


Tree=63
num_leaves=15
num_cat=3
split_feature=3 9 9 10 4 5 3 8 7 10 2 0 7 10
split_gain=11.1026 10.5854 10.0862 25.9994 16.5589 12.4951 10.8961 10.2846 13.5165 9.5505 17.1485 24.2969 11.3796 9.26284
threshold=2.5000000000000004 1.0000000180025095e-35 1.0000000180025095e-35 0 9.9000000000000021 1.8750000000000002 5.5000000000000009 3.5000000000000004 38.210000000000015 1 112.50000000000001 3.5000000000000004 37.422500000000007 2
decision_type=10 8 10 1 8 10 10 2 10 1 10 2 10 1
left_child=1 -1 3 4 -2 7 -7 8 -4 12 -11 -12 -5 -8
right_child=2 -3 5 9 -6 6 13 -9 -10 10 11 -13 -14 -15
leaf_value=-0.012240303458976089 0.034125968287377809 0.0037023569579448718 0.048395901880796829 0.10383552710736169 0.12708917266722927 -0.0032930374296740346 -0.0044910326076468207 -0.0023839000645539295 0.0053888908381445021 -0.018228203324784354 0.13837943627225782 -0.00057255377589040504 0.0070195447615446251 -0.022962813080842553
leaf_weight=110.57976215332747 40.186604343354702 1781.6677809730172 21.302095858380198 3.1161953303962937 5.4383999146521083 366.35264419950545 133.68214485701174 1209.9366699326783 128.33063357882202 107.60649038478732 4.3355984743684521 11.466079195961354 116.63423418812454 180.70657644234598
leaf_count=730 437 11362 200 41 61 4306 3390 20821 1533 2007 43 133 1816 5126
internal_value=-7.41727e-05 0.00277069 -0.00238545 0.0063604 0.0370799 -0.00362333 -0.00915304 -0.00085459 0.0115115 -0.000891889 -0.0102548 0.0375525 0.00880376 -0.0159816
internal_weight=4221.34 1892.25 2329.09 288.784 45.625 2040.31 680.741 1359.57 149.633 243.159 123.408 15.8017 119.75 314.389
internal_count=52006 12092 39914 4538 498 35376 12822 22554 1733 4040 2183 176 1857 8516
cat_boundaries=0 1 2 3
cat_threshold=1281 610 1252
is_linear=0
shrinkage=0.05


Tree=64
num_leaves=15
num_cat=3
split_feature=3 11 7 2 4 0 10 6 7 8 1 10 6 6
split_gain=10.6687 8.48597 7.73894 7.02728 14.3906 6.9027 6.47776 7.71584 18.3858 6.45549 7.67123 6.26166 7.73115 7.30281
threshold=8.5000000000000018 0 42.510000000000012 176.50000000000003 7.7750000000000012 5.5000000000000009 1 2.5450000000000004 42.190000000000012 23.500000000000004 51.250000000000007 2 0.53875000000000017 3.3450000000000002
decision_type=10 1 10 10 10 2 1 8 8 2 8 1 10 8
left_child=2 3 9 5 -5 -2 7 8 -3 10 -1 12 -11 -14
right_child=1 6 -4 4 -6 -7 -8 -9 -10 11 -12 -13 13 -15
leaf_value=-0.024788177986738966 -0.013028670050059081 0.015812674494994787 -0.018064923029451407 -0.03709050716376034 0.12864034815426628 -0.038009254085605182 -0.0086522323048445395 -0.017327464124362594 0.22298773123059457 0.094971562660259135 0.0015839290010546516 -0.014583439491635243 -0.00083057580537411111 0.11000993227895693
leaf_weight=27.786473678424954 120.92219392675906 56.147894969210029 54.321527710184455 2.8164170645177355 2.4485746845602989 35.85297947563231 107.41322232224047 18.569389414042234 1.09171594493091 2.355243979021906 3622.8456023260951 113.73679380305111 51.246613135561347 1.5304279457777727
leaf_count=408 4418 1650 957 45 41 1354 3633 612 35 42 35363 2383 1031 34
internal_value=-7.60414e-05 -0.00849799 0.000674582 -0.0168333 0.0399855 -0.0187415 -0.00112628 0.00943406 0.0197641 0.000941098 0.0013832 -0.00861631 0.00536568 0.00238358
internal_weight=4219.09 345.262 3873.82 162.04 5.26499 156.775 183.222 75.809 57.2396 3819.5 3650.63 168.869 55.1323 52.777
internal_count=52006 11788 40218 5858 86 5772 5930 2297 1685 39261 35771 3490 1107 1065
cat_boundaries=0 1 2 3
cat_threshold=2 1329 618
is_linear=0
shrinkage=0.05


Tree=65
num_leaves=15
num_cat=1
split_feature=4 8 10 1 3 6 5 3 4 6 5 2 8 5
split_gain=10.3173 9.18792 9.68217 11.264 17.159 9.55819 8.05036 10.134 7.15288 7.86449 12.1841 10.3377 13.7574 7.15017
threshold=11.100000000000001 19.500000000000004 0 55.500000000000007 3.5000000000000004 0.93875000000000008 2.2500000000000004 7.5000000000000009 8.1000000000000014 0.58166666666666689 0.87500000000000011 14.500000000000002 21.500000000000004 5.5000000000000009
decision_type=10 2 1 8 10 10 8 10 10 10 10 10 2 10
left_child=1 13 3 -3 -5 -6 7 -7 9 10 11 12 -4 -1
right_child=-2 2 8 4 5 6 -8 -9 -10 -11 -12 -13 -14 -15
leaf_value=0.0013208464061458935 -0.037904723713137529 -0.007653879193025956 0.12791766529254053 -0.022483228371357931 -0.010107593778208489 0.20206806781604447 0.047952125312051057 0.070979613783549098 -0.022272811825963402 -0.0078434889149686746 0.11088704469916773 -0.028848679150589376 0.0014003602448845068 -0.010256024094527869
leaf_weight=3613.0232118610293 17.948396768420935 18.159980156458914 3.2506785988807732 5.8058742061257389 2.2844191696494809 3.126991339027879 3.9312339406460532 2.7895529493689537 81.70116500928998 307.8733074311167 3.3379647191613904 9.7377774547785503 6.3384069800376892 138.48707599751651
leaf_count=38517 877 345 42 59 42 50 79 58 3248 6107 58 160 115 2249
internal_value=-7.66405e-05 8.5021e-05 -0.0066799 0.0157438 0.0482077 0.0820369 0.103412 0.140262 -0.0088116 -0.0057509 0.0226744 0.00743904 0.0442894 0.000893486
internal_weight=4217.8 4199.85 448.337 36.0981 17.9381 12.1322 9.84778 5.91654 412.239 330.538 22.6648 19.3269 9.58909 3751.51
internal_count=52006 51129 10363 633 288 229 187 108 9730 6482 375 317 157 40766
cat_boundaries=0 1
cat_threshold=96
is_linear=0
shrinkage=0.05


Tree=66
num_leaves=15
num_cat=2
split_feature=4 3 9 9 10 4 5 10 2 7 7 7 6 0
split_gain=9.66367 8.74879 10.4976 9.08091 22.3867 18.628 12.4601 9.66665 10.8295 17.2674 9.25841 9.61725 16.3986 9.82301
threshold=11.100000000000001 2.5000000000000004 1.0000000180025095e-35 1.0000000180025095e-35 0 9.9000000000000021 1.8750000000000002 1 112.50000000000001 40.445000000000014 42.64500000000001 42.445000000000014 2.8354166666666671 3.5000000000000004
decision_type=10 8 10 8 1 10 10 1 10 10 10 10 10 2
left_child=1 2 -1 4 5 -3 7 8 10 -10 11 -5 13 -13
right_child=-2 3 -4 6 -6 -7 -8 -9 9 -11 -12 12 -14 -15
leaf_value=-0.011788526278761686 -0.037341470753772366 0.031703567554475322 0.0042538158256152699 0.0016305544003428621 -0.00014090824590380329 0.13450475921541524 -0.0084479807633918227 -0.0051408437459995642 0.0067116999090492836 0.074367742033086007 -0.043959020876189928 0.040697172143173498 -0.052566106711116251 0.20884665788560053
leaf_weight=109.88594257086515 17.324101597070694 41.179364629089832 1416.5778411440551 1004.0500293569639 238.43989898636937 4.934738513082265 667.88243600167334 654.12204273696989 32.502707168459892 13.285954196006058 11.085172915831206 1.5941824186593287 1.8242257628589866 1.9081550575792787
leaf_count=730 877 437 8790 14879 3882 49 12522 8923 361 160 271 33 48 44
internal_value=-7.47086e-05 7.90354e-05 0.00309897 -0.00164568 0.00679755 0.0350942 -0.00265166 -0.000401419 0.0025306 0.0263427 0.00148694 0.00198603 0.0689935 0.132309
internal_weight=4216.6 4199.27 1526.46 2672.81 284.554 46.1141 2388.25 1720.37 1066.25 45.7887 1020.46 1009.38 5.32656 3.50234
internal_count=52006 51129 9520 41609 4368 486 37241 24719 15796 521 15275 15004 125 77
cat_boundaries=0 1 2
cat_threshold=1281 1310
is_linear=0
shrinkage=0.05


Tree=67
num_leaves=15
num_cat=1
split_feature=3 6 7 7 1 2 7 8 2 5 8 1 10 6
split_gain=9.10149 7.85444 7.83243 6.75546 6.41605 5.66005 5.58528 6.72007 6.37699 7.3061 5.38889 7.00048 5.66903 8.25036
threshold=8.5000000000000018 1.4450000000000003 44.220000000000006 42.510000000000012 55.500000000000007 176.50000000000003 40.490000000000016 8.5000000000000018 37.500000000000007 1.8750000000000002 23.500000000000004 51.250000000000007 0 3.4450000000000007
decision_type=10 8 8 10 10 8 10 2 8 10 2 8 1 8
left_child=3 4 -3 10 5 -2 7 -6 9 -8 11 -1 13 -12
right_child=1 2 -4 -5 6 -7 8 -9 -10 -11 12 -13 -14 -15
leaf_value=-0.024008202872540324 -0.011438863543000102 -0.014707357006914635 0.11270175210297997 -0.017103504714563261 0.041468386925868878 0.075901977738038529 0.03984699522301894 -0.0059248456966030875 0.10637474658654289 -0.052032890561774847 0.0031203196257123967 0.0014513831482866988 -0.013728625787716685 0.12682667224029157
leaf_weight=27.202559649944305 66.620962953194976 206.98372559249401 1.2133159609511484 53.05757487565279 9.4085699897259456 1.9080480635166157 12.490566581487657 36.482951854355633 2.776642804965376 2.6169537268578997 53.836859067901969 3627.3593104146421 111.24538442865014 1.3824203442782153
leaf_count=408 2411 7434 45 957 204 32 401 1122 52 87 1080 35363 2383 27
internal_value=-7.37574e-05 -0.00791119 -0.0139649 0.000615092 0.00161496 -0.00900704 0.0130286 0.0037916 0.0367313 0.0239314 0.000861126 0.00126188 -0.00793692 0.00526403
internal_weight=4214.59 340.502 208.197 3874.08 132.305 68.529 63.7757 45.8915 17.8842 15.1075 3821.03 3654.56 166.465 55.2193
internal_count=52006 11788 7479 40218 4309 2443 1866 1326 540 488 39261 35771 3490 1107
cat_boundaries=0 1
cat_threshold=618
is_linear=0
shrinkage=0.05


Tree=68
num_leaves=15
num_cat=2
split_feature=4 5 10 3 7 2 7 2 5 10 4 3 4 0
split_gain=8.88806 8.08925 9.76357 15.6683 20.3203 9.67401 7.64194 9.14773 8.56817 7.79518 8.61183 9.36612 8.78898 7.7237
threshold=11.100000000000001 0.075000000000000025 0 7.5000000000000009 41.163333333333348 7.5000000000000009 40.690000000000012 105.50000000000001 8.5000000000000018 1 4.4500000000000011 9.5000000000000018 5.6333333333333337 4.5000000000000009
decision_type=10 10 1 10 10 8 10 10 10 1 10 10 8 2
left_child=1 2 3 5 -5 -1 13 8 -8 -9 -11 12 -12 -3
right_child=-2 6 -4 4 -6 -7 7 9 -10 10 11 -13 -14 -15
leaf_value=0.082001112809589383 -0.036615275774339977 0.0028004863277037847 0.0011967924692162981 0.044412757262048949 0.27754960557178715 0.0093702674345635759 -0.0062248251578828143 -0.0096231275819208973 -0.034971456972492078 0.014836645512857625 0.1183272672291012 0.17807081487420506 0.014771781958009364 -0.0031543758226286523
leaf_weight=4.6769130304455748 16.574595861136913 1192.3986819740385 1040.2652434837073 4.0852222088724366 1.2119179461151359 232.35027817450464 643.35122564341873 20.70058611035347 27.009359539486468 17.698285374790434 3.1565980687737438 1.7323708031326521 5.8391703274101028 1002.2043800251558
leaf_count=27 877 13591 7727 93 31 1516 11939 247 650 135 37 45 109 14982
internal_value=-7.29541e-05 7.13682e-05 0.00338023 0.0122006 0.0977515 0.0108034 -0.00138497 -0.00585682 -0.00738305 0.0149693 0.0268262 0.0716109 0.0511092 8.1093e-05
internal_weight=4213.25 4196.68 1282.59 242.324 5.29714 237.027 2914.09 719.488 670.361 49.127 28.4264 10.7281 8.99577 2194.6
internal_count=52006 51129 9394 1667 124 1543 41735 13162 12589 573 326 191 146 28573
cat_boundaries=0 1 2
cat_threshold=257 1641
is_linear=0
shrinkage=0.05


Tree=69
num_leaves=15
num_cat=1
split_feature=4 8 10 1 3 6 4 6 5 2 8 6 1 6
split_gain=8.31551 7.46594 8.55374 9.45487 14.2297 7.37338 6.60486 6.8845 9.80681 9.18667 10.6674 6.2557 6.33495 8.95857
threshold=11.100000000000001 19.500000000000004 0 55.500000000000007 3.5000000000000004 0.93875000000000008 8.1000000000000014 0.58166666666666689 0.87500000000000011 14.500000000000002 21.500000000000004 7.5500000000000007 53.500000000000007 1.031666666666667
decision_type=10 2 1 8 10 10 10 10 10 10 2 10 8 8
left_child=1 11 3 -3 -5 -6 7 8 9 10 -4 12 13 -1
right_child=-2 2 6 4 5 -7 -8 -9 -10 -11 -12 -13 -14 -15
leaf_value=0.0079114258224314733 -0.036032720216802393 -0.0070753251708156363 0.10949069884900337 -0.021943785041113335 -0.0095090325391838509 0.089913879911793129 -0.021291318856977371 -0.0071906954835723588 0.096321715268620475 -0.028111982151200223 0.0015765926271253776 -0.028585644602479782 0.0014318541544765522 -0.014498628409910466
leaf_weight=64.674580875784159 16.014735396951437 17.948457511141896 3.5918735228478962 5.727972116321328 2.2566590979695311 10.739308603107927 79.118902975693345 303.75326155126095 3.6512488145381203 9.5056816637516004 6.3184067960828543 18.036967226304114 3526.5934150358662 143.64391333609819
leaf_count=854 877 345 42 59 42 187 3248 6107 58 160 115 248 37342 2322
internal_value=-7.2092e-05 6.51721e-05 -0.00607658 0.0148154 0.043712 0.0726498 -0.00812867 -0.00519089 0.021143 0.00700531 0.0406889 0.000789512 0.000931373 -0.0075412
internal_weight=4211.58 4195.56 442.612 36.6724 18.7239 12.996 405.939 326.82 23.0672 19.416 9.91028 3752.95 3734.91 208.318
internal_count=52006 51129 10363 633 288 229 9730 6482 375 317 157 40766 40518 3176
cat_boundaries=0 1
cat_threshold=96
is_linear=0
shrinkage=0.05


Tree=70
num_leaves=15
num_cat=2
split_feature=3 9 5 2 4 9 10 5 8 6 10 8 5 4
split_gain=7.86422 9.40642 8.11853 7.10657 10.1319 9.98273 13.037 10.5887 10.446 9.90736 10.0555 8.58507 7.62495 7.33168
threshold=2.5000000000000004 1.0000000180025095e-35 6.5000000000000009 22.500000000000004 10.450000000000001 1.0000000180025095e-35 0 0.15000000000000005 13.500000000000002 0.34500000000000008 1 16.500000000000004 0.87500000000000011 5.5500000000000007
decision_type=8 10 10 8 10 8 1 10 2 10 1 2 10 10
left_child=1 -1 3 4 9 6 7 -5 -9 -2 -11 -7 -13 -12
right_child=2 -3 -4 5 -6 11 -8 8 -10 10 13 12 -14 -15
leaf_value=-0.011351788654681574 0.020738993348086279 0.0038764288872275678 -0.016870229974082253 0.14041425921140172 -0.037364251848949488 0.0012653136962191716 0.0043183659288696177 0.017943042369697532 0.084274650732779094 -0.010139241311073962 0.0030292224039974659 -0.03014668316175095 -0.00065703920328672794 -0.0059315377469595773
leaf_weight=109.19904237985611 42.375260526314378 1421.0583443939686 85.414580676704645 3.0395522974431541 21.87112142611295 938.67389506939799 126.84431682806462 16.539617184549574 9.2575699090957624 418.81138847395778 526.53588390722871 42.935682648792863 44.782683860510588 402.97847723588347
leaf_count=730 535 8790 1966 31 1225 10333 1631 163 105 7668 6288 916 1051 10574
internal_value=-7.00208e-05 0.00278974 -0.00170289 -0.00120358 -0.00359733 0.00165693 0.013455 0.0387197 0.0417468 -0.00306629 -0.00381444 -0.000132576 -0.0150914 -0.000846488
internal_weight=4210.32 1530.26 2680.06 2594.65 1412.57 1182.07 155.681 28.8367 25.7972 1390.7 1348.33 1026.39 87.7184 929.514
internal_count=52006 9520 42486 40520 26290 14230 1930 299 268 25065 24530 12300 1967 16862
cat_boundaries=0 1 2
cat_threshold=257 201
is_linear=0
shrinkage=0.05


Tree=71
num_leaves=15
num_cat=2
split_feature=4 7 2 10 10 7 4 2 2 6 7 0 0 8
split_gain=7.46723 6.91875 11.4253 22.8387 10.5951 9.84998 8.89037 8.47663 7.91831 10.2151 7.1891 9.16212 11.156 11.9743
threshold=11.100000000000001 39.722500000000011 100.50000000000001 0 1 42.64500000000001 7.5500000000000007 175.50000000000003 9.5000000000000018 4.205000000000001 40.422500000000007 5.5000000000000009 3.5000000000000004 1.5000000000000002
decision_type=10 8 10 1 1 10 10 10 8 8 10 2 2 2
left_child=1 -1 4 10 5 8 -6 -5 9 -3 -4 12 -12 -14
right_child=-2 2 3 7 6 -7 -8 -9 -10 -11 11 -13 13 -15
leaf_value=0.0023055031361073719 -0.035107697227606031 0.021842311224705285 0.013667804906395978 -0.027013759650030986 -0.0036764896913211473 -0.028326279108155591 -0.015834359141621533 0.010358903982213343 0.002738686930774021 0.13546743639267769 0.0095951478292130125 0.0024248607614705173 -0.014019788926504368 0.084209204706839111
leaf_weight=1884.628511804156 15.150758076459168 20.659784486517314 40.949423203244805 40.332183740101755 1328.2761081103235 24.758824739605188 169.55891339294612 24.322090495377779 608.995625003241 2.1874628104269496 10.181346170604227 11.141699384897946 3.5811891369521645 23.210802219808102
leaf_count=19425 877 304 353 484 15229 529 6294 238 7787 25 108 113 25 215
internal_value=-6.88822e-05 5.77317e-05 -0.00177759 0.0113921 -0.00271725 0.00257142 -0.00501928 -0.0112194 0.00382284 0.0327211 0.026132 0.0421711 0.0541484 0.0710793
internal_weight=4207.93 4192.78 2308.16 153.719 2154.44 656.602 1497.84 64.6543 631.843 22.8472 89.0645 48.115 36.9733 26.792
internal_count=52006 51129 31704 1536 30168 8645 21523 722 8116 329 814 461 348 240
cat_boundaries=0 1 2
cat_threshold=1294 368
is_linear=0
shrinkage=0.05


Tree=72
num_leaves=15
num_cat=1
split_feature=5 8 10 7 2 5 3 0 4 6 3 2 7 7
split_gain=7.07982 7.26592 10.9272 10.9953 10.7007 9.72803 8.66124 8.41636 9.52087 8.72096 7.44908 11.3704 10.2072 9.2602
threshold=6.5000000000000009 9.5000000000000018 0 37.822500000000012 51.500000000000007 0.15000000000000005 4.5000000000000009 3.5000000000000004 5.366666666666668 3.2450000000000006 2.5000000000000004 20.500000000000004 40.310000000000009 41.390000000000015
decision_type=10 2 1 8 10 8 10 2 8 8 8 8 8 10
left_child=1 2 3 5 -3 -1 -6 -4 9 -9 12 -12 -10 -13
right_child=-2 4 7 -5 6 -7 -8 8 10 -11 11 13 -14 -15
leaf_value=0.079600469899408235 -0.012786405671838256 -0.00089876783603333942 4.5981626195475876e-05 -0.0042387945225120767 -0.026051733297051467 0.0098807397513351325 -0.0028558297122653225 0.003042415345876702 0.10549392170699715 0.017567406861982091 -0.012690135718770042 0.020083166224989991 0.012301356609415183 0.085215894376337822
leaf_weight=5.2979006413370362 106.62945399433374 1656.8629517517984 549.17309460602701 777.89526521414518 80.12732344865799 89.964356690645218 80.850634753704071 588.49247685447335 5.7380703389644596 125.35342529788613 27.04904102999717 101.09175499528646 6.0216689184308061 5.7684927852824321
leaf_count=45 2130 27901 5058 7682 736 617 1474 3938 35 659 596 967 43 125
internal_value=-6.69986e-05 0.000263823 0.0021426 -0.00224955 -0.00209451 0.0137581 -0.0144017 0.00484658 0.00797023 0.00559305 0.0196195 0.0162689 0.0577739 0.0235991
internal_weight=4206.32 4099.69 2281.85 873.158 1817.84 95.2623 160.978 1408.69 859.515 713.846 145.669 133.909 11.7597 106.86
internal_count=52006 49876 19765 8344 30111 662 2210 11421 6363 4597 1766 1688 78 1092
cat_boundaries=0 1
cat_threshold=600
is_linear=0
shrinkage=0.05


Tree=73
num_leaves=15
num_cat=1
split_feature=4 5 10 3 1 2 6 6 7 7 2 4 8 4
split_gain=6.95635 6.24185 8.97673 12.7328 10.2977 9.52341 8.12192 7.95495 7.29539 8.93495 8.74488 7.85877 8.38147 7.05259
threshold=11.100000000000001 0.075000000000000025 0 6.5000000000000009 54.750000000000007 21.500000000000004 2.7050000000000005 2.1683333333333334 39.610000000000014 40.245000000000012 23.500000000000004 2.9000000000000004 12.500000000000002 6.366666666666668
decision_type=10 10 1 10 10 8 8 10 10 10 10 10 2 10
left_child=1 2 3 5 -5 6 7 -1 -7 -10 -11 -12 -13 -6
right_child=-2 -3 -4 4 13 8 -8 -9 9 10 11 12 -14 -15
leaf_value=0.013394402910176701 -0.034476585712691112 -0.0012292660249201847 -0.00058095595099709896 -0.0032069435914568074 0.029452180938750995 0.0053756857245718954 0.032256358534486891 -0.026817733850690664 -0.030274270395293252 -0.045856550455811516 -0.010286860676351373 0.063782886988775031 -0.019527005094794148 0.10116636065634824
leaf_weight=107.19618765637279 14.63505363371223 2903.2389602484182 756.67798514012247 7.0556244356557754 5.9416748024523249 262.27144156396389 52.957445863634348 13.892761539667843 35.868723053485155 6.8747846446931353 14.029369927942755 11.264175374060867 4.124470990151166 8.1045649675652367
leaf_count=819 877 41735 5557 182 85 1638 285 95 248 62 80 93 48 202
internal_value=-6.48735e-05 5.53359e-05 0.00295483 0.00786923 0.0460754 0.00643843 0.0159237 0.00878079 0.00150207 -0.0125766 0.00491422 0.016779 0.0414541 0.0708307
internal_weight=4204.13 4189.5 1286.26 529.581 21.1019 508.479 174.046 121.089 334.433 72.1615 36.2928 29.418 15.3886 14.0462
internal_count=52006 51129 9394 3837 469 3368 1199 914 2169 531 283 221 141 287
cat_boundaries=0 1
cat_threshold=313
is_linear=0
shrinkage=0.05


Tree=74
num_leaves=15
num_cat=2
split_feature=3 11 2 4 0 7 7 5 8 4 10 6 7 4
split_gain=6.51931 7.31648 5.66665 11.5657 6.88798 6.17826 14.1003 9.95583 8.37356 7.51409 5.38314 6.26612 16.9996 5.89739
threshold=8.5000000000000018 0 176.50000000000003 7.4500000000000011 5.5000000000000009 39.122500000000009 38.990000000000016 1.6250000000000002 14.500000000000002 5.2250000000000005 1 2.5450000000000004 42.263333333333343 5.366666666666668
decision_type=10 1 10 10 2 10 8 8 2 8 1 8 8 10
left_child=-1 2 4 -4 5 6 9 8 -8 -2 11 12 -3 -13
right_child=1 10 3 -5 -6 -7 7 -9 -10 -11 -12 13 -14 -15
leaf_value=0.00051373932386888585 0.080367613325465548 0.014915726553781671 -0.053499957752253482 0.093750498027419249 -0.036773889485296772 -0.015794850945233412 0.090014096067355109 -0.0055087668815059134 0.30086666221675062 -0.019271834012718404 -0.0070681798158946443 0.079506867645326745 0.20941838936924345 -0.024167994979706044
leaf_weight=3871.0714205428958 2.237275656312705 56.681392901577055 2.2243594229221335 3.329668901860714 33.061422707512975 97.142057300545275 1.0540920961648219 1.0856847111135719 0.85100078396499146 12.265482339076698 103.26872736215591 1.4996470026671911 1.1460961252450932 16.074863293208182
leaf_count=40218 38 1656 39 47 1354 3830 32 41 34 443 3633 26 29 586
internal_value=-6.2886e-05 -0.00678784 -0.0148033 0.0347775 -0.0166677 -0.010869 0.0164842 0.115335 0.184201 -0.0039009 8.72502e-05 0.00955707 0.0187706 -0.0153213
internal_weight=4202.99 331.922 153.251 5.55403 147.697 114.636 17.4935 2.99078 1.90509 14.5028 178.671 75.402 57.8275 17.5745
internal_count=52006 11788 5858 86 5772 4418 588 107 66 481 5930 2297 1685 612
cat_boundaries=0 1 2
cat_threshold=2 1329
is_linear=0
shrinkage=0.05


Tree=75
num_leaves=15
num_cat=2
split_feature=7 2 10 10 7 2 4 3 8 6 6 4 2 7
split_gain=6.41332 10.0926 20.5733 9.66433 11.0091 11.3628 11.221 13.9606 8.88763 8.46752 7.86865 9.12728 7.52089 7.51963
threshold=39.722500000000011 100.50000000000001 0 1 40.610000000000014 7.5000000000000009 8.7750000000000021 7.5000000000000009 1.5000000000000002 5.1050000000000013 4.9387500000000006 6.4500000000000011 175.50000000000003 42.64500000000001
decision_type=8 10 1 1 10 10 10 8 2 10 10 10 10 10
left_child=-1 3 -3 4 6 -6 -2 -8 -7 10 -5 -12 -4 -10
right_child=1 2 12 9 5 8 7 -9 13 -11 11 -13 -14 -15
leaf_value=0.0020973658349437499 0.0083874967508401344 0.024284039339307072 -0.026229313174195357 -0.0043045626565812291 0.06812338390916764 0.041747754986755009 0.15562192386012086 0.026641733758215949 -0.0056056333317830182 -0.030844590482553832 0.066941861202177808 -0.051387964276684683 0.0088570514469093614 -0.039648523549250386
leaf_weight=1890.8845988698304 248.53570125065744 90.825759870000184 39.668964512646198 1636.205199604854 5.240432195365428 9.1799941174685937 2.8369638547301266 8.0539903827011585 188.75150725338608 30.000597616657615 7.4834579154849035 2.0833218730986118 24.83536241017282 17.74634416308254
leaf_count=19706 2494 820 493 23619 87 93 45 209 2946 663 74 92 243 422
internal_value=-6.2247e-05 -0.00182892 0.0104805 -0.00271571 0.00350612 -0.00462365 0.0105643 0.0602395 -0.00639122 -0.00449325 -0.0040402 0.0411736 -0.0110131 -0.00853127
internal_weight=4202.33 2311.45 155.33 2156.12 480.345 220.918 259.427 10.891 215.678 1675.77 1645.77 9.56678 64.5043 206.498
internal_count=52006 32300 1556 30744 6296 3548 2748 254 3461 24448 23785 166 736 3368
cat_boundaries=0 1 2
cat_threshold=1294 352
is_linear=0
shrinkage=0.05


Tree=76
num_leaves=15
num_cat=4
split_feature=4 8 10 1 3 0 10 8 1 7 2 10 7 10
split_gain=6.37563 5.71811 7.2997 7.9458 11.7195 6.01092 18.921 11.424 7.61675 7.13254 12.0045 17.3652 9.8384 9.82218
threshold=11.100000000000001 19.500000000000004 0 55.500000000000007 3.5000000000000004 5.5000000000000009 1 1.5000000000000002 51.250000000000007 39.710000000000015 100.50000000000001 2 40.045000000000009 3
decision_type=10 2 1 8 10 2 1 2 8 8 10 1 10 1
left_child=1 5 3 -3 -5 8 7 -7 -1 13 -11 12 -12 -10
right_child=-2 2 -4 4 -6 6 -8 -9 9 10 11 -13 -14 -15
leaf_value=-0.026047405938508725 -0.03371071902065783 -0.0067413922740125866 -0.0073157753976145715 -0.021310700195242217 0.064128113372724824 0.037785159397156758 -0.0094601947473676781 0.0034913181450523037 0.0084539218367808196 -0.0013809464190998229 -0.0015222191542501734 -0.0082676358952423219 0.043201005715432506 -0.00046323557642964099
leaf_weight=24.497997462749481 14.027054134756325 17.810207177884877 398.58341100998223 5.6451298780739334 13.887714320793746 26.489884998649359 469.68417662661523 291.67351609840989 736.59847179241478 1548.7407260872424 15.936217173933981 50.218705553561449 53.848466837778687 533.26319364551455
leaf_count=488 877 345 9730 59 229 129 6272 3108 6143 18518 127 552 458 4971
internal_value=-5.78506e-05 5.48947e-05 -0.00536531 0.0137343 0.0394357 0.000684817 -0.00319688 0.00615318 0.00171691 0.00194837 -0.000200477 0.0150344 0.0288533 0.00477219
internal_weight=4200.9 4186.88 435.926 37.3431 19.5328 3750.95 787.848 318.163 2963.1 2938.61 1668.74 120.003 69.7847 1269.86
internal_count=52006 51129 10363 633 288 40766 9509 3237 31257 30769 19655 1137 585 11114
cat_boundaries=0 1 2 3 4
cat_threshold=96 1313 1294 1055
is_linear=0
shrinkage=0.05


Tree=77
num_leaves=15
num_cat=1
split_feature=5 1 6 8 2 4 10 0 7 6 0 4 7 4
split_gain=6.09782 5.94779 7.74157 6.93565 8.87491 8.75319 8.50348 7.98478 10.953 7.3459 8.06346 9.3406 9.15987 10.9314
threshold=6.5000000000000009 53.500000000000007 1.031666666666667 9.5000000000000018 51.500000000000007 8.7750000000000021 0 5.5000000000000009 38.045000000000009 0.73541666666666683 3.5000000000000004 5.366666666666668 40.245000000000012 1.7083333333333337
decision_type=10 8 8 2 10 10 1 2 8 8 2 8 8 10
left_child=1 2 -1 6 -5 -6 7 8 -3 -8 12 -12 13 -11
right_child=-2 3 -4 4 5 -7 9 -9 -10 10 11 -13 -14 -15
leaf_value=0.0058738727700799916 -0.011972840004256 0.016496142153171078 -0.013768247720285967 -0.00056089737078097112 -0.0170344890465641 0.025870891721533309 -0.0043197503749495573 -0.014609844869937525 -0.0019550908461176178 -0.011205666287045259 0.007113531781457039 0.021904001306257404 -0.0037204705562951402 0.018416919356269584
leaf_weight=73.474536961875856 104.71312010008842 92.15249958820641 158.11637100577354 1536.515794406645 136.85453646443784 13.018044877797363 181.52499924227595 101.07361125387251 632.30856652185321 41.701546803116798 568.22965604066849 131.43727299477905 304.37375025637448 123.01274947635829
leaf_count=1065 2130 579 2891 25520 1746 304 1313 1033 6021 192 3630 1511 3002 1069
internal_value=-5.84367e-05 0.000246316 -0.00753659 0.000713005 -0.00169373 -0.0133077 0.00257837 -0.0014275 0.000391933 0.00500102 0.00649146 0.00989202 0.00141937 0.0109172
internal_weight=4198.51 4093.79 231.591 3862.2 1686.39 149.873 2175.81 825.535 724.461 1350.28 1168.75 699.667 469.088 164.714
internal_count=52006 49876 3956 45920 27570 2050 18350 7633 6600 10717 9404 5141 4263 1261
cat_boundaries=0 1
cat_threshold=600
is_linear=0
shrinkage=0.05


Tree=78
num_leaves=15
num_cat=2
split_feature=4 6 8 10 2 1 3 6 5 1 0 10 8 6
split_gain=5.94553 5.31415 5.2984 5.25507 8.42997 7.39259 11.2791 7.5432 5.90427 5.15474 5.08999 15.8702 10.1067 7.30306
threshold=11.100000000000001 8.0200000000000014 21.500000000000004 0 15.500000000000002 54.750000000000007 4.5000000000000009 1.7449999999999999 6.5000000000000009 51.250000000000007 5.5000000000000009 1 1.5000000000000002 2.3450000000000002
decision_type=10 10 2 1 10 8 10 10 10 8 2 1 2 8
left_child=1 2 9 4 -4 -6 -7 -8 -5 -1 -11 12 -12 -13
right_child=-2 -3 3 8 5 6 7 -9 -10 10 11 13 -14 -15
leaf_value=-0.019883772360140693 -0.033088701212749504 -0.034811166041875084 -0.013196323704887492 -0.0071350284617863651 -0.0071591971691327434 -0.015949897406028594 0.050913874224946601 0.16330233658180637 -0.051935122743927933 0.001762126129605468 0.035174116787078429 -0.00531278635997287 0.0031708413795021352 -0.02014550384905146
leaf_weight=30.349960112012923 13.578534150496123 10.902922766283153 10.910039937123658 272.91411115322262 4.2454256638884518 2.4830990880727768 2.8033317849040031 3.1940138544887304 7.5580866895616046 3004.9904144145548 26.73945889621973 381.20084881410003 318.65977284032851 106.07852910552174
leaf_count=610 877 179 190 7075 84 28 41 46 281 32094 127 5271 3570 1533
internal_value=-5.66791e-05 5.05462e-05 0.000141649 -0.00621303 0.0133889 0.0467017 0.0736651 0.110769 -0.00805509 0.000641262 0.000803583 -0.00265563 0.00548948 -0.00837003
internal_weight=4196.61 4183.03 4172.13 304.108 23.6359 12.7259 8.48044 5.99735 280.472 3868.02 3837.67 832.679 345.399 487.279
internal_count=52006 51129 50950 7745 389 199 115 87 7356 43205 42595 10501 3697 6804
cat_boundaries=0 1 2
cat_threshold=96 1313
is_linear=0
shrinkage=0.05


Tree=79
num_leaves=15
num_cat=2
split_feature=4 1 5 7 2 3 10 2 6 5 10 4 0 8
split_gain=5.54502 5.05433 8.90515 8.18823 7.7796 13.7601 8.68983 8.50873 8.29737 8.23582 10.073 7.46262 8.19765 10.4923
threshold=11.100000000000001 55.500000000000007 7.5000000000000009 44.220000000000006 37.500000000000007 5.5000000000000009 0 28.500000000000004 5.5050000000000008 1.8750000000000002 1 10.900000000000002 4.5000000000000009 15.500000000000002
decision_type=10 8 10 10 10 8 1 10 10 10 1 10 2 2
left_child=1 2 3 4 5 6 8 -8 -1 10 -7 -3 -13 -14
right_child=-2 11 -4 -5 -6 9 7 -9 -10 -11 -12 12 13 -15
leaf_value=0.011439605487172136 -0.032459623893436172 0.0015909556109358733 -0.026189160447430228 0.090422394294067343 -0.0085555567594469313 -0.0097520251586445325 -0.0017690937983319442 0.016720038171059926 -0.050723585759306224 -0.016410497670303725 0.0041256706266290981 -0.051995175717605507 0.25668091745982485 0.033067759473020521
leaf_weight=327.91884138435125 13.160316565074025 2195.796758624725 36.684911145828664 2.4289315221831194 320.60543668735772 245.74598019570112 573.55662032589316 69.798465985804796 5.4573541991412631 140.28051323723048 260.66151247918606 0.83076987229287569 0.95067602582275901 1.1704338630661366
leaf_count=2954 877 24535 777 57 3467 4398 5470 568 51 4099 4645 33 23 52
internal_value=-5.50558e-05 4.69207e-05 -0.0017834 -0.00132342 -0.00143805 -3.24321e-05 0.0037132 0.000233193 0.0101185 -0.00568969 -0.00271991 0.00169776 0.0811442 0.133291
internal_weight=4195.05 4181.89 1983.14 1946.45 1944.02 1623.42 976.731 643.355 333.376 646.688 506.407 2198.75 2.95188 2.12111
internal_count=52006 51129 26486 25709 25652 22185 9043 6038 3005 13142 9043 24643 108 75
cat_boundaries=0 1 2
cat_threshold=848 531
is_linear=0
shrinkage=0.05


Tree=80
num_leaves=15
num_cat=2
split_feature=4 6 8 10 5 6 6 10 6 2 0 1 8 7
split_gain=5.16824 4.79525 4.79476 12.4782 10.4161 10.9819 8.25641 8.26012 9.64843 6.31811 8.55543 6.57237 9.41422 8.94984
threshold=11.100000000000001 8.0200000000000014 4.5000000000000009 0 0.62500000000000011 3.1275000000000004 6.9083333333333341 1 0.39500000000000007 22.500000000000004 3.5000000000000004 55.500000000000007 10.500000000000002 40.522500000000015
decision_type=10 10 2 1 8 8 8 1 10 10 2 10 2 10
left_child=1 2 3 -1 -5 -6 7 8 -4 10 -10 12 -11 -14
right_child=-2 -3 6 4 5 -7 -8 -9 9 11 -12 -13 13 -15
leaf_value=-0.0040963642522751243 -0.031824652838287566 -0.03369758315082385 0.019576664202498553 -0.0071235793752969408 0.015778340619428045 0.0032242630245415613 0.028202775230979773 0.00035749432905370678 -0.026125992223340985 -0.022393703738563531 -0.0075990913935146988 0.00546648311092274 -0.004227692073282479 0.05249173617402219
leaf_weight=439.78339190315455 12.761956107802687 10.504214584827421 35.647739239037037 122.91389199253172 306.41099115274847 403.72148059029132 24.009788583032787 2128.3834242075682 74.908056588843465 65.09446819871664 370.58889262098819 158.86611222103238 31.328778734430671 8.9394497741013748
leaf_count=3776 877 179 348 1079 2287 2757 155 29937 1335 754 6064 1711 544 203
internal_value=-5.43656e-05 4.26067e-05 0.000127586 0.00268559 0.0062402 0.00864115 -0.000996004 -0.00123996 -0.00572934 -0.00708112 -0.0107143 -0.000955492 -0.0106386 0.00836388
internal_weight=4193.86 4181.1 4170.6 1272.83 833.046 710.132 2897.77 2873.76 745.373 709.726 445.497 264.229 105.363 40.2682
internal_count=52006 51129 50950 9899 6123 5044 41051 40896 10959 10611 7399 3212 1501 747
cat_boundaries=0 1 2
cat_threshold=578 137
is_linear=0
shrinkage=0.05


Tree=81
num_leaves=15
num_cat=3
split_feature=7 2 10 6 1 10 4 5 10 7 4 6 6 6
split_gain=5.0404 8.43223 8.87095 8.1883 8.08484 7.1 7.31605 6.48455 12.873 11.5543 8.69152 8.12472 7.56278 12.2112
threshold=39.722500000000011 124.50000000000001 0 5.1050000000000013 55.500000000000007 1 7.5500000000000007 0.62500000000000011 2 39.610000000000014 1.5500000000000003 3.8450000000000002 1.2354166666666668 0.80500000000000016
decision_type=8 10 1 10 8 1 10 8 1 10 10 10 8 10
left_child=7 3 -3 5 -4 -2 -7 8 9 -1 -10 -12 13 -11
right_child=1 2 4 -5 -6 6 -8 -9 10 12 11 -13 -14 -15
leaf_value=0.0090013968743568856 0.00081497628872169024 -0.01118542845556734 0.002816246218849159 -0.023559073497989615 0.033563574169189016 -0.0034108851977565206 -0.016598394249318259 0.0036377966216104883 0.014621937926447118 0.020249777999967498 -0.0095673483672834951 0.072947394607182345 0.014227385055379196 0.1652038045263165
leaf_weight=70.734108617529273 1143.4266245272011 29.494439375586808 37.397131254896522 44.481461567804217 49.915459837764502 875.52923459373415 119.52769677899778 1381.5416530724615 43.609851688146591 2.5598278194665882 383.46470489352942 3.0066093169152728 4.108253777027131 3.3599338252097368
leaf_count=738 15090 368 369 941 396 10294 4842 13568 211 31 5033 34 48 43
internal_value=-5.32538e-05 -0.00162595 0.0114625 -0.0023263 0.0182984 -0.00188464 -0.00494529 0.00185801 -0.00295529 0.0143459 -0.00638917 -0.00892541 0.0663501 0.102523
internal_weight=4192.16 2299.77 116.807 2182.97 87.3126 2138.48 995.057 1892.38 510.843 80.7621 430.081 386.471 10.028 5.91976
internal_count=52006 32300 1133 31167 765 30226 15136 19706 6138 860 5278 5067 122 74
cat_boundaries=0 1 2 3
cat_threshold=736 884 1312
is_linear=0
shrinkage=0.05


Tree=82
num_leaves=15
num_cat=1
split_feature=0 6 10 9 1 7 4 5 2 8 8 4 1 3
split_gain=5.09689 9.86007 9.75275 12.1354 8.15249 15.0716 8.05857 8.01908 7.45886 9.86931 8.24921 7.45307 6.78853 7.33304
threshold=4.5000000000000009 2.3450000000000002 0 1.0000000180025095e-35 57.250000000000007 41.490000000000016 6.2250000000000005 6.5000000000000009 9.5000000000000018 15.500000000000002 24.500000000000004 1.2250000000000003 56.750000000000007 9.5000000000000018
decision_type=2 10 1 10 8 10 10 8 10 2 2 8 10 8
left_child=4 2 3 12 6 -6 -1 8 9 -5 -10 -4 -2 -14
right_child=1 -3 11 7 5 -7 -8 -9 10 -11 -12 -13 13 -15
leaf_value=0.0021003837549882355 0.017922100198024909 -0.010366562554244165 0.014268970970198051 -0.011187315022068309 0.014831648914345392 0.12779630327040647 -0.0065888829246011126 0.017612399410636966 0.00035222783999655163 0.11931037871044803 -0.027854704281303697 -0.0039637589177856153 0.022355814175620575 0.09442085930384235
leaf_weight=2184.228120746091 49.156750169582665 302.37459368724376 59.536499962210655 2.9066294357180587 29.609516562893987 3.2797222658991805 303.96020737290382 67.332320928573608 183.78858768008649 2.8887972459197044 30.176173090003431 956.9862000150606 7.2922275979071829 6.8421138972044
leaf_count=18573 699 5437 271 24 316 57 8665 451 2568 55 808 13968 70 44
internal_value=-5.31694e-05 -0.00219619 -0.00038881 0.00669362 0.00136579 0.0260965 0.00103889 0.00251562 -0.00210988 0.0538608 -0.00362589 -0.00286768 0.0267029 0.0572409
internal_weight=4190.36 1669.28 1366.91 350.384 2521.08 32.8892 2488.19 287.093 219.76 5.79543 213.965 1016.52 63.2911 14.1343
internal_count=52006 24395 18958 4719 27611 373 27238 3906 3455 79 3376 14239 813 114
cat_boundaries=0 1
cat_threshold=289
is_linear=0
shrinkage=0.05


Tree=83
num_leaves=15
num_cat=2
split_feature=4 6 0 6 10 9 2 10 5 5 8 4 8 7
split_gain=4.69643 4.30253 4.41145 8.20105 8.38712 10.4129 7.43147 11.7279 8.66081 7.15525 6.93425 6.57766 6.52833 7.29912
threshold=11.100000000000001 8.0200000000000014 4.5000000000000009 2.3450000000000002 0 1.0000000180025095e-35 105.50000000000001 1 0.075000000000000025 6.5000000000000009 12.500000000000002 1.2250000000000003 8.5000000000000018 40.322500000000012
decision_type=10 10 2 10 1 10 10 1 10 8 2 8 2 10
left_child=1 2 6 4 5 -4 -1 -8 -9 -7 12 -6 -10 -14
right_child=-2 -3 3 -5 11 9 7 8 10 -11 -12 -13 13 -15
leaf_value=0.00067609975956882883 -0.030967769465010488 -0.032536311548385696 0.024752433557961057 -0.0094460284738466602 0.013503994465881254 -0.001967188236797853 -0.0066788092299742488 0.00045489504012717342 0.031800363103486655 0.016617091206096082 0.093734750653399715 -0.0035980338620651337 -0.04224213825718217 0.049217548432815041
leaf_weight=2326.7134725935757 12.248145173303781 10.112006783485411 63.838008958846331 294.8019088273868 59.757813289761543 219.1378333074972 62.578161120414734 36.163974989205599 70.629272527992725 67.82338584959507 4.0257654599845401 950.55621133837849 6.5379163306206447 3.2738537341356277
leaf_count=25536 877 179 788 5211 271 3439 584 207 591 450 60 13696 75 42
internal_value=-5.17972e-05 3.888e-05 0.000117952 -0.00188523 -0.000247647 0.00630846 0.00143955 0.0111352 0.0193277 0.00242521 0.0296962 -0.00256114 0.0264914 -0.0117252
internal_weight=4188.2 4175.95 4165.84 1655.92 1361.11 350.799 2509.92 183.209 120.631 286.961 84.4668 1010.31 80.441 9.81177
internal_count=52006 51129 50950 23855 18644 4677 27095 1559 975 3889 768 13967 708 117
cat_boundaries=0 1 2
cat_threshold=289 609
is_linear=0
shrinkage=0.05


Tree=84
num_leaves=15
num_cat=3
split_feature=7 10 4 7 5 10 7 3 6 4 2 10 8 3
split_gain=4.49669 7.1794 11.0246 7.57511 5.70265 11.2734 10.1768 10.4674 11.949 7.59658 7.31735 10.3831 12.1209 16.5
threshold=39.722500000000011 0 7.5500000000000007 42.64500000000001 0.62500000000000011 1 39.445000000000014 6.5000000000000009 1.2354166666666668 1.5500000000000003 44.500000000000007 2 9.5000000000000018 2.5000000000000004
decision_type=8 1 10 10 8 1 10 8 10 10 10 1 2 10
left_child=4 3 -3 -2 5 6 -1 -8 -9 -7 -6 12 13 -12
right_child=1 2 -4 -5 10 9 7 8 -10 -11 11 -13 -14 -15
leaf_value=0.0046284682986541632 0.0021482917889427771 -0.002498941586966712 -0.017553628173687864 -0.022326562893371118 0.0051883084706849858 0.013521385840424222 0.026514674740931339 0.17525810415819576 0.0063308795585422673 -0.0084254481904190888 -0.0017640616949751156 -0.014193597816899479 -0.023215722548816878 0.037481241883234338
leaf_weight=61.063052209094167 1057.5439188918099 1067.1467776317149 137.24693977553397 32.588921218179166 1118.3639896400273 43.954515382647514 16.31616281345487 2.8278524726629248 1.6621013376861808 382.94853523653001 72.415655009448528 120.76702912710607 29.423226097598672 42.500958638265729
leaf_count=618 13657 12256 5659 728 11318 211 160 48 34 5067 369 1088 377 416
internal_value=-5.10883e-05 -0.00153914 -0.0041798 0.00140375 0.00175332 -0.00277298 0.0132947 0.0451187 0.112724 -0.00602465 0.00341787 -0.00405079 0.00506779 0.0127505
internal_weight=4186.77 2294.53 1204.39 1090.13 1892.24 508.772 81.8692 20.8061 4.48995 426.903 1383.47 265.107 144.34 114.917
internal_count=52006 32300 17915 14385 19706 6138 860 242 82 5278 13568 2250 1162 785
cat_boundaries=0 1 2 3
cat_threshold=372 1312 922
is_linear=0
shrinkage=0.05


Tree=85
num_leaves=15
num_cat=2
split_feature=1 6 2 4 6 2 11 0 10 7 7 5 4 5
split_gain=4.36967 6.8766 6.93962 6.12486 6.20948 6.23019 5.41825 5.4124 18.1776 9.43477 8.39094 11.965 10.5023 7.0045
threshold=53.500000000000007 1.031666666666667 30.500000000000004 1.4500000000000002 0.52250000000000019 25.500000000000004 0 5.5000000000000009 1 39.790000000000013 39.522500000000015 0.62500000000000011 6.2250000000000005 5.5000000000000009
decision_type=8 8 10 10 10 8 1 2 1 10 8 8 8 10
left_child=1 2 3 -1 -5 -6 -3 -2 9 10 -9 -12 -13 -10
right_child=7 6 -4 4 5 -7 -8 8 13 -11 11 12 -14 -15
leaf_value=0.079037381574686649 0.0013722394992104806 0.058011754947424547 -0.023237623352695299 -0.017230709048741202 0.014133888455814937 0.08286402583871913 -0.013668666527784376 0.014949641098570729 -0.0056372126075882887 0.001967474169986464 0.13439239267458178 0.0019931965547055857 0.084708189081269092 -0.033201186148358909
leaf_weight=3.416062504053115 3015.5655625192448 2.681018328294158 15.88143427018076 15.081748607568441 35.208028153516352 3.6378963179886332 158.12867945246398 55.533538950607181 726.00294101145118 110.61469652596861 3.6668115612119463 9.8177298568189162 6.3001580275595179 23.803687891922891
leaf_count=19 34189 71 190 204 587 65 3006 554 10658 1693 43 81 50 596
internal_value=-5.17788e-05 -0.00669011 0.00601102 0.0141115 0.00999872 0.0205704 -0.0124736 0.000341408 -0.00298061 0.0106867 0.0249109 0.0528709 0.0343248 -0.00642656
internal_weight=4185.34 234.035 73.2252 57.3437 53.9277 38.8459 160.81 3951.31 935.74 185.933 75.3182 19.7847 16.1179 749.807
internal_count=52006 4142 1065 875 856 652 3077 47864 13675 2421 728 174 131 11254
cat_boundaries=0 1 2
cat_threshold=1 288
is_linear=0
shrinkage=0.05


Tree=86
num_leaves=15
num_cat=3
split_feature=4 1 5 2 3 2 6 10 7 5 5 10 10 4
split_gain=4.29056 4.03258 7.66018 7.29589 11.252 8.35712 9.77835 7.3975 12.0558 8.96792 12.3114 7.29922 7.13323 14.2189
threshold=11.100000000000001 55.500000000000007 7.5000000000000009 37.500000000000007 5.5000000000000009 10.500000000000002 0.72250000000000025 0 40.563333333333347 2.2500000000000004 1.1250000000000002 1 2 6.9000000000000012
decision_type=10 8 10 10 8 10 8 1 10 8 8 1 1 10
left_child=1 2 3 4 5 6 -1 8 -5 10 -10 -6 13 -7
right_child=-2 -3 -4 7 11 12 -8 -9 9 -11 -12 -13 -14 -15
leaf_value=-0.035598303129872874 -0.030155148287618061 0.0015074098025882072 -0.024753912325324194 -0.0073294566567569334 0.0011898625252603993 0.0077655259996802757 0.035538476838370386 -0.014956195541439019 0.020101339119780588 -0.0064823251726941538 0.10068985009799153 -0.0095412060343277698 1.2942107179028928e-05 0.068413376727131811
leaf_weight=5.602843038737773 11.802038049325345 2198.8826576517895 35.104013132862747 117.60866714362055 279.96487246267498 221.98065199330449 35.056894943118095 166.13031139597297 14.897323507815601 13.181914313696323 6.9501674417406312 360.39427787717432 706.79540661536157 10.104338418692349
leaf_count=47 877 24643 777 1121 5463 1867 339 1884 212 164 92 7716 6656 148
internal_value=-5.03992e-05 3.47498e-05 -0.00160587 -0.00118672 0.000173944 0.00354326 0.0257359 -0.00810127 0.000318562 0.0260872 0.0457383 -0.00498 0.00258217 0.00997612
internal_weight=4184.46 4172.65 1973.77 1938.67 1619.9 979.54 40.6597 318.768 152.638 35.0294 21.8475 640.359 938.88 232.085
internal_count=52006 51129 26486 25709 22236 9057 386 3473 1589 468 304 13179 8671 2015
cat_boundaries=0 1 2 3
cat_threshold=271 1508 592
is_linear=0
shrinkage=0.05


Tree=87
num_leaves=15
num_cat=2
split_feature=6 6 10 8 6 6 5 2 11 4 7 4 3 8
split_gain=4.11516 13.8644 9.43863 10.5272 9.57614 8.85632 8.84256 9.43687 7.46205 9.58526 8.77143 7.08734 9.39931 7.10478
threshold=1.031666666666667 0.97750000000000015 0 15.500000000000002 1.1145833333333337 1.1775000000000004 1.8750000000000002 64.500000000000014 1 4.9000000000000012 41.245000000000012 6.7083333333333348 3.5000000000000004 10.500000000000002
decision_type=10 10 1 2 10 10 8 8 1 10 8 8 10 2
left_child=1 -1 -2 4 -4 6 7 11 9 -3 -11 12 -6 -13
right_child=2 8 3 -5 5 -7 -8 -9 -10 10 -12 13 -14 -15
leaf_value=0.00049366344348290858 -0.0056738027651662649 -0.01282251702820392 -0.015876981673095165 -0.0059534905421624916 0.047752623201004415 0.0031822665483738802 -0.0052721410381945718 0.10489122803494583 0.025849939297196419 0.02162633075306529 0.14855516242432429 0.015287338176265527 -0.016428865285014482 0.16229446286164842
leaf_weight=1485.839393039234 823.10471541620791 35.492528773844242 63.563836130313575 432.50461448263377 12.779947005212316 1191.139942840673 15.719419471919535 4.8393247071653596 87.824533038772643 15.891853488050403 1.4885937217622984 1.4763209838420146 10.30363057181239 1.8540908694267271
leaf_count=14135 11691 286 694 9761 92 13711 138 47 861 335 34 43 135 43
internal_value=-5.20519e-05 0.00191418 -0.00130265 0.000800155 0.00305032 0.00402203 0.0253169 0.0407022 0.0169156 0.00207511 0.0324975 0.0289421 0.0191044 0.0971284
internal_weight=4183.82 1626.54 2557.29 1734.18 1301.68 1238.11 46.9727 31.2533 140.698 52.873 17.3804 26.414 23.0836 3.33041
internal_count=52006 15651 36355 24664 14903 14209 498 360 1516 655 369 313 227 86
cat_boundaries=0 1 2
cat_threshold=1224 2
is_linear=0
shrinkage=0.05


Tree=88
num_leaves=15
num_cat=2
split_feature=7 2 11 5 0 0 3 11 5 3 2 1 6 8
split_gain=4.03814 5.29883 11.2104 5.38952 5.14563 4.79106 11.4226 4.40107 6.05616 4.16548 7.37676 10.1757 9.53203 7.37865
threshold=42.045000000000009 135.50000000000003 0 7.5000000000000009 10.500000000000002 9.5000000000000018 3.5000000000000004 1 0.62500000000000011 11.500000000000002 22.500000000000004 56.750000000000007 1.4450000000000003 4.5000000000000009
decision_type=10 10 1 10 2 2 8 1 8 10 10 10 10 2
left_child=4 3 -3 -2 5 9 -7 8 -8 -1 -11 13 -13 -12
right_child=1 2 -4 -5 -6 6 7 -9 -10 10 11 12 -14 -15
leaf_value=0.00035585591147931745 -0.0076531401028947579 -0.039899785697359129 0.086266628156335651 -0.041512423505337348 -0.032941004075929745 0.074876909164735161 0.073169386025430938 -0.043445002620106185 -0.012585245078264879 -0.034042990006101913 0.10219275018778316 0.17819740284729715 0.020468630844063796 -0.024196995377237587
leaf_weight=3984.8635273016989 104.06076755840331 3.0599553771317005 4.1464868672192088 13.248966690152882 11.664274174720047 7.255756393074992 3.1506555825471869 4.4737377380952212 5.9411821095272908 23.429587088525295 1.274794422090056 1.4943266101181496 2.6681423969566822 12.264311936683951
leaf_count=46711 2318 44 47 405 238 54 65 103 119 1321 34 31 70 446
internal_value=-5.15144e-05 -0.00892074 0.0326946 -0.0114772 0.000220598 0.000316181 0.024239 -0.00284553 0.0171319 0.000192459 -0.0156378 0.00872316 0.0770933 -0.0122966
internal_weight=4183 124.516 7.20644 117.31 4058.48 4046.82 20.8213 13.5656 9.09184 4025.99 41.1312 17.7016 4.16247 13.5391
internal_count=52006 2814 91 2723 49192 48954 341 287 184 48613 1902 581 101 480
cat_boundaries=0 1 2
cat_threshold=2 4
is_linear=0
shrinkage=0.05


Tree=89
num_leaves=15
num_cat=2
split_feature=7 2 10 6 1 6 4 5 2 10 7 4 3 2
split_gain=3.91165 6.95419 7.49387 6.92359 6.82214 6.32479 8.85572 6.65011 5.6609 5.56016 8.32334 9.45781 8.37513 7.97743
threshold=39.722500000000011 124.50000000000001 0 5.1050000000000013 55.500000000000007 4.9387500000000006 5.2250000000000005 1.8750000000000002 11.500000000000002 1 40.663333333333348 8.7750000000000021 7.5000000000000009 8.5000000000000018
decision_type=8 10 1 10 8 10 8 10 10 1 10 10 8 10
left_child=-1 3 -3 5 -4 9 7 -7 -5 10 11 -2 -13 -12
right_child=1 2 4 8 -6 6 -8 -9 -10 -11 13 12 -14 -15
leaf_value=0.0016312341984810741 0.006482290503991666 -0.010573166560546583 0.0022408986753046935 0.054280499282621235 0.030268597759974078 0.0066438431495018163 -0.038196452459636654 0.084506074501795342 -0.026385036973703254 -0.0032772524442311879 0.052220023273554156 0.11709086191434299 0.025887990484083568 -0.006695048220697844
leaf_weight=1893.3040622835979 262.06414333730936 29.01092788670212 37.641889497637749 2.2989308452233663 51.300944786518812 4.665270179510113 3.5401044040918359 6.6530255302786827 40.329725184943527 1641.2599552720785 5.9234434925019732 3.4519410803914043 9.2956142099574208 191.58945287484676
leaf_count=19706 2627 368 369 57 396 29 129 66 884 23936 88 49 229 3073
internal_value=-5.01078e-05 -0.00144078 0.0103828 -0.00208316 0.0165465 -0.00168356 0.0308241 0.0524122 -0.0220348 -0.00191209 0.00284089 0.00852806 0.050585 -0.00492818
internal_weight=4182.33 2289.03 117.954 2171.07 88.9428 2128.44 14.8584 11.3183 42.6287 2113.58 472.325 274.812 12.7476 197.513
internal_count=52006 32300 1133 31167 765 30226 224 95 941 30002 6066 2905 278 3161
cat_boundaries=0 1 2
cat_threshold=736 352
is_linear=0
shrinkage=0.05


Tree=90
num_leaves=15
num_cat=2
split_feature=0 6 1 0 7 10 9 4 11 5 3 2 2 9
split_gain=3.96143 7.51753 7.12588 12.0554 16.5393 6.82032 8.65069 6.41359 6.53415 15.5364 12.281 8.05068 6.685 6.35954
threshold=4.5000000000000009 2.3450000000000002 57.250000000000007 3.5000000000000004 41.463333333333345 0 1.0000000180025095e-35 6.2250000000000005 1 0.87500000000000011 7.5000000000000009 14.500000000000002 272.50000000000006 1.0000000180025095e-35
decision_type=2 10 8 2 8 1 10 10 1 10 10 10 8 8
left_child=2 5 7 -4 -5 6 -2 -1 9 10 -9 -12 -10 -7
right_child=1 -3 3 4 -6 13 -8 8 12 -11 11 -13 -14 -15
leaf_value=0.0018280780299653556 0.021939590752780992 -0.0091798591999108416 -0.031752363403229469 0.024540018057704109 0.14171801164953041 -0.014365019771855614 0.0019042145707815013 0.028830607363479976 -0.0080631322107123059 -0.019701024774407352 0.29827658204077062 0.10769040867947699 0.11025166660449592 -0.0011725867852400399
leaf_weight=2189.5839820057154 66.256005289033055 295.3911814740859 7.5048492196947327 22.577526043169204 3.4748398419469586 101.5852450625971 288.33851377945393 3.5179274920374155 285.25201793946326 7.5119431288912892 0.85730975680053267 1.5667065987363455 1.1989055387675751 906.79860989516601
leaf_count=18573 813 5437 101 228 44 1433 3906 53 8307 206 31 54 14 12806
internal_value=-5.03608e-05 -0.00194862 0.00119734 0.0240843 0.0401691 -0.000381434 0.00549292 0.000888838 -0.00596849 0.028086 0.0884994 0.175096 -0.00756794 -0.00247704
internal_weight=4181.42 1658.37 2523.05 33.5572 26.0524 1362.98 354.595 2489.49 299.905 13.4539 5.94194 2.42402 286.451 1008.38
internal_count=52006 24395 27611 373 272 18958 4719 27238 8665 344 138 85 8321 14239
cat_boundaries=0 1 2
cat_threshold=289 1
is_linear=0
shrinkage=0.05


Tree=91
num_leaves=15
num_cat=1
split_feature=4 6 2 1 6 10 7 8 5 4 4 8 2 7
split_gain=3.84083 3.62513 3.42202 3.40028 5.95121 6.82738 6.66172 5.70938 16.52 15.9977 9.21432 6.8441 8.19725 6.42451
threshold=11.100000000000001 8.0200000000000014 27.500000000000004 53.500000000000007 1.031666666666667 0 37.510000000000012 14.500000000000002 0.87500000000000011 5.1000000000000005 6.7750000000000012 19.500000000000004 21.500000000000004 39.245000000000012
decision_type=10 10 8 8 8 1 10 2 10 10 10 2 10 10
left_child=1 3 -3 4 5 -1 -7 -8 11 -10 -11 12 13 -9
right_child=-2 2 -4 -5 -6 6 7 8 9 10 -12 -13 -14 -15
leaf_value=-0.01692705631161889 -0.029207185574347139 -0.055682524734426767 0.0053441551240099644 0.00044553907857874242 -0.011313991466079809 0.094280650808546043 0.0012433097565247709 0.076023698167433151 0.017981978486244967 0.284866117750878 0.10613795783552554 -0.043391468946275054 0.11845853747891968 -0.055124787384448586
leaf_weight=16.86483621224761 11.263760452624409 5.6342333266511533 3.8783390494063505 3929.8233221089467 156.56404114421457 2.5815933067351571 37.30389291793108 1.5061089154332896 2.6556988544762126 1.3271166868507864 1.5793116046115754 4.8580066645517945 2.0203932411968708 2.4574199672788382
leaf_count=242 877 123 56 46972 2943 27 459 23 30 21 49 107 34 43
internal_value=-4.93802e-05 2.93971e-05 -0.0308015 9.99052e-05 -0.0058129 0.00596047 0.0134377 0.0120538 0.0366374 0.106691 0.187748 0.0006984 0.0364925 -0.00528942
internal_weight=4180.32 4169.05 9.51257 4159.54 229.718 73.1544 56.2895 53.7079 16.4041 5.56213 2.90643 10.8419 5.98392 3.96353
internal_count=52006 51129 179 50950 3978 1035 793 766 307 100 70 207 100 66
cat_boundaries=0 1
cat_threshold=1248
is_linear=0
shrinkage=0.05


Tree=92
num_leaves=15
num_cat=0
split_feature=1 3 8 6 8 5 7 8 7 5 6 6 7 3
split_gain=3.75857 6.24923 6.32003 7.65064 8.774 6.29825 7.40907 5.97175 10.0413 5.67665 14.942 11.8635 8.24235 10.7623
threshold=56.750000000000007 11.500000000000002 13.500000000000002 1.3550000000000002 4.5000000000000009 2.7500000000000004 36.750000000000007 30.500000000000004 40.163333333333348 0.62500000000000011 3.8450000000000002 4.335416666666668 39.410000000000011 1.5000000000000002
decision_type=8 10 2 10 2 10 10 2 8 8 10 8 8 8
left_child=1 5 3 4 -3 9 -7 -8 -9 10 -1 -12 -11 -14
right_child=-2 2 -4 -5 -6 6 7 8 -10 12 11 -13 13 -15
leaf_value=-0.0044623658696380363 0.0022751398021177006 0.19759099166303237 -0.045129916068826451 -0.026053969741432832 0.019971772688379831 0.090026379645563898 -0.0075555615933710759 0.14280791987541883 -0.0052516203766314754 0.0060951196020768168 0.098025170068458276 -0.0051893790319449545 0.010117483614961814 -0.0031305641743806789
leaf_weight=711.15373624768108 1227.43195000384 0.79526741523295896 16.047837142366916 11.599468678701667 5.5298058912158012 1.9810761222615827 412.34520555473864 1.7778789699077595 3.2175895934924483 666.95308753848076 6.4364829035475823 4.9060595426708469 183.7062680311501 926.17400431167334
leaf_count=9881 13768 27 968 531 210 18 6746 55 124 6064 101 100 1093 12320
internal_value=-5.02479e-05 -0.00101693 -0.0223379 -0.00193224 0.0423043 -0.000768761 -0.00643933 -0.00689725 0.0474425 0.000182612 -0.00355427 0.0533811 0.0017021 -0.000937761
internal_weight=4180.06 2952.62 33.9724 17.9245 6.32507 2918.65 419.322 417.341 4.99547 2499.33 722.496 11.3425 1776.83 1109.88
internal_count=52006 38238 1736 768 237 36502 6943 6925 179 29559 10082 201 19477 13413
is_linear=0
shrinkage=0.05


Tree=93
num_leaves=15
num_cat=2
split_feature=0 6 2 10 5 10 9 8 9 4 1 2 4 4
split_gain=3.66113 6.74571 6.64093 10.1777 7.55532 6.21274 7.73078 6.13512 5.76475 6.14902 5.6599 12.7269 10.6103 9.50629
threshold=4.5000000000000009 2.3450000000000002 112.50000000000001 0 0.075000000000000025 1 1.0000000180025095e-35 4.5000000000000009 1.0000000180025095e-35 1.2250000000000003 56.250000000000007 166.50000000000003 3.2250000000000005 2.4500000000000006
decision_type=2 10 10 1 10 1 10 2 8 8 8 8 10 10
left_child=2 5 -1 4 -4 6 -2 -8 -7 -10 12 -12 13 -6
right_child=1 -3 3 -5 10 8 7 -9 9 -11 11 -13 -14 -15
leaf_value=0.00045628867625891199 0.020623341420785479 -0.0087582801280126129 0.00025854046865979882 -0.0045344532961648079 0.022071063169675834 -0.013790854030560651 0.02421549268453034 -0.0005803568686438659 0.014985307061778861 -0.0022153972627140662 0.10207440379083443 0.007890312648589146 0.00069550581021855567 0.079934533288894938
leaf_weight=2350.7061149706133 67.162652416154742 293.0303241587244 29.315408069640398 70.571677841246128 18.995529390871528 100.42722432501614 27.582077439874411 261.04556526709348 55.336642503738403 851.01461304211989 7.7313903048634502 6.6909147761762151 27.228815091773868 11.332891017198561
leaf_count=26155 813 5437 169 645 106 1433 150 3756 248 12558 54 45 357 80
internal_value=-4.90896e-05 -0.00187605 0.00114997 0.0106378 0.01971 -0.000395975 0.00519842 0.0017892 -0.00240079 -0.00116522 0.0303704 0.0583797 0.023352 0.043693
internal_weight=4178.17 1655.6 2522.57 171.867 101.295 1362.57 355.79 288.628 1006.78 906.351 71.9795 14.4223 57.5572 30.3284
internal_count=52006 24395 27611 1456 811 18958 4719 3906 14239 12806 642 99 543 186
cat_boundaries=0 1 2
cat_threshold=158 289
is_linear=0
shrinkage=0.05


Tree=94
num_leaves=15
num_cat=1
split_feature=1 3 8 6 8 5 7 8 4 7 2 6 10 3
split_gain=3.40936 5.76257 6.09113 6.79042 6.63375 5.65601 6.34192 5.53726 8.82141 5.34222 5.48873 6.63975 7.06699 7.54957
threshold=56.750000000000007 11.500000000000002 13.500000000000002 1.3550000000000002 5.5000000000000009 2.7500000000000004 36.750000000000007 10.500000000000002 8.7750000000000021 42.955000000000005 10.500000000000002 0.74500000000000022 0 1.5000000000000002
decision_type=8 10 2 10 2 10 10 2 10 10 8 8 1 10
left_child=1 5 3 4 -3 9 -7 -6 -9 10 11 -1 -13 -14
right_child=-2 2 -4 -5 7 6 -8 8 -10 -11 -12 12 13 -15
leaf_value=-0.021454899039422364 0.0021649311568709122 0.1404527069339182 -0.044784316458179874 -0.025331302147679782 -0.034296278616490809 0.080590430330194085 -0.0065637801724949575 -0.052043163962541807 0.14221517199951555 -0.033390815669768217 -9.5624250531016835e-05 0.00075463087912698329 0.093401525750113443 0.031802958581845953
leaf_weight=11.579666459932922 1228.4472846537828 1.2854667771607662 15.345509521663187 11.307001213543115 2.8061415338888764 2.0978512959554783 414.8445056155324 0.94366853125393424 1.535084046423435 11.804726186208425 2409.1167918751016 39.184103321284056 6.6473911553621319 19.76148138102144
leaf_count=137 13768 38 968 531 103 18 6925 30 66 250 28280 567 30 295
internal_value=-4.81344e-05 -0.000970249 -0.0216764 -0.00184106 0.0385835 -0.00073426 -0.00612526 0.0138055 0.0682604 0.000165521 0.000324844 0.0134507 0.0196129 0.0343144
internal_weight=4176.71 2948.26 33.2229 17.8774 6.57036 2915.04 416.942 5.28489 2.47875 2498.09 2486.29 77.1726 65.593 26.4089
internal_count=52006 38238 1736 768 237 36502 6943 199 96 29559 29309 1029 892 325
cat_boundaries=0 1
cat_threshold=1244
is_linear=0
shrinkage=0.05


Tree=95
num_leaves=15
num_cat=2
split_feature=0 10 2 6 5 2 6 7 7 4 4 4 11 7
split_gain=3.37262 11.7658 8.23612 8.05814 6.51639 10.2428 6.83893 7.15488 9.73918 6.05998 6.40591 5.84088 10.56 5.82857
threshold=5.5000000000000009 0 185.50000000000003 2.3450000000000002 1.1250000000000002 176.50000000000003 4.0050000000000008 40.222500000000011 39.522500000000015 1.6333333333333335 2.4500000000000006 10.708333333333334 1 42.445000000000014
decision_type=2 1 10 8 8 10 8 10 10 10 10 10 1 8
left_child=-1 2 4 9 6 11 7 8 -2 -3 -11 -6 -13 -9
right_child=1 3 -4 -5 5 -7 -8 13 -10 10 -12 12 -14 -15
leaf_value=0.00073848732470392176 -0.0073053938619096915 0.016883850849408629 -0.032614476000435905 -0.023148825550867402 0.0061756297462833799 0.10274746880614022 0.068680760545678204 -0.019247116630685224 0.018980138324444569 -0.028727361550504083 -0.0051429355083719153 0.18814598651803074 -0.015190262269292612 0.065658650235135924
leaf_weight=3199.1405604099855 101.6753436923027 27.209064580500126 16.684470899403095 83.408322986681014 321.45583163015544 2.804176688194274 3.252154982648789 73.801118307746947 53.931390579789877 32.452685788273811 255.23844162235036 1.2233384568244219 1.3356669731438151 2.0782051645219317
leaf_count=37390 1273 137 161 1601 4063 33 64 1340 752 226 4829 31 58 48
internal_value=-4.66041e-05 -0.00261853 0.00197068 -0.00910186 0.00303334 0.00759806 -0.003322 -0.00433356 0.00180485 -0.00567024 -0.00780335 0.00677459 0.0820151 -0.0169217
internal_weight=4175.69 976.55 578.242 398.309 561.557 326.819 234.738 231.486 155.607 314.9 287.691 324.015 2.55901 75.8793
internal_count=52006 14616 7823 6793 7662 4185 3477 3413 2025 5192 5055 4152 89 1388
cat_boundaries=0 1 2
cat_threshold=1393 4
is_linear=0
shrinkage=0.05


Tree=96
num_leaves=15
num_cat=0
split_feature=4 6 2 8 3 9 2 5 1 6 4 8 1 8
split_gain=3.35497 3.29899 3.3095 3.11397 4.44347 4.53399 6.97284 7.36657 5.23053 8.93703 4.42713 4.69839 4.01456 3.9751
threshold=11.100000000000001 8.0200000000000014 27.500000000000004 21.500000000000004 11.500000000000002 1.0000000180025095e-35 12.500000000000002 1.6250000000000002 51.250000000000007 1.7050000000000003 8.7750000000000021 23.500000000000004 51.250000000000007 27.500000000000004
decision_type=10 10 8 2 8 10 10 8 8 10 10 2 8 2
left_child=1 3 -3 12 5 6 -5 10 9 -7 11 -8 -1 -10
right_child=-2 2 -4 4 -6 8 7 -9 13 -11 -12 -13 -14 -15
leaf_value=-0.018088079716197789 -0.028017533577502501 -0.055419379056666801 0.0052713018375217212 -0.052717981936147518 -0.051169444127516284 -0.017523665498418647 0.08784574534403658 -0.0090622425159152635 -0.010506702622734667 0.17175786512351585 0.12109937591197584 -0.0030126896797630347 0.00061140927851858747 0.0023336122043614471
leaf_weight=28.91908186301589 10.692188646178691 5.3334394451230738 3.8806346924975523 2.6469763899222043 5.0895598810166112 1.4132200703024858 2.7873451914638245 5.4606749806553134 181.16146742552519 1.1161357210949061 2.5167054310441017 2.9065420497208834 3830.8366731079295 90.328302966430783
leaf_count=610 877 123 56 69 319 37 40 100 4397 36 47 47 42595 2653
internal_value=-4.54688e-05 2.63502e-05 -0.0298587 9.26199e-05 -0.00485489 -0.00404301 0.0215613 0.0359429 -0.00556778 0.0660011 0.0658748 0.0414655 0.000471304 -0.00623456
internal_weight=4175.09 4164.4 9.21407 4155.18 295.427 290.337 16.3182 13.6713 274.019 2.52936 8.21059 5.69389 3859.76 271.49
internal_count=52006 51129 179 50950 7745 7426 303 234 7123 73 134 87 43205 7050
is_linear=0
shrinkage=0.05


Tree=97
num_leaves=15
num_cat=2
split_feature=1 6 10 7 11 6 8 5 4 4 3 8 2 7
split_gain=3.1718 5.4223 6.28144 5.50264 4.92163 4.82524 4.77094 12.8416 10.3851 18.9694 6.20112 6.14897 6.64974 6.40514
threshold=53.500000000000007 1.031666666666667 0 37.510000000000012 1 1.6683333333333337 14.500000000000002 0.87500000000000011 5.1000000000000005 6.1000000000000005 1.5000000000000002 19.500000000000004 21.500000000000004 39.210000000000015
decision_type=8 8 1 10 1 10 2 10 10 10 10 2 10 10
left_child=1 2 -1 -4 5 -3 10 11 -9 -10 -5 12 13 -8
right_child=-2 4 3 6 -6 -7 7 8 9 -11 -12 -13 -14 -15
leaf_value=-0.016565312123221116 0.00028844426483668693 -0.015335893896336113 0.083744719187214864 0.043901388146539377 -0.012230907241748412 0.11751821952622843 0.076133590661722983 0.017087838321783014 0.30371331638114185 0.060162348493231356 -0.0085036401344538003 -0.042793463575986811 0.10256630313313418 -0.054823214112701558
leaf_weight=16.670009421184659 3944.801694622729 1.2851375173777344 2.7496307436376801 6.9337482377886763 153.13201004313305 1.4597908919677136 1.4978246856480857 2.6835510320961466 1.2513672746717932 2.2139964830130339 30.371403547003865 4.6726402901113033 2.21697998046875 2.4791758628562093
leaf_count=245 47864 32 27 45 3006 39 26 30 15 62 422 112 35 46
internal_value=-4.40735e-05 -0.0057567 0.00541445 0.01254 -0.0110414 0.0553178 0.0112442 0.0331849 0.0909286 0.14811 0.00123666 0.000510495 0.0331783 -0.00550204
internal_weight=4174.42 229.617 73.7403 57.0703 155.877 2.74493 54.3207 17.0155 6.14891 3.46536 37.3052 10.8666 6.19398 3.977
internal_count=52006 4142 1065 820 3077 71 793 326 107 77 467 219 107 72
cat_boundaries=0 1 2
cat_threshold=1248 1
is_linear=0
shrinkage=0.05


Tree=98
num_leaves=15
num_cat=3
split_feature=7 5 0 7 2 6 7 0 3 11 5 11 0 10
split_gain=3.13041 4.90954 4.67048 4.60145 6.31127 4.67881 4.48215 4.2864 9.676 4.06153 5.17319 3.9828 3.43661 10.8362
threshold=42.045000000000009 0.075000000000000025 10.500000000000002 44.220000000000006 14.500000000000002 5.1050000000000013 42.610000000000014 9.5000000000000018 3.5000000000000004 0 0.62500000000000011 1 5.5000000000000009 2
decision_type=10 8 2 8 10 10 10 2 8 1 8 1 2 1
left_child=2 6 7 -3 -5 -6 -2 12 -9 10 -10 -7 -1 -14
right_child=1 3 -4 4 5 11 -8 8 9 -11 -12 -13 13 -15
leaf_value=0.00095958602135857909 0.10217530628515643 -0.012420486223091781 -0.031995630179103278 -0.035925475874894051 0.10150975507155713 0.074928241204221868 -0.0055360439933661229 0.067955750009916438 0.06582028187230575 -0.04282622948144104 -0.0121454425385519 -0.052772797324337234 0.0081768658196425224 -0.005191916248451881
leaf_weight=3101.3418474295177 1.9032752281054848 109.98420933820307 11.238500374369321 2.6671613734215489 2.8789529660716653 1.1564093315973878 1.9609254151582716 7.5847129523754147 3.3354688156396142 4.2870225124061081 5.875306294299663 1.2935743639245629 181.23150852043182 737.45031083514914
leaf_count=35214 32 2572 238 69 48 29 30 54 65 103 119 34 2219 11180
internal_value=-4.50945e-05 -0.0079416 0.000192335 -0.009758 0.0268637 0.0582901 0.0475162 0.000281851 0.0227682 -0.00262367 0.016088 0.00750298 0.000163924 -0.00252212
internal_weight=4174.19 121.845 4052.34 117.98 7.9961 5.32894 3.8642 4041.11 21.0825 13.4978 9.21078 2.44998 4020.02 918.682
internal_count=52006 2814 49192 2752 180 111 62 48954 341 287 184 63 48613 13399
cat_boundaries=0 1 2 3
cat_threshold=4 4 288
is_linear=0
shrinkage=0.05


Tree=99
num_leaves=15
num_cat=2
split_feature=4 6 2 7 5 10 1 3 6 2 10 8 2 6
split_gain=3.10467 3.04068 3.16674 2.83801 9.11266 7.33508 8.37416 7.58325 7.17163 7.11214 12.5645 9.37247 7.15375 6.88508
threshold=11.100000000000001 8.0200000000000014 27.500000000000004 39.410000000000011 0.62500000000000011 0 57.250000000000007 10.500000000000002 0.52250000000000019 100.50000000000001 1 3.5000000000000004 84.500000000000014 3.8450000000000002
decision_type=10 10 8 8 8 1 10 10 8 10 1 2 10 10
left_child=1 3 -3 4 13 -6 7 8 -7 12 -11 -12 -5 -1
right_child=-2 2 -4 9 5 6 -8 -9 -10 10 11 -13 -14 -15
leaf_value=-0.0051713442204577593 -0.027327948952561194 -0.055189413671945076 0.0047459859168411077 -0.0012809589648309413 0.0097937434680132954 -0.017358628929886162 0.043181111299358053 -0.042132358845522799 0.0024965316579413123 0.018156412337000615 0.018341670451766181 -0.01986346048691005 -0.023823918720669551 0.076930191636343681
leaf_weight=396.28223947901279 10.400064647197722 5.0564367882907364 3.9065560726448902 2434.3185871932656 370.85149641428143 48.87072841450572 11.678076440468429 10.282553081400691 655.29614088404924 112.42159723583609 23.055303266271949 52.852790353819728 35.708891245536506 2.5701249465346327
leaf_count=4650 877 123 56 33844 3167 329 78 380 6246 941 204 659 424 28
internal_value=-4.3344e-05 2.48163e-05 -0.0290663 8.75828e-05 0.00182979 0.00418298 0.00116649 0.000496061 0.00111854 -0.000892738 0.00847328 -0.00729811 -0.00160686 -0.0046423
internal_weight=4173.55 4163.15 8.96299 4154.19 1495.83 1096.98 726.127 714.449 704.167 2658.36 188.33 75.9081 2470.03 398.852
internal_count=52006 51129 179 50950 14878 10200 7033 6955 6575 36072 1804 863 34268 4678
cat_boundaries=0 1 2
cat_threshold=1289 1294
is_linear=0
shrinkage=0.05


Tree=100
num_leaves=15
num_cat=2
split_feature=1 4 2 2 6 10 7 11 7 7 6 2 7 5
split_gain=3.00936 5.0928 6.63047 4.29767 6.29493 5.56382 6.8951 7.28378 7.2457 8.43545 4.5755 8.5496 4.12679 9.5451
threshold=56.750000000000007 10.225000000000001 173.50000000000003 9.5000000000000018 0.68541666666666667 0 40.263333333333343 1 41.045000000000009 41.363333333333344 5.1050000000000013 47.500000000000007 40.445000000000014 1.1250000000000002
decision_type=8 10 8 8 8 1 10 1 10 8 10 10 10 8
left_child=1 3 -3 4 -1 12 7 -7 -8 -10 -5 -12 -6 -14
right_child=-2 2 -4 10 5 6 8 -9 9 -11 11 -13 13 -15
leaf_value=-0.030385106186827566 0.0020391089238320352 -0.025455702406575423 0.088739036376535241 -0.00074520300493867875 -0.0084715053731381617 0.02315056976605695 -0.020814093597129008 0.093464566480177105 0.13363511423899135 0.0051482932502111755 -0.029749667378523137 0.018354868044671884 0.08383061386233305 -0.016699197326069001
leaf_weight=8.2094261106103641 1229.1327476669103 30.719524388201535 1.3260054364800442 2787.4718303019181 31.555384037084877 6.5967624746263027 7.1558784879744035 8.3388218246400374 2.1187216378748417 3.2169849574565887 33.713892705738544 12.722139035351573 4.3360110893845532 5.1843402683734903
leaf_count=94 13768 1893 17 34465 442 57 111 97 35 62 629 150 82 104
internal_value=-3.87534e-05 -0.000906663 -0.0207305 -0.000688406 0.0109892 0.0159475 0.0289324 0.0624082 0.0120685 0.0561683 -0.00100451 -0.0165704 0.000187849 0.0290868
internal_weight=4171.8 2942.67 32.0455 2910.62 76.7123 68.5029 27.4272 14.9356 12.4916 5.33571 2833.91 46.436 41.0757 9.52035
internal_count=52006 38238 1910 36328 1084 990 362 154 208 97 35244 779 628 186
cat_boundaries=0 1 2
cat_threshold=1732 4
is_linear=0
shrinkage=0.05


Tree=101
num_leaves=15
num_cat=1
split_feature=0 6 1 0 7 10 9 2 2 2 4 2 7 0
split_gain=2.99038 5.82543 5.82263 10.4016 15.5989 5.29109 7.64757 7.01664 10.5182 6.42033 7.69488 6.2109 7.81316 6.20395
threshold=4.5000000000000009 2.3450000000000002 57.250000000000007 3.5000000000000004 41.490000000000016 0 1.0000000180025095e-35 207.50000000000003 290.00000000000006 45.500000000000007 1.2250000000000003 183.50000000000003 39.445000000000014 6.5000000000000009
decision_type=2 10 8 2 10 1 10 10 8 10 10 10 10 2
left_child=2 5 -1 -4 -5 11 -7 9 -9 10 -8 -2 -13 -12
right_child=1 -3 3 4 -6 6 7 8 -10 -11 13 12 -14 -15
leaf_value=0.00076189012863843984 0.0028467699043981175 -0.0081370245256177382 -0.031167413263831229 0.022440564312847813 0.14348581542132874 -0.017220547833536475 0.035356102592184954 0.076064531657599868 -0.015091918786645465 -0.019086218997166296 0.0020790160054861059 -0.046074333774477817 0.0086734896442163759 -0.014110419798628999
leaf_weight=2489.3134601227939 830.06468798033893 289.28881096374243 7.3631874006241551 23.957494704984132 2.9942249637097111 94.85653288429603 14.598717644810675 7.0248819366097424 5.7585871629416951 51.567834320478141 250.64166351826862 14.689652331173422 11.713046830147503 77.465216996148229
leaf_count=27238 11012 5437 101 232 40 1327 66 57 40 587 4162 135 86 1486
internal_value=-3.78623e-05 -0.00169468 0.00104387 0.0214996 0.0358882 -0.000322682 -0.0043486 -0.00145587 0.0350012 -0.00263792 -0.000162895 0.0020633 -0.0217865 -0.00174327
internal_weight=4171.3 1647.67 2523.63 34.3149 26.9517 1358.38 501.913 407.057 12.7835 394.273 342.706 856.467 26.4027 328.107
internal_count=52006 24395 27611 373 272 18958 7725 6398 97 6301 5714 11233 221 5648
cat_boundaries=0 1
cat_threshold=1381
is_linear=0
shrinkage=0.05


Tree=102
num_leaves=15
num_cat=2
split_feature=8 3 10 2 3 1 8 5 8 4 10 9 5 6
split_gain=2.93165 4.80179 3.92945 8.0501 6.17893 9.45627 5.61553 5.5984 5.5424 4.8445 5.05188 13.0043 6.94582 6.63327
threshold=21.500000000000004 11.500000000000002 0 15.500000000000002 4.5000000000000009 54.750000000000007 25.500000000000004 6.5000000000000009 27.500000000000004 1.5500000000000003 1 1.0000000180025095e-35 2.2500000000000004 3.1050000000000009
decision_type=2 8 1 10 10 8 2 10 2 10 1 10 8 8
left_child=-1 2 3 -2 -5 -6 -7 8 9 -4 11 -11 -13 -14
right_child=1 -3 7 4 5 6 -8 -9 -10 10 -12 12 13 -15
leaf_value=0.0003289600541906447 -0.013606019447010984 -0.0510144544567969 0.084393562992188864 -0.0066215487790478693 -0.013831320468707792 0.13828607616927088 0.04202490361418653 -0.051748282922544957 0.0054166235354670758 0.12744047832839803 -0.02013777194749633 -0.014341050138812162 0.0054535198349320744 0.07437388436453643
leaf_weight=3875.1794202355668 10.98493010364473 5.5247897082008413 1.3481606096029271 4.0442066229879847 2.529100272804496 3.8583264015614995 2.4946262519806623 6.5013347710482767 88.128306639846414 1.8900743760168541 68.28193128388375 66.209579956717789 29.612118487246335 3.9577973810955873
leaf_count=44080 191 411 8 47 65 51 30 281 2584 27 1765 1642 681 143
internal_value=-3.70252e-05 -0.00483873 -0.00395856 0.0125967 0.0446092 0.0679357 0.100487 -0.00570624 -0.00477237 -0.0100143 -0.0107632 -0.00226378 -0.00494759 0.013579
internal_weight=4170.54 295.365 289.84 23.9112 12.9263 8.88205 6.35295 265.929 259.428 171.3 169.952 101.67 99.7795 33.5699
internal_count=52006 7926 7515 384 193 146 81 7131 6850 4266 4258 2493 2466 824
cat_boundaries=0 1 2
cat_threshold=96 1804
is_linear=0
shrinkage=0.05


Tree=103
num_leaves=15
num_cat=2
split_feature=7 5 10 6 3 6 4 5 6 8 0 10 3 0
split_gain=2.88439 8.22983 7.00903 6.39678 6.35611 6.33739 6.81276 6.54668 9.09354 6.84336 7.07989 6.94544 10.1571 7.96907
threshold=39.390000000000015 0.62500000000000011 0 3.895 10.500000000000002 0.52250000000000019 2.6333333333333337 2.7500000000000004 2.7050000000000005 29.500000000000004 7.5000000000000009 1 3.5000000000000004 3.5000000000000004
decision_type=8 8 1 8 10 8 10 8 10 2 2 1 10 2
left_child=1 3 -3 -1 5 6 -4 8 9 10 11 12 -7 -14
right_child=-2 2 4 -5 -6 7 -8 -9 -10 -11 -12 -13 13 -15
leaf_value=-0.0049957743789439462 -0.0010046857606203911 0.0095676911446563144 -0.00082054860723914486 0.073329897348504161 -0.037614768717622607 0.032617694087169698 -0.038772035521455805 -0.0021406693055493757 -0.024616278629041668 0.086915410318358505 -0.019095424245166446 0.0028689335817237054 0.03174056598654814 -0.0070308893866886137
leaf_weight=387.31066661886871 2708.5537196835503 361.63472038740292 30.439036630094051 2.624375242739915 10.471641831099985 75.532258778810501 19.337418023496866 320.45817082934082 20.187181418761611 2.8665819056332102 20.483203993178904 149.01066093984991 19.378946419805288 41.927673330530524
leaf_count=4634 37248 3141 145 27 427 483 188 2532 245 69 325 1599 257 686
internal_value=-3.86962e-05 0.00175134 0.0040144 -0.00446862 0.00103689 0.00163024 -0.0155641 0.00294728 0.00789732 0.0100201 0.00930052 0.0113353 0.0189595 0.00522472
internal_weight=4170.22 1461.66 1071.73 389.935 710.093 699.621 49.7765 649.845 329.387 309.199 306.333 285.85 136.839 61.3066
internal_count=52006 14758 10097 4661 6956 6529 333 6196 3664 3419 3350 3025 1426 943
cat_boundaries=0 1 2
cat_threshold=1289 644
is_linear=0
shrinkage=0.05


Tree=104
num_leaves=15
num_cat=2
split_feature=6 6 10 6 8 6 5 2 11 4 7 4 8 7
split_gain=2.823 11.7189 8.14654 9.08998 8.69076 7.45274 7.66701 7.23031 6.51 8.58274 8.27081 6.39531 7.87834 17.48
threshold=1.031666666666667 0.97750000000000015 0 1.1145833333333337 15.500000000000002 1.1775000000000004 1.8750000000000002 64.500000000000014 1 4.9000000000000012 41.263333333333343 5.9000000000000012 13.500000000000002 39.910000000000011
decision_type=10 10 1 10 2 10 8 8 1 10 8 10 2 10
left_child=1 -1 -2 -4 5 6 7 -5 9 -3 -11 12 -10 -14
right_child=2 8 3 4 -6 -7 -8 -9 11 10 -12 -13 13 -15
leaf_value=0.00027323820936106042 -0.0051668156546898318 -0.01284789420843177 -0.014538638281800333 0.026648429504332105 -0.0046965523080858221 0.0030191889683129497 -0.0054862833082199858 0.090811228185647061 0.021765938758367794 0.019159268793587515 0.13994173195143447 -0.0096173305578256766 0.021449702320897438 0.14384954979669792
leaf_weight=1485.4380753487349 813.78966710111126 35.391265146434307 90.587207679636776 26.998596671968699 397.84202310955152 1190.4006786695682 15.741425352171062 5.2433694861829272 64.286788370460272 16.392256696708504 1.5515129398554552 12.538674693554638 8.2387255877256376 4.5156132616102687
leaf_count=14135 11691 286 1269 313 9186 13711 138 47 421 337 32 292 87 61
internal_value=-3.62774e-05 0.00158892 -0.00107792 0.000873905 0.00173254 0.00379794 0.0231177 0.0370829 0.0152639 0.00143399 0.0296028 0.0234982 0.0288878 0.0647848
internal_weight=4168.96 1628.35 2540.6 1726.81 1636.23 1238.38 47.9834 32.242 142.915 53.335 17.9438 89.5798 77.0411 12.7543
internal_count=52006 15651 36355 24664 23395 14209 498 360 1516 655 369 861 569 148
cat_boundaries=0 1 2
cat_threshold=1224 2
is_linear=0
shrinkage=0.05


Tree=105
num_leaves=15
num_cat=0
split_feature=7 8 5 6 7 6 2 0 0 3 2 7 0 6
split_gain=2.82664 6.07779 5.15595 4.21857 5.21719 4.66215 4.18561 3.46844 4.36406 7.51411 4.16447 3.29293 3.24658 3.14193
threshold=42.64500000000001 15.500000000000002 1.3750000000000002 6.9083333333333341 44.220000000000006 2.2316666666666669 160.50000000000003 10.500000000000002 9.5000000000000018 3.5000000000000004 154.50000000000003 44.750000000000007 3.5000000000000004 9.1000000000000014
decision_type=10 2 10 10 8 10 8 2 2 8 10 10 2 10
left_child=7 2 12 4 5 -4 -7 8 13 -10 -11 -6 -2 -1
right_child=1 -3 3 -5 11 6 -8 -9 9 10 -12 -13 -14 -15
leaf_value=0.00010652466599156356 -0.049686397902370449 -0.051592846400252246 0.063616861399970345 -0.033593791649302963 0.1119905311112426 -0.012683536710270948 0.075600786102253514 -0.027552739364721576 0.061295221344733947 -0.0093993368062853539 0.079427215865651588 0.021624325712735426 0.00070681404114063154 -0.044983461575352039
leaf_weight=4081.8776242458262 8.0768568916246277 8.0754127167165262 2.9699965883046486 5.0139087438583365 2.1006084345281115 14.603901535738261 1.4784711189568032 11.303252151701598 7.9356853887438801 12.24507055338472 1.4788753315806378 1.9383670836687086 5.2890558224171391 3.8671205528080455
leaf_count=50143 144 344 55 135 36 359 15 247 55 274 22 33 83 61
internal_value=-3.64122e-05 -0.0119078 -0.00418019 0.00797766 0.0170042 0.00606152 -0.00456746 0.000106396 0.000182512 0.0225667 0.000172502 0.0686224 -0.0297452 6.38474e-05
internal_weight=4168.25 49.5466 41.4712 28.1053 23.0913 19.0524 16.0824 4118.71 4107.4 21.6596 13.7239 4.03898 13.3659 4085.74
internal_count=52006 1204 860 633 498 429 374 50802 50555 351 296 69 227 50204
is_linear=0
shrinkage=0.05


Tree=106
num_leaves=15
num_cat=3
split_feature=1 2 6 11 2 10 4 7 6 0 10 4 2 6
split_gain=2.7578 5.12799 6.6944 5.21174 4.99863 4.89953 9.48977 7.44244 3.98145 3.98118 3.68353 4.08495 5.84572 6.89032
threshold=53.500000000000007 28.500000000000004 1.031666666666667 0 26.500000000000004 1 4.6333333333333337 40.790000000000013 4.205000000000001 3.5000000000000004 2 4.1000000000000005 19.500000000000004 2.4050000000000007
decision_type=8 8 10 1 8 1 8 10 10 2 1 10 8 10
left_child=1 2 4 -4 -1 6 7 -3 10 -8 11 -5 -13 -14
right_child=-2 5 3 8 -6 -7 9 -9 -10 -11 -12 12 13 -15
leaf_value=0.0091077920592525681 0.00027390328479867931 0.014504960774021435 0.061934436203513313 -0.042261628659150563 0.066772535584168569 -0.026013849996265204 0.00020412863495266844 0.10595087022205048 -0.053763280200046497 -0.047979834771143884 0.0015897750100523985 -0.024875530484676757 0.062489826760800039 -0.053510016249304904
leaf_weight=53.424847999587655 3940.1569490246475 11.423756241798403 2.5848155040293932 15.142012611031531 4.0424780361354342 36.598080415744334 8.9232876449823397 2.7631584964692584 4.9349455134943119 8.250780043192206 57.071406097617 16.089777611196045 4.7580213826149693 1.75137457344681
leaf_count=794 47864 102 64 144 56 500 127 33 163 189 1366 435 120 49
internal_value=-3.53201e-05 -0.00538479 -0.000492169 -0.00816122 0.0131642 -0.0168894 0.00155728 0.0323157 -0.00997765 -0.0229445 -0.00769864 -0.0175227 -0.00870076 0.0312797
internal_weight=4167.92 227.759 159.8 102.332 57.4673 67.9591 31.361 14.1869 99.7475 17.1741 94.8126 37.7412 22.5992 6.5094
internal_count=52006 4142 3191 2341 850 951 451 135 2277 316 2114 748 604 169
cat_boundaries=0 1 2 3
cat_threshold=1 1429 293
is_linear=0
shrinkage=0.05


Tree=107
num_leaves=15
num_cat=1
split_feature=4 7 8 5 6 0 6 6 8 8 7 11 7 0
split_gain=2.64441 2.4967 5.8108 4.81351 3.86761 4.76229 7.18275 6.90288 4.06985 9.569 9.05173 6.11221 3.74585 3.18406
threshold=11.100000000000001 42.64500000000001 15.500000000000002 1.3750000000000002 6.9083333333333341 3.5000000000000004 4.4050000000000011 4.4050000000000011 2.5000000000000004 6.5000000000000009 43.070000000000014 0 43.870000000000012 10.500000000000002
decision_type=10 10 2 10 10 2 8 10 2 2 10 1 10 2
left_child=1 13 3 -3 5 6 8 -7 11 -10 -11 -5 -8 -1
right_child=-2 2 -4 4 -6 7 12 -9 9 10 -12 -13 -14 -15
leaf_value=0.00022935256944614331 -0.025940214373711287 -0.02893778226405232 -0.051520686508349157 0.15436986308767719 -0.032824192604729657 -0.040159119149214634 -0.053403044627288815 0.054631487036497575 -0.036210243561215862 0.19938684470031018 0.014579355239868084 0.03577188530167049 0.043795893693260292 -0.026714683080013013
leaf_weight=4098.3324481504969 9.8298936737701279 13.039890951476989 7.5596732525154939 2.1453169547021389 4.845748101361095 6.4196517765521985 2.8049229271709928 2.7405089326202869 2.7471006764099002 1.1904326090589168 1.4942307583987711 2.2009355453774369 1.5329216914251445 10.994077544659374
leaf_count=49711 877 227 331 30 132 113 78 58 50 36 44 40 37 242
internal_value=-3.73777e-05 2.38583e-05 -0.0112283 -0.00382823 0.00781491 0.0162754 0.0344943 -0.0118 0.0582503 0.0293953 0.0965266 0.094312 -0.0190546 0.000157267
internal_weight=4167.88 4158.05 48.7213 41.1617 28.1218 23.276 14.1159 9.16016 9.77802 5.43176 2.68466 4.34625 4.33784 4109.33
internal_count=52006 51129 1176 845 618 486 315 171 200 130 80 70 115 49953
cat_boundaries=0 1
cat_threshold=4
is_linear=0
shrinkage=0.05


Tree=108
num_leaves=15
num_cat=1
split_feature=1 3 8 6 6 7 1 7 8 7 5 8 7 10
split_gain=2.59054 4.50694 5.80372 6.16406 5.39201 6.78194 7.00875 5.32799 8.8329 4.94082 4.64747 5.36717 7.49332 5.53001
threshold=56.750000000000007 11.500000000000002 13.500000000000002 1.3550000000000002 0.99500000000000022 39.022500000000015 55.500000000000007 42.045000000000009 9.5000000000000018 38.445000000000014 2.7500000000000004 30.500000000000004 40.163333333333348 0
decision_type=8 10 2 10 10 10 8 10 2 8 10 2 10 1
left_child=1 10 3 4 -3 -6 -7 9 -9 -5 -1 13 -13 -12
right_child=-2 2 -4 7 5 6 -8 8 -10 -11 11 12 -14 -15
leaf_value=0.00017271279920722904 0.0018897931003074256 -0.0081022132573822687 -0.043959831687634447 0.09500805516150547 0.1879048313791295 -0.051905873947726146 0.12231272319614735 -0.051045407648438935 0.22381172475312147 -0.046055750001601538 0.0052763121392542609 0.12113685663601732 -0.0032378694178823728 -0.0089525265901642306
leaf_weight=2493.9194239950739 1230.18384201359 3.2946333521977129 13.800317144952713 0.66716102603822669 1.0414246916770937 1.1678865076974037 1.1415598196908829 0.62961295107379445 0.545594597235322 8.920726465061307 81.494575743563473 1.9916578233242024 3.0896788081154227 325.71054465230554
leaf_count=29559 13768 114 968 19 34 51 38 38 32 442 1339 55 124 5425
internal_value=-3.64888e-05 -0.000843212 -0.0197428 -0.000545215 0.0373188 0.0819774 0.0342104 -0.0239237 0.0765581 -0.03624 -0.000640255 -0.00555789 0.0455115 -0.00619517
internal_weight=4167.6 2937.41 31.2089 17.4086 6.6455 3.35087 2.30945 10.7631 1.17521 9.58789 2906.21 412.286 5.08134 407.205
internal_count=52006 38238 1736 768 237 123 89 531 70 461 36502 6943 179 6764
cat_boundaries=0 1
cat_threshold=20
is_linear=0
shrinkage=0.05


Tree=109
num_leaves=15
num_cat=2
split_feature=7 2 10 1 6 6 4 5 2 10 4 9 7 4
split_gain=2.55947 5.22386 5.81092 5.42084 5.01193 5.81147 7.40809 5.49571 5.39665 4.83314 5.27095 5.89001 13.0847 6.01102
threshold=39.722500000000011 124.50000000000001 0 55.500000000000007 5.1050000000000013 4.9387500000000006 5.2250000000000005 1.8750000000000002 11.500000000000002 1 7.5500000000000007 1.0000000180025095e-35 41.745000000000012 9.7750000000000021
decision_type=8 10 1 8 10 10 8 10 10 1 10 10 10 10
left_child=-1 4 -3 -4 5 9 7 -7 -6 -2 -11 12 13 -12
right_child=1 2 3 -5 8 6 -8 -9 -10 10 11 -13 -14 -15
leaf_value=0.0013214457611182119 0.00092847210449122975 -0.0096411715679772091 0.0014414464566015321 0.026208754386721319 0.055544875774278857 0.0062063494641252477 -0.03690635111386939 0.076147910631127164 -0.023886909081091548 -0.0027069059993530429 -0.028320149577555478 -0.017358785261379368 0.16531926156032736 0.055897193743625673
leaf_weight=1893.80697366409 988.52170130750164 28.268764435313642 37.873679891228676 53.021582494489849 2.2680741660296908 4.6761425770819152 3.2698532799258837 7.0325954332947731 37.382082986179739 991.95568071398884 6.227490100078283 108.20799183053896 1.3770613530650724 3.2113844342529774
leaf_count=19706 13179 368 369 396 57 29 129 66 884 11570 193 4884 48 128
internal_value=-3.62035e-05 -0.00116722 0.00902342 0.0143141 -0.00173095 -0.00140069 0.029633 0.0482152 -0.0193432 -0.0016221 -0.00386509 -0.0138423 0.0213388 0.000333083
internal_weight=4167.1 2273.29 119.164 90.8953 2154.13 2114.48 14.9786 11.7087 39.6502 2099.5 1110.98 119.024 10.8159 9.43887
internal_count=52006 32300 1133 765 31167 30226 224 95 941 30002 16823 5253 369 321
cat_boundaries=0 1 2
cat_threshold=736 372
is_linear=0
shrinkage=0.05


Tree=110
num_leaves=15
num_cat=1
split_feature=0 2 10 5 4 1 2 6 2 2 7 6 4 8
split_gain=2.59007 5.10842 8.33596 6.57822 5.93518 8.70104 6.4746 4.94092 5.16279 7.94809 8.60502 8.51927 5.4831 8.47904
threshold=4.5000000000000009 112.50000000000001 0 6.5000000000000009 3.2250000000000005 56.250000000000007 146.50000000000003 2.3450000000000002 55.500000000000007 36.500000000000007 37.690000000000012 0.62250000000000016 8.7750000000000021 11.500000000000002
decision_type=2 10 1 8 10 8 10 10 10 10 10 8 10 2
left_child=1 -1 3 4 6 -6 -3 8 9 -2 -11 -12 -10 -14
right_child=7 2 -4 -5 5 -7 -8 -9 12 10 11 -13 13 -15
leaf_value=0.00035710446686313974 -4.9376524142684966e-05 0.062854763109250741 -0.0044881977698039213 -0.0014543606655854908 -0.00047163099092406682 0.068584578136346899 0.02291569322181411 -0.0075553834715096739 -0.0093163678475110864 0.057953224151244348 -0.044155100257387669 0.01656510088367269 0.07187135408818944 -0.017591175669274907
leaf_weight=2349.8580681127496 1074.6657027127221 17.152150049805641 70.341758476570249 28.534927347674966 27.655165972188115 5.4624672569334498 24.847662054002285 285.91048442479223 202.01833447534591 11.020461671054361 6.5059147216379634 51.534519237931818 5.350137450732289 5.2450160612352192
leaf_count=26155 15914 96 645 176 350 49 140 5437 2067 103 65 593 87 129
internal_value=-3.64424e-05 0.000969212 0.00923597 0.0173124 0.026746 0.0109186 0.0392263 -0.00158196 -0.000322787 0.00100725 0.0174495 0.0097588 -0.00747752 0.0275839
internal_weight=4166.1 2523.85 173.994 103.652 75.1174 33.1176 41.9998 1642.25 1356.34 1143.73 69.0609 58.0404 212.613 10.5952
internal_count=52006 27611 1456 811 635 399 236 24395 18958 16675 761 658 2283 216
cat_boundaries=0 1
cat_threshold=158
is_linear=0
shrinkage=0.05


Tree=111
num_leaves=15
num_cat=0
split_feature=1 7 2 7 2 8 3 6 7 3 6 0 3 6
split_gain=2.44843 4.98354 5.13231 6.81458 6.31882 17.1342 8.2219 6.12819 9.06704 9.70796 9.11037 6.72633 5.48555 5.82107
threshold=53.500000000000007 42.263333333333343 28.500000000000004 40.810000000000009 21.500000000000004 6.5000000000000009 2.5000000000000004 0.84500000000000031 38.963333333333345 5.5000000000000009 1.6450000000000002 3.5000000000000004 1.5000000000000002 1.9816666666666669
decision_type=8 10 8 10 10 2 10 10 10 8 10 2 10 10
left_child=1 2 4 -4 12 -6 -7 -8 -9 10 -10 -11 13 -1
right_child=-2 -3 3 -5 5 6 7 8 9 11 -12 -13 -14 -15
leaf_value=0.0458099335239016 0.00025460894058866346 -0.052414140232530937 -0.021917505275404418 0.025582724435040484 -0.045226574283260941 -0.0037228235734690892 0.11039573406398429 -0.036878669490997495 0.053009501641704954 0.11133045873633385 0.18801595120102868 -0.0094217818883042953 -0.0081582377877270976 -0.024605053560228352
leaf_weight=9.9375395625829679 3939.0829709125683 5.4300913163460782 57.078833139967173 8.701829123310743 7.7423925208859137 7.7585363648831871 4.2380678555928197 2.9058567346073678 2.781177178025243 1.5302361445501453 2.269098948687315 4.6813856665976346 107.21842394815758 4.1652219519019118
leaf_count=67 47864 192 732 184 109 62 72 58 37 53 33 170 2342 31
internal_value=-3.60321e-05 -0.00509197 -0.00392928 -0.0156339 0.00103077 0.020113 0.0394478 0.0576454 0.0418659 0.0621841 0.113668 0.0203256 -0.00430231 0.025013
internal_weight=4165.52 226.439 221.009 65.7807 155.228 33.9068 26.1644 18.4058 14.1678 11.2619 5.05028 6.21162 121.321 14.1028
internal_count=52006 4142 3950 916 3034 594 485 423 351 293 70 223 2440 98
is_linear=0
shrinkage=0.05


end of trees

feature_importances:
avg5_ninki=197
avg5_last3f=192
競馬場=172
days_since_last=161
n_past_races=160
avg5_margin=150
last_ninki=148
last_margin=136
kinryo=93
齢=80
same_track_as_last=56
性=23

parameters:
[boosting: gbdt]
[objective: binary]
[metric: auc]
[tree_learner: serial]
[device_type: cpu]
[data_sample_strategy: bagging]
[data: ]
[valid: ]
[num_iterations: 112]
[learning_rate: 0.05]
[num_leaves: 15]
[num_threads: 0]
[seed: 0]
[deterministic: 0]
[force_col_wise: 0]
[force_row_wise: 0]
[histogram_pool_size: -1]
[max_depth: -1]
[min_data_in_leaf: 30]
[min_sum_hessian_in_leaf: 0.001]
[bagging_fraction: 1]
[pos_bagging_fraction: 1]
[neg_bagging_fraction: 1]
[bagging_freq: 0]
[bagging_seed: 3]
[bagging_by_query: 0]
[feature_fraction: 1]
[feature_fraction_bynode: 1]
[feature_fraction_seed: 2]
[extra_trees: 0]
[extra_seed: 6]
[early_stopping_round: 0]
[early_stopping_min_delta: 0]
[first_metric_only: 0]
[max_delta_step: 0]
[lambda_l1: 0]
[lambda_l2: 0]
[linear_lambda: 0]
[min_gain_to_split: 0]
[drop_rate: 0.1]
[max_drop: 50]
[skip_drop: 0.5]
[xgboost_dart_mode: 0]
[uniform_drop: 0]
[drop_seed: 4]
[top_rate: 0.2]
[other_rate: 0.1]
[min_data_per_group: 100]
[max_cat_threshold: 32]
[cat_l2: 10]
[cat_smooth: 10]
[max_cat_to_onehot: 4]
[top_k: 20]
[monotone_constraints: ]
[monotone_constraints_method: basic]
[monotone_penalty: 0]
[feature_contri: ]
[forcedsplits_filename: ]
[refit_decay_rate: 0.9]
[cegb_tradeoff: 1]
[cegb_penalty_split: 0]
[cegb_penalty_feature_lazy: ]
[cegb_penalty_feature_coupled: ]
[path_smooth: 0]
[interaction_constraints: ]
[verbosity: -1]
[saved_feature_importance_type: 0]
[use_quantized_grad: 0]
[num_grad_quant_bins: 4]
[quant_train_renew_leaf: 0]
[stochastic_rounding: 1]
[linear_tree: 0]
[max_bin: 255]
[max_bin_by_feature: ]
[min_data_in_bin: 3]
[bin_construct_sample_cnt: 200000]
[data_random_seed: 1]
[is_enable_sparse: 1]
[enable_bundle: 1]
[use_missing: 1]
[zero_as_missing: 0]
[feature_pre_filter: 1]
[pre_partition: 0]
[two_round: 0]
[header: 0]
[label_column: ]
[weight_column: ]
[group_column: ]
[ignore_column: ]
[categorical_feature: 10,11]
[forcedbins_filename: ]
[precise_float_parser: 0]
[parser_config_file: ]
[objective_seed: 5]
[num_class: 1]
[is_unbalance: 0]
[scale_pos_weight: 1]
[sigmoid: 1]
[boost_from_average: 1]
[reg_sqrt: 0]
[alpha: 0.9]
[fair_c: 1]
[poisson_max_delta_step: 0.7]
[tweedie_variance_power: 1.5]
[lambdarank_truncation_level: 30]
[lambdarank_norm: 1]
[label_gain: ]
[lambdarank_position_bias_regularization: 0]
[eval_at: ]
[multi_error_top_k: 1]
[auc_mu_weights: ]
[num_machines: 1]
[local_listen_port: 12400]
[time_out: 120]
[machine_list_filename: ]
[machines: ]
[gpu_platform_id: -1]
[gpu_device_id: -1]
[gpu_device_id_list: ]
[gpu_use_dp: 0]
[num_gpu: 1]

end of parameters

pandas_categorical:[["\u4f50\u8cc0", "\u540d\u53e4\u5c4b", "\u5712\u7530", "\u5927\u4e95", "\u5ddd\u5d0e", "\u6d66\u548c", "\u76db\u5ca1", "\u8239\u6a4b", "\u91d1\u6ca2", "\u9580\u5225", "\u9ad8\u77e5"], ["\u30bb", "\u725d", "\u7261"]]
