tree
version=v4
num_class=1
num_tree_per_iteration=1
label_index=0
max_feature_idx=12
objective=binary sigmoid:1
feature_names=齢_num 斤量_num days_since_last last_ninki avg5_ninki last_margin avg5_margin avg5_last3f n_past_races same_track_as_last 人気_num 場所 sei
feature_infos=[2:16] [49:60] [4:973] [0:18] [0:17] [-3.2999999999999998:57.5] [-2.5:12.859999999999999] [0:52.5] [0:5] [0:1] [0:16] -1:3:1:4:0:7:10:5:9:8:6 -1:3:2:0:1
tree_sizes=1725 1745 1740 1742 1744 1748 1766 1758 1774 1772 1779 1771 1765 1801 1779 1787 1775 1784 1799 1783 1778 1795 1783 1780 1794 1792 1768 1788 1782 1799 1791 1777 1779 1773 1775 1768 1782 1788 1775 1776 1781 1773 1802 1793 1792 1782 1778 1760 1786 1778 1782 1784 1797 1790 1785 1802 1809 1804 1809 1804 1777 1791 1780 1804 1776 1804 1807 1801 1799 1816 1795 1808 1792 1795 1802 1816 1808 1798 1781 1776 1771 1793 1811 1758 1804 1804 1813 1805 1801 1819 1804 1808 1806 1764 1784 1803 1777 1784 1819 1797 1801 1811 1763 1786 1804 1793 1774 1792 1800 1807 1794 1800 1800 1804 1770 1780 1796 1797 1796 1758 1775 1778 1788 1774 1802 1800 1778 1753 1784 1798 1781 1742 1817 1787 1760 1794 1754 1761 1783 1782 1755 1748 1798 1760 1796 1782 1770 1750 1789 1745 1798 1778 1760 1752 1780 1756 1766 1760 1773 1756 1756 1767 1758 1775 1766 1775 1794 1772 1777 1758 1774 1780 1762 1746 1758 1762 1781 1753 1778 1776 1771 1744 1744 1755

Tree=0
num_leaves=15
num_cat=0
split_feature=10 10 10 10 10 10 10 10 2 0 6 6 0 2
split_gain=25127.6 4172.23 1938.58 792.787 302.032 283.756 145.387 66.8541 32.8836 30.1618 28.863 28.6187 20.8005 20.5113
threshold=4.5000000000000009 2.5000000000000004 7.5000000000000009 1.5000000000000002 5.5000000000000009 3.5000000000000004 9.5000000000000018 6.5000000000000009 8.5000000000000018 2.5000000000000004 1.93875 1.93875 3.5000000000000004 14.500000000000002
decision_type=8 10 8 10 10 10 8 10 10 2 10 8 2 8
left_child=1 3 4 -1 -2 9 10 11 -7 -3 -4 -6 -5 -11
right_child=2 5 6 12 7 8 -8 -9 -10 13 -12 -13 -14 -15
leaf_value=-0.82801580008133036 -0.95010077434075491 -0.88334191543510432 -0.98912408452802814 -0.86183535526436272 -0.96180999239662035 -0.92065897871724522 -1.005842682753568 -0.97812119635179839 -0.93258583301846676 -0.8987000513343586 -0.99817954032322953 -0.97345820077935097 -0.87394344952710457 -0.90926209849710982
leaf_weight=2378.0447908639908 2369.3819709718227 201.25946679711342 2510.2031594514847 875.14627003669739 1508.9423486590385 1074.7940494120121 4744.6063088476658 2301.8925601840019 1297.8112964034081 947.06782123446465 1692.0703319609165 839.28622490167618 1497.4590757787228 1224.4795187115669
leaf_count=11804 11761 999 12460 4344 7490 5335 23551 11426 6442 4701 8399 4166 7433 6078
internal_value=-0.946029 -0.881642 -0.984331 -0.848537 -0.964643 -0.914852 -0.999759 -0.97204 -0.927141 -0.90263 -0.992828 -0.966023 -0.86931 -0.904558
internal_weight=25462.4 9496.06 15966.4 4750.65 7019.5 4745.41 8946.88 4650.12 2372.61 2372.81 4202.27 2348.23 2372.61 2171.55
internal_count=126389 47136 79253 23581 34843 23555 44410 23082 11777 11778 20859 11656 11777 10779
is_linear=0
shrinkage=1


Tree=1
num_leaves=15
num_cat=0
split_feature=10 10 10 10 10 10 10 10 2 6 6 0 2 5
split_gain=22431.7 3462.44 1842.17 630.656 278.854 245.917 141.582 62.5566 28.9311 27.951 26.6224 26.0759 20.7041 19.6061
threshold=4.5000000000000009 2.5000000000000004 7.5000000000000009 1.5000000000000002 5.5000000000000009 3.5000000000000004 9.5000000000000018 6.5000000000000009 8.5000000000000018 1.93875 1.93875 4.5000000000000009 18.500000000000004 2.5500000000000003
decision_type=8 10 8 10 10 10 8 10 10 10 8 2 10 10
left_child=1 3 4 -1 -2 11 9 10 13 -4 -6 12 -3 -7
right_child=2 5 6 -5 7 8 -8 -9 -10 -11 -12 -13 -14 -15
leaf_value=0.10661538226283479 -0.0038758713303304972 0.049607211767492367 -0.041764519280965716 0.070509028072095178 -0.015102474345884524 0.026045995505690707 -0.058424710861289669 -0.030942384786683475 0.012696801797879024 -0.050757485068063206 -0.02639337308901922 0.033070999329671724 0.036802859126192904 0.0033354671439224828
leaf_weight=2497.8372792005539 2365.1266636401415 914.43206740915775 2462.070837020874 2451.0627659410238 1498.4110808372498 979.79287177324295 4617.8912913501263 2269.1022284328938 1305.4739600121975 1652.7324095368385 829.07826575636864 872.03535032272339 630.98772887885571 106.94204941391945
leaf_count=11804 11761 4447 12460 11777 7490 4810 23551 11426 6442 8399 4166 4252 3079 525
internal_value=-3.30948e-05 0.0594761 -0.0370422 0.088822 -0.0178379 0.0292197 -0.052333 -0.0250099 0.0177966 -0.0454338 -0.0191724 0.0404635 0.0445148 0.0238366
internal_weight=25453 9758.56 15694.4 4948.9 6961.72 4809.66 8732.69 4596.59 2392.21 4114.8 2327.49 2417.46 1545.42 1086.73
internal_count=126389 47136 79253 23581 34843 23555 44410 23082 11777 20859 11656 11778 7526 5335
is_linear=0
shrinkage=0.05


Tree=2
num_leaves=15
num_cat=0
split_feature=10 10 10 10 10 10 10 10 6 2 6 0 0 0
split_gain=20090.2 2918.29 1752.39 517.746 257.368 214.045 138.352 58.5294 27.1357 25.5168 24.7584 24.7424 19.2104 17.6383
threshold=4.5000000000000009 2.5000000000000004 7.5000000000000009 1.5000000000000002 5.5000000000000009 3.5000000000000004 9.5000000000000018 6.5000000000000009 1.93875 8.5000000000000018 1.93875 2.5000000000000004 3.5000000000000004 3.5000000000000004
decision_type=8 10 8 10 10 10 8 10 10 10 8 2 2 2
left_child=1 3 4 12 -2 11 8 10 -4 -7 -6 -3 -1 -5
right_child=2 5 6 13 7 9 -8 -9 -10 -11 -12 -13 -14 -15
leaf_value=0.10480092325957774 -0.0036889668290834999 0.054813163072213872 -0.040479226182463426 0.071599833249974015 -0.0144499480843446 0.022417893104869309 -0.057110409238827847 -0.029829819530137261 -0.049421823889794762 0.011996818594766879 -0.025391972980015533 0.036087914465105557 0.092358601059396986 0.061084218897043796
leaf_weight=989.79097545146942 2361.068690687418 210.57410809397697 2414.6136051416397 932.27604782581329 1488.2626342773438 1097.7950865775347 4491.2984000146389 2237.0622354447842 1613.6639455109835 1312.6645286679268 819.14146435260773 2247.5838315784931 1608.2727724313736 1587.91338314116
leaf_count=4497 11761 999 12460 4344 7490 5335 23551 11426 8399 6442 4166 10779 7307 7433
internal_value=-6.04665e-05 0.0551751 -0.0358286 0.0815235 -0.0170917 0.0274206 -0.0509969 -0.0240434 -0.0441183 0.0167795 -0.0183809 0.0378 0.097291 0.0651083
internal_weight=25412 9986.87 15425.1 5118.25 6905.54 4868.62 8519.58 4544.47 4028.28 2410.46 2307.4 2458.16 2598.06 2520.19
internal_count=126389 47136 79253 23581 34843 23555 44410 23082 20859 11777 11656 11778 11804 11777
is_linear=0
shrinkage=0.05


Tree=3
num_leaves=15
num_cat=0
split_feature=10 10 10 10 10 10 10 10 6 6 2 0 2 5
split_gain=18043.9 2493.21 1668.33 435.862 237.447 187.02 135.586 54.7493 26.3969 23.0167 22.5465 21.6143 17.5497 17.1855
threshold=4.5000000000000009 2.5000000000000004 7.5000000000000009 1.5000000000000002 5.5000000000000009 3.5000000000000004 9.5000000000000018 6.5000000000000009 1.93875 1.93875 8.5000000000000018 4.5000000000000009 18.500000000000004 2.7500000000000004
decision_type=8 10 8 10 10 10 8 10 10 8 10 2 10 10
left_child=1 3 4 -1 -2 11 8 9 -4 -6 13 12 -3 -7
right_child=2 5 6 -5 7 10 -8 -9 -10 -11 -12 -13 -14 -15
leaf_value=0.089509620140965807 -0.0035108033206508343 0.043551120639930274 -0.039235408280975576 0.060379449143720468 -0.013822676912915943 0.022915054728024502 -0.055861967066542575 -0.0287526879093719 -0.04813726825403028 -0.024423679102455284 0.011339613407482194 0.028761524690703678 0.032041070513655796 -0.00015772689577774242
leaf_weight=2681.1390884667635 2357.1998152434826 947.61430414021015 2367.961617410183 2580.7074419111013 1478.4915401041508 1020.5548746883869 4365.4108925461769 2205.8195731639862 1575.0119968354702 809.48475995659828 1319.4154480993748 897.08599264919758 650.60083018243313 87.525079771876335
leaf_count=11804 11761 4447 12460 11777 7490 4910 23551 11426 8399 4166 6442 4252 3079 425
internal_value=-8.1181e-05 0.0513759 -0.0346575 0.0752934 -0.0163738 0.0257607 -0.0497152 -0.0231096 -0.0428477 -0.0176184 0.0158292 0.0353713 0.0389802 0.0211001
internal_weight=25344 10184.6 15159.4 5261.85 6851 4922.8 8308.38 4493.8 3942.97 2287.98 2427.5 2495.3 1598.22 1108.08
internal_count=126389 47136 79253 23581 34843 23555 44410 23082 20859 11656 11777 11778 7526 5335
is_linear=0
shrinkage=0.05


Tree=4
num_leaves=15
num_cat=0
split_feature=10 10 10 10 10 10 10 10 6 6 0 2 3 2
split_gain=16240.9 2152.03 1589.24 374.335 218.979 164.034 133.191 51.1964 25.7178 21.3884 20.7462 19.9603 17.6839 17.6057
threshold=4.5000000000000009 2.5000000000000004 7.5000000000000009 1.5000000000000002 5.5000000000000009 3.5000000000000004 9.5000000000000018 6.5000000000000009 1.93875 1.93875 2.5000000000000004 8.5000000000000018 1.5000000000000002 14.500000000000002
decision_type=8 10 8 10 10 10 8 10 10 8 2 10 10 10
left_child=1 3 4 12 -2 10 8 9 -4 -6 -3 -7 -1 -5
right_child=2 5 6 13 7 11 -8 -9 -10 -11 -12 -13 -14 -15
leaf_value=0.088415057353815218 -0.0033409842577802719 0.048396427894161535 -0.038029673072055292 0.060571284071513423 -0.01321983205320594 0.019875101836279711 -0.054671598462521745 -0.027709311553992463 -0.046898222310210812 -0.023487215685644991 0.031612032107332946 0.010722080328082258 0.077726210206946214 0.051047878444154739
leaf_weight=1284.442026719451 2353.5116251856089 218.19347335398197 2322.2225615382195 1389.9783792942762 1469.0912133455276 1117.6088094711304 4240.7246432751417 2175.4105071127415 1536.9007171243429 800.11454662680626 2310.904323130846 1325.7565722167492 1465.204482883215 1243.9407231211662
leaf_count=5514 11761 999 12460 6214 7490 5335 23551 11426 8399 4166 10779 6442 6290 5563
internal_value=-9.92699e-05 0.0479801 -0.0335256 0.0698759 -0.0156832 0.0242277 -0.0484817 -0.0222075 -0.0416177 -0.0168838 0.0331527 0.0149408 0.0828707 0.0561788
internal_weight=25254 10356 14898 5383.57 6798.13 4972.46 8099.85 4444.62 3859.12 2269.21 2529.1 2443.37 2749.65 2633.92
internal_count=126389 47136 79253 23581 34843 23555 44410 23082 20859 11656 11778 11777 11804 11777
is_linear=0
shrinkage=0.05


Tree=5
num_leaves=15
num_cat=0
split_feature=10 10 10 10 10 10 10 10 6 6 0 1 0 2
split_gain=14646.6 1875.43 1514.49 326.962 201.857 144.293 131.09 47.854 25.0847 19.8658 18.6978 21.0558 18.4804 17.6986
threshold=4.5000000000000009 2.5000000000000004 7.5000000000000009 1.5000000000000002 5.5000000000000009 3.5000000000000004 9.5000000000000018 6.5000000000000009 1.93875 1.93875 3.5000000000000004 55.250000000000007 3.5000000000000004 8.5000000000000018
decision_type=8 10 8 10 10 10 8 10 10 8 2 10 2 10
left_child=1 3 4 10 -2 12 8 9 -4 -6 -1 -12 -3 -7
right_child=2 5 6 -5 7 13 -8 -9 -10 -11 11 -13 -14 -15
leaf_value=0.083634766446973929 -0.0031791534048735436 0.037013131719569603 -0.036859096856318267 0.052432046574513905 -0.012640596482220432 0.018733599846985315 -0.053532469408077765 -0.026698202236250468 -0.045699839609450781 -0.022581423726212049 0.063901123628828743 0.077855881804476668 0.027721314080680334 0.010141377780648438
leaf_weight=1070.5203274637461 2349.9964094012976 916.44649760425091 2277.4844443798065 2680.3889076709747 1460.0545109808445 1126.4918036013842 4117.6607768982649 2145.8622789978981 1499.4337345957756 791.03492152690887 639.49020273983479 1095.1676054596901 1643.5474765747786 1331.7156430780888
leaf_count=4497 11761 4192 12460 11777 7490 5335 23551 11426 8399 4166 2694 4613 7586 6442
internal_value=-0.000112788 0.044929 -0.0324299 0.065128 -0.0150187 0.0228059 -0.047291 -0.0213357 -0.0404246 -0.0161761 0.0771442 0.0729098 0.0311133 0.0141089
internal_weight=25145.3 10503.8 14641.5 5485.57 6746.95 5018.2 7894.58 4396.95 3776.92 2251.09 2805.18 1734.66 2559.99 2458.21
internal_count=126389 47136 79253 23581 34843 23555 44410 23082 20859 11656 11804 7307 11778 11777
is_linear=0
shrinkage=0.05


Tree=6
num_leaves=15
num_cat=0
split_feature=10 10 10 10 10 10 10 10 6 6 0 5 10 0
split_gain=13229.5 1647.13 1443.57 289.9 185.988 129.217 127.26 44.7075 24.6665 18.7399 17.361 17.001 16.556 16.5192
threshold=4.5000000000000009 2.5000000000000004 7.5000000000000009 1.5000000000000002 5.5000000000000009 9.5000000000000018 3.5000000000000004 6.5000000000000009 2.3050000000000006 2.5225000000000009 2.5000000000000004 2.4500000000000006 11.500000000000002 3.5000000000000004
decision_type=8 10 8 10 10 8 10 10 10 8 2 10 8 2
left_child=1 3 4 -1 -2 8 10 9 -4 -6 -3 -8 -7 -5
right_child=2 6 5 13 7 12 11 -9 -10 -11 -12 -13 -14 -15
leaf_value=0.07214019342059122 -0.0030249469798764549 0.042935795665937471 -0.03653055874284477 0.054717320388168005 -0.013079931733572529 -0.04955745672239955 0.01512794983066526 -0.025718069397682276 -0.046190559254970918 -0.024457516678273838 0.027843643886750966 0.0037270427803072627 -0.057259301178070467 0.045570747468486252
leaf_weight=2849.412262648344 2346.6468072831631 224.55669595301151 2672.5060266256332 1007.68901874125 1769.2671539783478 2536.8243116140366 2079.616302266717 2117.1942985355854 1024.0100026130676 464.35412684082985 2363.6843303889036 392.45772105455399 1459.7473227977753 1713.3820962905884
leaf_count=11804 11761 999 14979 4344 9183 14949 9893 11426 5880 2473 10779 1884 8602 7433
internal_value=-0.000123598 0.0421655 -0.0313678 0.0609162 -0.0143796 -0.0461385 0.0214846 -0.0204934 -0.0392654 -0.0154946 0.0292333 0.0133292 -0.0524386 0.0490521
internal_weight=25021.3 10630.8 14390.6 5570.48 6697.46 7693.09 5060.32 4350.82 3696.52 2233.62 2588.24 2472.07 3996.57 2721.07
internal_count=126389 47136 79253 23581 34843 44410 23555 23082 20859 11656 11778 11777 23551 11777
is_linear=0
shrinkage=0.05


Tree=7
num_leaves=15
num_cat=0
split_feature=10 10 10 10 10 10 10 10 6 6 0 4 10 0
split_gain=11964.6 1455.73 1376.13 259.33 171.285 127.556 112.564 41.7436 24.4089 17.5653 17.4093 21.2201 16.6123 16.4693
threshold=4.5000000000000009 2.5000000000000004 7.5000000000000009 1.5000000000000002 5.5000000000000009 9.5000000000000018 3.5000000000000004 6.5000000000000009 1.7800000000000005 1.93875 3.5000000000000004 1.9000000000000001 11.500000000000002 4.5000000000000009
decision_type=8 10 8 10 10 8 10 10 10 8 2 8 8 2
left_child=1 3 4 10 -2 8 13 9 -4 -6 -1 -12 -7 -3
right_child=2 6 5 -5 7 12 -8 -9 -10 -11 11 -13 -14 -15
leaf_value=0.073665865874249808 -0.0028780272822345829 0.03054143632658389 -0.034170081979083188 0.045996837472348388 -0.011505752212049948 -0.048478634005305658 0.012596203031280182 -0.024767765449251005 -0.042892681234750617 -0.020931490499712518 0.073977301207896237 0.059676938207842728 -0.056272994488625522 0.021912632217376146
leaf_weight=1101.154949888587 2343.4551077187061 1677.562053501606 1995.0149705260992 2756.3780328780413 1442.3505343496799 2465.5466027408838 2485.1454800069332 2089.418824493885 1623.0671328306198 774.48702345788479 490.7682309448719 1292.2156387120485 1412.3589985966682 936.43119528889656
leaf_count=4497 11761 7526 11349 11777 7490 14949 11777 11426 9510 4166 2010 5297 8602 4252
internal_value=-0.00013374 0.0396451 -0.0303379 0.0571409 -0.0137649 -0.0450208 0.0202548 -0.0196794 -0.0381368 -0.0148385 0.0676933 0.063809 -0.0513862 0.027498
internal_weight=24885.4 10739.7 14145.7 5640.52 6649.71 7495.99 5099.14 4306.26 3618.08 2216.84 2884.14 1782.98 3877.91 2613.99
internal_count=126389 47136 79253 23581 34843 44410 23555 23082 20859 11656 11804 7307 23551 11778
is_linear=0
shrinkage=0.05


Tree=8
num_leaves=15
num_cat=0
split_feature=10 10 10 10 10 10 10 10 6 3 10 5 6 0
split_gain=10833.1 1311.74 1294.17 234.682 157.664 126.02 99.7698 38.9523 24.0143 17.0225 16.7147 16.6774 16.6272 16.1568
threshold=4.5000000000000009 7.5000000000000009 2.5000000000000004 1.5000000000000002 5.5000000000000009 9.5000000000000018 3.5000000000000004 6.5000000000000009 2.3050000000000006 1.5000000000000002 11.500000000000002 2.1500000000000008 2.5225000000000009 2.5000000000000004
decision_type=8 8 10 10 10 8 10 10 10 10 8 10 8 2
left_child=2 4 3 9 -2 8 -4 12 -3 -1 -7 -9 -6 -5
right_child=1 5 6 13 7 10 -8 11 -10 -11 -12 -13 -14 -15
leaf_value=0.068576473032692806 -0.0027380745290409014 -0.034308482707308352 0.02588865784853946 0.056795005914561963 -0.01192879193785551 -0.047431314887778714 0.011907309870184816 -0.020806227090248583 -0.044021295257335419 0.059279711403420914 -0.055330991004008623 -0.030992601675907394 -0.022750173014203349 0.041828496902764245
leaf_weight=1360.6374147832394 2340.4146511107683 2568.0007722228765 2637.5773286521435 238.03637589514256 1746.8595010787249 2395.8794302940369 2497.4403489679098 1460.7118752002716 973.6521327495575 1549.5254023224115 1365.8521668016911 601.83062183856964 453.78254540264606 2549.1507223546505
leaf_count=5514 11761 14979 11778 1001 9183 14949 11777 8092 5880 6290 8602 3334 2473 10776
internal_value=-0.000141154 -0.0293376 0.0373386 0.0537396 -0.0131738 -0.0439338 0.019107 -0.0188928 -0.037037 0.0637365 -0.0503693 -0.0238463 -0.0142067 0.0432061
internal_weight=24739.4 13907 10832.4 5697.35 6603.6 7303.38 5135.02 4263.18 3541.65 2910.16 3761.73 2062.54 2200.64 2787.19
internal_count=126389 79253 47136 23581 34843 44410 23555 23082 20859 11804 23551 11426 11656 11777
is_linear=0
shrinkage=0.05


Tree=9
num_leaves=15
num_cat=0
split_feature=10 10 10 10 10 10 10 10 6 10 0 1 2 5
split_gain=9817.41 1250.04 1156.04 213.643 145.081 124.57 88.5612 36.3454 23.65 16.8542 16.5947 20.0544 16.1338 15.998
threshold=4.5000000000000009 7.5000000000000009 2.5000000000000004 1.5000000000000002 5.5000000000000009 9.5000000000000018 3.5000000000000004 6.5000000000000009 1.7800000000000005 11.500000000000002 3.5000000000000004 55.250000000000007 14.500000000000002 2.0500000000000003
decision_type=8 8 10 10 10 8 10 10 10 8 2 10 10 8
left_child=2 4 3 10 -2 8 -4 13 -3 -7 -1 -12 -5 -6
right_child=1 5 6 12 7 9 -8 -9 -10 -11 11 -13 -14 -15
leaf_value=0.065784691174014184 -0.0026047638915058253 -0.032013036090686786 0.024391011006042653 0.044505868364458134 -0.010376079815967758 -0.046411924232562136 0.011259914130382119 -0.022955556825995829 -0.040749161023127943 -0.054428254400549929 0.048489946126419839 0.060971535420374805 0.036196762754805288 -0.019407954330673091
leaf_weight=1117.8126594722271 2337.5186026096344 1920.3890012651682 2659.2806704640388 1486.3397864848375 1414.3680599182844 2327.9245944321156 2508.9635676890612 2036.6388595402241 1546.9637847542763 1320.3218086361885 667.11768513917923 1144.0268242061138 1327.4279532432556 770.73728439211845
leaf_count=4497 11761 11349 11778 6214 7487 14949 11777 11426 9510 8602 2694 4613 5563 4169
internal_value=-0.000147764 -0.0283658 0.0352151 0.0506489 -0.0126064 -0.0428741 0.0180335 -0.0181345 -0.0359637 -0.0493836 0.060162 0.0565202 0.0406571 -0.0135989
internal_weight=24585.8 13674.9 10911 5742.72 6559.26 7115.6 5168.24 4221.74 3467.35 3648.25 2928.96 1811.14 2813.77 2185.11
internal_count=126389 79253 47136 23581 34843 44410 23555 23082 20859 23551 11804 7307 11777 11656
is_linear=0
shrinkage=0.05


Tree=10
num_leaves=15
num_cat=0
split_feature=10 10 10 10 10 10 10 10 6 10 5 3 2 0
split_gain=8903.99 1190.94 1036.96 195.879 133.402 123.171 78.7505 33.8717 23.3721 17.0233 16.0372 15.9723 15.3791 15.3703
threshold=4.5000000000000009 7.5000000000000009 2.5000000000000004 1.5000000000000002 5.5000000000000009 9.5000000000000018 3.5000000000000004 6.5000000000000009 2.3050000000000006 11.500000000000002 2.1500000000000008 1.5000000000000002 8.5000000000000018 2.5000000000000004
decision_type=8 8 10 10 10 8 10 10 10 8 10 10 10 2
left_child=2 4 3 11 -2 8 13 -6 -3 -7 -9 -1 -8 -4
right_child=1 5 6 -5 7 9 12 10 -10 -11 -12 -13 -14 -15
leaf_value=0.061479887939583616 -0.0024777953910533404 -0.032194505626338119 0.035503130068730598 0.038310946531318286 -0.013013409840111385 -0.045417299162820404 0.014893666243495918 -0.019091120164075961 -0.041961231501354446 -0.053560284704629195 -0.029181744285512203 0.052741276804288056 0.0070129420165295281 0.021737944663267238
leaf_weight=1374.935795173049 2334.7603026181459 2469.418487071991 232.74438925087452 2836.7237511724234 2170.2050623744726 2261.7616195678711 1156.0992500185966 1426.9072171449661 925.76958239078522 1275.8448319733143 584.65022057294846 1566.3101468831301 1363.6699536442757 2446.4058970063925
leaf_count=5514 11761 14979 999 11777 11656 14949 5335 8092 5880 8602 3334 6290 6442 10779
internal_value=-0.000152206 -0.0274202 0.0332548 0.0478267 -0.0120598 -0.0418392 0.0170296 -0.0174002 -0.0349154 -0.0484255 -0.022089 0.0569237 0.010651 0.0229977
internal_weight=24426.2 13449.3 10976.9 5777.97 6516.52 6932.79 5198.92 4181.76 3395.19 3537.61 2011.56 2941.25 2519.77 2679.15
internal_count=126389 79253 47136 23581 34843 44410 23555 23082 20859 23551 11426 11804 11777 11778
is_linear=0
shrinkage=0.05


Tree=11
num_leaves=15
num_cat=0
split_feature=10 10 10 10 10 10 10 5 10 10 10 0 4 1
split_gain=8080.52 1134.16 932.733 180.451 122.603 121.791 70.1682 31.6314 23.2178 19.6349 17.215 16.0379 19.436 15.1038
threshold=4.5000000000000009 7.5000000000000009 2.5000000000000004 1.5000000000000002 5.5000000000000009 9.5000000000000018 3.5000000000000004 2.1500000000000008 8.5000000000000018 6.5000000000000009 11.500000000000002 3.5000000000000004 1.9000000000000001 58.250000000000007
decision_type=8 8 10 10 10 8 10 10 10 10 8 2 8 8
left_child=2 4 3 11 -2 8 -4 9 -3 -6 -7 -1 -13 -14
right_child=1 5 6 -5 7 10 -8 -9 -10 -11 -12 12 13 -15
leaf_value=0.059335932441848205 -0.0023568886037955428 -0.029670567921358866 0.021703493148360047 0.036140156826189429 -0.010206931579150449 -0.044444667362857349 0.010079643694303482 -0.023952141170999555 -0.038426432441209003 -0.018334349872642999 -0.052723067775473177 0.059704092246350343 0.047695611197639237 0.013172328038125692
leaf_weight=1123.9608966112137 2332.1336172968149 1742.1644017398357 2697.1677363216877 2856.5257441997528 1624.5606678873301 2197.4497591853142 2529.7473696023226 1106.6893791556358 1583.0796201974154 1412.1058774590492 1232.4819940328598 502.13775128126144 1284.8842143267393 37.16106453537941
leaf_count=4497 11761 10916 11778 11777 8741 14949 11777 6249 9943 8092 8602 2010 5148 149
internal_value=-0.000156164 -0.0265 0.0314368 0.0452279 -0.0115347 -0.0408265 0.0160927 -0.0166914 -0.0338905 -0.0140103 -0.0474918 0.0539572 0.05049 0.0467785
internal_weight=24262.3 13230.7 11031.6 5804.67 6475.49 6755.18 5226.92 4143.36 3325.24 3036.67 3429.93 2948.14 1824.18 1322.05
internal_count=126389 79253 47136 23581 34843 44410 23555 23082 20859 16833 23551 11804 7307 5297
is_linear=0
shrinkage=0.05


Tree=12
num_leaves=15
num_cat=0
split_feature=10 10 10 10 10 10 10 10 6 10 0 7 6 6
split_gain=7337.12 1079.48 841.868 167.082 120.442 112.613 62.5804 30.1043 23.7504 17.4235 15.3461 18.2059 14.969 14.9665
threshold=4.5000000000000009 7.5000000000000009 2.5000000000000004 1.5000000000000002 9.5000000000000018 5.5000000000000009 3.5000000000000004 6.5000000000000009 1.93875 11.500000000000002 2.5000000000000004 40.890000000000015 2.5225000000000009 2.1816666666666671
decision_type=8 8 10 10 8 10 10 10 10 8 2 10 8 10
left_child=2 5 3 -1 8 -2 -4 12 -3 13 11 -5 -7 -6
right_child=1 4 6 10 9 7 -8 -9 -10 -11 -12 -13 -14 -15
leaf_value=0.051238843368710221 -0.002241758121307536 -0.029277738731078543 0.020490417155012104 0.051600555151412125 -0.039645122624565599 -0.009685072028032515 0.009539893557509227 -0.020487128629056467 -0.038407219887493099 -0.051912988690939237 0.032862347774964731 0.0076113333788568951 -0.020100257057552626 -0.049222379954502321
leaf_weight=2950.1349123418331 2329.6327633112669 1989.214734762907 2713.8553527593613 217.08386135101318 1301.2426651865244 1703.4371767342091 2539.2635840773582 1965.5104038119316 1268.4456727355719 1190.2803367972374 2627.9380799680948 28.435301378369331 437.46677552163601 833.78934028744698
leaf_count=11804 11761 12460 11778 885 9111 9183 11777 11426 8399 8602 10776 116 2473 5838
internal_value=-0.000158689 -0.0256037 0.0297462 0.042833 -0.0398331 -0.0110299 0.0152112 -0.0160067 -0.0328859 -0.0465794 0.0341289 0.0467594 -0.0118552 -0.0434916
internal_weight=24095.7 13019 11076.7 5823.59 6582.97 6436.05 5253.12 4106.41 3257.66 3325.31 2873.46 245.519 2140.9 2135.03
internal_count=126389 79253 47136 23581 44410 34843 23555 23082 20859 23551 11777 1001 11656 14949
is_linear=0
shrinkage=0.05


Tree=13
num_leaves=15
num_cat=1
split_feature=10 10 10 10 10 10 10 5 6 10 10 0 6 11
split_gain=6664.87 1026.94 761.499 154.799 119.054 103.388 55.8829 29.4247 23.3309 17.6302 16.6097 15.5906 19.4424 15.0261
threshold=4.5000000000000009 7.5000000000000009 2.5000000000000004 1.5000000000000002 9.5000000000000018 5.5000000000000009 3.5000000000000004 2.1500000000000008 2.3050000000000006 11.500000000000002 6.5000000000000009 3.5000000000000004 0.093750000000000028 0
decision_type=8 8 10 10 8 10 10 10 10 8 10 2 10 9
left_child=2 5 3 11 8 -2 -4 10 -3 -6 -7 -1 -13 -5
right_child=1 4 6 13 9 7 -8 -9 -10 -11 -12 12 -14 -15
leaf_value=0.053911731658957678 -0.0021321398636799621 -0.029143705885744144 0.019355916510889991 0.039199019489613733 -0.042558449799772864 -0.0092419625439461774 0.0090312725605523805 -0.022429445435945338 -0.039159161984877552 -0.051126783308643911 -0.016777935229133449 0.056030907301139743 0.042278335395202496 0.028977074746555483
leaf_weight=1122.3105485141277 2327.2516068220139 2330.3996401876211 2729.161584302783 844.91445076465607 2074.6863834857941 1606.7681206315756 2548.2003485560417 1082.0646217167377 861.73262715339661 1149.2749815285206 1381.9392445087433 392.21800026297569 1433.7837153673172 2042.8110939413309
leaf_count=4497 11761 14979 11778 3443 14949 8741 11777 6249 5880 8602 8092 1570 5737 8334
internal_value=-0.00016158 -0.0247323 0.0281676 0.0406089 -0.0388603 -0.0105451 0.0143839 -0.0153463 -0.0319044 -0.0456873 -0.0127487 0.0487118 0.0453773 0.0322662
internal_weight=23927.5 12814.1 11113.4 5836.04 6416.09 6398.02 5277.36 4070.77 3192.13 3223.96 2988.71 2948.31 1826 2887.73
internal_count=126389 79253 47136 23581 44410 34843 23555 23082 20859 23551 16833 11804 7307 11777
cat_boundaries=0 1
cat_threshold=1537
is_linear=0
shrinkage=0.05


Tree=14
num_leaves=15
num_cat=0
split_feature=10 10 10 10 10 10 10 5 10 10 6 3 10 0
split_gain=6057.41 976.257 690.819 143.82 117.593 94.8634 49.958 27.3675 23.5809 17.8565 15.6205 15.4322 15.3628 14.9619
threshold=4.5000000000000009 7.5000000000000009 2.5000000000000004 1.5000000000000002 9.5000000000000018 5.5000000000000009 3.5000000000000004 2.1500000000000008 8.5000000000000018 11.500000000000002 2.1816666666666671 1.5000000000000002 6.5000000000000009 3.5000000000000004
decision_type=8 8 10 10 8 10 10 10 10 8 10 10 10 2
left_child=2 5 3 11 8 -2 -4 12 -3 10 -6 -1 -7 -5
right_child=1 4 6 13 9 7 -8 -9 -10 -11 -12 -13 -14 -15
leaf_value=0.050667164111196053 -0.0020277830639827835 -0.02661084159876291 0.018293402161322064 0.035444742391005431 -0.037659697853489715 -0.0088242114347544809 0.0085517268126844709 -0.021586865701376707 -0.035634502629422339 -0.050361520261480247 -0.047609559446206373 0.042475530442670703 -0.016097550455941679 0.027571703522429172
leaf_weight=1373.3456189483404 2324.9850655049086 1644.0422122478485 2743.2096034735441 1072.7559397518635 1231.8879238218069 1599.1298943459988 2556.596949160099 1068.6289701014757 1484.8152486383915 1109.4901542067528 784.23352879285812 1569.4501986801624 1368.8829414248466 1826.97545170784
leaf_count=5514 11761 10916 11778 4344 9111 8741 11777 6249 9943 8602 5838 6290 8092 7433
internal_value=-0.000160866 -0.0238828 0.0266973 0.0385503 -0.0379033 -0.0100795 0.0136066 -0.0147088 -0.0309431 -0.0448102 -0.0416382 0.0463779 -0.0122002 0.0305403
internal_weight=23758.4 12616.1 11142.3 5842.53 6254.47 6361.63 5299.81 4036.64 3128.86 3125.61 2016.12 2942.8 2968.01 2899.73
internal_count=126389 79253 47136 23581 44410 34843 23555 23082 20859 23551 14949 11804 16833 11777
is_linear=0
shrinkage=0.05


Tree=15
num_leaves=15
num_cat=1
split_feature=10 10 10 10 10 10 10 5 6 10 6 7 11 0
split_gain=5506 927.414 627.323 133.993 116.134 86.9966 44.7059 25.4363 23.5727 18.0702 15.5464 15.323 14.5948 15.4146
threshold=4.5000000000000009 7.5000000000000009 2.5000000000000004 1.5000000000000002 9.5000000000000018 5.5000000000000009 3.5000000000000004 2.1500000000000008 1.7800000000000005 11.500000000000002 2.1816666666666671 40.563333333333347 0 2.5000000000000004
decision_type=8 8 10 10 8 10 10 10 10 8 10 10 9 2
left_child=2 5 3 11 8 -2 12 -7 -3 10 -6 -1 13 -4
right_child=1 4 6 -5 9 7 -8 -9 -10 -11 -12 -13 -14 -15
leaf_value=0.045785435036654797 -0.001928442612533084 -0.02592232894194766 0.031899784658948452 0.028915939750636332 -0.036736827857059326 -0.01167240075428088 0.0080993610548569343 -0.020769473775031952 -0.035065945415384464 -0.049614527893006487 -0.046776947219871523 0.034317827393775008 0.021274717160027865 0.011901504460376066
leaf_weight=2511.9197663813829 2322.8275312781334 1716.8719277232885 101.44845160841942 2909.7861281186342 1200.6209568679333 2948.1752433031797 2564.4894511699677 1055.6840966939926 1351.0569055378437 1070.9411723166704 759.01513409614563 422.50833860039711 1321.87847879529 1332.7841674685478
leaf_count=10106 11761 11349 424 11777 9111 16833 11777 6249 9510 8602 5838 1698 5643 5711
internal_value=-0.000162058 -0.0230557 0.025315 0.0366191 -0.036962 -0.00963244 0.0128756 -0.0140939 -0.0299995 -0.0439492 -0.0407348 0.0441955 0.017297 0.0133293
internal_weight=23590 12425.2 11164.8 5844.21 6098.51 6326.69 5320.6 4003.86 3067.93 3030.58 1959.64 2934.43 2756.11 1434.23
internal_count=126389 79253 47136 23581 44410 34843 23555 23082 20859 23551 14949 11804 11778 6135
cat_boundaries=0 1
cat_threshold=122
is_linear=0
shrinkage=0.05


Tree=16
num_leaves=15
num_cat=0
split_feature=10 10 10 10 10 10 10 10 10 10 0 1 4 6
split_gain=5006.05 880.456 570.085 125.063 114.57 79.719 40.1279 25.596 23.2424 18.2806 15.8689 20.354 16.1056 15.4759
threshold=4.5000000000000009 7.5000000000000009 2.5000000000000004 1.5000000000000002 9.5000000000000018 5.5000000000000009 3.5000000000000004 6.5000000000000009 8.5000000000000018 11.500000000000002 3.5000000000000004 55.250000000000007 1.9000000000000001 2.1816666666666671
decision_type=8 8 10 10 8 10 10 10 10 8 2 10 8 10
left_child=2 5 3 10 8 -2 -4 -7 -3 13 -1 -12 -13 -6
right_child=1 4 6 -5 9 7 -8 -9 -10 -11 11 12 -14 -15
leaf_value=0.04727465416152421 -0.0018338902805109605 -0.024723334710823604 0.016371124471044978 0.027391162557378723 -0.035826804301358893 -0.0096411129107150523 0.0076724335734457381 -0.017724662981291127 -0.033823795052824866 -0.048883392195274156 0.031402436174368761 0.052950571898084969 0.038652229622118242 -0.04595920554552109
leaf_weight=1109.8675796687603 2320.7739218175411 1585.8526455760002 2767.7212843596935 2918.2266921103001 1170.4633214771748 2085.0719607770443 2571.9115601032972 1887.5558250248432 1423.1779674738646 1033.6352780163288 669.84312625229359 340.94694791734219 802.99213303625584 734.60577410459518
leaf_count=4497 11761 10916 11778 11777 9111 11656 11777 11426 9943 8602 2694 1379 3234 5838
internal_value=-0.000162002 -0.0222499 0.0240182 0.0348077 -0.0360363 -0.00920245 0.0121924 -0.0134994 -0.0290765 -0.0431011 0.042151 0.0388944 0.0431257 -0.039844
internal_weight=23422.6 12241.1 11181.5 5841.88 5947.73 6293.4 5339.63 3972.63 3009.03 2938.7 2923.65 1813.78 1143.94 1905.07
internal_count=126389 79253 47136 23581 44410 34843 23555 23082 20859 23551 11804 7307 4613 14949
is_linear=0
shrinkage=0.05


Tree=17
num_leaves=15
num_cat=2
split_feature=10 10 10 10 10 10 10 6 5 10 11 6 12 0
split_gain=4552.3 835.101 519.181 117.049 112.95 73.0188 35.9698 23.869 23.7807 18.4841 16.0821 15.4051 14.8046 14.7544
threshold=4.5000000000000009 7.5000000000000009 2.5000000000000004 1.5000000000000002 9.5000000000000018 5.5000000000000009 3.5000000000000004 2.3050000000000006 2.1500000000000008 11.500000000000002 0 2.1816666666666671 1 3.5000000000000004
decision_type=8 8 10 10 8 10 10 10 10 8 9 10 1 2
left_child=2 5 3 13 7 -2 12 -3 -7 11 -5 -6 -4 -1
right_child=1 4 6 10 9 8 -8 -9 -10 -11 -12 -13 -14 -15
leaf_value=0.045191841705845219 -0.0017438984540003592 -0.025320537413169142 0.018993224029406477 0.032529524136542635 -0.034928852039031053 -0.010577128579377286 0.0072693368765120491 -0.035787823100402537 -0.019446992692878091 -0.048165928223894344 0.022904264119861194 -0.045154334808179514 0.011151279871113412 0.037105506971940504
leaf_weight=1103.3638356477022 2318.8196805566549 2164.2959782332182 1490.074235662818 856.04512955248356 1141.4011696726084 2907.5945566445589 2578.8939863294363 788.13986730575562 1034.8483267426491 997.57285584509373 2069.0820259451866 711.00631874799728 1288.5572527498007 1807.152935385704
leaf_count=4497 11761 14979 6320 3443 9111 16833 11777 5880 6249 8602 8334 5838 5458 7307
internal_value=-0.000161306 -0.0214652 0.0227988 0.0331126 -0.0351233 -0.00879014 0.0115441 -0.0281705 -0.0129271 -0.0422641 0.025961 -0.0389647 0.0154915 0.0402432
internal_weight=23256.8 12063.7 11193.2 5835.64 5802.42 6261.26 5357.53 2952.44 3942.44 2849.98 2925.13 1852.41 2778.63 2910.52
internal_count=126389 79253 47136 23581 44410 34843 23555 20859 23082 23551 11777 14949 11778 11804
cat_boundaries=0 1 2
cat_threshold=1537 9
is_linear=0
shrinkage=0.05


Tree=18
num_leaves=15
num_cat=1
split_feature=10 10 10 10 10 10 10 5 10 6 12 3 5 0
split_gain=4140.76 792.57 473.223 160.143 109.272 45.2251 32.3241 27.3365 21.2375 18.8848 15.6205 15.2902 14.4363 14.3624
threshold=4.5000000000000009 8.5000000000000018 2.5000000000000004 6.5000000000000009 1.5000000000000002 10.500000000000002 3.5000000000000004 3.1500000000000008 5.5000000000000009 2.1816666666666671 0 1.5000000000000002 2.4500000000000006 4.5000000000000009
decision_type=8 8 10 10 10 8 10 10 10 10 1 10 10 2
left_child=2 3 4 8 11 9 13 -5 -2 -3 -6 -1 -8 -4
right_child=1 5 6 7 10 -7 12 -9 -10 -11 -12 -13 -14 -15
leaf_value=0.042615142700257076 -0.0016582504704856929 -0.030275188712143415 0.017365774019576861 -0.017540339501427943 0.028198671068067512 -0.044632533189490745 0.008505851073913032 -0.030504568630830148 -0.0086358971445370161 -0.040203685911324033 0.019584323115055577 0.034673511474885281 -0.0017087533408316402 0.0097884394490789436
leaf_weight=1347.9393974989653 2316.9600756764412 1574.7494607046247 1788.6512538194656 2902.7426594644785 1647.6902598291636 1748.0201139301062 2176.1586730331182 482.9549585133791 2060.1194212436676 807.37436260282993 1282.8677406460047 1547.8563957810402 409.30708356201649 999.9391882121563
leaf_count=5514 11761 11867 7526 19026 6622 15122 9893 3316 11656 6505 5155 6290 1884 4252
internal_value=-0.000158877 -0.0207012 0.0216531 -0.0112738 0.0315196 -0.0383855 0.0109368 -0.0194319 -0.00494846 -0.0337174 0.0246302 0.0384373 0.00688859 0.0146711
internal_weight=23093.3 11892.9 11200.4 7762.78 5826.35 4130.14 5374.06 3385.7 4377.08 2382.12 2930.56 2895.8 2585.47 2788.59
internal_count=126389 79253 47136 45759 23581 33494 23555 22342 23417 18372 11777 11804 11777 11778
cat_boundaries=0 1
cat_threshold=9
is_linear=0
shrinkage=0.05


Tree=19
num_leaves=15
num_cat=2
split_feature=10 10 10 10 10 10 10 10 5 6 1 11 7 11
split_gain=3779.2 715.915 477.352 102.083 92.394 55.2243 45.0829 29.0262 25.8902 18.5768 15.0727 15.0527 14.2329 13.6688
threshold=5.5000000000000009 2.5000000000000004 8.5000000000000018 1.5000000000000002 4.5000000000000009 6.5000000000000009 10.500000000000002 3.5000000000000004 3.1500000000000008 2.1816666666666671 58.250000000000007 0 40.563333333333347 1
decision_type=8 10 8 10 10 10 8 10 10 10 8 9 10 9
left_child=1 3 5 10 7 -2 9 -3 -7 -4 12 -5 -1 -9
right_child=2 4 6 11 -6 8 -8 13 -10 -11 -12 -13 -14 -15
leaf_value=0.03882272873430935 -0.0082445370375502786 0.013893321214109557 -0.029384169746926897 0.02960477709324176 -0.0015767510230659408 -0.016852503969289518 -0.043860093993812709 0.013087754422875714 -0.029581080631374348 -0.039339751068142748 0.011836698193786015 0.020492425894012165 0.027824803697498197 0.0044371288400102162
leaf_weight=2407.9323485046625 2050.5046561956406 2797.7094724327326 1542.3628953844309 858.9266891181469 2315.1903753578663 2871.1828553676605 1691.3980683535337 600.03264819085598 473.52994909882545 784.54430061578751 65.285647511482239 2075.9652632176876 406.50024522840977 1991.5592655986547
leaf_count=9878 11656 11778 11867 3443 11761 19026 15122 2711 3316 6505 266 8334 1660 9066
internal_value=-0.000156618 0.0167784 -0.0244737 0.0300157 0.0067752 -0.0147351 -0.0375146 0.0103612 -0.018696 -0.032818 0.036731 0.0233755 0.0372864 0.00652885
internal_weight=22932.6 13519.1 9413.52 5814.61 7704.49 5395.22 4018.31 5389.3 3344.71 2326.91 2879.72 2934.89 2814.43 2591.59
internal_count=126389 58897 67492 23581 35316 33998 33494 23555 22342 18372 11804 11777 11538 11777
cat_boundaries=0 1 2
cat_threshold=1537 832
is_linear=0
shrinkage=0.05


Tree=20
num_leaves=15
num_cat=0
split_feature=10 10 10 10 10 10 10 10 5 6 5 1 3 7
split_gain=3449.44 650.938 457.638 95.3623 83.0814 51.3268 44.89 26.033 24.4991 18.2545 15.0264 16.8684 14.6088 14.5915
threshold=5.5000000000000009 2.5000000000000004 8.5000000000000018 1.5000000000000002 4.5000000000000009 6.5000000000000009 10.500000000000002 3.5000000000000004 3.1500000000000008 2.1816666666666671 1.0000000180025095e-35 52.500000000000007 3.5000000000000004 40.245000000000012
decision_type=8 10 8 10 10 10 8 10 10 10 10 10 10 10
left_child=1 3 5 10 7 -2 9 -3 -7 -4 12 -12 -1 -5
right_child=2 4 6 13 -6 8 -8 -9 -10 -11 11 -13 -14 -15
leaf_value=0.040945702462088056 -0.0078694074031006121 0.013158816637418084 -0.028508263805139534 0.024313651634554359 -0.0014992027793232436 -0.016185999683524792 -0.043095145847165776 0.0061933997830247688 -0.028675781108268846 -0.038485187467226352 0.0058409737819313098 0.032708384277260881 0.015628645454932651 0.016033104050139701
leaf_weight=1148.3322984427214 2041.3174388110638 2806.2325341254473 1511.2211694419384 2175.2370558828115 2313.5067240446806 2840.9348959624767 1636.8314798027277 2597.295856744051 464.44774700701237 762.54159551858902 63.164987206459045 1582.4858024716377 68.568648427724838 762.87344989180565
leaf_count=4753 11656 11778 11867 8719 11761 19026 15122 11777 3316 6505 258 6512 281 3058
internal_value=-0.000153538 0.0159473 -0.0236602 0.0285957 0.00642753 -0.0141318 -0.0366531 0.00981959 -0.0179816 -0.0319313 0.0351157 0.0316979 0.039589 0.0221945
internal_weight=22775 13517.7 9257.29 5800.66 7717.04 5346.7 3910.59 5403.53 3305.38 2273.76 2862.55 1645.65 1216.9 2938.11
internal_count=126389 58897 67492 23581 35316 33998 33494 23555 22342 18372 11804 6770 5034 11777
is_linear=0
shrinkage=0.05


Tree=21
num_leaves=15
num_cat=1
split_feature=10 10 10 10 10 10 10 10 6 6 11 0 1 4
split_gain=3147.83 592.046 438.254 89.2656 74.6998 47.6612 44.6428 23.3926 23.2727 17.917 16.6994 15.3444 19.4942 16.2878
threshold=5.5000000000000009 2.5000000000000004 8.5000000000000018 1.5000000000000002 4.5000000000000009 6.5000000000000009 10.500000000000002 3.5000000000000004 2.0816666666666674 2.1816666666666671 0 3.5000000000000004 55.250000000000007 1.9000000000000001
decision_type=8 10 8 10 10 10 8 10 10 10 9 2 10 8
left_child=1 3 5 11 7 -2 9 -3 -7 -4 -10 -1 -13 -14
right_child=2 4 6 -5 -6 8 -8 -9 10 -11 -12 12 13 -15
leaf_value=0.038563917517756882 -0.0075099501957183908 0.012466277763697808 -0.027647295491710536 0.021070399776973992 -0.0014254153776600378 -0.014517192221453812 -0.042336438183519676 0.005871598857404953 -0.030379588088544424 -0.037639139401629079 -0.015314439097460192 0.023259735547154083 0.044321540764564377 0.030236516623003185
leaf_weight=1073.7674634158611 2032.5415578484535 2814.0904532372952 1481.2965778112411 2940.5311786532402 2311.9049156755209 2313.3117954581976 1584.2880554646254 2602.7910397946835 505.99493385106325 741.35328634828329 448.35454024374485 656.31997077167034 330.21210166811943 784.13090561330318
leaf_count=4497 11656 11778 11867 11777 11761 15530 15122 11777 3622 6505 3190 2694 1379 3234
internal_value=-0.000151687 0.015158 -0.0228651 0.027248 0.006097 -0.0135491 -0.0358004 0.0093059 -0.0172884 -0.031057 -0.023895 0.0335861 0.0304674 0.0345897
internal_weight=22620.9 13513.7 9107.14 5784.96 7728.79 5300.2 3806.94 5416.88 3267.66 2222.65 954.349 2844.43 1770.66 1114.34
internal_count=126389 58897 67492 23581 35316 33998 33494 23555 22342 18372 6812 11804 7307 4613
cat_boundaries=0 1
cat_threshold=1857
is_linear=0
shrinkage=0.05


Tree=22
num_leaves=15
num_cat=2
split_feature=10 10 10 10 10 10 10 5 11 2 0 6 12 5
split_gain=2872.82 538.805 419.053 83.6515 67.1822 44.3386 44.2828 22.84 21.4855 17.7635 19.2124 17.5637 15.2807 14.5692
threshold=5.5000000000000009 2.5000000000000004 8.5000000000000018 1.5000000000000002 4.5000000000000009 10.500000000000002 6.5000000000000009 3.1500000000000008 0 14.500000000000002 4.5000000000000009 2.1816666666666671 1 -0.6499999999999998
decision_type=8 10 8 10 10 8 10 10 9 10 2 10 1 8
left_child=1 3 6 13 8 11 -2 -8 9 10 -3 -4 -5 -1
right_child=2 4 5 12 -6 -7 7 -9 -10 -11 -12 -13 -14 -15
leaf_value=0.0460326668098128 -0.0071656196638491994 0.018990586018814599 -0.026801157555396107 0.023393406467807062 -0.0013552099095194136 -0.041582878985915367 -0.014882677530347409 -0.027119279346864485 0.0057214840383286837 0.0061352179735775399 0.0080409965112407302 -0.036800888200463872 0.015283636633561946 0.03103106384950495
leaf_weight=193.67398671805859 2024.1609194278717 1113.9631847590208 1452.5594782233238 1654.461915537715 2310.3810946941376 1533.7303352057934 2782.657796010375 449.18759064376354 2831.5770282447338 841.6694328635931 642.10085405409336 720.96448482573032 1287.7187459617853 2631.7627317011356
leaf_count=813 11656 4789 11867 6622 11761 15122 19026 3316 12312 3669 2785 6505 5155 10991
internal_value=-0.00015049 0.0144112 -0.0220902 0.0259729 0.00578415 -0.0349559 -0.0129909 -0.0166227 0.00882067 0.0121128 0.0150211 -0.0301949 0.0200071 0.0321389
internal_weight=22470.6 13507.3 8963.26 5767.62 7739.69 3707.25 5256.01 3231.85 5429.31 2597.73 1756.06 2173.52 2942.18 2825.44
internal_count=126389 58897 67492 23581 35316 33494 33998 22342 23555 11243 7574 18372 11777 11804
cat_boundaries=0 1 2
cat_threshold=1921 9
is_linear=0
shrinkage=0.05


Tree=23
num_leaves=15
num_cat=2
split_feature=10 10 10 10 10 10 10 6 10 6 11 0 6 11
split_gain=2621.25 490.545 400.376 78.1305 61.3549 43.9753 42.0318 20.6147 20.1403 17.1943 15.1742 14.7815 18.8102 14.446
threshold=5.5000000000000009 2.5000000000000004 8.5000000000000018 1.5000000000000002 3.5000000000000004 10.500000000000002 7.5000000000000009 1.93875 4.5000000000000009 2.1816666666666671 0 3.5000000000000004 0.093750000000000028 1
decision_type=8 10 8 10 10 8 10 8 10 10 9 2 10 9
left_child=1 3 6 11 -3 9 7 -2 -6 -4 -5 -1 -13 -9
right_child=2 4 5 10 8 -7 -8 13 -10 -11 -12 12 -14 -15
leaf_value=0.035642967412789793 -0.006810166366480257 0.011353884759830946 -0.02596981355728813 0.024997568652171776 0.0051140573920128423 -0.040833512423631778 -0.019711249390851338 -0.022200984537705897 -0.0012884248157387546 -0.0359698586685663 0.016284650524902054 0.037919243449888423 0.024818997909119626 -0.010579501252301393
leaf_weight=1056.5831919759512 2386.5673197209835 2826.1805075109005 1424.9787674695253 860.58733862638474 2615.5419061928988 1485.1169643998146 1441.1651365384459 431.40474021434784 2308.9315807968378 701.35862680524588 2082.5202133357525 372.14335145056248 1377.5862920731306 954.21312327682972
leaf_count=4497 14340 11778 11867 3443 11777 15122 10916 2742 11761 6505 8334 1570 5737 6000
internal_value=-0.000147078 0.0137033 -0.0213309 0.0247633 0.00548828 -0.0341192 -0.0124478 -0.00965041 0.00211387 -0.0293449 0.0190105 0.030752 0.0277053 -0.0145003
internal_weight=22324.9 13500.1 8824.8 5749.42 7750.65 3611.45 5213.35 3772.19 4924.47 2126.34 2943.11 2806.31 1749.73 1385.62
internal_count=126389 58897 67492 23581 35316 33494 33998 23082 23538 18372 11777 11804 7307 8742
cat_boundaries=0 1 2
cat_threshold=1537 1792
is_linear=0
shrinkage=0.05


Tree=24
num_leaves=15
num_cat=1
split_feature=10 10 10 10 10 10 10 5 5 6 10 11 4 0
split_gain=2391.78 446.849 381.954 72.9878 55.1804 43.5516 39.603 21.6725 19.8222 16.809 16.3747 15.9422 21.4743 19.5786
threshold=5.5000000000000009 2.5000000000000004 8.5000000000000018 1.5000000000000002 3.5000000000000004 10.500000000000002 6.5000000000000009 4.0500000000000007 2.4500000000000006 2.1816666666666671 4.5000000000000009 0 1.9000000000000001 3.5000000000000004
decision_type=8 10 8 10 10 8 10 10 10 10 10 9 10 2
left_child=1 3 6 11 -3 9 -2 -8 10 -4 -6 -1 -13 -14
right_child=2 4 5 -5 8 -7 7 -9 -10 -11 -12 12 13 -15
leaf_value=0.036309258075189942 -0.0064062820883148408 0.010762568575214088 -0.025153262288331903 0.018068826430187302 0.006360611384726109 -0.040087511364683331 -0.014230634242666821 -0.030496013950269449 -0.0049798277704560263 -0.035145593985657107 1.6543597197595067e-05 0.033014504154589258 0.029698951728665324 0.016475728174818481
leaf_weight=828.70207746326923 2005.6246757507324 2832.4909481704235 1398.5223178341985 2943.3674157261848 2206.2618595212698 1438.4032394587994 2946.8556237965822 220.2445330619812 837.72415228188038 682.51783345639706 1883.5563182830811 750.44489620625973 489.43368175625801 718.00550463795662
leaf_count=3505 11656 11778 11867 11777 9893 15122 20658 1684 4045 6505 9600 3210 2095 2994
internal_value=-0.000144337 0.0130332 -0.0205912 0.0236174 0.00520774 -0.03329 -0.0119273 -0.015408 0.002007 -0.0285068 0.00344245 0.0294353 0.0261226 0.0219361
internal_weight=22182.2 13490 8692.17 5729.95 7760.03 3519.44 5172.72 3167.1 4927.54 2081.04 4089.82 2786.59 1957.88 1207.44
internal_count=126389 58897 67492 23581 35316 33494 33998 22342 23538 18372 19493 11804 8299 5089
cat_boundaries=0 1
cat_threshold=1281
is_linear=0
shrinkage=0.05


Tree=25
num_leaves=15
num_cat=1
split_feature=10 10 10 10 10 10 10 5 5 6 0 7 11 4
split_gain=2181.76 407.079 364.042 68.3629 49.6442 43.0667 37.9726 18.872 17.898 16.4083 14.9905 18.6944 14.8254 19.8714
threshold=5.5000000000000009 2.5000000000000004 8.5000000000000018 1.5000000000000002 3.5000000000000004 10.500000000000002 7.5000000000000009 2.1500000000000008 2.4500000000000006 2.1816666666666671 3.5000000000000004 40.863333333333337 0 1.9000000000000001
decision_type=8 10 8 10 10 8 10 10 10 10 2 10 9 10
left_child=1 3 6 12 -3 9 7 -2 -6 -4 11 -5 -1 -14
right_child=2 4 5 10 8 -7 -8 -9 -10 -11 -12 -13 13 -15
leaf_value=0.03482940775375782 -0.0066391945309737721 0.010203859449359858 -0.02435155695426779 0.024478725748160613 0.0032668725286154384 -0.039344167293304616 -0.018420677955191027 -0.014782448523688896 -0.0047421290502065979 -0.034327756297524555 0.014360516579091291 0.0051314702191028773 0.03165157713556209 0.020959451276165227
leaf_weight=821.53886142373085 2764.2024317234755 2838.3233965039253 1373.157213665545 937.80752898752689 4094.4182060658932 1393.5419252812862 1406.5351611748338 962.97721903026104 836.02417387068272 664.42309817671776 1857.9838868379593 147.44421331584454 744.00317807495594 1201.2208860367537
leaf_count=3505 16833 11778 11867 3754 19493 15122 10916 6249 4045 6505 7433 590 3210 5089
internal_value=-0.00014078 0.0123969 -0.0198674 0.0225266 0.00494187 -0.0324682 -0.0114223 -0.00876012 0.00190541 -0.0276807 0.0171677 0.0218858 0.028186 0.0249915
internal_weight=22043.6 13478.8 8564.84 5710 7768.77 3431.12 5133.71 3727.18 4930.44 2037.58 2943.24 1085.25 2766.76 1945.22
internal_count=126389 58897 67492 23581 35316 33494 33998 23082 23538 18372 11777 4344 11804 8299
cat_boundaries=0 1
cat_threshold=1281
is_linear=0
shrinkage=0.05


Tree=26
num_leaves=15
num_cat=3
split_feature=10 10 10 10 10 10 10 6 6 11 11 2 5 12
split_gain=1989.78 370.939 346.543 63.903 46.6516 43.0407 35.3432 29.8921 20.7344 19.387 17.3931 16.3233 23.3666 14.7937
threshold=5.5000000000000009 2.5000000000000004 8.5000000000000018 1.5000000000000002 4.5000000000000009 11.500000000000002 6.5000000000000009 2.1816666666666671 2.0816666666666674 0 1 8.5000000000000018 2.6500000000000008 2
decision_type=8 10 8 10 10 8 10 10 10 9 9 8 8 1
left_child=1 3 6 -1 9 7 -2 -4 -8 11 -10 12 -3 -5
right_child=2 4 5 13 -6 -7 8 -9 10 -11 -12 -13 -14 -15
leaf_value=0.026988331652589227 -0.0057095621741721546 0.01673584344785637 -0.024494201150974108 0.019563083482652094 -0.0012692651056358274 -0.042436750293879555 -0.011615143964353336 -0.0360627436487371 -0.027377509067122059 0.0042869246397482961 -0.012105761480014183 0.006484333437425556 -0.0052437199348925852 0.011845914537988313
leaf_weight=2747.0235212594271 1988.7636818140745 1135.2032876908779 1714.8228799849749 1654.3996512889862 2308.5042381882668 741.47688040137291 2210.6151557788253 890.08866529911757 472.48454608768225 2850.6611281186342 424.45367034524679 1350.41117182374 132.95261371135712 1288.1043239831924
leaf_count=11804 11656 4839 15723 6622 11761 8602 15530 9169 3622 12312 3190 5825 579 5155
internal_value=-0.000137053 0.0117919 -0.0191611 0.0214886 0.00468939 -0.0316535 -0.0109353 -0.0285086 -0.014265 0.00720333 -0.0206955 0.0103084 0.01442 0.0163172
internal_weight=21910 13467.3 8442.71 5689.53 7777.73 3346.39 5096.32 2604.91 3107.55 5469.23 896.938 2618.57 1268.16 2942.5
internal_count=126389 58897 67492 23581 35316 33494 33998 24892 22342 23555 6812 11243 5418 11777
cat_boundaries=0 1 2 3
cat_threshold=1921 1857 9
is_linear=0
shrinkage=0.05


Tree=27
num_leaves=15
num_cat=1
split_feature=10 10 10 10 10 10 10 6 6 5 2 11 4 0
split_gain=1814.58 337.839 329.348 59.5107 42.6553 42.3886 34.2175 29.1593 17.8865 15.6578 17.3259 15.0582 21.4876 16.5587
threshold=5.5000000000000009 2.5000000000000004 8.5000000000000018 1.5000000000000002 11.500000000000002 3.5000000000000004 7.5000000000000009 2.1816666666666671 1.93875 1.2750000000000001 10.500000000000002 0 1.7750000000000001 4.5000000000000009
decision_type=8 10 8 10 8 10 10 10 8 8 10 9 10 2
left_child=1 3 6 11 7 -3 8 -4 -2 10 -7 -1 -13 -14
right_child=2 5 4 -5 -6 9 -8 -9 -10 -11 -12 12 13 -15
leaf_value=0.031257084927143075 -0.0052818165215245787 0.0093040096879750886 -0.02371452866051885 0.015514660563549382 -0.041772252394518483 0.0095875446514159489 -0.017199672176196956 -0.035273238487973792 -0.012530352073783344 -0.0010076620624973316 0.00087410326646234805 0.029464159171324035 0.022023136685804395 0.0084235270916890783
leaf_weight=1033.1037994325161 2340.696320399642 2847.3526399433613 1683.6135361045599 2941.5210912972689 716.3294158577919 997.79717870056629 1374.6771819218993 865.25916595757008 1345.5059991776943 2614.8349286019802 1325.9911439865828 649.30182701349258 704.82478274405003 340.12110309302807
leaf_count=4485 14340 11778 15723 11777 8602 4688 10916 9169 8742 12514 6336 2848 3032 1439
internal_value=-0.000135208 0.0112163 -0.0184748 0.0204962 -0.0308461 0.00445082 -0.0104704 -0.0276997 -0.007941 0.00164614 0.00462807 0.0258308 0.0221256 0.0176578
internal_weight=21780.9 13454.8 8326.08 5668.87 3265.2 7785.98 5060.88 2548.87 3686.2 4938.62 2323.79 2727.35 1694.25 1044.95
internal_count=126389 58897 67492 23581 33494 35316 33998 24892 23082 23538 11024 11804 7319 4471
cat_boundaries=0 1
cat_threshold=1793
is_linear=0
shrinkage=0.05


Tree=28
num_leaves=15
num_cat=2
split_feature=10 10 10 10 10 10 10 0 5 10 11 6 7 11
split_gain=1654.32 312.738 307.823 55.6108 42.6271 39.7768 31.7559 17.5787 16.6964 15.7666 15.1573 14.9581 14.684 14.5626
threshold=5.5000000000000009 8.5000000000000018 2.5000000000000004 1.5000000000000002 10.500000000000002 4.5000000000000009 7.5000000000000009 3.5000000000000004 2.1500000000000008 13.500000000000002 0 1.855 40.563333333333347 1
decision_type=8 8 10 10 8 10 10 2 10 8 9 10 10 9
left_child=2 6 3 12 11 7 8 -4 -2 -6 -5 -3 -1 -9
right_child=1 4 5 10 9 -7 -8 13 -10 -11 -12 -13 -14 -15
leaf_value=0.026278485996405261 -0.0055826497243184441 -0.021034322600318154 0.010395800019297697 0.019481019665178428 -0.034183777308136112 -0.0012794706018843941 -0.016546740003860975 0.0078018851732283125 -0.013314752289679675 -0.049558785705633372 0.011623152815243809 -0.030280863530399327 0.015471096701359797 0.0013857198412683541
leaf_weight=2313.5686024129391 2727.0324604660273 1068.2890023589134 1919.3779557049274 1118.7736401110888 1037.7039094567299 2308.713022634387 1358.1043309494853 1686.5680884718895 941.54031930863857 236.26095747947693 1821.493052482605 845.13015116751194 394.03965550661087 1878.9859615117311
leaf_count=10106 16833 9684 8210 4485 12186 11761 10916 7233 6249 2936 7292 8688 1698 8112
internal_value=-0.000131509 -0.0178036 0.0106704 0.0195538 -0.0300461 0.00422446 -0.0100185 0.00654023 -0.00758252 -0.0372177 0.0147467 -0.0251867 0.0247371 0.00445308
internal_weight=21655.6 8214.06 13441.5 5647.87 3187.38 7793.65 5026.68 5484.93 3668.57 1273.96 2940.27 1913.42 2707.61 3565.55
internal_count=126389 67492 58897 23581 33494 35316 33998 23555 23082 15122 11777 18372 11804 15345
cat_boundaries=0 1 2
cat_threshold=1793 1921
is_linear=0
shrinkage=0.05


Tree=29
num_leaves=15
num_cat=1
split_feature=10 10 10 10 10 5 10 10 6 5 12 0 2 5
split_gain=1515.6 384.391 169.371 78.6544 51.7232 32.4325 25.4764 21.9538 18.4331 17.9137 16.0915 15.4739 15.3563 15.4571
threshold=6.5000000000000009 2.5000000000000004 9.5000000000000018 4.5000000000000009 1.5000000000000002 3.1500000000000008 13.500000000000002 7.5000000000000009 2.2225000000000006 1.7750000000000001 0 3.5000000000000004 8.5000000000000018 3.1500000000000008
decision_type=8 10 8 10 10 10 8 10 10 8 1 2 8 10
left_child=1 4 5 10 -1 7 8 -2 -4 -5 12 -12 13 -3
right_child=2 3 6 9 -6 -7 -8 -9 -10 -11 11 -13 -14 -15
leaf_value=0.023678013997463915 -0.0087005861096099094 0.0100384776646372 -0.026688500012890078 -9.2199513430967232e-05 0.014025209817266019 -0.026074319267307036 -0.049113507857354022 -0.016756479995707202 -0.037700052805609285 -0.0066519592288271012 0.014120354928900332 0.0063148227994297996 0.00011479435642364296 -0.017812527596813739
leaf_weight=2688.2001800686121 1475.4752314835787 823.7944773286581 1148.7618732303381 2488.2660344839096 2938.6452209353447 593.60651468485594 226.76886761188507 2044.2642384618521 652.90950506925583 1784.2451654821634 903.76259964704514 2170.9979203343391 1546.4197140038013 48.515721529722214
leaf_count=11804 9883 3497 12783 13453 11777 5141 2936 17261 7832 9964 3853 9326 6668 211
internal_value=-0.000128383 0.00825055 -0.0211177 0.00225012 0.0186537 -0.0152556 -0.0329385 -0.0133966 -0.0307723 -0.0028362 0.00620493 0.00860037 0.00310005 0.00839678
internal_weight=21534.6 15392.8 6141.79 9766 5626.85 4113.35 2028.44 3519.74 1801.67 4272.51 5493.49 3074.76 2418.73 872.31
internal_count=126389 70553 55836 46972 23581 32285 23551 27144 20615 23417 23555 13179 10376 3708
cat_boundaries=0 1
cat_threshold=4
is_linear=0
shrinkage=0.05


Tree=30
num_leaves=15
num_cat=2
split_feature=10 10 10 10 10 5 10 10 6 6 11 11 4 0
split_gain=1386.07 349.239 162.658 70.9102 48.1205 30.5672 25.5219 20.6983 18.1348 16.6946 15.6863 15.482 20.424 15.1447
threshold=6.5000000000000009 2.5000000000000004 9.5000000000000018 4.5000000000000009 1.5000000000000002 3.1500000000000008 13.500000000000002 8.5000000000000018 2.2225000000000006 2.4225000000000008 0 1 1.9000000000000001 3.5000000000000004
decision_type=8 10 8 10 10 10 8 10 10 8 9 9 10 2
left_child=1 4 5 10 11 7 8 -2 -4 -5 -3 -1 -13 -14
right_child=2 3 6 9 -6 -7 -8 -9 -10 -11 -12 12 13 -15
leaf_value=0.028033653656594271 -0.01055882905371335 0.0086641061868353436 -0.025919498476311576 -0.0010361247612104966 0.013333207619010213 -0.025265653469504976 -0.048672921753623616 -0.019442963071387417 -0.036973756530078339 -0.0085815774925236069 0.0032761026183120026 0.025956643409562885 0.022987671212387803 0.0098888660608094873
leaf_weight=1009.0463061779737 2596.675514228642 2637.4380102604628 1124.4771472811699 3330.5757085680962 2936.9087376594543 582.42453308403492 217.65685421228409 890.25050189346075 633.05453389883041 935.60968251526356 2864.0119616985321 666.63138964772224 341.16502612829208 652.27707508206367
leaf_count=4485 19026 11243 12783 18121 11777 5141 2936 8118 7832 5296 12312 2995 1523 2801
internal_value=-0.000126704 0.00784908 -0.020402 0.00213709 0.0177906 -0.0146572 -0.0321707 -0.0128516 -0.0299948 -0.00269901 0.00588636 0.022661 0.0190383 0.0144798
internal_weight=21418.2 15373.7 6044.54 9767.64 5606.03 4069.35 1975.19 3486.93 1757.53 4266.19 5501.45 2669.12 1660.07 993.442
internal_count=126389 70553 55836 46972 23581 32285 23551 27144 20615 23417 23555 11804 7319 4324
cat_boundaries=0 1 2
cat_threshold=1921 1793
is_linear=0
shrinkage=0.05


Tree=31
num_leaves=15
num_cat=0
split_feature=10 10 10 10 10 5 10 10 6 5 2 0 5 0
split_gain=1267.49 317.534 155.985 63.954 44.8718 28.823 25.5427 23.2769 17.9 15.6188 15.0335 23.9999 15.0295 15.7935
threshold=6.5000000000000009 2.5000000000000004 9.5000000000000018 4.5000000000000009 1.5000000000000002 4.0500000000000007 13.500000000000002 7.5000000000000009 1.9612500000000004 1.7750000000000001 18.500000000000004 4.5000000000000009 -0.6499999999999998 2.5000000000000004
decision_type=8 10 8 10 10 10 8 10 10 8 10 2 8 2
left_child=1 4 5 10 12 7 8 -2 -4 -5 11 -3 -1 -14
right_child=2 3 6 9 -6 -7 -8 -9 -10 -11 -12 -13 13 -15
leaf_value=0.035847075001055738 -0.0081724156770309666 0.010996642844624307 -0.024348017539454338 -8.9594971348771233e-06 0.012676150959093125 -0.029397546406694248 -0.04823597965949783 -0.016214665637702699 -0.035068105294896672 -0.0061452882046744732 0.0024459314803879327 0.0020515328529790251 0.033999597168074408 0.019312360167762707
leaf_weight=179.58569471538067 1559.656210616231 2071.4378385394812 949.32928491383791 2486.1458071321249 2934.9920851439238 283.32736532390118 208.91408920288086 2184.4540713280439 765.95282144844532 1774.0263642519712 2259.6628523617983 1177.9487056732178 205.76266181468964 2264.7040245085955
leaf_count=813 10651 8776 11006 13453 11777 2580 2936 19054 9609 9964 9739 5040 937 10054
internal_value=-0.000123216 0.00746968 -0.0197015 0.00203034 0.0169737 -0.0140769 -0.031407 -0.0128799 -0.029223 -0.00256847 0.00558572 0.00776205 0.0217005 0.0206018
internal_weight=21305.9 15354.3 5951.63 9769.22 5585.04 4027.44 1924.2 3744.11 1715.28 4260.17 5509.05 3249.39 2650.05 2470.47
internal_count=126389 70553 55836 46972 23581 32285 23551 29705 20615 23417 23555 13816 11804 10991
is_linear=0
shrinkage=0.05


Tree=32
num_leaves=15
num_cat=2
split_feature=10 10 10 10 10 5 10 6 11 4 0 0 11 7
split_gain=1158.65 288.592 149.348 57.6711 41.7427 28.0946 25.5379 17.6366 15.0581 17.459 15.3545 14.8911 16.5254 15.7073
threshold=6.5000000000000009 2.5000000000000004 9.5000000000000018 4.5000000000000009 1.5000000000000002 2.1500000000000008 13.500000000000002 2.2225000000000006 0 2.1000000000000005 3.5000000000000004 2.5000000000000004 1 40.722500000000011
decision_type=8 10 8 10 10 10 8 10 9 10 2 2 9 10
left_child=1 4 5 -3 8 -2 7 -4 -1 -10 -11 13 -13 -6
right_child=2 3 6 -5 11 -7 -8 -9 9 10 -12 12 -14 -15
leaf_value=0.027125294640133635 -0.01068569233073796 0.0053002135511908237 -0.024390593486758375 -0.0024439095810642377 0.028487945312298577 -0.019826645693301521 -0.047801696433924332 -0.035546258167300372 0.023270010502835028 0.020836595401447566 0.0082230766624219812 0.014941694353687578 0.0068637762723039401 -0.0079804547133691898
leaf_weight=776.85162779688835 2762.2884615659714 5515.9693636149168 1078.4602748155594 4254.4150843173265 216.2415579110384 1224.9574239477515 200.52959138154984 596.39877325296402 838.8080990165472 408.62596017122269 607.30564104020596 1317.7476355284452 1367.0704273730516 31.870602831244469
leaf_count=3505 21615 23555 12783 23417 873 10670 2936 7832 3812 1857 2630 5295 5481 128
internal_value=-0.000120532 0.00710755 -0.019017 0.00192859 0.0161911 -0.0135153 -0.0306471 -0.028457 0.0207724 0.0178041 0.0133737 0.0120521 0.01093 0.0237384
internal_weight=21197.5 15334.9 5862.63 9770.38 5564.52 3987.25 1875.39 1674.86 2631.59 1854.74 1015.93 2932.93 2684.82 248.112
internal_count=126389 70553 55836 46972 23581 32285 23551 20615 11804 8299 4487 11777 10776 1001
cat_boundaries=0 1 2
cat_threshold=1281 1795
is_linear=0
shrinkage=0.05


Tree=33
num_leaves=15
num_cat=4
split_feature=10 10 10 10 10 10 6 6 12 6 12 11 7 11
split_gain=1058.87 262.533 144.248 51.9964 40.5402 38.786 26.7782 17.4503 14.7649 14.6156 14.4092 14.3225 14.0744 13.3259
threshold=6.5000000000000009 2.5000000000000004 8.5000000000000018 4.5000000000000009 11.500000000000002 1.5000000000000002 2.1816666666666671 4.0050000000000017 0 2.4225000000000008 1 2 40.610000000000014 3
decision_type=8 10 8 10 8 10 10 10 1 8 1 9 10 9
left_child=1 5 7 8 6 12 -4 11 -3 -5 -7 -2 -1 -11
right_child=2 3 4 9 -6 10 -8 -9 -10 13 -12 -13 -14 -15
leaf_value=0.021367367587275594 -0.0032707595178394968 0.0020750613406699662 -0.019241654611908039 -0.0007706124822681764 -0.038052165308404225 0.014589986985739239 -0.031009955227677567 -0.030242379450876263 0.0073127931217380846 -0.017955698507306283 0.0072493218451513079 -0.011742695877823131 0.010511867110704079 -0.0041226100026994393
leaf_weight=2251.7414140850306 692.20932180434465 2430.1541420668364 1518.1427535489202 3321.3995302170515 593.67294515669346 1646.7863013595343 745.42613618075848 103.97771140933037 3092.6728296279907 229.24502907693386 1283.7216610014439 2124.5659936666489 361.55794514715672 698.41319696605206
leaf_count=10199 5230 10376 15723 18121 8602 6622 9169 884 13179 1327 5155 16228 1605 3969
internal_value=-0.000116061 0.00676495 -0.0183456 0.00183182 -0.0263288 0.0154509 -0.0231769 -0.0105043 0.00502903 -0.00232486 0.0114666 -0.00972345 0.0198884 -0.00785573
internal_weight=21093.7 15315.7 5777.99 9771.88 2857.24 5543.81 2263.57 2920.75 5522.83 4249.06 2930.51 2816.78 2613.3 927.658
internal_count=126389 70553 55836 46972 33494 23581 24892 22342 23555 23417 11777 21458 11804 5296
cat_boundaries=0 1 2 3 4
cat_threshold=4 9 224 1792
is_linear=0
shrinkage=0.05


Tree=34
num_leaves=15
num_cat=3
split_feature=10 10 10 10 12 5 10 0 10 6 6 11 11 4
split_gain=967.349 240.092 137.555 71.8619 27.4129 26.3652 25.811 21.4475 20.902 20.1189 17.1213 15.984 14.629 16.182
threshold=6.5000000000000009 3.5000000000000004 9.5000000000000018 1.5000000000000002 0 4.0500000000000007 13.500000000000002 3.5000000000000004 7.5000000000000009 0.82000000000000028 1.8400000000000005 1 2 2.1000000000000005
decision_type=8 10 8 10 1 10 8 2 10 8 10 9 9 10
left_child=1 3 5 12 7 8 10 -5 -2 -3 -4 -9 -1 -14
right_child=2 9 6 4 -6 -7 -8 11 -10 -11 -12 -13 13 -15
leaf_value=0.025256955906102149 -0.0067809303664892739 0.0049965123994234993 -0.021705210580652418 0.018126367337497767 0.0051257714840559241 -0.02744675644829056 -0.047022675099552567 0.017544518807064594 -0.014491713181631725 -0.0018004891754541752 -0.032453054845957736 0.0068923994646845612 0.021437452467571547 0.011866082983306811
leaf_weight=764.44717434048653 1528.6452829390764 1348.7428618818521 829.85258850455284 1023.1712558567524 2611.0283357799053 268.91662486642599 186.28502535820007 458.10778878629208 2113.0832167640328 5556.3664981424809 770.00967167317867 1703.9720591455698 825.89197385311127 1005.3173638433218
leaf_count=3505 10651 6694 10208 4149 10613 2580 2936 1863 19054 28500 10407 6930 3812 4487
internal_value=-0.000114074 0.00643598 -0.0176925 0.0121155 0.0090059 -0.0124149 -0.0291806 0.0121195 -0.0112688 -0.000470208 -0.0269631 0.00929744 0.0190287 0.0161416
internal_weight=20993.8 15297 5696.79 8391.94 5796.28 3910.65 1786.15 3185.25 3641.73 6905.11 1599.86 2162.08 2595.66 1831.21
internal_count=126389 70553 55836 35359 23555 32285 23551 12942 29705 35194 20615 8793 11804 8299
cat_boundaries=0 1 2 3
cat_threshold=9 1536 1281
is_linear=0
shrinkage=0.05


Tree=35
num_leaves=15
num_cat=0
split_feature=10 10 10 10 10 10 5 6 10 5 0 1 4 0
split_gain=883.655 219.525 131.11 43.6136 32.5685 25.7138 25.218 16.8736 16.7101 14.3204 15.246 18.908 14.7618 13.7111
threshold=6.5000000000000009 2.5000000000000004 9.5000000000000018 4.5000000000000009 1.5000000000000002 13.500000000000002 3.1500000000000008 2.2225000000000006 8.5000000000000018 -0.6499999999999998 2.5000000000000004 55.250000000000007 1.3666666666666669 3.5000000000000004
decision_type=8 10 8 10 10 8 10 10 10 8 2 10 8 2
left_child=1 4 6 13 9 7 8 -4 -2 -1 -11 -12 -13 -3
right_child=2 3 5 -5 -6 -7 -8 -9 -10 10 11 12 -14 -15
leaf_value=0.03216877144590554 -0.008184312506208543 0.0079335718395497148 -0.02217393333348236 -0.0021867125360059613 0.010464712553545566 -0.046591122880989481 -0.021932749560341143 -0.03344949244769204 -0.016383667093322968 0.030448786807831963 0.010276817025700808 0.032280853984579604 0.017331670281433106 0.0027142263933057041
leaf_weight=173.15380831062794 2501.8157604113221 1938.6637073308229 1016.6039209663868 4242.6065896451473 2926.0505475401878 178.84506404399872 538.8222558349371 547.88951903581619 835.04290985316038 198.61857245862484 912.80065712332726 201.58518907427788 1092.2575774043798 3594.1010714769363
leaf_count=813 19026 8210 12783 23417 11777 2936 5141 7832 8118 937 4128 950 4976 15345
internal_value=-0.000109891 0.00612518 -0.0170553 0.00162577 0.0141069 -0.0284341 -0.0119069 -0.0262166 -0.0102576 0.018212 0.0171426 0.0158787 0.0197761 0.00454858
internal_weight=20898.9 15279.8 5619.02 9775.37 5504.47 1743.34 3875.68 1564.49 3336.86 2578.42 2405.26 2206.64 1293.84 5532.76
internal_count=126389 70553 55836 46972 23581 23551 32285 20615 27144 11804 10991 10054 5926 23555
is_linear=0
shrinkage=0.05


Tree=36
num_leaves=15
num_cat=3
split_feature=10 10 10 10 10 0 5 11 6 6 11 2 2 11
split_gain=806.907 199.737 124.799 60.6513 25.5838 25.4171 24.1039 24.0749 18.1066 16.4462 15.562 14.4845 13.9433 13.8955
threshold=6.5000000000000009 3.5000000000000004 9.5000000000000018 1.5000000000000002 13.500000000000002 2.5000000000000004 2.1500000000000008 0 0.82000000000000028 2.2225000000000006 1 10.500000000000002 20.500000000000004 2
decision_type=8 10 8 10 8 2 10 9 8 10 9 10 10 9
left_child=1 3 6 13 9 -5 -2 12 11 -4 -8 -3 -7 -1
right_child=2 8 4 5 -6 7 10 -9 -10 -11 -12 -13 -14 -15
leaf_value=0.023489587589450269 -0.0087737830089794199 0.011698294184330878 -0.021468116527399821 0.018988798061841769 -0.046159041579288435 0.014002184360036347 -0.028231200752361376 0.0045104799907461626 -0.001730563789902739 -0.032725142393557151 -0.01358757166534127 0.00088581533586567542 0.0042038501432467464 0.014643693777021497
leaf_weight=752.20403373241425 2676.8763069212437 474.71843162178993 998.16760709136724 494.21010746061802 171.72082322835922 1481.5214408934116 268.10650946199894 3334.0039454847574 5550.9414878189564 532.52076205611229 897.42989799380302 876.70932948589325 487.71991121768951 1809.3466582298279
leaf_count=3505 21615 2310 12783 2000 2936 6014 2470 13557 28500 7832 8200 4384 1984 8299
internal_value=-0.000106616 0.00582885 -0.0164337 0.0110243 -0.0276933 0.00818117 -0.0114156 0.00715707 -0.000466457 -0.0254782 -0.0174195 0.00471306 0.0115338 0.0174306
internal_weight=20806.2 15261.4 5544.82 8359.01 1702.41 5797.46 3842.41 5303.25 6902.37 1530.69 1165.54 1351.43 1969.24 2561.55
internal_count=126389 70553 55836 35359 23551 23555 32285 21555 35194 20615 10670 6694 7998 11804
cat_boundaries=0 1 2 3
cat_threshold=1793 513 1281
is_linear=0
shrinkage=0.05


Tree=37
num_leaves=15
num_cat=2
split_feature=10 10 10 10 10 7 0 11 6 2 4 6 11 5
split_gain=736.836 183.754 120.183 38.1111 36.4324 29.1863 27.4892 25.0458 24.457 18.2182 17.9115 15.8622 13.2932 13.2575
threshold=6.5000000000000009 2.5000000000000004 8.5000000000000018 11.500000000000002 4.5000000000000009 40.310000000000009 3.5000000000000004 0 2.1816666666666671 15.500000000000002 1.6333333333333335 4.0050000000000017 1 2.0500000000000003
decision_type=8 10 8 8 10 10 2 9 10 10 8 10 9 8
left_child=1 5 11 8 -3 6 9 -8 -4 -1 -9 12 -2 -6
right_child=2 4 3 -5 13 -7 7 10 -10 -11 -12 -13 -14 -15
leaf_value=0.02446374738150173 -0.0017017149582719251 0.0041071201108318564 -0.016586039774452489 -0.035580179885116255 -4.640678679482126e-05 0.0059428709243611027 0.023794519591012336 0.018689504472740297 -0.02825782536175056 0.013499482537609847 0.0074004425034942178 -0.028007092543335554 -0.0098910849422861463 -0.0059510965034056517
leaf_weight=946.26871500909328 676.4767732322216 5541.2709279507399 1431.3833780065179 527.86227564513683 2802.7328341901302 1195.2111468464136 362.29197387397289 433.49396276473999 680.54713836312294 671.65511704981327 1858.0399114787579 97.890306293964386 2060.5063928067684 1433.6058955490589
leaf_count=4177 5230 23555 15723 8602 15246 5065 1576 1940 9169 2946 7877 884 16228 8171
internal_value=-0.000104044 0.00554681 -0.0158299 -0.023501 0.00144007 0.0128836 0.0148164 0.0116443 -0.020405 0.0199677 0.00953056 -0.00865791 -0.00791606 -0.00204925
internal_weight=20719.2 15244.6 5474.67 2639.79 9777.61 5466.96 4271.75 2653.83 2111.93 1617.92 2291.53 2834.87 2736.98 4236.34
internal_count=126389 70553 55836 33494 46972 23581 18516 11393 24892 7123 9817 22342 21458 23417
cat_boundaries=0 1 2
cat_threshold=1536 224
is_linear=0
shrinkage=0.05


Tree=38
num_leaves=15
num_cat=3
split_feature=10 10 10 10 10 12 6 0 10 11 11 5 0 1
split_gain=676.351 223.216 66.9442 53.5952 26.6714 24.8607 24.028 17.5634 17.4739 14.915 13.395 13.2884 14.1503 17.5377
threshold=7.5000000000000009 3.5000000000000004 10.500000000000002 1.5000000000000002 5.5000000000000009 0 3.2050000000000005 3.5000000000000004 10.500000000000002 1 2 -0.6499999999999998 2.5000000000000004 55.250000000000007
decision_type=8 10 8 10 10 1 10 2 10 9 9 8 2 10
left_child=1 3 6 11 -3 7 -2 -5 -4 -6 -9 -1 -13 -14
right_child=2 4 8 5 9 -7 -8 10 -10 -11 -12 12 13 -15
leaf_value=0.029676915554369045 -0.013603585413224595 0.00087376411513124651 -0.050531551842781297 0.015759903329521697 -0.0084053252677471144 0.0036906742516038694 -0.02917948027334516 0.015301029499112271 -0.027817752304742371 -0.0018454170522947044 0.0055906759511293149 0.028018092681370399 0.0084374273576929264 0.017636520847273275
leaf_weight=168.49930050969124 2571.8395114392042 4955.5357583910227 99.714095652103424 1022.1335898786783 1575.6469892710447 2611.905939117074 274.71647497266531 458.04056061804295 874.91037801653147 1953.9399253949523 1704.6910862624645 193.4424551576376 900.22435668110847 1270.2374791949987
leaf_count=813 25965 23538 1832 4149 10337 10613 3323 1863 13290 12745 6930 937 4128 5926
internal_value=-0.000100849 0.00421558 -0.0190751 0.0100277 -0.00149221 0.00736582 -0.0151553 0.0103254 -0.0303877 -0.00481058 0.00777414 0.0160942 0.0150654 0.0138493
internal_weight=20635.5 16814.3 3821.18 8329.17 8485.12 5796.77 2846.56 3184.87 974.624 3529.59 2162.73 2532.4 2363.9 2170.46
internal_count=126389 81979 44410 35359 46620 23555 29288 12942 15122 23082 8793 11804 10991 10054
cat_boundaries=0 1 2 3
cat_threshold=9 1545 1536
is_linear=0
shrinkage=0.05


Tree=39
num_leaves=15
num_cat=4
split_feature=10 10 10 10 10 6 12 10 0 11 11 4 11 5
split_gain=619.408 202.116 64.2719 49.359 24.1748 22.8532 22.4751 17.5783 15.8564 13.6045 13.2049 14.4044 14.2324 12.6279
threshold=7.5000000000000009 3.5000000000000004 10.500000000000002 1.5000000000000002 5.5000000000000009 3.2050000000000005 0 10.500000000000002 3.5000000000000004 1 2 2.1000000000000005 3 1.6500000000000001
decision_type=8 10 8 10 10 10 1 10 2 9 9 10 9 8
left_child=1 3 5 10 -3 13 8 -4 -5 -6 -1 -12 -13 -2
right_child=2 4 7 6 9 -7 -8 -9 -10 -11 11 12 -14 -15
leaf_value=0.021283302470754994 -0.0095253416168787734 0.00082983594195247209 -0.050277639443158106 0.014979376213237541 -0.0080313114464505338 -0.028419326472879383 0.0035067055163669029 -0.027086679090819406 0.0073911853120947075 -0.0017558772602181572 0.017777081199684974 0.012995552457955938 0.00032072924885119655 -0.016650423523422497
leaf_weight=736.35585726797581 1290.1700865775347 4957.1873077452183 95.342588752508163 1021.8903995156288 1567.4848542660475 268.26123940199614 2612.2624509036541 854.26487462595105 2163.1530519127846 1951.7239623144269 798.67341464757919 633.61263138055801 348.28147377073765 1254.8562439680099
leaf_count=3505 12708 23538 1832 4149 10337 3323 10613 13290 8793 12745 3812 2914 1573 13257
internal_value=-9.7294e-05 0.00401291 -0.0184187 0.00954948 -0.00142016 -0.0145762 0.00700074 -0.0296662 0.00981468 -0.00458621 0.0153946 0.0127161 0.00865908 -0.0130642
internal_weight=20553.5 16790.6 3762.9 8314.23 8476.4 2813.29 5797.31 949.607 3185.04 3519.21 2516.92 1780.57 981.894 2545.03
internal_count=126389 81979 44410 35359 46620 29288 23555 15122 12942 23082 11804 8299 4487 25965
cat_boundaries=0 1 2 3 4
cat_threshold=9 1545 1281 594
is_linear=0
shrinkage=0.05


Tree=40
num_leaves=15
num_cat=3
split_feature=10 10 10 10 6 6 11 0 11 10 2 5 11 0
split_gain=567.103 182.99 61.5961 45.4987 22.3487 21.9889 30.8784 21.3895 20.6602 17.6632 15.4196 16.6054 14.0849 13.2361
threshold=7.5000000000000009 3.5000000000000004 10.500000000000002 1.5000000000000002 2.0816666666666674 1.7050000000000003 0 2.5000000000000004 1 10.500000000000002 8.5000000000000018 2.1500000000000008 2 3.5000000000000004
decision_type=8 10 8 10 10 10 9 2 9 10 8 10 9 2
left_child=1 3 5 13 10 -2 -7 -5 -9 -4 11 -3 -6 -1
right_child=2 4 9 7 12 6 -8 8 -10 -11 -12 -13 -14 -15
leaf_value=0.01950767973169484 -0.00983043249945653 0.0050906603065454586 -0.050027461255041109 0.016573610852682809 -0.00011180589750505136 -0.026488905945472596 -0.010346732213637766 0.0097633381277995729 0.0032747887973463064 -0.026360638406151323 -0.0017804257055508894 -0.0063471489667818589 -0.0093316424405199497 0.011869405832582733
leaf_weight=925.10600863397121 1493.2719860523939 1972.2398633211851 91.159212410449982 493.07519090175629 637.16141396760941 646.91817735880613 641.33044219762087 1968.938606351614 3335.7119856327772 834.54969512298703 4276.4773151129484 373.56166851520538 1208.624678529799 1576.85676895082
leaf_count=4497 14492 10442 1832 2000 3671 7385 7411 7998 13557 13290 23219 2165 7123 7307
internal_value=-9.41733e-05 0.00381965 -0.0177776 0.00909336 -0.00135152 -0.014015 -0.0188087 0.00665164 0.00571464 -0.0289475 6.00803e-06 0.0032596 -0.0062089 0.0147269
internal_weight=20475 16767.8 3707.23 8299.69 8468.06 2781.52 1288.25 5797.73 5304.65 925.709 6622.28 2345.8 1845.79 2501.96
internal_count=126389 81979 44410 35359 46620 29288 14796 23555 21555 15122 35826 12607 10794 11804
cat_boundaries=0 1 2 3
cat_threshold=1857 1793 210
is_linear=0
shrinkage=0.05


Tree=41
num_leaves=15
num_cat=3
split_feature=10 10 10 10 10 6 12 10 0 7 6 11 5 11
split_gain=519.175 165.624 58.901 41.8048 21.7228 21.6357 20.247 17.728 13.9214 12.6865 12.5678 12.5246 12.4166 13.0734
threshold=7.5000000000000009 3.5000000000000004 10.500000000000002 1.5000000000000002 5.5000000000000009 3.2050000000000005 0 10.500000000000002 3.5000000000000004 40.563333333333347 2.0225000000000009 1 2.7500000000000004 2
decision_type=8 10 8 10 10 10 1 10 2 10 10 9 10 9
left_child=1 3 5 9 -3 -2 8 -4 -5 12 -9 -11 13 -1
right_child=2 4 7 6 -6 -7 -8 10 -10 11 -12 -13 -14 -15
leaf_value=0.021645605867352903 -0.012001618502560209 0.00084456861131965405 -0.049780401521985818 0.013831130180571896 -0.0042954535822021869 -0.027195569331208026 0.0030102735317414971 -0.019945919844673241 0.0067215829009659904 0.015052712465191407 -0.033068870728021359 -0.0029939732450962602 -0.00076497099915068126 0.012674961323236596
leaf_weight=799.22926096618176 2493.1655213460326 4956.3429914712906 87.157080471515656 1021.1840945184231 3505.5201196819544 258.3354222998023 2612.8947823494673 472.20345266908407 2163.8032157421112 162.53267183899879 343.52366058528423 204.96994292736053 109.9348396062851 1210.8160579502583
leaf_count=3843 25965 23538 1832 4149 23082 3323 10613 7414 8793 756 5876 942 517 5746
internal_value=-9.28411e-05 0.00363415 -0.0171545 0.00865695 -0.00128608 -0.0134749 0.0063213 -0.0282318 0.008991 0.0140773 -0.0256401 0.00540604 0.0155643 0.016457
internal_weight=20401.6 16747.2 3654.39 8285.36 8461.86 2751.5 5797.88 902.884 3184.99 2487.48 815.727 367.503 2119.98 2010.05
internal_count=126389 81979 44410 35359 46620 29288 23555 15122 12942 11804 13290 1698 10106 9589
cat_boundaries=0 1 2 3
cat_threshold=9 785 1283
is_linear=0
shrinkage=0.05


Tree=42
num_leaves=15
num_cat=1
split_feature=10 10 10 10 6 5 0 11 10 10 3 2 5 3
split_gain=475.075 149.94 56.3324 38.5036 20.4991 20.2149 18.927 18.6665 17.7615 16.5755 12.7839 12.7272 12.4073 14.3947
threshold=7.5000000000000009 3.5000000000000004 10.500000000000002 1.5000000000000002 3.2050000000000005 3.1500000000000008 2.5000000000000004 0 10.500000000000002 5.5000000000000009 8.5000000000000018 20.500000000000004 1.0000000180025095e-35 1.5000000000000002
decision_type=8 8 8 10 10 10 2 9 10 10 8 10 10 8
left_child=1 3 4 12 -2 9 -5 11 -4 -3 -10 -8 13 -1
right_child=2 5 8 6 -6 -7 7 -9 10 -11 -12 -13 -14 -15
leaf_value=0.023764608021371897 -0.011512307072631189 0.0015042096029879476 -0.04953587768983133 0.015344712804825619 -0.026453532570941431 -0.0086915789490959842 0.011318707522465991 0.0028107063800527445 -0.015169174040913553 -0.0032336739108714905 -0.029292918867816511 0.0019868074826009849 0.010392650644267486 0.011774904918452261
leaf_weight=500.77983398735523 2469.9938543513417 4534.3008560687304 83.329429626464844 492.4737399071455 252.59110146015882 813.40073554217815 1481.2538220584393 3336.5455052554607 253.26409654691815 3106.4426973834634 544.59163727611303 487.68971516191959 1438.0789271295071 534.85421699285507
leaf_count=2458 25965 21474 1832 2000 3323 4950 6014 13557 4119 20196 9171 1984 6770 2576
internal_value=-8.93512e-05 0.00345963 -0.0165429 0.00824352 -0.0129444 -0.00122312 0.00600644 0.005126 -0.027525 -0.000422893 -0.024932 0.00897271 0.0134642 0.0176588
internal_weight=20329.6 16725.8 3603.77 8271.68 2722.58 8454.14 5797.96 5305.49 881.185 7640.74 797.856 1968.94 2473.71 1035.63
internal_count=126389 81979 44410 35359 29288 46620 23555 21555 15122 41670 13290 7998 11804 5034
cat_boundaries=0 1
cat_threshold=1793
is_linear=0
shrinkage=0.05


Tree=43
num_leaves=15
num_cat=2
split_feature=10 10 10 10 7 0 11 6 11 10 5 2 6 10
split_gain=434.49 137.167 53.7807 34.4168 25.2228 21.885 23.9421 20.0814 30.5977 17.7773 14.6124 13.7261 12.5537 12.4888
threshold=7.5000000000000009 2.5000000000000004 10.500000000000002 4.5000000000000009 40.245000000000012 4.5000000000000009 0 1.7050000000000003 1 10.500000000000002 2.1500000000000008 9.5000000000000018 2.0225000000000009 8.5000000000000018
decision_type=8 10 8 10 10 2 9 10 9 10 10 10 10 10
left_child=1 4 7 -3 5 11 -7 -2 -9 -4 -5 -1 -11 -10
right_child=2 3 9 10 -6 6 -8 8 13 12 -12 -13 -14 -15
leaf_value=0.018310490262006419 -0.0084004641412213869 0.0029804893827597278 -0.049293340377985898 -0.0011292370346678605 0.0036616909907756286 0.020806593804210613 0.0034676686679896099 -0.024904740890628014 0.00020606577639579543 -0.01848235943416324 -0.0070497892725269913 0.011089458183242688 -0.031830694774422942 -0.014340737541151373
leaf_weight=1227.4779325127602 1455.6890540868044 5559.7937247604132 79.669619411230087 4417.5292188227177 1258.7610131204128 230.3461277037859 1149.6240424662828 618.68936528638005 237.99108315259218 454.45064334571362 1360.0298029109836 1501.2766975462437 326.33765636757016 382.63432554528117
leaf_count=5494 14492 23555 1832 26033 5407 1033 4976 7385 2354 7414 8810 6671 5876 5057
internal_value=-8.69883e-05 0.0032921 -0.0159455 0.000173558 0.00987288 0.011769 0.00660184 -0.0124301 -0.0171104 -0.0268206 -0.00252782 0.0143652 -0.0242285 -0.00866688
internal_weight=20260.3 16704.8 3555.46 11337.4 5367.49 4108.72 1379.97 2695 1239.31 860.458 5777.56 2728.75 780.788 620.625
internal_count=126389 81979 44410 58398 23581 18174 6009 29288 14796 15122 34843 12165 13290 7411
cat_boundaries=0 1 2
cat_threshold=1536 1857
is_linear=0
shrinkage=0.05


Tree=44
num_leaves=15
num_cat=2
split_feature=10 10 10 10 7 0 11 6 10 2 4 12 5 3
split_gain=397.474 124.368 51.2369 31.4394 23.0309 21.0876 20.2725 19.2961 17.7686 15.7214 14.9151 14.7797 13.4618 12.5709
threshold=7.5000000000000009 2.5000000000000004 10.500000000000002 5.5000000000000009 40.310000000000009 3.5000000000000004 0 3.2050000000000005 10.500000000000002 15.500000000000002 1.6333333333333335 1 1.6500000000000001 8.5000000000000018
decision_type=8 10 8 10 10 2 9 10 10 10 8 1 10 8
left_child=1 4 7 11 5 9 -7 -2 -4 -1 -8 -3 -13 -10
right_child=2 3 8 -5 -6 6 10 -9 13 -11 -12 12 -14 -15
leaf_value=0.019966312138743093 -0.010547544073964091 -0.00050169561627690692 -0.049052267394680146 -0.0037864593819059151 0.0032217032671810566 0.019377576330040541 0.014954683754541341 -0.025274588321271649 -0.013757756376470753 0.0097006180967877248 0.0045405488509763538 0.0056002599068174308 -0.00059423545569890226 -0.027967300489236568
leaf_weight=916.20646841824055 2424.9646358974278 3503.2663015723228 76.171159505844116 3481.9402604550123 1179.2532369494438 351.49119381606579 421.02357453107834 243.81237031146884 244.92011921107769 655.41285771131516 1830.3737936913967 3130.8399750888348 1216.3758206069469 519.58881117776036
leaf_count=4177 25965 15821 1832 23082 5065 1576 1940 3323 4119 2946 7877 13946 5549 9171
internal_value=-8.52166e-05 0.00313271 -0.015368 0.000164718 0.00940911 0.011151 0.00836169 -0.0119377 -0.0261225 0.0157295 0.00648812 0.00191849 0.00385945 -0.0235341
internal_weight=20195.6 16686.2 3509.46 11332.4 5353.76 4174.51 2602.89 2668.78 840.68 1571.62 2251.4 7850.48 4347.22 764.509
internal_count=126389 81979 44410 58398 23581 18516 11393 29288 15122 7123 9817 35316 19495 13290
cat_boundaries=0 1 2
cat_threshold=1536 4
is_linear=0
shrinkage=0.05


Tree=45
num_leaves=15
num_cat=4
split_feature=10 10 10 10 5 6 10 12 11 2 5 11 6 11
split_gain=363.294 113.86 48.7714 32.1502 19.1177 18.4489 17.7417 17.5852 16.4674 14.047 14.0585 12.8163 12.4707 12.4043
threshold=7.5000000000000009 3.5000000000000004 10.500000000000002 1.5000000000000002 1.6500000000000001 2.0816666666666674 10.500000000000002 0 1 8.5000000000000018 1.8500000000000003 2 2.0225000000000009 3
decision_type=8 10 8 10 10 10 10 1 9 8 10 9 10 9
left_child=1 3 4 13 -2 9 -4 -5 -6 10 -3 -7 -8 -1
right_child=2 5 6 7 8 11 12 -9 -10 -11 -12 -13 -14 -15
leaf_value=0.017660062653033562 -0.0075206731898542576 0.0054098040787847581 -0.048812167325898013 0.0076142815823784377 -0.023974186515242264 0.00027444288630207699 -0.017066707211889617 0.0020513426443589593 -0.011082886763887335 -0.0015784149127424443 -0.0036313817641051207 -0.0085369575041582182 -0.030600492600868168 0.0094435747706015823
leaf_weight=709.41953602433205 1438.4155565313995 1780.6896744072437 72.827702909708023 3181.6947584748268 434.48553566262126 633.77653565257788 438.34941544756293 2611.2512025386095 770.78873886168003 4263.2046227231622 562.43103509396315 1195.7323586344719 310.61485269665718 1730.0506023317575
leaf_count=3505 14976 9394 1832 12942 5242 3671 7414 10613 9070 23219 3213 7123 5876 8299
internal_value=-8.23436e-05 0.00298115 -0.0148002 0.00716252 -0.0114548 -0.00110122 -0.0254277 0.00512731 -0.0160995 0.000130484 0.00323649 -0.00553713 -0.0228452 0.0119751
internal_weight=20133.7 16668.3 3465.48 8232.42 2643.69 8435.83 821.792 5792.95 1205.27 6606.33 2343.12 1829.51 748.964 2439.47
internal_count=126389 81979 44410 35359 29288 46620 15122 23555 14312 35826 12607 10794 13290 11804
cat_boundaries=0 1 2 3 4
cat_threshold=9 1537 210 1281
is_linear=0
shrinkage=0.05


Tree=46
num_leaves=15
num_cat=3
split_feature=10 10 10 10 5 0 5 12 12 5 6 6 4 11
split_gain=332.397 81.2697 76.6419 23.3264 22.2417 21.1965 20.357 19.5355 16.4262 17.7564 14.9251 14.3902 13.9621 13.2741
threshold=6.5000000000000009 2.5000000000000004 9.5000000000000018 13.500000000000002 -0.6499999999999998 2.5000000000000004 4.0500000000000007 0 1 1.6500000000000001 1.8400000000000005 2.5225000000000009 9.3666666666666689 2
decision_type=8 10 8 8 8 2 10 1 1 10 10 8 10 9
left_child=1 4 6 10 -1 -6 -2 -7 11 -10 -4 13 -9 -3
right_child=2 8 3 -5 5 7 -8 12 9 -11 -12 -13 -14 -15
leaf_value=0.023522434985870869 -0.0063670390852596376 0.0040277780280075642 -0.013862351218488014 -0.042136227406545858 0.018633796326275785 0.0096661557209483731 -0.021608024799232212 0.0020806143905233022 0.004600576455040876 -0.0017068090473002441 -0.02490265503224753 -0.0071336121055395364 0.020556053761225504 -0.0022980593775813866
leaf_weight=234.20874634385109 3349.5154572427273 1304.5681022852659 686.46013395488262 119.75297889485955 416.50632637739182 2685.2913235127926 230.74231054633856 1886.8439580202103 3808.9864451140165 1574.180699840188 594.03617396205664 863.40054811537266 103.25777444243431 2217.0389514565468
leaf_count=1123 29705 6239 10208 2936 1905 11900 2580 8198 17939 7830 10407 4292 455 10672
internal_value=-8.09668e-05 0.00361513 -0.011275 -0.0211774 0.00858058 0.00787091 -0.00737806 0.00689322 0.000904712 0.00275115 -0.019061 -0.00136574 0.00307294 5.26198e-05
internal_weight=20074.8 15094.3 4980.51 1400.25 5326.11 5091.9 3580.26 4675.39 9768.17 5383.17 1280.5 4385.01 1990.1 3521.61
internal_count=126389 70553 55836 23551 23581 22458 32285 20553 46972 25769 20615 21203 8653 16911
cat_boundaries=0 1 2 3
cat_threshold=9 4 864
is_linear=0
shrinkage=0.05


Tree=47
num_leaves=15
num_cat=5
split_feature=10 10 10 5 10 6 0 11 3 11 12 11 6 11
split_gain=305.707 94.7684 44.8421 28.5317 27.898 15.7349 15.6676 15.931 13.4524 12.7486 12.4475 11.7787 22.7806 11.6995
threshold=7.5000000000000009 3.5000000000000004 11.500000000000002 3.0500000000000003 1.5000000000000002 2.0816666666666674 2.5000000000000004 0 3.5000000000000004 1 2 3 1.8400000000000005 4
decision_type=8 10 8 10 10 10 2 9 10 9 1 9 10 9
left_child=1 4 3 11 -1 9 -6 -8 -5 -3 -11 12 -2 -7
right_child=2 5 -4 8 6 13 7 -9 -10 10 -12 -13 -14 -15
leaf_value=0.011040879918759768 -0.0071068048493572586 0.0033578202462924314 -0.029317577407837539 0.015085233009022841 0.013158717331928683 0.00042393850183005706 0.0073967808308008157 0.0017138434982288118 -0.024206334488297475 0.0010762703286310985 -0.0041629363869550955 -0.007425318263895986 -0.0280756825569973 -0.0080034183687319495
leaf_weight=2418.074312761426 301.24851564317942 2070.4481973573565 404.65377432480454 19.606376808136702 489.84256128966808 632.57792809605598 1965.4206757545471 3334.730880767107 476.62267356365919 2427.7851923927665 2106.3474376499653 1955.8918520584702 228.63942980021238 1187.842480905354
leaf_count=11804 3188 11163 8602 246 2000 3671 7998 13557 6797 13143 11520 22624 2953 7123
internal_value=-7.8173e-05 0.00271079 -0.0137595 -0.0116028 0.00653276 -0.00101444 0.00464214 0.00384337 -0.0225189 0.000121131 -0.00136332 -0.00938282 -0.0160327 -0.00512338
internal_weight=20019.7 16633.1 3386.66 2982.01 8208.07 8425 5789.99 5300.15 496.229 6604.58 4534.13 2485.78 529.888 1820.42
internal_count=126389 81979 44410 35808 35359 46620 23555 21555 7043 35826 24663 28765 6141 10794
cat_boundaries=0 1 2 3 4 5
cat_threshold=1793 864 10 769 210
is_linear=0
shrinkage=0.05


Tree=48
num_leaves=15
num_cat=2
split_feature=10 10 10 12 5 6 10 6 5 0 11 6 2 0
split_gain=283.046 106.763 29.1178 27.2535 22.994 21.6809 21.0986 16.3246 16.1752 14.9352 13.5041 21.0892 12.6779 17.511
threshold=8.5000000000000018 3.5000000000000004 13.500000000000002 0 3.0500000000000003 1.0000000180025095e-35 5.5000000000000009 3.805000000000001 -0.6499999999999998 4.5000000000000009 1 1.7225000000000004 14.500000000000002 4.5000000000000009
decision_type=8 10 8 1 10 10 10 10 8 2 9 8 10 2
left_child=1 3 4 5 -2 -1 -3 10 -7 -5 11 -8 13 -10
right_child=2 6 -4 9 -6 8 7 -9 12 -11 -12 -13 -14 -15
leaf_value=0.017049956287121998 -0.012920612347982825 0.00069926091105567225 -0.041332717624646159 0.004965489273548708 -0.026416029823396886 0.024208020668629669 -0.0019334813116171521 -0.01858163185209482 0.013871105373468263 -0.002157424507978845 -0.0015950653025954286 -0.014843949051247111 0.003902522978781851 0.0039810369622345276
leaf_weight=673.75435458123684 1720.4731209687889 4959.679476827383 112.1585110463202 2562.0742027163506 391.16802061349154 132.90711532533169 704.26395131647587 179.58458549529314 1059.570361405611 1028.3463444113731 3129.5713979676366 571.81292930245399 1958.0079638063908 781.58728592097759
leaf_count=3073 24019 23538 2936 11020 6539 619 4922 1588 4571 4343 22842 4646 8404 3329
internal_value=-7.6212e-05 0.00203311 -0.0168709 0.00621704 -0.015477 0.00875819 -0.00156102 -0.00400398 0.0073398 0.00291711 -0.00338937 -0.00769399 0.00671866 0.00969484
internal_weight=19965 17741.2 2223.8 8196.25 2111.64 4605.83 9544.91 4585.23 3932.07 3590.42 4405.65 1276.08 3799.17 1841.16
internal_count=126389 92895 33494 35359 30558 19996 57536 33998 16923 15363 32410 9568 16304 7900
cat_boundaries=0 1 2
cat_threshold=9 1537
is_linear=0
shrinkage=0.05


Tree=49
num_leaves=15
num_cat=4
split_feature=10 10 10 10 5 5 10 0 11 3 11 11 11 4
split_gain=259.244 96.5506 28.3327 25.2342 21.8564 19.7992 15.1361 13.7522 14.0277 11.9524 13.608 11.8541 11.4119 12.8758
threshold=8.5000000000000018 3.5000000000000004 13.500000000000002 1.5000000000000002 3.0500000000000003 3.1500000000000008 5.5000000000000009 2.5000000000000004 0 7.5000000000000009 1 2 3 2.1000000000000005
decision_type=8 10 8 10 10 10 10 2 9 8 9 9 9 10
left_child=1 3 4 12 9 6 -3 -5 -9 -2 -11 -7 -1 -14
right_child=2 5 -4 7 -6 11 -8 8 -10 10 -12 -13 13 -15
leaf_value=0.015689791919372864 -0.006566789507899554 0.0012541217745958718 -0.040852743145605004 0.012107280659248746 -0.025701918439143007 -0.0011084572678438838 -0.0029494060258769463 0.0067084252407110427 0.0013781931997309468 -0.0072426262755791674 -0.019544813748320622 -0.012682261866163334 0.012696367136644652 0.0039379614085642434
leaf_weight=694.53336115181446 588.34080960601568 4541.2240722328424 107.96779889985919 488.96172744035721 382.30200946703553 371.56268365681171 4044.2402891144156 1964.6601483970881 3334.8304011821747 396.34348443523049 717.32277977466583 576.82986719161272 759.35580621659756 945.43000970780849
leaf_count=3505 7741 21474 2936 2000 6539 2528 29339 7998 13557 5778 10500 4195 3812 4487
internal_value=-7.41155e-05 0.00193392 -0.0162738 0.00591465 -0.0149059 -0.00148609 -0.000726542 0.00412149 0.00337396 -0.0124128 -0.015458 -0.0083221 0.0102232 0.00781917
internal_weight=19913.9 17721.6 2192.28 8187.77 2084.31 9533.86 8585.46 5788.45 5299.49 1702.01 1113.67 948.393 2399.32 1704.79
internal_count=126389 92895 33494 35359 30558 57536 50813 23555 21555 24019 16278 6723 11804 8299
cat_boundaries=0 1 2 3 4
cat_threshold=1793 1106 184 1281
is_linear=0
shrinkage=0.05


Tree=50
num_leaves=15
num_cat=3
split_feature=10 10 10 12 5 6 6 11 5 10 0 1 11 2
split_gain=237.59 87.3806 27.5155 24.5156 20.7141 19.3419 18.9547 18.493 14.6569 13.904 13.7385 12.1799 18.5668 11.8762
threshold=8.5000000000000018 3.5000000000000004 13.500000000000002 0 3.0500000000000003 1.0000000180025095e-35 2.0816666666666674 1 -0.6499999999999998 5.5000000000000009 3.5000000000000004 54.250000000000007 2 78.500000000000014
decision_type=8 10 8 1 10 10 10 9 8 10 2 10 9 8
left_child=1 3 4 5 -2 13 11 9 -7 -8 -5 12 -3 -1
right_child=2 6 -4 10 -6 8 7 -9 -10 -11 -12 -13 -14 -15
leaf_value=0.024085649064550393 -0.011929813650674102 0.0038260879243706514 -0.040366600051627489 0.0061852347418302608 -0.024993681889695758 0.022840654192437349 -0.003845774583125908 -0.0014169013221786001 0.0061166977519989153 -0.016281708476987945 -9.3264039029968636e-05 0.0016721586549935227 -0.0045413504971557753 0.010294903794664483
leaf_weight=265.43756712973118 1684.6881651580334 882.17467740178108 103.96670061349869 1482.9704583436251 373.83835423365235 131.55432464182377 398.42807264626026 1206.0805246308446 3790.848098680377 522.61367200314999 2102.015226483345 3959.676991738379 2554.6593769937754 403.5054137557745
leaf_count=1267 24019 5111 2936 6456 6539 619 1940 7876 16304 4541 8907 22887 15181 1806
internal_value=-7.25435e-05 0.00184036 -0.0156978 0.00563028 -0.0143571 0.00804461 -0.00141464 -0.00556821 0.00670597 -0.0108349 0.00250194 -0.000217183 -0.00239322 0.0159052
internal_weight=19862.5 17700 2162.49 8176.33 2058.53 4591.35 9523.63 2127.12 3922.4 921.042 3584.99 7396.51 3436.83 668.943
internal_count=126389 92895 33494 35359 30558 19996 57536 14357 16923 6481 15363 43179 20292 3073
cat_boundaries=0 1 2 3
cat_threshold=9 1793 352
is_linear=0
shrinkage=0.05


Tree=51
num_leaves=15
num_cat=3
split_feature=10 10 10 10 6 7 0 11 6 2 4 11 1 11
split_gain=217.446 79.8887 27.6826 27.0591 20.8911 20.3272 18.1845 19.2276 14.8872 13.305 12.0083 13.5408 14.7705 10.7452
threshold=8.5000000000000018 2.5000000000000004 5.5000000000000009 8.5000000000000018 2.1816666666666671 40.310000000000009 4.5000000000000009 0 4.0050000000000017 10.500000000000002 6.366666666666668 1 54.250000000000007 2
decision_type=8 10 10 10 10 10 2 9 10 10 8 9 10 9
left_child=1 5 -3 -2 -5 6 9 -8 10 -1 -4 -12 -13 -7
right_child=3 2 8 4 -6 13 7 -9 -10 -11 11 12 -14 -15
leaf_value=0.01483399095798236 -0.047604606842726285 0.0013578541408928379 -0.00027889368899467376 -0.010665156442339849 -0.021561611694333876 0.0086147830898894232 0.016587863100555027 0.0011359669847309411 -0.019597799685098609 0.0077460427797190912 -0.010760412349839647 -0.0071532928272048275 0.002668273558943837 -0.0019212747322216329
leaf_weight=1214.5907064527273 58.162500768899918 7860.5660203248262 2094.8420994207263 1428.5064126700163 647.153454747051 322.49369736015797 230.39391216635704 1155.9413551241159 135.05608613044024 1501.4695221036673 789.26675366610289 837.41953852772713 697.88592460006475 843.3490613847971
leaf_count=5581 1832 35316 14981 19915 11747 1421 1066 5066 1229 6803 6302 6301 5185 3644
internal_value=-7.02365e-05 0.00175057 -0.000439206 -0.0151284 -0.0141061 0.0069065 0.00856048 0.00388168 -0.00353884 0.0109371 -0.00302649 -0.00549664 -0.00267727 0.00107471
internal_weight=19817.1 17683.3 12415 2133.82 2075.66 5268.24 4102.4 1386.34 4554.47 2716.06 4419.41 2324.57 1535.31 1165.84
internal_count=126389 92895 69314 33494 31662 23581 18516 6132 33998 12384 32769 17788 11486 5065
cat_boundaries=0 1 2 3
cat_threshold=1536 1793 833
is_linear=0
shrinkage=0.05


Tree=52
num_leaves=15
num_cat=2
split_feature=10 10 10 10 6 2 5 0 5 11 5 11 6 1
split_gain=198.95 73.0551 29.4928 26.472 20.0236 16.1238 17.4209 14.9169 13.2746 17.8598 12.5728 13.7806 12.0607 11.0346
threshold=8.5000000000000018 4.5000000000000009 1.5000000000000002 8.5000000000000018 3.1550000000000007 8.5000000000000018 2.8500000000000001 4.5000000000000009 2.1500000000000008 0 1.7250000000000003 1 4.6225000000000014 54.750000000000007
decision_type=8 10 10 10 10 10 10 2 10 9 8 9 10 10
left_child=1 2 -1 -2 10 6 7 13 -3 12 -5 -12 -10 -4
right_child=3 8 5 4 -6 -7 -8 -9 9 -11 11 -13 -14 -15
leaf_value=0.0091385217406757344 -0.047361158307905563 -0.0011296886172463528 0.0048914288547848668 -0.0076256166178510351 -0.027155916876594601 0.00087724824352055557 -0.0090377880972747782 0.001559122563501077 0.0068764018289619189 -0.0089967417932959644 -0.0038184253171706425 -0.019394928884963948 -0.019365291309713567 0.011769392097577224
leaf_weight=2373.6260777711868 55.628218501806259 5170.2997209206223 1161.6726847589016 935.96704836934805 237.5511506870389 4695.6294490247965 197.19267326593399 1212.6905209869146 326.70912063121796 1290.3047797828913 207.07620979845524 670.25222321972251 45.557131133973598 1190.9826144576073
leaf_count=11804 1832 33304 4821 13373 4610 19684 839 5047 2337 9763 3170 10509 355 4941
internal_value=-6.80338e-05 0.00166537 0.00421846 -0.0145737 -0.0135713 0.00283315 0.00526971 0.00607258 -0.00238204 -0.00626155 -0.0117219 -0.016024 0.0033618 0.00839083
internal_weight=19771.1 17664.7 10831.8 2106.47 2050.85 8458.17 3762.54 3565.35 6832.87 1662.57 1813.3 877.328 372.266 2352.66
internal_count=126389 92895 47136 33494 31662 35332 15648 14809 45759 12455 27052 13679 2692 9762
cat_boundaries=0 1 2
cat_threshold=176 1296
is_linear=0
shrinkage=0.05


Tree=53
num_leaves=15
num_cat=3
split_feature=10 10 10 10 6 7 0 11 6 4 5 11 5 11
split_gain=182.133 66.7009 25.8615 23.1145 19.0657 18.2873 15.4218 17.366 13.4083 12.4445 12.1647 12.7395 12.0767 11.7728
threshold=8.5000000000000018 2.5000000000000004 8.5000000000000018 5.5000000000000009 3.2400000000000007 40.245000000000012 4.5000000000000009 0 4.1887500000000006 4.9000000000000012 1.7250000000000003 1 2.7500000000000004 2
decision_type=8 10 10 10 10 10 2 9 10 10 8 9 10 9
left_child=1 5 -2 -3 10 6 12 -8 13 -6 -4 -12 -1 -5
right_child=2 3 4 8 9 -7 7 -9 -10 -11 11 -13 -14 -15
leaf_value=0.011032136697122382 -0.047115832010173463 0.0012227693212825698 -0.0073130697764415891 -0.005688162501150739 0.019134131075171514 0.00099696550103677722 0.015907437340986666 0.00097254616177211331 -0.019881990822815585 -0.030068175679367787 -0.0039136888807611084 -0.018818669867786089 -0.0028441068585917176 -0.00049481947554871745
leaf_weight=2486.2097396999598 53.209219604730606 7863.7796197086573 934.75166155025363 1955.9695864096284 10.43113014474511 1240.6917544305325 221.44344954192638 1132.8765854239464 113.26336763799191 199.51916591823101 210.63344839960337 672.20356130227447 165.38343499600887 2466.7125161513686
leaf_count=11432 1832 35316 13459 14784 191 5407 1033 4976 1055 4000 3249 10763 733 18159
internal_value=-6.76645e-05 0.00158342 -0.0140403 -0.00041668 -0.0130586 0.00630631 0.0079474 0.00358824 -0.00325714 -0.0272354 -0.0113508 -0.0155606 0.0101629 -0.00280941
internal_weight=19727.1 17646.3 2080.75 12399.7 2027.54 5246.6 4005.91 1354.32 4535.95 209.95 1817.59 882.837 2651.59 4422.68
internal_count=126389 92895 33494 69314 31662 23581 18174 6009 33998 4191 27471 14012 12165 32943
cat_boundaries=0 1 2 3
cat_threshold=1536 1296 1545
is_linear=0
shrinkage=0.05


Tree=54
num_leaves=15
num_cat=2
split_feature=10 10 10 6 5 0 1 10 11 12 7 4 5 10
split_gain=166.765 50.5615 35.5513 21.339 17.4621 16.356 15.4632 13.1212 12.5734 12.2252 11.8653 13.8624 11.649 11.2137
threshold=7.5000000000000009 2.5000000000000004 11.500000000000002 3.2050000000000005 -0.6499999999999998 2.5000000000000004 55.250000000000007 4.5000000000000009 0 1 39.710000000000015 1.2916666666666667 1.6500000000000001 11.500000000000002
decision_type=8 10 8 10 8 2 10 10 9 1 10 8 8 10
left_child=1 4 3 9 -1 -6 8 -3 -7 -2 11 -8 -11 -4
right_child=2 7 13 -5 5 6 10 -9 -10 12 -12 -13 -14 -15
leaf_value=0.019494239806223671 -0.0035026831566410837 0.001786814263616255 -0.046868308755057403 -0.022359908081706011 0.01496068151690696 0.0054266329942613892 0.022443476794536805 -0.0016216107998324892 -0.0023528686499108215 -0.0058644493768455486 0.0027692964263142344 0.0080220956653682118 -0.015228493121950473 -0.021156241303200391
leaf_weight=225.17168490588665 1212.6734725795686 5578.2859642803669 50.900545910000801 254.71425203606486 405.15590877830982 960.90423214435577 187.30781021714211 5707.7184891998768 1098.4307505041361 668.55128584429622 974.42753539979458 1385.2069125026464 675.562195494771 300.33055854216218
leaf_count=1123 14758 23555 1832 4321 1905 4243 925 34843 4796 7799 4312 6277 8930 6770
internal_value=-6.64437e-05 0.00194781 -0.0105757 -0.00867079 0.00600581 0.00538093 0.00452301 6.31024e-05 0.00129636 -0.00726606 0.00712428 0.00980557 -0.0105318 -0.025488
internal_weight=19685.3 16522.6 3162.73 2811.5 5236.6 5011.43 4606.28 11286 2059.33 2556.79 2546.94 1572.51 1344.11 351.231
internal_count=126389 81979 44410 35808 23581 22458 20553 58398 9039 31487 11514 7202 16729 8602
cat_boundaries=0 1 2
cat_threshold=1795 10
is_linear=0
shrinkage=0.05


Tree=55
num_leaves=15
num_cat=1
split_feature=10 10 10 12 6 6 5 1 7 2 0 0 7 0
split_gain=154.286 54.8525 24.5174 20.7868 17.7078 15.5364 15.0529 13.5131 12.6075 12.6065 16.5866 11.8802 11.4615 14.246
threshold=8.5000000000000018 3.5000000000000004 8.5000000000000018 0 2.1816666666666671 1.0000000180025095e-35 3.1500000000000008 53.500000000000007 44.010000000000012 14.500000000000002 4.5000000000000009 5.5000000000000009 39.34500000000002 2.5000000000000004
decision_type=8 10 10 1 10 10 10 10 10 10 2 2 8 2
left_child=1 3 -2 5 -4 -1 7 -3 -9 10 -7 -12 -5 -14
right_child=2 6 4 12 -6 9 -8 8 -10 -11 11 -13 13 -15
leaf_value=0.013787303559361731 -0.046618288282196996 -0.00566049533049844 -0.0089572031275867558 0.0051121780203219683 -0.019255640525455621 0.012332730372998334 -0.0071586550343135675 0.00017895508084509392 0.041544830299485275 0.0026692781434501482 -0.0051838222321996365 0.0073516298885155373 0.011839924848080642 -0.0019864384789786832
leaf_weight=658.74958096444607 48.697430342435837 1092.6389942541718 1380.0160116627812 1394.6798706501722 606.78096809983253 1109.1891593039036 931.46466841548681 7442.5561927706003 13.465681366622446 1972.7759281545877 287.94932021200657 529.88548362255096 200.66977833211422 1974.7152326107025
leaf_count=3073 1832 6735 19915 6078 11747 4869 6723 43991 87 8532 1236 2286 878 8407
internal_value=-6.4292e-05 0.00144354 -0.0130799 0.00445597 -0.0121429 0.00668742 -0.00114043 -0.000480876 0.000281454 0.00548912 0.00836153 0.00293337 0.0015782 -0.000686791
internal_weight=19644.2 17608.7 2035.49 8128.61 1986.8 4558.55 9480.13 8548.66 7456.02 3899.8 1927.02 817.835 3570.06 2175.39
internal_count=126389 92895 33494 35359 31662 19996 57536 50813 44078 16923 8391 3522 15363 9285
cat_boundaries=0 1
cat_threshold=9
is_linear=0
shrinkage=0.05


Tree=56
num_leaves=15
num_cat=1
split_feature=10 10 10 10 3 5 6 0 4 1 6 4 4 11
split_gain=140.979 50.5359 23.9031 18.0429 17.4897 15.8212 14.9041 14.221 15.2174 13.9429 12.035 11.7326 10.8021 12.1841
threshold=8.5000000000000018 2.5000000000000004 8.5000000000000018 5.5000000000000009 7.5000000000000009 -0.6499999999999998 1.8400000000000005 2.5000000000000004 9.6333333333333346 55.250000000000007 4.1887500000000006 1.2916666666666667 6.366666666666668 0
decision_type=8 10 10 10 8 8 10 2 10 10 10 8 8 9
left_child=1 5 -2 -3 -4 -1 -6 -7 9 -9 12 -11 -5 -14
right_child=2 3 4 10 6 7 -8 8 -10 11 -12 -13 13 -15
leaf_value=0.018405019707121863 -0.046365480688854183 0.0010787835699592543 -0.0049373186181365806 0.00014313455198620821 -0.0099528432268599989 0.013876177765701809 -0.020764399652424229 0.00037436362406372773 0.018237032892563832 0.016046584167825017 -0.018818526501712066 0.0048189839824760517 -0.00983335167086399 -0.0021502571418523272
leaf_weight=222.74939265847206 46.595273032784462 7865.5328790545464 654.61234933882952 2088.3387005552649 707.8558247461915 401.71426810324192 603.70865218341351 1964.5111258924007 178.2120608985424 257.00824807584286 110.60846468061209 2194.4279704242945 781.69966285675764 1530.7087975591421
leaf_count=1123 1832 35316 9566 15037 10601 1905 11495 8619 812 1264 1055 9858 6362 11544
internal_value=-6.16594e-05 0.00137348 -0.0125799 -0.000366927 -0.0116637 0.00549758 -0.0149893 0.00490425 0.00410551 0.00351523 -0.00288592 0.00602635 -0.00246457 -0.00481482
internal_weight=19608.3 17595.5 2012.77 12376.9 1966.18 5218.62 1311.56 4995.87 4594.16 4415.95 4511.36 2451.44 4400.75 2312.41
internal_count=126389 92895 33494 69314 31662 23581 22096 22458 20553 19741 33998 11122 32943 17906
cat_boundaries=0 1
cat_threshold=1793
is_linear=0
shrinkage=0.05


Tree=57
num_leaves=15
num_cat=2
split_feature=10 10 10 0 7 5 2 11 5 11 6 1 4 3
split_gain=128.791 46.0759 23.2824 22.9891 17.6672 17.0034 15.7151 15.6425 12.8008 11.6549 22.5491 11.8824 11.4658 11.2947
threshold=8.5000000000000018 4.5000000000000009 8.5000000000000018 3.5000000000000004 38.636666666666677 3.0500000000000003 14.500000000000002 0 1.2250000000000003 1 1.8050000000000004 54.750000000000007 2.7750000000000004 7.5000000000000009
decision_type=8 10 10 2 8 10 10 9 8 9 8 10 8 8
left_child=1 3 -2 6 -5 13 -1 8 -6 10 11 -3 -11 -4
right_child=2 9 5 4 7 -7 -8 -9 -10 12 -12 -13 -14 -15
leaf_value=0.0092380646232941826 -0.046109633476457704 -0.0075884030870919349 -0.0032009204304374013 0.0064750930326124114 0.0089339928130858729 -0.021325703810237531 0.0027908013414370126 -0.0012514920634571669 -0.00081903425401672275 -0.0095149938210703899 -0.011940441777599382 0.0027927415781002231 6.3982174487060215e-05 -0.012041618729567383
leaf_weight=2170.6841237992048 44.589637905359268 423.1456823348999 556.29257332533598 1467.8593973070383 809.9148862361908 339.65698963776231 1681.7258084863424 4089.000318557024 571.66027362644672 330.62698280066252 753.22224670648575 769.18326859921217 4512.7095766961575 1050.6139928326011
leaf_count=9629 1832 2743 7846 6443 3548 6745 7422 17646 2448 1996 5800 4842 30378 17071
internal_value=-5.99725e-05 0.00130628 -0.0120955 0.00333604 0.00161432 -0.0112003 0.00643085 0.000305359 0.00487488 -0.00192008 -0.0051722 -0.000907727 -0.000597825 -0.00900049
internal_weight=19570.9 17579.7 1991.15 10790.8 6938.43 1946.56 3852.41 5470.58 1381.58 6788.89 1945.55 1192.33 4843.34 1606.91
internal_count=126389 92895 33494 47136 30085 31662 17051 23642 5996 45759 13385 7585 32374 24917
cat_boundaries=0 1 2
cat_threshold=1792 1537
is_linear=0
shrinkage=0.05


Tree=58
num_leaves=15
num_cat=1
split_feature=10 10 10 6 10 2 5 0 1 4 10 4 1 11
split_gain=117.747 36.721 30.5912 18.5673 15.0731 12.7602 14.9132 11.5922 11.3973 11.0747 10.4595 12.2009 10.1093 9.50499
threshold=7.5000000000000009 1.5000000000000002 11.500000000000002 3.2050000000000005 4.5000000000000009 8.5000000000000018 2.8500000000000001 4.5000000000000009 54.250000000000007 1.9000000000000001 11.500000000000002 8.3666666666666689 58.250000000000007 0
decision_type=8 10 8 10 10 10 10 2 8 10 10 8 8 9
left_child=1 12 3 8 5 6 7 -3 -2 -9 -4 -12 -1 -10
right_child=2 4 10 -5 -6 -7 -8 9 13 -11 11 -13 -14 -15
leaf_value=0.0079492475597954821 -0.0098626000648371244 0.006951125049559412 -0.045850497469191315 -0.020427893937082185 -0.0013335433413133218 0.00025506242435070656 -0.0090779918582091675 -0.0092546257559120767 0.0035652277682387298 0.0031507269060817491 -0.0040785987526514769 -0.026346847357311045 -0.012640842882379537 -0.0055067207332945445
leaf_weight=2275.8337834477425 1075.4841038770974 2350.5109178125858 42.67626291513443 240.95059864595532 5687.224629431963 4694.8381036221981 196.9106467217207 214.24567550420761 388.97335850819945 998.63509584963322 92.466583479195833 191.99966372922063 56.896711587905884 1031.6608864180744
leaf_count=11538 13790 9762 1832 4321 34843 19684 839 890 4752 4157 2123 4647 266 12945
internal_value=-5.87288e-05 0.00161589 -0.00905049 -0.00729524 0.000656064 0.00199434 0.00416265 0.00490602 -0.00598924 0.000930422 -0.0234051 -0.019304 0.00742108 -0.00303262
internal_weight=19539.3 16475.1 3064.21 2737.07 14142.4 8455.14 3760.3 3563.39 2496.12 1212.88 327.143 284.466 2332.73 1420.63
internal_count=126389 81979 44410 35808 70175 35332 15648 14809 31487 5047 8602 6770 11804 17697
cat_boundaries=0 1
cat_threshold=112
is_linear=0
shrinkage=0.05


Tree=59
num_leaves=15
num_cat=1
split_feature=10 10 10 6 7 1 5 0 11 5 6 4 2 4
split_gain=108.752 39.6918 21.9488 15.6819 14.9025 14.5449 14.2841 13.166 13.776 12.6838 12.398 12.1093 12.0573 12.8917
threshold=8.5000000000000018 2.5000000000000004 8.5000000000000018 3.2400000000000007 40.310000000000009 53.500000000000007 2.4500000000000006 3.5000000000000004 0 3.5500000000000003 2.3050000000000006 4.9000000000000012 8.5000000000000018 7.7750000000000012
decision_type=8 10 10 10 10 10 10 2 9 10 8 10 8 10
left_child=1 4 -2 -4 7 10 12 9 -9 -1 -3 -5 13 -7
right_child=2 5 3 11 -6 6 -8 8 -10 -11 -12 -13 -14 -15
leaf_value=0.010931799362385834 -0.045587844769136812 -0.0023810767442885303 -0.0088375436294106623 0.021987066171705705 -0.00014813954148942972 0.0049032019653856224 -0.0036101906620901267 0.013304110221685131 0.0025647741906996268 -0.011763938149982729 -0.013025649488239586 -0.027052251837332314 -0.00027291600579571758 -0.0036310479849680903
leaf_weight=1444.7458274960518 40.851049810647964 1118.1929083019495 1724.8052091635764 9.8706933706998807 1157.3326859623194 2751.0842867195606 1934.9501465335488 334.97968067228794 2196.9683999717236 60.343236446380615 358.5453152358532 177.97696700505912 5670.645171225071 523.35900663584471
leaf_count=6852 1832 6402 27471 191 5065 14432 12306 1576 9817 271 2361 4000 30572 3241
internal_value=-5.79654e-05 0.00118873 -0.0112333 -0.0103826 0.00485382 -0.000353286 0.000279519 0.00628619 0.00407157 0.00998593 -0.00500076 -0.0239722 0.00112247 0.0035357
internal_weight=19504.7 17551.1 1953.5 1912.65 5194.37 12356.8 10880 4037.04 2531.95 1505.09 1476.74 187.848 8945.09 3274.44
internal_count=126389 92895 33494 31662 23581 69314 60551 18516 11393 7123 8763 4191 48245 17673
cat_boundaries=0 1
cat_threshold=1536
is_linear=0
shrinkage=0.05


Tree=60
num_leaves=15
num_cat=3
split_feature=10 10 10 6 12 10 7 11 6 4 3 3 5 11
split_gain=99.5117 35.6373 26.6893 15.3434 14.9205 14.3248 14.0122 13.1687 25.3383 12.7147 12.6101 12.1024 11.1286 9.89898
threshold=6.5000000000000009 10.500000000000002 1.5000000000000002 4.1887500000000006 0 10.500000000000002 41.655000000000015 1 1.7050000000000003 7.6333333333333337 8.5000000000000018 3.5000000000000004 1.0000000180025095e-35 2
decision_type=8 8 10 10 1 10 10 9 10 10 8 10 8 9
left_child=2 3 13 7 -4 -3 -6 8 9 -2 -7 -8 -9 -1
right_child=1 5 4 -5 6 10 11 12 -10 -11 -12 -13 -14 -15
leaf_value=0.011963708030594638 0.003188913758671974 -0.045321478610062249 -0.00093504471348502768 -0.02283689410011628 0.0031187820069165685 -0.0048298847696579862 -0.017872538658347027 -0.018455450244148068 -0.02039353949227303 -0.021557619630770075 -0.020244729390689904 -0.0004498830010483638 -0.0021767493950966455 0.004644082783177397
leaf_weight=665.80036096274853 292.69538912177086 39.110053896903992 5544.183433547616 108.67742834985256 6612.0614874064922 201.6451817303896 139.50370991230011 103.94547801464796 329.73108785971999 57.882950253784657 405.93452730774879 322.16042812168598 2997.463974840939 1653.2676092237234
leaf_count=3505 2694 1832 26006 1606 30505 4119 640 964 4072 572 9171 1598 30806 8299
internal_value=-5.59401e-05 -0.00653695 0.00191419 -0.00471709 0.00100684 -0.0173648 0.00252617 -0.0041669 -0.010402 -0.00114259 -0.01521 -0.00584967 -0.00274234 0.00683821
internal_weight=19474.1 4537.09 14937 3890.4 12617.9 646.69 7073.73 3781.72 680.309 350.578 607.58 461.664 3101.41 2319.07
internal_count=126389 55836 70553 40714 58749 15122 32743 39108 7338 3266 13290 2238 31770 11804
cat_boundaries=0 1 2 3
cat_threshold=4 513 1281
is_linear=0
shrinkage=0.05


Tree=61
num_leaves=15
num_cat=0
split_feature=10 10 10 5 5 1 5 0 4 1 6 2 4 3
split_gain=91.8961 33.284 20.6294 15.2493 13.7782 12.8734 12.527 12.0387 13.5324 11.8762 11.2274 10.9898 11.2473 10.9106
threshold=8.5000000000000018 2.5000000000000004 8.5000000000000018 1.7250000000000003 -0.6499999999999998 53.500000000000007 2.4500000000000006 2.5000000000000004 9.7750000000000021 55.250000000000007 2.3050000000000006 8.5000000000000018 7.7750000000000012 7.5000000000000009
decision_type=8 10 10 8 8 10 10 2 10 10 8 8 10 10
left_child=1 4 -2 -4 -1 10 11 -6 9 -9 -3 12 -7 -5
right_child=2 5 3 13 7 6 -8 8 -10 -11 -12 -13 -14 -15
leaf_value=0.016603796076164853 -0.045051214095726516 -0.0022196764244303028 -0.0049289108157385001 -0.0073904988212343814 0.012207339978812098 0.0046307842221908046 -0.0033823523112714859 -0.00028993732477342933 0.016718698208757349 0.0049381541806118355 -0.012382404963517819 -0.00027790438362169999 -0.0033519007714964593 -0.018317528033884419
leaf_weight=218.47515271604061 37.449490860104561 1116.2536493688822 910.02192827127874 392.44216813892126 395.98403300344944 2755.6650253683329 1929.3791564516723 1957.1724466532469 172.07817898690701 2434.584789738059 355.57665415480733 5669.3139981403947 521.45431966334581 579.46932807751
leaf_count=1123 1832 6402 14038 6360 1905 14432 12306 8627 794 11132 2361 30572 3241 11264
internal_value=-5.5296e-05 0.00108324 -0.0104271 -0.00962058 0.00444585 -0.000328179 0.000266502 0.00389412 0.00316025 0.00261059 -0.00470848 0.00105486 0.00335741 -0.0139658
internal_weight=19445.3 17525.9 1919.38 1881.93 5178.29 12347.6 10875.8 4959.82 4563.84 4391.76 1471.83 8946.43 3277.12 971.911
internal_count=126389 92895 33494 31662 23581 69314 60551 22458 20553 19759 8763 48245 17673 17624
is_linear=0
shrinkage=0.05


Tree=62
num_leaves=15
num_cat=4
split_feature=10 10 10 0 7 5 11 2 11 11 6 5 4 11
split_gain=83.834 30.4962 20.0222 19.2869 15.3078 14.6764 12.7946 12.6973 11.2579 10.6625 18.4288 10.6297 10.6207 10.3597
threshold=8.5000000000000018 4.5000000000000009 8.5000000000000018 3.5000000000000004 38.636666666666677 3.0500000000000003 0 14.500000000000002 1 2 1.8050000000000004 1.2250000000000003 2.7750000000000004 3
decision_type=8 10 10 2 8 10 9 10 9 9 8 8 8 9
left_child=1 3 -2 7 -5 13 11 8 -1 10 -3 -6 -11 -4
right_child=2 9 5 4 6 -7 -8 -9 -10 12 -12 -13 -14 -15
leaf_value=0.01453004029966239 -0.044776884856321184 -0.00088693128749290718 -0.0028115457068517619 0.0056387775798495254 0.0077353008938830488 -0.018959887342777666 -0.0015193448910878627 0.0022489177203181944 0.0058948154231335519 -0.00895176364752393 -0.010914961065613569 -0.0011611212882719614 0.00029981544461011006 -0.01110974053198688
leaf_weight=509.65086793899536 35.86572653055191 1191.4554841518402 755.88061775639653 1462.9331433624029 806.561438575387 317.52444434724748 4082.0710395723581 1675.0685970187187 1650.1568343043327 328.17418348044157 740.39058823511004 570.72174714505672 4497.7173157185316 792.95588524639606
leaf_count=2280 1832 7585 11937 6443 3548 6745 17646 7422 7349 1996 5800 2448 30378 12980
internal_value=-5.34961e-05 0.00103022 -0.0100085 0.00268338 0.00110601 -0.00922247 -0.000112671 0.00552552 0.00805568 -0.00160136 -0.00472409 0.00402877 -0.000337234 -0.00717163
internal_weight=19417.1 17514.9 1902.23 10757.2 6922.29 1866.36 5459.35 3834.88 2159.81 6757.74 1931.85 1377.28 4825.89 1548.84
internal_count=126389 92895 33494 47136 30085 31662 23642 17051 9629 45759 13385 5996 32374 24917
cat_boundaries=0 1 2 3 4
cat_threshold=1792 257 1537 1234
is_linear=0
shrinkage=0.05


Tree=63
num_leaves=15
num_cat=2
split_feature=10 10 10 6 10 12 4 7 11 6 4 3 5 4
split_gain=77.2495 30.0663 21.9614 13.9456 13.2861 13.0034 12.3488 12.2215 11.5687 22.5131 11.6376 11.1456 10.5567 9.70304
threshold=6.5000000000000009 10.500000000000002 1.5000000000000002 4.1887500000000006 10.500000000000002 0 9.6333333333333346 41.655000000000015 1 1.7050000000000003 7.6333333333333337 3.5000000000000004 1.0000000180025095e-35 2.9000000000000004
decision_type=8 8 10 10 10 1 10 10 9 10 10 10 8 8
left_child=2 3 -1 8 -3 -4 -6 -7 9 10 13 -9 -10 -2
right_child=1 4 5 -5 6 7 -8 11 12 -11 -12 -13 -14 -15
leaf_value=0.0061612569915516684 -0.023276306438460632 -0.044498346958524608 -0.00095762704439505031 -0.021697705369865521 -0.0086711051992847607 0.002826704633214403 -0.024150412358402946 -0.017128248462771622 -0.017715405621821948 -0.019137953158050187 -0.020611561058942917 -0.00037854830993377963 -0.0017453080791594796 0.0062596218580986424
leaf_weight=2302.9361079931259 26.059343557804823 34.355273470282555 5540.1903394162655 105.19365667924285 394.60030877031386 6612.9979858249426 194.03806638717651 138.84408096969128 102.31214962899685 319.82297500222921 56.541012287139893 321.61406056582928 2975.8036432601511 266.13645189628005
leaf_count=11804 222 1832 26006 1606 8597 30505 4693 640 964 4072 572 1598 30806 2472
internal_value=-5.19932e-05 -0.00581003 0.00167674 -0.00414976 -0.0159605 0.000855867 -0.0139341 0.00227408 -0.00362882 -0.00952461 -0.000831668 -0.0055589 -0.00229655 0.00327819
internal_weight=19391.4 4474.86 14916.6 3851.87 622.994 12613.6 588.638 7073.46 3746.68 668.56 348.737 460.458 3078.12 292.196
internal_count=126389 55836 70553 40714 15122 58749 13290 32743 39108 7338 3266 2238 31770 2694
cat_boundaries=0 1 2
cat_threshold=4 513
is_linear=0
shrinkage=0.05


Tree=64
num_leaves=15
num_cat=4
split_feature=10 10 0 2 11 10 12 1 3 11 6 1 7 11
split_gain=70.8898 32.2379 18.0351 18.9902 16.1736 15.778 13.7837 13.601 12.148 11.7402 20.8047 11.0209 10.3793 10.3505
threshold=9.5000000000000018 4.5000000000000009 4.5000000000000009 14.500000000000002 0 9.5000000000000018 1 55.250000000000007 7.5000000000000009 2 1.7800000000000005 54.750000000000007 40.245000000000012 3
decision_type=8 10 2 10 9 10 1 8 8 9 8 10 10 9
left_child=1 2 3 4 -1 -2 -6 8 -7 10 11 -3 -5 -4
right_child=5 9 13 12 6 7 -8 -9 -10 -11 -12 -13 -14 -15
leaf_value=0.010235922288224243 -0.044215478436568187 -0.0071187546026072876 -0.0028365346165076383 0.0029821506859233136 -0.00066000953795045255 -0.0045977996116345317 0.007211212390786626 -0.0053822310560620035 -0.021312372200823999 -0.00056862001388643371 -0.010983063740617223 0.0025759614917955135 -0.0032926406479607245 0.0023308867580783448
leaf_weight=1564.4877413660288 32.91478756070137 451.66715823858976 1950.9721912294626 2171.7723695337772 1041.0249392390251 154.64543530531228 1182.9214262515306 538.05039381049573 389.09540403448045 5383.3117027692497 854.22116320207715 814.01039162278175 940.50775419175625 1896.3817098587751
leaf_count=6933 1832 3147 8425 9671 4525 2823 5247 10704 8192 39562 7606 5387 4059 8276
internal_value=-5.23512e-05 0.000696652 0.00245194 0.00398036 0.00635545 -0.0122643 0.00354697 -0.0110932 -0.0166438 -0.00181769 -0.00495482 -0.000898074 0.00108372 -0.000291078
internal_weight=19366 18251.3 10748.1 6900.71 3788.43 1114.71 2223.95 1081.79 543.741 7503.21 2119.9 1265.68 3112.28 3847.35
internal_count=126389 102838 47136 30435 16705 23551 9772 21719 11015 55702 16140 8534 13730 16701
cat_boundaries=0 1 2 3 4
cat_threshold=769 4 1537 91
is_linear=0
shrinkage=0.05


Tree=65
num_leaves=15
num_cat=1
split_feature=10 10 10 11 4 1 7 3 10 7 10 4 3 5
split_gain=65.329 22.2926 22.274 16.1652 23.5722 11.4652 9.82539 11.437 9.21902 13.4987 9.08129 11.562 8.83519 15.5682
threshold=7.5000000000000009 11.500000000000002 1.5000000000000002 0 7.2250000000000005 54.250000000000007 39.34500000000002 3.5000000000000004 3.5000000000000004 41.655000000000015 11.500000000000002 9.2916666666666696 1.5000000000000002 0.15000000000000005
decision_type=8 8 10 9 10 10 8 8 10 8 10 10 8 10
left_child=2 3 12 4 -2 -5 -4 8 -8 -10 -3 -12 13 -1
right_child=1 10 6 5 -6 -7 7 -9 9 -11 11 -13 -14 -15
leaf_value=0.01534021277752169 -0.0035676639660080188 -0.043928173216282063 0.0023080530713402506 -0.0063496186950094957 -0.020525083604724326 0.0016146256728955734 -0.00054973720527622518 0.0006432758235146637 -0.0045080387747936266 -0.021275366986673941 -0.0062273595555433162 -0.027403739333326779 0.0034698447373488444 0.00083836443040226968
leaf_weight=498.46827952563763 452.42930795997381 31.541064590215683 4676.5788530781865 992.7330976985395 373.60093073546886 822.98346539586782 1542.6636554002762 6616.9164625480771 1148.3834155648947 129.84988567978144 141.9593400657177 119.29382309876382 1501.1707700043917 293.5933586359024
leaf_count=2693 5727 1832 22503 13510 5886 10685 6293 34681 5985 713 3522 3248 7592 1519
internal_value=-5.07564e-05 -0.00691522 0.0011787 -0.00544106 -0.0111801 -0.00273027 0.000435271 -0.000493451 -0.00315627 -0.00628762 -0.0199012 -0.01623 0.00574347 0.0100038
internal_weight=19342.2 2934.54 16407.6 2641.75 826.03 1815.72 14114.4 9437.81 2820.9 1278.23 292.794 261.253 2293.23 792.062
internal_count=126389 44410 81979 35808 11613 24195 70175 47672 12991 6698 8602 6770 11804 4212
cat_boundaries=0 1
cat_threshold=1793
is_linear=0
shrinkage=0.05


Tree=66
num_leaves=15
num_cat=2
split_feature=10 10 0 10 7 1 3 11 5 11 2 3 1 6
split_gain=60.4985 27.1847 16.7174 14.8737 13.2132 12.4675 11.3045 11.1144 11.0587 17.2138 16.6075 14.8052 11.444 12.7733
threshold=9.5000000000000018 4.5000000000000009 3.5000000000000004 9.5000000000000018 38.636666666666677 55.250000000000007 7.5000000000000009 0 1.7750000000000001 1 14.500000000000002 3.5000000000000004 54.750000000000007 3.7550000000000003
decision_type=8 10 2 10 8 8 8 9 8 9 8 10 10 10
left_child=1 2 -1 -2 -4 6 -5 -6 10 12 -3 -12 -10 -14
right_child=3 8 4 5 7 -7 -8 -9 9 -11 11 -13 13 -15
leaf_value=0.0048981172718074294 -0.043636346828494509 0.0031627541111086347 0.0049954550124431361 -0.0040867358160496924 0.0026756409756997931 -0.004853656096496111 -0.020319079623931861 -0.0020257351184285433 -0.0040864480784611771 -0.0071529487983876469 -0.0109920963033769 -0.00090642478370497187 0.0066518680187135915 -0.018191690220396312
leaf_weight=3825.9751771688461 30.231033429503441 2099.1861616410315 1460.0434431880713 153.09477079473436 1937.8825255930424 532.39336825348437 378.01845687814057 3514.6286937594414 757.91323111578822 1776.630230255425 459.24259485304356 1687.9433729723096 654.81798224151134 51.352937929332256
leaf_count=17051 1832 14464 6443 2823 8430 10704 8192 15212 5853 15092 2944 12133 4758 458
internal_value=-5.00811e-05 0.000636652 0.00224863 -0.0114444 0.000779709 -0.0103294 -0.0157218 -0.000352703 -0.00167532 -0.00387255 4.11592e-06 -0.00308409 0.000166496 0.00473004
internal_weight=19319.4 18225.6 10738.5 1093.74 6912.55 1063.51 531.113 5452.51 7487.09 3240.71 4246.37 2147.19 1464.08 706.171
internal_count=126389 102838 47136 23551 30085 21719 11015 23642 55702 26161 29541 15077 11069 5216
cat_boundaries=0 1 2
cat_threshold=1824 184
is_linear=0
shrinkage=0.05


Tree=67
num_leaves=15
num_cat=2
split_feature=10 10 10 5 3 11 1 6 12 5 2 0 5 4
split_gain=58.2198 51.0776 20.0376 19.6288 12.776 21.194 12.388 12.2089 11.2605 10.315 9.68343 9.23971 8.93426 11.7611
threshold=1.0000000180025095e-35 6.5000000000000009 1.5000000000000002 4.1500000000000012 7.5000000000000009 0 55.250000000000007 1.8354166666666669 1 1.7750000000000001 24.500000000000004 7.5000000000000009 3.1500000000000008 2.9000000000000004
decision_type=10 10 10 10 8 9 8 10 1 10 10 2 8 8
left_child=-1 2 -2 4 -3 7 -7 -6 12 -10 -9 -8 13 -4
right_child=1 3 8 -5 5 6 11 10 9 -11 -12 -13 -14 -15
leaf_value=-0.06050627533747896 0.0057812233101308778 -0.00079691484168154891 -0.0057588286272448816 -0.017562639282684683 -0.0076683577853989314 -0.0070933450213022317 0.0048487488626406394 -0.022522075115139595 0.0031178330543719262 -0.0012811003854538501 0.0053486775020736418 -0.012713186776318658 -0.0050384298126976857 0.0011456403343446974
leaf_weight=34.739746451377869 2278.3837616890669 1906.4559062886983 734.66317149996758 271.9897387214005 542.9317537676543 659.65988305024803 572.32647054828703 308.55321999453008 5297.2445749491453 1776.9033109024167 32.70300942286849 81.201607834547758 1092.9591547548771 3707.4303091913462
leaf_count=1859 11777 19868 3235 4755 6771 8804 7271 4995 24112 8631 504 1036 5243 17528
internal_value=-4.94552e-05 7.52456e-05 0.00147127 -0.00467062 -0.00379584 -0.00639 -0.00226719 -0.0123021 0.000690511 0.00200993 -0.0198125 0.0025867 -0.000997914 -1.45793e-06
internal_weight=19298.1 19263.4 14887.6 4375.82 4103.83 2197.38 1313.19 884.188 12609.2 7074.15 341.256 653.528 5535.05 4442.09
internal_count=126389 124530 70526 54004 49249 29381 17111 12270 58749 32743 5499 8307 26006 20763
cat_boundaries=0 1 2
cat_threshold=777 4
is_linear=0
shrinkage=0.05


Tree=68
num_leaves=15
num_cat=3
split_feature=10 10 10 5 4 11 11 5 5 12 7 3 3 7
split_gain=55.4689 46.308 18.1635 18.1577 11.8819 13.3647 12.0402 19.7621 11.7077 10.1634 10.0594 9.64289 8.64175 8.34507
threshold=1.0000000180025095e-35 6.5000000000000009 1.5000000000000002 4.1500000000000012 9.3666666666666689 0 1 1.5500000000000003 0.45000000000000007 2 41.655000000000015 3.5000000000000004 8.5000000000000018 41.310000000000009
decision_type=10 10 10 10 10 9 9 10 10 1 10 10 8 10
left_child=-1 2 -2 4 6 12 7 -3 -8 -4 13 -12 -6 -11
right_child=1 3 9 -5 5 -7 8 -9 -10 10 11 -13 -14 -15
leaf_value=-0.060225633510572023 0.005508001211740503 0.00043666031540457069 -0.00094865714209356607 -0.016954000262832798 0.0014354769129433535 -0.00018340321991265835 -0.0057013548807182748 -0.013469001280538623 0.001869055990642412 0.0020500650373529035 -0.016029784914487328 -0.00040026858897876773 -0.018171161365842004 0.011236726783090262
leaf_weight=33.218421429395676 2272.2411054074764 478.60372031480074 5534.1698117032647 267.95063064806163 65.589774960651994 251.9927369132638 731.47664735652506 542.34902057796717 1661.146351126954 6365.1709011793137 137.62824489921331 321.18382513523102 360.32477695681155 252.55557850003242
leaf_count=1859 11777 4748 26006 4755 875 3779 7978 6952 18928 29304 640 1598 5989 1201
internal_value=-4.90619e-05 7.044e-05 0.00139813 -0.00445865 -0.00362064 -0.00964408 -0.00241208 -0.00691255 -0.000450566 0.000655708 0.00190882 -0.00521086 -0.0148261 0.00240888
internal_weight=19275.6 19242.4 14882.9 4359.43 4091.48 677.907 3413.58 1020.95 2392.62 12610.7 7076.54 458.812 425.915 6617.73
internal_count=126389 124530 70526 54004 49249 10643 38606 11700 26906 58749 32743 2238 6864 30505
cat_boundaries=0 1 2 3
cat_threshold=681 515 4
is_linear=0
shrinkage=0.05


Tree=69
num_leaves=15
num_cat=2
split_feature=10 10 6 10 10 4 4 11 5 11 2 4 2 5
split_gain=52.8266 42.5572 18.7898 14.8139 13.8971 11.4664 10.3544 11.1574 14.4176 8.54799 9.84904 9.44558 8.15835 19.0325
threshold=1.0000000180025095e-35 5.5000000000000009 3.7550000000000003 9.5000000000000018 1.5000000000000002 4.9000000000000012 9.9000000000000021 0 0.075000000000000025 1 34.500000000000007 7.5500000000000007 8.5000000000000018 2.8500000000000001
decision_type=10 10 10 10 10 10 10 9 8 9 8 10 10 10
left_child=-1 4 3 9 -2 -4 7 -5 -9 11 -11 -3 13 -6
right_child=1 2 5 6 12 -7 -8 8 -10 10 -12 -13 -14 -15
leaf_value=-0.059907360069269014 0.0052470717941006037 -0.0018105113565330744 0.0069130309347852489 -0.014650692623049572 0.0032744094008524461 -0.020763371043598461 -0.017782784482627642 0.033160593729391001 -0.0033374337368404041 0.0018750629096844337 -0.005006882809807555 -0.0089647005038303983 -0.00030213070989224303 -0.0097442476491687302
leaf_weight=31.788010723888874 2266.3771054297686 1518.1555317305028 42.299936942756176 217.35733024775982 4519.6237055361271 221.24455842748284 220.8695120587945 23.551582742482424 515.08974070474505 2122.0616805665195 683.07104378193617 660.04688483849168 5918.0539380609989 294.5152777582407
leaf_count=1859 11777 12292 456 4395 19698 3691 5056 436 9984 17498 5519 6333 26023 1372
internal_value=-4.85557e-05 6.59859e-05 -0.00333241 -0.00274695 0.0016938 -0.0162752 -0.00836137 -0.00551009 -0.00142507 -0.00163909 0.000192645 -0.00397576 0.000941343 0.00246868
internal_weight=19254.1 19222.3 6223.75 5960.2 12998.6 263.544 976.868 755.999 538.641 4983.34 2805.13 2178.2 10732.2 4814.14
internal_count=126389 124530 65660 61513 58870 4147 19871 14815 10420 41642 23017 18625 47093 21070
cat_boundaries=0 1 2
cat_threshold=515 1545
is_linear=0
shrinkage=0.05


Tree=70
num_leaves=15
num_cat=2
split_feature=10 10 6 12 10 7 4 6 2 5 1 3 5 11
split_gain=50.2896 38.5349 17.3153 13.5867 13.5663 12.5289 10.6505 10.3362 10.2405 10.1906 10.036 8.76474 8.29104 10.3403
threshold=1.0000000180025095e-35 5.5000000000000009 3.7550000000000003 0 9.5000000000000018 38.345000000000013 4.9000000000000012 3.1050000000000009 102.50000000000001 -0.54999999999999993 55.250000000000007 7.5000000000000009 3.1500000000000008 1
decision_type=10 10 10 1 10 8 10 8 10 8 8 8 10 9
left_child=-1 3 4 12 -3 7 -4 -5 9 -7 11 -6 13 -2
right_child=1 2 6 5 10 8 -8 -9 -10 -11 -12 -13 -14 -15
leaf_value=-0.059551930604326488 0.0069509590205858235 -0.0015599366008518705 0.006572581862374834 0.0064159886612734172 -0.0026720416253445197 0.014338560348419275 -0.020088848084344451 0.023891793298224918 -0.0076436113039739205 0.002202326382325748 -0.0029411447546032199 -0.017504547357375239 -0.0073699980668180598 -0.00049138693646080475
leaf_weight=30.442834168672562 503.7054730951786 4977.5612193234265 42.519674222916365 1006.1910718232393 143.70438844524324 173.38164691627026 217.50436340272427 88.559961214661598 251.55219106376171 5948.1970208436251 490.81206474639475 335.19471594318748 377.9731322824955 4644.33930785954
leaf_count=1859 2274 41642 456 4592 2638 853 3691 433 1138 26888 9832 7401 1752 20940
internal_value=-4.81925e-05 6.16274e-05 -0.00317766 0.00160969 -0.002618 0.00299761 -0.0156874 0.00793189 0.00214916 0.00255748 -0.0080132 -0.0131273 -0.00027189 0.000255376
internal_weight=19231.6 19201.2 6207.3 12993.9 5947.27 7467.88 260.024 1094.75 6373.13 6121.58 969.711 478.899 5526.02 5148.04
internal_count=126389 124530 65660 58870 61513 33904 4147 5025 28879 27741 19871 10039 24966 23214
cat_boundaries=0 1 2
cat_threshold=4 256
is_linear=0
shrinkage=0.05


Tree=71
num_leaves=15
num_cat=2
split_feature=10 10 5 10 3 11 6 1 2 2 0 12 7 5
split_gain=47.857 35.0188 15.8237 14.4261 9.95631 18.6272 11.2255 10.8212 9.14698 8.54336 8.51133 8.35687 9.13481 8.59447
threshold=1.0000000180025095e-35 6.5000000000000009 4.1500000000000012 1.5000000000000002 7.5000000000000009 0 1.8354166666666669 55.250000000000007 24.500000000000004 99.500000000000014 7.5000000000000009 1 41.690000000000012 3.1500000000000008
decision_type=10 10 10 10 8 9 10 8 10 10 2 1 10 8
left_child=-1 3 4 -2 -3 6 -6 -7 -8 11 -9 13 -13 -5
right_child=1 2 -4 9 5 7 8 10 -10 -11 -12 12 -14 -15
leaf_value=-0.059160254909508658 0.0048856219297721279 -0.00048020076310040162 -0.01574699147681868 0.00032273536898835744 -0.0066090014700675888 -0.0061445621260618061 -0.021125919658231632 0.0051154041001667851 0.006065925104816682 -0.0058437635365602069 -0.011874441890595194 0.0024494040018982924 -0.0051348745086016003 -0.004730071796365181
leaf_weight=29.177402161061764 2258.0244802981615 1896.9208290260285 260.06028271652758 4282.8445550501347 532.40653874352574 647.92185050621629 296.89701223932207 569.87557237409055 32.283127816393971 496.79246558248997 79.755753254517913 6369.4352656304836 418.7750108987093 1042.2256510257721
leaf_count=1859 11777 19868 4755 20026 6771 8804 4995 7271 504 2294 1036 29358 2052 5019
internal_value=-4.67439e-05 5.85538e-05 -0.00390367 0.00120969 -0.00312587 -0.00544375 -0.0110695 -0.00158289 -0.0184083 0.000549784 0.00295478 0.000814301 0.00197518 -0.000668458
internal_weight=19213.4 19184.2 4316.12 14868.1 4056.06 2159.14 861.587 1297.55 329.18 12610.1 649.631 12113.3 6788.21 5325.07
internal_count=126389 124530 54004 70526 49249 29381 12270 17111 5499 58749 8307 56455 31410 25045
cat_boundaries=0 1 2
cat_threshold=777 4
is_linear=0
shrinkage=0.05


Tree=72
num_leaves=15
num_cat=3
split_feature=10 10 1 10 5 6 2 11 7 3 11 11 7 6
split_gain=45.5229 32.6819 16.5624 15.3791 11.613 10.9301 10.601 9.42044 8.93165 9.05054 13.2458 8.76879 8.72196 11.2843
threshold=1.0000000180025095e-35 8.5000000000000018 53.500000000000007 1.5000000000000002 1.7250000000000003 2.5450000000000008 22.500000000000004 0 39.310000000000009 1.5000000000000002 1 2 39.590000000000011 1.8400000000000005
decision_type=10 10 10 10 8 8 8 9 10 10 9 9 8 8
left_child=-1 2 5 -4 6 -2 11 12 -5 10 -10 -3 -6 -14
right_child=1 4 3 8 7 -7 -8 -9 9 -11 -12 -13 13 -15
leaf_value=-0.058733651720017835 -0.0018645423648379214 0.014678525041342842 0.005184635297056428 0.0022117571318849218 -0.01957904318533743 -0.011583137505739655 -0.01051531786620047 -0.014433835715377874 -0.012218528608133668 0.00013093163766666091 0.00051020994261620999 -0.0012598504078580259 0.016470238939097218 -0.0056420308858587294
leaf_weight=27.986435160040855 1451.7182914018631 88.426384506747127 2126.0675081014633 5295.3191074617207 64.362159917131066 357.19663847237825 264.62949804216623 543.43898937664926 366.5322757512331 7361.674930151552 446.06708023697138 512.92070447281003 73.250633979216218 214.65514301322401
leaf_count=1859 8031 1390 11154 26734 1090 2270 4265 11062 1702 40910 2067 8383 1127 4345
internal_value=-4.63672e-05 5.46234e-05 0.000712157 0.00123776 -0.00642512 -0.00381026 -0.00227583 -0.0104018 0.000613082 -0.000423264 -0.00541405 0.00140686 -0.0035629 0.000169015
internal_weight=19194.2 19166.3 17404.6 15595.7 1761.68 1808.91 865.977 895.707 13469.6 8174.27 812.599 601.347 352.268 287.906
internal_count=126389 124530 92868 82567 31662 10301 14038 17624 71413 44679 3769 9773 6562 5472
cat_boundaries=0 1 2 3
cat_threshold=1392 850 80
is_linear=0
shrinkage=0.05


Tree=73
num_leaves=15
num_cat=3
split_feature=10 10 6 0 11 5 2 2 12 4 11 5 10 9
split_gain=43.2867 30.1156 15.1025 11.8253 11.7913 11.1055 12.0251 10.7333 10.1226 9.81269 9.80386 19.4866 11.8162 10.6285
threshold=1.0000000180025095e-35 5.5000000000000009 3.7550000000000003 3.5000000000000004 0 3.1500000000000008 18.500000000000004 34.500000000000007 1 4.9000000000000012 2 2.7500000000000004 2.5000000000000004 1.0000000180025095e-35
decision_type=10 10 10 2 9 10 10 8 1 10 9 10 10 8
left_child=-1 3 4 10 5 -3 -7 -6 -5 -4 11 12 -2 -12
right_child=1 2 9 8 7 6 -8 -9 -10 -11 13 -13 -14 -15
leaf_value=-0.058273813103618483 0.017059097589104979 -0.0032495071059235937 0.0066575097619263491 0.0017813271652173338 0.0022153604498397887 -0.018596553592565197 0.00068465345334091442 -0.004973541857164262 -0.0017242448033951219 -0.018984133324938434 -0.0051537399243136786 -0.0090226207311933961 0.0054668000307371081 0.0032027085893557559
leaf_weight=26.864874452352524 385.76775142550468 2959.0411287676543 42.444505780935287 4874.3354007899761 1877.6778290532529 247.83072958514094 118.38233495689929 711.95038754120469 3543.2421325743198 211.37602581642568 429.38148060441017 145.22422295808792 519.2500691562891 3085.4313770234585
leaf_count=1859 1891 30265 456 22015 18858 3739 1627 7024 15885 3691 1959 673 2283 14164
internal_value=-4.60143e-05 5.08545e-05 -0.0028242 0.0014175 -0.00230477 -0.00426584 -0.0124384 0.000232289 0.000305634 -0.0146505 0.00346511 0.00767591 0.0104746 0.00216982
internal_weight=19178.2 19151.3 6168.7 12982.6 5914.88 3325.25 366.213 2589.63 8417.58 253.821 4565.05 1050.24 905.018 3514.81
internal_count=126389 124530 65660 58870 61513 35631 5366 25882 37900 4147 20970 4847 4174 16123
cat_boundaries=0 1 2 3
cat_threshold=1547 9 321
is_linear=0
shrinkage=0.05


Tree=74
num_leaves=15
num_cat=2
split_feature=10 10 1 10 6 4 6 4 11 6 2 3 7 11
split_gain=41.147 28.1846 14.5972 13.3393 10.8088 10.6597 9.87523 9.77399 9.06227 14.4879 11.7342 8.03871 7.96231 8.63696
threshold=1.0000000180025095e-35 8.5000000000000018 53.500000000000007 1.5000000000000002 3.2400000000000007 4.9000000000000012 2.5450000000000008 11.450000000000001 0 1.6050000000000004 22.500000000000004 4.5000000000000009 41.670833333333341 1
decision_type=10 10 10 10 10 10 8 10 9 10 8 8 10 9
left_child=-1 2 6 -4 7 -6 -2 8 9 -3 -10 -11 -5 -14
right_child=1 4 3 12 5 -7 -8 -9 10 11 -12 -13 13 -15
leaf_value=-0.057782729447927506 -0.0017469421610594215 0.0024338559923676381 0.0048333998708785407 0.00090035218919273243 0.024650750676299418 -0.021724154015024307 -0.011007591871006821 -0.022465814725377842 0.0014302988559425432 0.016468403966436698 -0.0084999934770421167 -0.025992760089636829 -0.012034118450856484 -0.0010078933846506433
leaf_weight=25.80790089070797 1450.0338991060853 90.55898816511035 2118.2265989631414 12537.200880307704 9.3787254728376848 148.38004147447646 355.04636523500085 69.227378860116005 829.85594757273793 8.8082366548478586 457.72824594378471 132.78204040229321 226.42312886193395 702.2579490840435
leaf_count=1859 8031 1313 11154 65771 191 4000 2270 1496 14145 146 7645 2726 1398 4244
internal_value=-4.50958e-05 4.78466e-05 0.000656625 0.00114994 -0.00599733 -0.0182946 -0.00359382 -0.00472285 -0.00384359 -0.0126294 -0.00210281 -0.0228797 0.000568943 -0.00388595
internal_weight=19161.7 19135.9 17389.2 15584.1 1746.72 157.759 1805.08 1588.96 1519.73 232.149 1287.58 141.59 13465.9 928.681
internal_count=126389 124530 92868 82567 31662 4191 10301 27471 25975 4185 21790 2872 71413 5642
cat_boundaries=0 1 2
cat_threshold=513 904
is_linear=0
shrinkage=0.05


Tree=75
num_leaves=15
num_cat=1
split_feature=10 10 10 1 5 4 0 5 2 11 7 7 3 5
split_gain=39.0996 26.0873 15.1199 10.2964 10.1235 9.94436 11.809 9.45963 13.3615 12.1846 10.5463 10.5601 9.634 9.45745
threshold=1.0000000180025095e-35 9.5000000000000018 2.5000000000000004 55.250000000000007 -0.6499999999999998 9.7750000000000021 2.5000000000000004 1.7750000000000001 9.5000000000000018 0 39.063333333333347 39.990000000000016 2.5000000000000004 -1.0000000180025095e-35
decision_type=10 10 10 8 8 10 2 8 8 9 8 10 10 8
left_child=-1 2 4 -3 -2 6 13 8 10 -9 -4 -12 -13 -6
right_child=1 3 7 -5 5 -7 -8 9 -10 -11 11 12 -14 -15
leaf_value=-0.057262665021488218 0.013399836239113245 -0.012875646909015093 0.00824990255593408 -0.0027493594294338546 -0.021655638760148685 0.013972355856735711 0.0011285438498375325 -5.3303361990029749e-05 -0.00097780742649563246 -0.0049323810293156788 -0.0025098548331066489 -0.0045929068018224026 0.0064467312625013234 0.012038497451947593
leaf_weight=24.810942925512791 210.48429223895073 495.15481252782047 784.21300052851439 510.93387236632407 17.577767923474312 171.54218140244484 4329.4007685780525 3133.9940226897597 4702.3211645558476 2153.0373713448644 939.46124235913157 238.37328696995974 1069.313305336982 365.6318011879921
leaf_count=1859 1123 11015 4151 10704 89 809 19735 19470 27370 15584 5167 1208 6307 1798
internal_value=-4.50374e-05 4.41552e-05 0.00048028 -0.00777212 0.00278817 0.00231762 0.00187902 -0.000423455 0.000690768 -0.00205241 0.00327645 0.00152635 0.00442453 0.0102339
internal_weight=19146.2 19121.4 18115.4 1006.09 5094.64 4884.15 4712.61 13020.7 7733.68 5287.03 3031.36 2247.15 1307.69 383.21
internal_count=126389 124530 102811 21719 23554 22431 21622 79257 44203 35054 16833 12682 7515 1887
cat_boundaries=0 1
cat_threshold=440
is_linear=0
shrinkage=0.05


Tree=76
num_leaves=15
num_cat=2
split_feature=10 10 6 11 5 0 2 5 7 7 11 6 1 5
split_gain=37.1448 23.7859 13.2992 11.1978 12.487 10.689 13.5924 14.4968 11.7477 10.1337 11.3634 10.4566 8.22392 8.42937
threshold=1.0000000180025095e-35 5.5000000000000009 4.2550000000000017 0 3.5500000000000003 4.5000000000000009 10.500000000000002 2.7500000000000004 39.110000000000014 40.622500000000009 1 3.7550000000000003 55.250000000000007 0.45000000000000007
decision_type=10 10 10 9 10 2 10 10 8 10 9 8 8 10
left_child=-1 5 3 12 -5 6 7 8 -2 10 -8 -12 13 -3
right_child=1 2 -4 4 -6 -7 9 -9 -10 -11 11 -13 -14 -15
leaf_value=-0.056716076960485744 0.010721727303258191 -0.0088685982729747245 -0.017118552272832866 -0.003142346245716434 -0.014238277294240161 -0.00062839874583097549 0.005715326910132895 -0.0072134579530952151 0.0038026657411270835 -0.003989164010993633 -0.0013633988204653138 0.010690556747455287 0.0030126638228366856 6.1375243311216025e-05
leaf_weight=23.869684137403965 789.61029240489006 370.62849055603147 147.28299656696618 3100.5245745629072 271.88884642720222 4763.4709731191397 1170.1033953726292 240.81446647644043 2744.8835138082504 985.69850239157677 2083.0683805793524 191.88469448685646 1354.9179395958781 891.10246452316642
leaf_count=1859 3623 3577 2543 32500 4206 21468 5342 1125 12444 4457 9487 924 13508 9326
internal_value=-4.383e-05 4.17929e-05 -0.0025218 -0.00214886 -0.00404469 0.00125522 0.00234835 0.00455077 0.00536135 0.000468721 0.00174814 -0.000324052 0.000311849 -0.00258642
internal_weight=19129.7 19105.9 6136.35 5989.06 3372.41 12969.5 8206.06 3775.31 3534.49 4430.75 3445.06 2274.95 2616.65 1261.73
internal_count=126389 124530 65660 63117 36706 58870 37402 17192 16067 20210 15753 10411 26411 12903
cat_boundaries=0 1 2
cat_threshold=496 113
is_linear=0
shrinkage=0.05


Tree=77
num_leaves=15
num_cat=3
split_feature=10 10 12 5 11 4 6 11 5 0 7 5 2 4
split_gain=35.2788 22.8664 14.7579 12.3457 11.2774 10.2264 10.0821 9.9703 13.1156 9.87682 10.7561 15.6154 9.5298 8.69535
threshold=1.0000000180025095e-35 9.5000000000000018 0 1.7250000000000003 1 9.9000000000000021 1.0225000000000004 2 0.075000000000000025 3.5000000000000004 39.190000000000012 -1.0000000180025095e-35 104.50000000000001 3.2916666666666674
decision_type=10 10 1 10 9 10 10 9 8 2 8 10 10 10
left_child=-1 2 13 9 -5 7 -6 -3 -9 -4 11 -11 -13 -2
right_child=1 5 3 4 6 -7 -8 8 -10 10 -12 12 -14 -15
leaf_value=-0.056145550354291432 -0.0037793443456758664 -0.013270040568216221 0.0057282207462238605 0.0043792454659065403 0.0067722375735289192 -0.016384421214652275 -0.0043586928273823457 0.032045325214488184 -0.0025283964100988429 0.013263704867747481 4.5183485148424273e-05 0.0032104521390473591 -0.014832201448156147 -0.0001203645647550597
leaf_weight=22.980071797966957 2273.8186605498195 211.59450586885214 2021.3617860414088 663.09688429534435 225.12949161231518 232.91202918626368 1777.9739147759974 23.921322572976351 528.05861343815923 410.74389719218016 3612.7836503721774 1389.467467520386 72.326746631413698 5649.2834426239133
leaf_count=1859 11378 4617 10572 3938 1183 5858 11845 443 10801 2047 19475 7349 369 34655
internal_value=-4.27899e-05 3.94185e-05 0.000446316 0.00170514 -0.00121421 -0.00731509 -0.00307861 -0.00446009 -0.000742514 0.00274441 0.00164065 0.00471056 0.00227022 -0.00117068
internal_weight=19115.5 19092.5 18096 10172.9 2666.2 996.486 2003.1 763.574 551.98 7506.68 5485.32 1872.54 1461.79 7923.1
internal_count=126389 124530 102811 56778 16966 21719 13028 15861 11244 39812 29240 9765 7718 46033
cat_boundaries=0 1 2 3
cat_threshold=4 176 515
is_linear=0
shrinkage=0.05


Tree=78
num_leaves=15
num_cat=4
split_feature=10 10 3 5 11 0 12 11 10 5 2 1 11 2
split_gain=33.4992 20.9855 12.5134 12.027 11.8698 10.8585 14.4714 13.3135 9.9241 17.5181 11.8071 9.51877 9.12644 8.87925
threshold=1.0000000180025095e-35 7.5000000000000009 8.5000000000000018 4.1500000000000012 0 4.5000000000000009 1 2 3.5000000000000004 0.075000000000000025 76.500000000000014 54.250000000000007 3 34.500000000000007
decision_type=10 10 10 8 9 2 1 9 10 10 10 8 9 8
left_child=-1 5 11 4 -4 6 7 -2 10 -10 12 13 -8 -3
right_child=1 2 3 -5 -6 -7 8 -9 9 -11 -12 -13 -14 -15
leaf_value=-0.055553753292990685 -0.0095917648646849339 -0.0026009189020758305 -0.011967905454930802 -0.02461757542358347 -0.0011338291321765709 -0.00091848528431903893 0.0079215837713710671 0.014023181113996339 -0.0065149269775091473 0.0011802627259987523 -0.0066362429530298613 0.0019831887285048765 0.0023713406209289823 -0.01615064978750903
leaf_weight=22.138316072523594 62.283090010285378 537.02825409732759 480.06635020300746 95.589405231177807 538.52265555225313 6237.7619857415557 923.29851052165031 376.5672379732132 915.25580526143312 3762.3145215138793 301.57444748282433 965.81008834578097 3735.9501173198223 152.07308966107666
leaf_count=1859 308 7502 8705 2384 8763 31520 4162 1851 4930 21214 1340 13065 16627 2159
internal_value=-4.17426e-05 3.71879e-05 -0.00398332 -0.00806732 -0.0064015 0.000720586 0.00173511 0.0104654 0.00132017 -0.000330797 0.00287829 -0.00121772 0.00350058 -0.00568592
internal_weight=19106.2 19084.1 2769.09 1114.18 1018.59 16315 10077.2 438.85 9638.39 4677.57 4960.82 1654.91 4659.25 689.101
internal_count=126389 124530 42578 19852 17468 81952 50432 2159 48273 26144 22129 22726 20789 9661
cat_boundaries=0 1 2 3 4
cat_threshold=649 3 80 257
is_linear=0
shrinkage=0.05


Tree=79
num_leaves=15
num_cat=3
split_feature=10 10 12 7 5 1 4 11 5 6 11 5 3 5
split_gain=31.8029 19.4567 13.1015 12.0283 10.2394 9.31165 9.25308 9.24821 11.7746 8.60825 8.09244 8.15704 9.74578 8.04394
threshold=1.0000000180025095e-35 9.5000000000000018 0 41.690000000000012 -0.6499999999999998 53.500000000000007 9.9000000000000021 1 0.075000000000000025 2.3050000000000006 2 1.1500000000000001 8.5000000000000018 1.6500000000000001
decision_type=10 10 1 10 8 8 10 9 8 10 9 10 10 8
left_child=-1 2 -2 4 -4 13 7 9 -9 -3 11 -5 -13 -6
right_child=1 6 3 10 5 -7 -8 8 -10 -11 -12 12 -14 -15
leaf_value=-0.054943377775180852 -0.0011161876981239725 -0.0059533923724505236 0.01335760212845798 -0.0072504607810541591 -0.0001315100460155351 0.0020001741592640108 -0.015525476081199112 0.030211139795642324 -0.0022301625241768481 -0.027626415895114793 -0.0083332151875097158 0.022196981241418095 -0.014144860117426295 -0.023825687464672403
leaf_weight=21.34088809043169 7916.60434018448 143.01124584674835 190.91840127110481 79.241871420294046 79.795443944633007 9200.0067601427436 227.70171899348497 24.529166806489229 525.08090717531741 65.24495336972177 464.94565714895725 73.29228301346302 20.354296166449785 60.079705756157637
leaf_count=1859 46033 2781 998 443 464 50684 5858 443 10801 1836 3099 447 176 467
internal_value=-4.13271e-05 3.44954e-05 0.000408103 0.00159431 0.00204145 0.00180311 -0.00678868 -0.00407914 -0.000513729 -0.0126392 -0.00502628 0.0040898 0.0139814 -0.0107798
internal_weight=19092.1 19070.8 18085.2 10168.6 9530.8 9339.88 985.568 757.866 549.61 208.256 637.834 172.888 93.6466 139.875
internal_count=126389 124530 102811 56778 52613 51615 21719 15861 11244 4617 4165 1066 623 931
cat_boundaries=0 1 2 3
cat_threshold=4 515 82
is_linear=0
shrinkage=0.05


Tree=80
num_leaves=15
num_cat=5
split_feature=10 10 6 11 5 0 11 5 10 9 11 12 2 11
split_gain=30.1881 18.058 11.8804 9.53965 10.8107 9.36776 8.16623 16.4155 9.94337 9.31217 11.1136 7.80434 8.91463 8.65178
threshold=1.0000000180025095e-35 5.5000000000000009 4.2550000000000017 0 3.5500000000000003 3.5000000000000004 1 2.7500000000000004 2.5000000000000004 1.0000000180025095e-35 2 3 251.50000000000003 4
decision_type=10 10 10 9 10 2 9 10 10 8 9 1 10 9
left_child=-1 5 3 -3 -5 6 7 8 -2 10 -8 12 13 -7
right_child=1 2 -4 4 -6 11 9 -9 -10 -11 -12 -13 -14 -15
leaf_value=-0.05431708360752633 0.01544449175667739 0.00040981681513553217 -0.016168086567056678 -0.0027830390263392374 -0.013216966224856023 0.0041449613799796579 0.0015595547051962275 -0.0085851863921338461 0.0047758783392866985 0.0027008203375277159 -0.014513460842248221 -0.0016843914865300826 -0.022533231188273186 -0.00015868913308992035
leaf_weight=20.584517862647772 380.07204513251781 2611.8393991105258 143.81438788026571 3081.2963802181184 265.68623444065452 1949.7500984221697 260.83956600725651 144.69086107611656 520.41195233166218 3079.0222791582346 167.83031482994556 3539.7815074026585 33.627603352069855 2884.7272011190653
leaf_count=1859 1891 26411 2543 32500 4206 8866 1189 673 2283 14164 770 15885 152 12997
internal_value=-4.10197e-05 3.18146e-05 -0.00220977 -0.00185961 -0.00361898 0.00108772 0.00291309 0.00676438 0.00933925 0.00173336 -0.00512674 9.81363e-05 0.00139527 0.0015877
internal_weight=19084 19063.4 6102.64 5958.82 3346.98 12960.8 4552.87 1045.17 900.484 3507.69 428.67 8407.89 4868.1 4834.48
internal_count=126389 124530 65660 63117 36706 58870 20970 4847 4174 16123 1959 37900 22015 21863
cat_boundaries=0 1 2 3 4 5
cat_threshold=496 321 50 9 1569
is_linear=0
shrinkage=0.05


Tree=81
num_leaves=15
num_cat=3
split_feature=10 10 1 6 10 7 1 11 3 4 11 5 11 5
split_gain=28.6523 17.0323 11.7739 11.8828 10.2804 9.20366 9.06179 8.70743 8.5295 8.27201 7.3836 7.33227 7.12001 12.3309
threshold=1.0000000180025095e-35 9.5000000000000018 53.500000000000007 2.6225000000000005 1.5000000000000002 41.670833333333341 55.250000000000007 0 7.5000000000000009 2.7083333333333335 1 3.4500000000000006 2 1.1500000000000001
decision_type=10 10 10 8 10 10 8 9 8 8 9 8 9 10
left_child=-1 2 3 7 -4 9 8 -2 -3 10 -6 -12 -7 -14
right_child=1 6 4 -5 5 12 -8 -9 -10 -11 11 -13 13 -15
leaf_value=-0.053677458103267676 0.0018187083353123183 -0.0010714997720161878 0.0040754954570174839 -0.011450843558292855 0.0045788034143258377 -0.011522054609879316 -0.0016518506632705451 -0.0056759843226385914 -0.015630312902929152 0.0011983351267196567 -0.005523633792561343 0.0027890783888304526 -0.010438598173794817 0.0029362714694752684
leaf_weight=19.866186633706093 891.42033933848143 144.43556551635265 2100.6640544980764 359.51717489957809 307.74674705415964 240.51595587655902 500.34417662210763 664.68270206451416 332.47329342365265 11182.069918829948 1247.600161485374 333.19611019268632 260.88531257584691 485.45518659055233
leaf_count=1859 5157 2823 11154 2608 1399 1680 10704 4175 8192 64387 5700 1532 1511 3508
internal_value=-4.07648e-05 2.92364e-05 0.000377615 -0.00332361 0.000817304 0.000329144 -0.00638296 -0.00141525 -0.0112779 0.000681269 -0.00237536 -0.00374462 -0.00431457 -0.00175396
internal_weight=19070.9 19051 18073.8 1915.62 16158.1 14057.5 977.253 1556.1 476.909 13070.6 1888.54 1580.8 986.856 746.34
internal_count=126389 124530 102811 11940 90871 79717 21719 9332 11015 73018 8631 7232 6699 5019
cat_boundaries=0 1 2 3
cat_threshold=242 1536 904
is_linear=0
shrinkage=0.05


Tree=82
num_leaves=15
num_cat=1
split_feature=10 5 10 2 12 6 7 3 7 6 6 6 5 5
split_gain=27.1927 15.8492 13.1115 11.8485 9.61813 11.2739 12.5885 9.46648 9.98592 9.39653 9.20817 8.26872 10.8657 7.78303
threshold=1.0000000180025095e-35 2.0500000000000003 10.500000000000002 10.500000000000002 0 2.2225000000000006 38.945000000000014 8.5000000000000018 38.855000000000011 3.6050000000000009 1.0000000180025095e-35 2.3225000000000007 0.72500000000000009 1.1500000000000001
decision_type=10 10 10 8 1 8 8 8 10 8 10 10 10 10
left_child=-1 3 -3 7 13 10 -7 9 -9 11 -6 -2 -13 -5
right_child=1 2 -4 4 5 6 -8 8 -10 -11 -12 12 -14 -15
leaf_value=-0.053026983262411488 0.0038775935027639584 -0.0021454584608873706 -0.015612548638360382 -0.0032053949257925332 0.014524628458777805 0.017507590913923791 0.003186287601724882 0.010244153059906332 -0.0064659259952413468 0.025698571448415381 -0.00051365631682947263 0.009826017841104092 -0.010864124712476123 0.0017935259171640826
leaf_weight=19.183117520064116 4082.9425424821675 3748.361820332706 185.11745963431895 3271.0150647349656 99.263248387724161 170.21129233576357 1269.5123482104391 105.82228513434529 462.87834052927792 42.429795581847429 4291.8192708548158 85.930382933467627 207.88142375834286 1017.8061863165349
leaf_count=1859 21924 27829 5382 20428 514 936 7914 792 3991 245 25707 475 1393 7000
internal_value=-4.0544e-05 2.67447e-05 -0.00279826 0.000762962 -0.000220325 0.00110092 0.00493416 0.00275612 -0.00329438 0.00353759 -0.000157573 0.00329368 -0.00474977 -0.00201367
internal_weight=19060.2 19041 3933.48 15107.5 10119.6 5830.81 1439.72 4987.88 568.701 4419.18 4391.08 4376.75 293.812 4288.82
internal_count=126389 124530 33211 91319 62499 35071 8850 28820 4783 24037 26221 23792 1868 27428
cat_boundaries=0 1
cat_threshold=4
is_linear=0
shrinkage=0.05


Tree=83
num_leaves=15
num_cat=6
split_feature=10 10 6 0 12 11 2 12 5 11 2 6 11 11
split_gain=25.8082 14.9972 11.081 9.68877 12.6788 12.0984 9.05146 8.75976 9.60657 9.02424 8.10529 12.3398 10.4629 9.16481
threshold=1.0000000180025095e-35 7.5000000000000009 3.4050000000000007 4.5000000000000009 0 1 99.500000000000014 2 1.6500000000000001 3 14.500000000000002 0.87750000000000006 4 5
decision_type=10 10 10 2 1 9 10 1 8 9 10 8 9 9
left_child=-1 3 7 4 5 -2 -4 -3 -9 -10 11 13 -13 -6
right_child=1 2 6 -5 10 -7 -8 8 9 -11 -12 12 -14 -15
leaf_value=-0.052368005975432334 -0.0093614651816071644 0.00049508355920622701 -0.017656262317315194 -0.00094710457177432357 -0.0078185957802873584 0.013124754197842739 0.028564309698273588 -0.0011475836721484779 -0.017074778720204783 -0.0046139307676990194 -0.00045827263456614732 0.0049571366125968431 -0.00047504339996508527 0.0081266104289225861
leaf_weight=18.53276477381587 62.159961506724358 1242.4924368727952 174.12371536158025 6232.842577829957 88.447996333241463 376.4591396600008 6.8535032607614985 665.34101055376232 242.29463613405824 407.11586711369455 4249.752819955349 1257.7077428027987 2918.2255851253867 1109.7993882223964
leaf_count=1859 308 17949 4273 31520 440 1851 162 9286 4111 6797 21192 6439 14931 5271
internal_value=-3.87618e-05 2.59302e-05 -0.00339442 0.000601538 0.00156078 0.00973388 -0.015185 -0.00253199 -0.00534696 -0.00968943 0.00117209 0.00246275 0.00117571 0.00692458
internal_weight=19052.1 19033.6 2738.22 16295.4 10062.6 438.619 180.977 2557.24 1314.75 649.411 9623.93 5374.18 4175.93 1198.25
internal_count=126389 124530 42578 81952 50432 2159 4435 38143 20194 10908 48273 27081 21370 5711
cat_boundaries=0 1 2 3 4 5 6
cat_threshold=3 80 10 609 289 152
is_linear=0
shrinkage=0.05


Tree=84
num_leaves=15
num_cat=2
split_feature=10 10 6 7 11 5 10 0 2 7 4 11 5 10
split_gain=24.4933 13.8328 10.2776 9.37827 8.84353 9.84765 8.54615 8.25563 7.27799 8.87452 7.26587 6.93059 14.4772 9.01162
threshold=1.0000000180025095e-35 5.5000000000000009 4.2550000000000017 44.010000000000012 0 3.5500000000000003 9.5000000000000018 3.5000000000000004 39.500000000000007 39.855000000000011 10.900000000000002 1 2.7500000000000004 2.5000000000000004
decision_type=10 10 10 10 9 10 10 2 8 8 10 9 10 10
left_child=-1 7 3 4 5 -3 -7 11 10 -10 -6 12 13 -2
right_child=1 2 -4 -5 8 6 -8 -9 9 -11 -12 -13 -14 -15
leaf_value=-0.05170271657855266 0.014486941698624987 -0.0026401844018105803 -0.015094925578766528 0.035305868155057082 0.0024202141673308362 -0.0073613084175330051 -0.028587460185911989 1.8312305889725195e-05 -0.013815385776072837 -0.00021694332931327466 -0.012154560782940818 0.001575824621658644 -0.0082064106330164682 0.0043131000952951245
leaf_weight=17.912801712751389 376.66744002699852 3050.6690382547677 140.08678987622261 12.155538195744155 1990.2170135024935 198.4907473102212 59.863318962976336 8403.0559627264738 174.02950511872768 364.25130324624479 84.423309391364455 3505.3193464875221 144.49907454848289 521.34954556822777
leaf_count=1859 1891 32325 2543 150 19755 2346 1827 37900 1638 3714 1362 16123 673 2283
internal_value=-3.81353e-05 2.40804e-05 -0.00194363 -0.00162072 -0.00172623 -0.00343553 -0.012729 0.000947362 0.000452252 -0.00470009 0.00179933 0.00266207 0.00621507 0.00863704
internal_weight=19043 19025.1 6074.19 5934.1 5921.94 3309.02 258.354 12950.9 2612.92 538.281 2074.64 4547.84 1042.52 898.017
internal_count=126389 124530 65660 63117 62967 36498 4173 58870 26469 5352 21117 20970 4847 4174
cat_boundaries=0 1 2
cat_threshold=1547 321
is_linear=0
shrinkage=0.05


Tree=85
num_leaves=15
num_cat=2
split_feature=10 5 10 2 11 6 12 7 7 3 5 6 7 3
split_gain=23.2462 13.1715 13.5108 12.3214 10.8741 10.3431 10.04 10.1978 9.82302 7.42262 6.99924 6.83511 6.53793 8.88602
threshold=1.0000000180025095e-35 1.8500000000000003 10.500000000000002 10.500000000000002 0 1.8050000000000004 1 38.222500000000011 40.410000000000011 1.5000000000000002 1.5500000000000003 1.1450000000000002 39.063333333333347 8.5000000000000018
decision_type=10 10 10 8 9 10 1 10 10 8 10 10 10 8
left_child=-1 3 4 12 5 8 -5 9 11 -8 -11 -3 -2 -14
right_child=1 2 -4 6 -6 -7 7 -9 -10 10 -12 -13 13 -15
leaf_value=-0.051033140208923002 0.0058894510749479103 0.0034677359218411711 -0.014199484425488546 -0.0021409330509853421 -1.9996489800752111e-05 -0.0089333193196383508 0.014251182534029017 -0.000167948901804731 0.0071764892252914316 0.002737977812626349 0.024939799674724906 -0.010406813316256383 0.0026577928097566155 -0.0053730642180366203
leaf_weight=17.321105513721704 1312.3575690221041 135.01302582770586 218.98314493894577 3983.1368742082268 3270.3063278086483 818.37055616267025 173.99629852175713 3955.1793322339654 250.80650221183896 1278.6884477157146 31.629531141370535 243.34594178944826 2957.3741753585637 385.06295089237392
leaf_count=1859 7091 749 6371 25247 22713 7397 880 23976 1530 7408 176 1622 16134 3236
internal_value=-3.74804e-05 2.23782e-05 -0.00219853 0.000801734 -0.00162705 -0.00520917 -0.000238204 0.00115759 -0.000414985 0.00468615 0.00336667 -0.00547519 0.00290486 0.00172596
internal_weight=19031.6 19014.3 4936.83 14077.4 4717.84 1447.54 9422.63 5439.49 629.165 1484.31 1310.32 378.359 4654.79 3342.44
internal_count=126389 124530 40382 84148 34011 11298 57687 32440 3901 8464 7584 2371 26461 19370
cat_boundaries=0 1 2
cat_threshold=1537 4
is_linear=0
shrinkage=0.05


Tree=86
num_leaves=15
num_cat=1
split_feature=10 10 1 7 4 11 5 4 10 3 5 4 1 7
split_gain=22.0646 12.1923 9.94634 9.30227 9.26288 9.73313 8.05581 8.08238 11.2389 8.69516 7.79984 7.71002 8.48597 9.50459
threshold=1.0000000180025095e-35 8.5000000000000018 53.500000000000007 39.310000000000009 3.2916666666666674 0 0.075000000000000025 4.9000000000000012 3.5000000000000004 4.5000000000000009 -0.14999999999999999 11.29166666666667 55.250000000000007 38.636666666666677
decision_type=10 10 10 10 10 9 8 10 10 8 8 10 8 8
left_child=-1 2 4 -4 10 -6 7 -5 9 -9 -2 12 -3 -14
right_child=1 11 3 6 5 -7 -8 8 -10 -11 -12 -13 13 -15
leaf_value=-0.050361124680896555 0.020497878797799893 -0.0068360252750006003 0.0022755593937208649 -0.0085628393911903397 -0.004869879982559183 0.0034844436105244091 0.00028186213058010344 0.017838010161475949 -0.0074128979449457986 -0.0060256038773716649 -0.011077413125028171 -0.017775629164483588 -0.01419949559082649 0.0024695654207031637
leaf_weight=16.755743451416492 16.064620904624462 793.23577167280018 6445.355890866369 534.7202213704586 759.36301945522428 620.60642604902387 8205.8830802626908 114.81918117403984 179.03629482537508 53.007183358073235 397.48305575177073 91.551815958693624 92.270462451502681 702.97052205353975
leaf_count=1859 78 15248 33020 2612 4670 3521 45079 545 1087 224 2032 2301 1499 12614
internal_value=-3.62602e-05 2.13388e-05 0.000416097 0.000823444 -0.00310423 -0.00112372 -0.000207164 -0.004735 0.00120378 0.0103445 -0.00962063 -0.00403901 -0.003194 0.000458847
internal_weight=19023.1 19006.4 17326.3 15532.8 1793.52 1379.97 9087.47 881.583 346.863 167.826 413.548 1680.03 1588.48 795.241
internal_count=126389 124530 92868 82567 10301 8191 49547 4468 1856 769 2110 31662 29361 14113
cat_boundaries=0 1
cat_threshold=1561
is_linear=0
shrinkage=0.05


Tree=87
num_leaves=15
num_cat=2
split_feature=10 12 10 1 6 6 2 4 5 10 11 7 2 0
split_gain=20.9446 11.8291 14.2403 10.6642 9.07027 8.80295 10.8622 8.3174 12.5452 10.4715 10.4489 9.07337 8.60608 7.96532
threshold=1.0000000180025095e-35 0 10.500000000000002 53.500000000000007 2.0050000000000008 1.0000000180025095e-35 78.500000000000014 3.2916666666666674 3.8500000000000001 5.5000000000000009 1 39.263333333333343 201.50000000000003 5.5000000000000009
decision_type=10 1 10 8 8 10 8 10 8 10 9 10 10 2
left_child=-1 2 7 -3 -4 6 -5 9 10 13 11 -9 -12 -2
right_child=1 3 4 5 -6 -7 -8 8 -10 -11 12 -13 -14 -15
leaf_value=-0.049688335180422122 -0.00091026830582459849 -0.011084895561731088 -0.0040635704602229013 0.013634017361171178 -0.023242073918198446 0.0008343094725023789 0.0024773836658442076 0.0087153795090793972 -0.007243178289052828 -0.011670418673955447 -0.00054313043137514878 0.0010221970072716139 -0.030066035606850939 -0.010364305748652096
leaf_weight=16.214962311089039 1693.2318026870489 170.92349888384342 134.92735145054758 297.69012776389718 112.7091748341918 9383.4023293703794 792.46805003844202 636.1657242923975 540.14651298336685 335.65082468092442 3674.3836510945112 956.67206008918583 19.854598749428988 251.78398075699806
leaf_count=1859 7688 1408 3222 1553 3559 59950 4561 3759 4423 2808 24103 6266 107 1123
internal_value=-3.57127e-05 1.97231e-05 -0.00138706 0.00112437 -0.0130797 0.00132989 0.00557227 -0.0010238 -2.11304e-05 -0.00358004 0.000722846 0.00408687 -0.000740223 -0.00215754
internal_weight=19016.2 19000 8355.53 10644.5 247.637 10473.6 1090.16 8107.89 5827.22 2280.67 5287.08 1592.84 3694.24 1945.02
internal_count=126389 124530 57058 67472 6781 66064 6114 50277 38658 11619 34235 10025 24210 8811
cat_boundaries=0 1 2
cat_threshold=4 328
is_linear=0
shrinkage=0.05


Tree=88
num_leaves=15
num_cat=2
split_feature=10 5 10 2 11 6 7 12 7 3 6 6 5 4
split_gain=19.8834 11.4017 11.4221 10.9315 9.66347 9.29858 8.96668 8.02674 8.80205 6.63409 6.52028 7.17728 7.78398 7.17715
threshold=1.0000000180025095e-35 1.8500000000000003 10.500000000000002 10.500000000000002 0 1.8050000000000004 40.410000000000011 1 38.222500000000011 1.5000000000000002 3.5450000000000008 2.2612500000000009 0.55000000000000016 10.708333333333334
decision_type=10 10 10 8 9 10 10 1 10 8 8 10 10 10
left_child=-1 3 4 10 5 6 -3 -5 9 -9 11 13 -13 -2
right_child=1 2 -4 7 -6 -7 -8 8 -10 -11 -12 12 -14 -15
leaf_value=-0.049016261514185706 0.0028856802586640883 -0.0052206174857213281 -0.013226563904846309 -0.0019410699104318047 -1.7853563837205891e-05 -0.0084610114047684298 0.0068666902410935877 0.013356104127928162 -0.00022161788850019525 0.0030450091739114924 0.019961423998808396 0.0085688069832870698 -0.00827287798702089 0.023680101412652983
leaf_weight=15.697167485952376 4205.7477656137198 377.34126179665327 213.61137066781521 3975.9056407306343 3269.1828018445522 813.86249678954482 251.28314227983356 173.08743854239583 3954.6346796136349 1310.798342840746 49.322292316704988 86.315492251887918 275.91097548790276 37.021087750792503
leaf_count=1859 23339 2371 6371 25247 22713 7397 1530 880 23976 7584 313 516 2026 267
internal_value=-3.57316e-05 1.76362e-05 -0.00205156 0.000742505 -0.00153144 -0.00491575 -0.00037284 -0.000237698 0.00100992 0.00428856 0.00272332 0.00251724 -0.00419762 0.00309479
internal_weight=19009.7 18994 4925.28 14068.7 4711.67 1442.49 628.624 9414.43 5438.52 1483.89 4654.32 4605 362.226 4242.77
internal_count=126389 124530 40382 84148 34011 11298 3901 57687 32440 8464 26461 26148 2542 23606
cat_boundaries=0 1 2
cat_threshold=1537 4
is_linear=0
shrinkage=0.05


Tree=89
num_leaves=15
num_cat=1
split_feature=10 10 0 5 4 3 10 11 4 5 3 7 5 5
split_gain=18.88 10.4191 10.3948 10.8809 9.86954 9.59949 10.2136 9.81496 9.5861 9.29777 9.28853 11.3182 11.8573 9.75111
threshold=1.0000000180025095e-35 3.5000000000000004 2.5000000000000004 -1.0000000180025095e-35 9.7750000000000021 8.5000000000000018 11.500000000000002 0 8.1000000000000014 -1.0499999999999998 3.5000000000000004 39.010000000000012 0.075000000000000025 1.6500000000000001
decision_type=10 10 2 8 10 10 10 9 10 8 10 8 8 8
left_child=-1 2 3 -2 9 10 7 -7 -5 -4 11 -3 -13 -12
right_child=1 5 4 8 -6 6 -8 -9 -10 -11 13 12 -14 -15
leaf_value=-0.048346225336653309 -0.014515697799153727 0.0033065596579303497 0.015798190518093582 0.010503064565678044 0.010193817693603065 -0.0091033335039509486 -0.016603792143845997 -0.0011170449267238155 -0.021716244327707728 0.00027759572275181489 0.0027321306742353209 -0.013694068503952932 -0.0027326561052536703 -0.0015116495145306101
leaf_weight=15.200913611799477 47.716480061411858 674.25215999409556 92.855834320187569 581.11544573307037 267.36039716005325 487.03584657981992 141.85373977571726 1695.4035603925586 19.479517936706543 6956.6336808204651 3313.6487371828407 274.3884944152087 2153.9924292247742 2281.7857243549079
leaf_count=1859 238 3882 500 2676 1215 5220 4565 17733 88 30615 22714 1733 13861 19490
internal_value=-3.42659e-05 1.71289e-05 0.00139446 0.00743778 0.000854273 -0.00097836 -0.00382911 -0.00296273 0.0092874 0.000493085 -0.000214821 -0.0024069 -0.0039968 0.00100174
internal_weight=19002.7 18987.5 7965.16 648.311 7316.85 11022.4 2324.29 2182.44 600.595 7049.49 8698.07 3102.63 2428.38 5595.43
internal_count=126389 124530 35332 3002 32330 89198 27518 22953 2764 31115 61680 19476 15594 42204
cat_boundaries=0 1
cat_threshold=769
is_linear=0
shrinkage=0.05


Tree=90
num_leaves=15
num_cat=2
split_feature=10 12 10 1 5 6 5 11 4 6 10 4 5 10
split_gain=17.9294 10.0307 12.0294 9.57164 8.70426 7.63032 10.9509 10.9689 10.0048 7.95316 7.68033 7.49762 11.018 9.34527
threshold=1.0000000180025095e-35 0 10.500000000000002 53.500000000000007 2.7500000000000004 0.88166666666666682 -0.6499999999999998 1 3.1000000000000005 1.8400000000000005 3.5000000000000004 3.2916666666666674 3.8500000000000001 5.5000000000000009
decision_type=10 1 10 8 10 10 8 9 10 10 10 10 8 10
left_child=-1 2 11 -3 -4 -5 -7 -8 9 -9 -11 13 -13 -2
right_child=1 3 4 5 -6 6 7 8 -10 10 -12 12 -14 -15
leaf_value=-0.047679382960464256 -0.0020417685542412759 -0.01057108603327522 -0.0063135140697851855 0.0030219597010035285 -0.027848115010151678 0.020315353403404623 -0.0019931945238097397 -0.0084846418158543851 0.0033622913308394287 0.0094320404496786026 -0.0098213279982480983 0.00069714965888426951 -0.0067848230983463265 -0.0110670566271717
leaf_weight=14.724889405071734 1944.1768606156111 169.82342753745615 181.49087120033801 3776.9895630776882 60.519512826576829 62.062113791704178 3359.8648805301636 354.49159985408187 2684.4027242269367 158.21479623019695 71.200487779453397 5284.5212092641741 537.51627686060965 332.27034120261669
leaf_count=1859 8811 1408 4695 20765 2086 332 22747 1722 19358 705 435 34235 4423 2808
internal_value=-3.41151e-05 1.54024e-05 -0.00128151 0.00103267 -0.0121534 0.00122687 0.000211954 8.5471e-06 0.00206604 -0.00383609 0.0033746 -0.000950905 1.15169e-06 -0.00338047
internal_weight=18992.3 18977.5 8340.5 10637 242.01 10467.2 6690.24 6628.17 3268.31 583.907 229.415 8098.48 5822.04 2276.45
internal_count=126389 124530 57058 67472 6781 66064 45299 44967 22220 2862 1140 50277 38658 11619
cat_boundaries=0 1 2
cat_threshold=4 1864
is_linear=0
shrinkage=0.05


Tree=91
num_leaves=15
num_cat=2
split_feature=10 5 2 10 11 6 7 7 7 5 6 11 1 2
split_gain=17.03 9.26622 9.91594 9.43733 8.53562 8.3592 8.18116 8.04673 9.73221 9.08552 10.9237 11.0719 10.2429 9.19415
threshold=1.0000000180025095e-35 1.8500000000000003 14.500000000000002 10.500000000000002 0 1.8050000000000004 40.410000000000011 39.190000000000012 39.990000000000016 0.35000000000000003 0.64500000000000024 1 55.250000000000007 7.5000000000000009
decision_type=10 10 10 10 9 10 10 8 10 8 8 9 8 10
left_child=-1 2 7 4 5 6 -3 -2 -9 12 -11 13 -10 -12
right_child=1 3 -4 -5 -6 -7 -8 8 9 10 11 -13 -14 -15
leaf_value=-0.04701674122046702 0.0044641586058966872 -0.0049145253908716453 -0.00083888953390535363 -0.012152444753184447 3.4047981399020014e-05 -0.0079528415235169958 0.0066343176865775039 -0.00099561055567555057 -0.0080253634415464459 0.018457669491039837 0.0058005884648814586 0.0010047297931963146 0.0039241609473752445 0.020215510031967185
leaf_weight=14.267903201282023 2125.4424497354776 376.22657917439938 6149.9380106534809 207.95219780877233 3265.6757476851344 808.57555398531258 251.54893762245774 3167.3081565462053 333.25627282261848 133.46204780973494 441.65330359898508 1188.6065811961889 377.15220788866282 145.87792905606329
leaf_count=1859 11768 2371 37907 6371 22713 7397 1530 18468 1878 673 2692 7663 2130 969
internal_value=-3.39099e-05 1.38004e-05 0.000666765 -0.00185513 -0.0013873 -0.00457626 -0.000271061 0.00183678 0.000868828 0.00312034 0.00491273 0.00384598 -0.00169833 0.00936205
internal_weight=18986.9 18972.7 14062.7 4909.98 4702.03 1436.35 627.776 7912.76 5787.32 2620.01 1909.6 1776.14 710.408 587.531
internal_count=126389 124530 84148 40382 34011 11298 3901 46241 34473 16005 11997 11324 4008 3661
cat_boundaries=0 1 2
cat_threshold=1537 289
is_linear=0
shrinkage=0.05


Tree=92
num_leaves=15
num_cat=2
split_feature=10 10 3 2 10 4 11 5 7 11 6 4 4 5
split_gain=16.1799 9.0179 9.9845 13.0804 10.1941 9.80201 10.3164 13.2694 8.88193 8.79165 8.7492 8.35546 8.30027 8.27116
threshold=1.0000000180025095e-35 2.5000000000000004 8.5000000000000018 34.500000000000007 11.500000000000002 2.7083333333333335 0 2.4500000000000006 37.322500000000012 1 0.82000000000000028 9.7750000000000021 1.3666666666666669 2.8500000000000001
decision_type=10 10 8 8 10 10 9 10 10 9 8 10 10 10
left_child=-1 11 3 5 9 10 8 -8 -7 -4 12 -2 -3 -13
right_child=1 2 4 -5 -6 6 7 -9 -10 -11 -12 13 -14 -15
leaf_value=-0.046359161436386347 0.0014275264002523861 -0.017286446715630264 -0.0072803899493967166 -0.0036884700386858511 -0.015204689635211911 -0.011128640521298932 0.0014142963479498176 -0.0056146477829195985 0.0047832907871936487 -0.0010484904842677052 -0.0082898191619680522 0.017793019176227054 0.0034622949648958623 -0.0078542435869110531
leaf_weight=13.828873038291929 4876.8954626023769 49.293942879885435 696.27835988812149 1810.2794971615076 155.43676075153053 86.350116038694978 4123.3907456770539 796.87495278008282 2432.9927678648382 2838.1854183040559 500.35828701034188 139.68601790070534 425.66341292858124 37.022306621074677
leaf_count=1859 22701 231 6403 11311 5046 543 25375 7052 15835 24589 2554 685 2037 168
internal_value=-3.26357e-05 1.33458e-05 -0.000643685 0.000161204 -0.00287134 0.000991072 0.00160943 0.000270811 0.00420031 -0.00230824 -0.00370982 0.00182133 0.00115122 0.0123514
internal_weight=18982.5 18968.7 13915.1 10225.2 3689.9 8414.92 7439.61 4920.27 2519.34 3534.46 975.316 5053.6 474.957 176.708
internal_count=126389 124530 100976 64938 36038 53627 48805 32427 16378 30992 4822 23554 2268 853
cat_boundaries=0 1 2
cat_threshold=432 769
is_linear=0
shrinkage=0.05


Tree=93
num_leaves=15
num_cat=4
split_feature=10 12 10 0 6 6 7 7 11 12 7 6 4 11
split_gain=15.3749 8.90879 10.1559 8.55507 9.74625 8.22316 7.92471 7.56078 8.93025 7.89843 7.33727 7.69395 6.80855 9.80965
threshold=1.0000000180025095e-35 0 10.500000000000002 6.5000000000000009 0.94500000000000017 2.0050000000000008 39.110000000000014 38.345000000000013 1 2 40.745000000000012 0.77750000000000019 3.2916666666666674 3
decision_type=10 1 8 2 10 8 8 8 9 1 10 8 8 9
left_child=-1 2 12 7 10 -4 -7 8 9 -3 -5 -12 13 -2
right_child=1 3 5 4 -6 6 -8 -9 -10 -11 11 -13 -14 -15
leaf_value=-0.045707371313767342 0.00035494046517614265 0.018083250638668485 -0.0027306021954171533 0.0042835909947092207 -0.0050016929868910778 0.020228451070886833 -0.025101324745477844 0.0010586614612681162 0.0095555990121344424 -0.0017656373732565336 -0.026905234012334408 0.012434678646344587 -0.0001695497301884381 -0.0073038222143846452
leaf_weight=13.406816322356461 787.22781547531486 41.218970634043217 131.31794932112098 591.18760372884572 1123.7070740535855 6.9333444628864518 98.812584515661001 7788.1107600219548 589.97494589537382 447.80896751582623 34.123558299615979 14.683108970522879 6420.4440405797213 884.2903568521142
leaf_count=1859 3835 216 3222 3417 8507 226 3333 49301 3283 2463 200 85 42092 4350
internal_value=-3.26589e-05 1.16805e-05 -0.0012116 0.000970441 -0.00220472 -0.0113056 -0.0213501 0.00160397 0.00551693 0.00039575 0.00270692 -0.0150144 -0.000910582 -0.00374795
internal_weight=18973.2 18959.8 8329.03 10630.8 1763.7 237.064 105.746 8867.11 1079 489.028 639.994 48.8067 8091.96 1671.52
internal_count=126389 124530 57058 67472 12209 6781 3559 55263 5962 2679 3702 285 50277 8185
cat_boundaries=0 1 2 3 4
cat_threshold=4 992 1 1840
is_linear=0
shrinkage=0.05


Tree=94
num_leaves=15
num_cat=3
split_feature=10 10 0 12 2 11 6 11 6 8 10 0 5 5
split_gain=14.6144 8.09796 11.0067 10.4396 9.24773 10.1504 12.084 8.9838 12.1464 8.66118 11.6309 11.4866 8.51823 8.42462
threshold=1.0000000180025095e-35 4.5000000000000009 4.5000000000000009 0 18.500000000000004 1 0.86125000000000018 2 1.3050000000000004 3.5000000000000004 3.5000000000000004 2.5000000000000004 0.075000000000000025 -1.0499999999999998
decision_type=10 10 2 1 10 9 10 9 8 2 10 2 10 10
left_child=-1 2 3 -2 5 -5 -7 8 -4 10 11 -6 -12 -11
right_child=1 -3 7 4 9 6 -8 -9 -10 13 12 -13 -14 -15
leaf_value=-0.045061996350543226 0.013466601167950646 -0.0011580576127658685 -0.0080259582743346623 0.0063019636724294479 0.018170999405547335 0.0049818671706876646 -0.0024977595368597897 0.00057566951740453372 0.0018445167205720287 0.0071552332221492794 -0.027093717570537315 0.0030477706911392912 -0.0021683462278502515 -0.0037377705851128259
leaf_weight=13.000833263620732 182.68402937054634 8308.7602356430143 868.53827442228794 1663.3307179808617 148.99434407055378 1034.7687604427338 1118.9288300126791 2472.0895663499832 482.10190467536449 195.30591443181038 38.182694226503372 696.96175849437714 171.36296489834785 1574.7065659761429
leaf_count=1859 835 77421 3766 7461 683 4678 4868 10828 2093 895 169 3129 768 6936
internal_value=-3.13171e-05 1.14399e-05 0.000924132 0.00212665 0.00178194 0.00338811 0.00109406 -0.00122286 -0.00447593 -0.000383708 0.00319212 0.00580247 -0.00723574 -0.00251905
internal_weight=18969.7 18956.7 10648 6825.23 6642.54 3817.03 2153.7 3822.73 1350.64 2825.51 1055.5 845.956 209.546 1770.01
internal_count=126389 124530 47109 30422 29587 17007 9546 16687 5859 12580 4749 3812 937 7831
cat_boundaries=0 1 2 3
cat_threshold=1 801 83
is_linear=0
shrinkage=0.05


Tree=95
num_leaves=15
num_cat=1
split_feature=10 12 10 1 5 5 6 2 10 5 7 7 4 4
split_gain=13.8954 8.06534 9.20829 8.43752 8.14689 7.39337 6.83983 9.63089 6.60301 6.52935 6.49992 8.13446 8.38854 6.43442
threshold=1.0000000180025095e-35 0 10.500000000000002 53.500000000000007 3.0500000000000003 2.6500000000000008 1.0000000180025095e-35 78.500000000000014 1.5000000000000002 -1.0499999999999998 44.010000000000012 41.810000000000009 3.6333333333333337 3.2916666666666674
decision_type=10 1 10 8 10 8 10 8 10 8 10 10 8 10
left_child=-1 2 13 5 -4 -3 7 8 -5 -8 11 -11 -13 -2
right_child=1 3 4 6 -6 -7 9 -9 -10 10 -12 12 -14 -15
leaf_value=-0.04442354166339342 -0.0031217013075967083 -0.0037372467551461891 -0.0060291526019868218 0.019923964179906186 -0.029352927444448396 -0.027455370733228814 0.016852750864920656 0.0019465095838224402 0.0048715748609762808 0.00084098635372358292 0.021751266227073789 -0.018776937974973901 -0.0025109510543435565 1.4167266632587728e-05
leaf_weight=12.61010488681495 2270.8911186121404 128.4869117308408 191.44908672012389 145.10324844717979 42.875130798667669 40.120625182986259 56.918811604380608 791.27416428923607 149.93123392388225 8761.0959759019315 31.052229411900043 92.85633934661746 428.6635958570987 5816.2181655205786
leaf_count=1859 11619 936 5127 871 1654 472 308 4561 682 55154 266 495 3727 38658
internal_value=-2.96865e-05 1.1572e-05 -0.001153 0.00092394 -0.0108209 -0.0100092 0.00110581 0.00485231 0.0124833 0.000669131 0.000561239 0.000478682 -0.00555791 -0.000867781
internal_weight=18959.5 18946.9 8321.43 10625.5 234.324 168.608 10456.9 1086.31 295.034 9370.59 9313.67 9282.62 521.52 8087.11
internal_count=126389 124530 57058 67472 6781 1408 66064 6114 1553 59950 59642 59376 4222 50277
cat_boundaries=0 1
cat_threshold=4
is_linear=0
shrinkage=0.05


Tree=96
num_leaves=15
num_cat=4
split_feature=10 0 12 1 7 7 3 11 11 6 2 11 5 3
split_gain=13.2147 7.40192 8.97614 7.40891 8.81145 6.72635 8.24796 12.0397 8.31468 7.65878 6.13484 7.49118 7.30924 6.21976
threshold=1.0000000180025095e-35 6.5000000000000009 0 53.500000000000007 40.845000000000013 38.345000000000013 1.5000000000000002 1 2 0.77750000000000019 102.50000000000001 3 1.0000000180025095e-35 3.5000000000000004
decision_type=10 2 1 8 10 8 8 9 9 8 10 9 8 8
left_child=-1 2 -2 -3 -5 6 8 9 -4 -8 11 -7 -12 -14
right_child=1 3 5 4 -6 10 7 -9 -10 -11 12 -13 13 -15
leaf_value=-0.043792423312360093 -0.00086213032116175389 -0.015463889003989664 0.001335868957435352 -0.00056487641205593307 -0.0088222354370338131 -0.00093378534812918869 -0.018799411006504986 0.0068371873913163593 0.020705092593769625 -0.00051630402987832484 -0.034739115871230464 0.0023807426381457458 -0.012362232002650016 0.0026916184266698368
leaf_weight=12.233880668878554 7720.5056267306209 102.08964238502085 104.43999021872878 1871.2403525356203 385.70360542833805 2604.8790313247591 76.480742760002613 570.47037557698786 132.93821841105819 193.84644548781216 15.860018428415058 4893.2843483202159 116.46903320774436 154.43082814849913
leaf_count=1859 52569 941 532 12528 3229 16975 412 3215 685 1118 78 30620 588 1040
internal_value=-2.91948e-05 1.06179e-05 0.000383633 -0.00260688 -0.00199241 0.00146799 0.00516181 0.00280033 0.0132959 -0.00572835 0.000955311 0.00123134 -0.00615972 -0.00388729
internal_weight=18954.9 18942.6 16583.6 2359.03 2256.94 8863.1 1078.18 840.798 237.378 270.327 7784.92 7498.16 286.76 270.9
internal_count=126389 124530 107832 16698 15757 55263 5962 4745 1217 1530 49301 47595 1706 1628
cat_boundaries=0 1 2 3 4
cat_threshold=4 480 1698 840
is_linear=0
shrinkage=0.05


Tree=97
num_leaves=15
num_cat=3
split_feature=10 10 2 11 5 6 4 0 1 12 11 5 6 3
split_gain=12.5711 7.17587 8.30106 9.16484 12.057 8.00936 7.97472 7.82324 9.02821 7.95127 8.61794 7.75293 12.018 9.09275
threshold=1.0000000180025095e-35 6.5000000000000009 99.500000000000014 0 0.8500000000000002 4.2550000000000017 11.366666666666669 4.5000000000000009 57.750000000000007 1 2 1.0000000180025095e-35 1.1225000000000003 6.5000000000000009
decision_type=10 10 10 9 8 10 10 2 10 1 9 8 10 10
left_child=-1 2 6 -4 -5 11 7 9 -9 10 -2 12 -3 -13
right_child=1 5 3 4 -6 -7 -8 8 -10 -11 -12 13 -14 -15
leaf_value=-0.043168980656936445 -0.0087907434809553989 0.0013325128630920751 0.00013111990642066158 -0.02751593864269793 -0.0044890149056398708 -0.015483170313607695 0.010959805041447305 -0.0010353927742631529 0.027857714911953376 0.0012165116031425431 0.011438271087584412 0.0018262042343869279 -0.0267778477379444 -0.0030636223177366575
leaf_weight=11.871469058096407 53.081159636378288 76.12596869841218 357.71665704250336 84.304465100169182 163.28172593563795 99.687083715572953 184.52130583673716 5246.7341208234429 22.181333690881729 8339.9903976097703 333.12916279584169 1618.5994543079287 70.075517179444432 2290.2621183190495
leaf_count=1859 250 727 1695 395 779 2265 915 24947 106 39859 1580 17371 794 32847
internal_value=-2.83772e-05 1.00497e-05 0.000526055 -0.00518406 -0.0122349 -0.00182461 0.000771551 0.000633356 -0.000887462 0.00155161 0.00843326 -0.00147019 -0.012581 -0.00103907
internal_weight=18951.6 18939.7 14784.9 605.303 247.586 4154.75 14179.6 13995.1 5268.92 8726.2 386.21 4055.06 146.201 3908.86
internal_count=126389 124530 70526 2869 1174 54004 67657 66742 25053 41689 1830 51739 1521 50218
cat_boundaries=0 1 2 3
cat_threshold=568 3 80
is_linear=0
shrinkage=0.05


Tree=98
num_leaves=15
num_cat=1
split_feature=10 5 3 11 4 2 4 7 7 10 1 4 5 2
split_gain=11.9621 7.05255 9.01167 8.82514 12.7538 8.48818 7.76142 6.44238 6.34543 6.21399 5.81131 10.2767 8.34262 8.51232
threshold=1.0000000180025095e-35 1.8500000000000003 14.500000000000002 0 10.450000000000001 10.500000000000002 12.100000000000001 37.790000000000013 35.945000000000014 7.5000000000000009 53.500000000000007 3.2916666666666674 1.1500000000000001 99.500000000000014
decision_type=10 10 10 9 10 8 10 10 10 10 10 10 8 10
left_child=-1 5 3 4 8 -2 9 -4 -3 -5 11 -7 13 -12
right_child=1 2 7 6 -6 10 -8 -9 -10 -11 12 -13 -14 -15
leaf_value=-0.042553473285475124 0.0023243575495946853 -0.025153039367350322 -0.0093736257819996734 -0.0029790848205130038 -0.016603011299682752 -0.01129161668492118 0.01717923868201995 0.025663416062188766 0.0012024838239756525 -0.0090361785668909619 -0.00066116630427457291 -0.00058701795404059902 0.0019981675975229512 -0.0094460537953617967
leaf_weight=11.522234620526431 4650.3891132697463 18.065268022939563 14.846476890146731 1729.5916782096028 103.11016003973782 312.71475127153099 37.317688005045056 44.922306310385466 2381.7667197268456 559.95423416420817 4484.6017287317663 763.8526066634804 3543.5776207000017 288.90102314203978
leaf_count=1859 26461 116 87 9727 1800 1832 287 329 17416 10620 27449 5772 20982 1652
internal_value=-2.79956e-05 9.11147e-06 -0.00162536 -0.00187197 0.000196562 0.000578546 -0.00407604 0.0169085 0.000952202 -0.00447693 -0.000286506 -0.00373425 0.000161747 -0.00120217
internal_weight=18945.1 18933.6 4889.57 4829.81 2502.94 14044 2326.86 59.7688 2399.83 2289.55 9393.65 1076.57 8317.08 4773.5
internal_count=126389 124530 40382 39966 19332 84148 20634 416 17532 20347 57687 7604 50083 29101
cat_boundaries=0 1
cat_threshold=440
is_linear=0
shrinkage=0.05


Tree=99
num_leaves=15
num_cat=2
split_feature=10 10 0 5 2 4 11 6 4 3 3 11 9 6
split_gain=11.3859 6.74677 7.88891 7.17035 11.5107 6.92505 18.5195 6.33301 6.5079 9.14234 6.0921 8.28303 6.3454 6.83704
threshold=1.0000000180025095e-35 1.5000000000000002 6.5000000000000009 1.0000000180025095e-35 68.500000000000014 6.9000000000000012 0 0.14500000000000002 5.366666666666668 1.5000000000000002 1.5000000000000002 1 1.0000000180025095e-35 1.7612500000000002
decision_type=10 10 2 8 10 10 9 10 10 8 8 9 8 10
left_child=-1 -2 3 4 7 10 -7 -3 -9 -10 11 -4 13 -12
right_child=1 2 5 -5 -6 6 -8 8 9 -11 12 -13 -14 -15
leaf_value=-0.041946104863830019 0.00260639761987457 0.0081756171162101245 -0.022904317368835726 0.00038147921215319491 -0.025935589822545277 -0.018128427776852207 -0.0011219338792403054 -0.0075753916589621122 0.018115844345888931 -0.0028109764189249912 -0.0034358676672940967 0.0012600039242415808 0.0013200611341415047 -0.026420755655264534
leaf_weight=11.185588298365472 2202.1162844002247 113.28856728598475 57.004249338060617 13596.18032043986 51.529064204543829 236.07256875559688 461.67974796518683 521.84321631118655 60.892114453017712 246.61731322482228 152.43438136950135 75.045032951980829 1117.3139700274915 36.776223143562675
leaf_count=1859 11777 511 260 92060 270 2379 4707 2573 277 1506 900 352 6703 255
internal_value=-2.78001e-05 8.04116e-06 -0.000334717 8.11829e-05 -0.004007 -0.00316872 -0.00723776 -0.00267777 -0.00420043 0.00155644 -0.00117688 -0.0112058 -0.000124405 -0.00846855
internal_weight=18940 18928.8 16726.7 14590.4 994.17 2136.33 697.752 942.641 829.353 307.509 1438.57 132.049 1306.52 189.211
internal_count=126389 124530 112753 97197 5137 15556 7086 4867 4356 1783 8470 612 7858 1155
cat_boundaries=0 1 2
cat_threshold=1568 281
is_linear=0
shrinkage=0.05


Tree=100
num_leaves=15
num_cat=2
split_feature=10 12 10 5 1 5 2 5 4 5 11 10 7 6
split_gain=10.84 6.5675 8.04346 7.69337 7.28365 6.88007 6.5701 6.13763 6.0032 9.59206 8.92891 8.1727 8.07313 7.96967
threshold=1.0000000180025095e-35 0 10.500000000000002 3.0500000000000003 53.500000000000007 2.9500000000000006 17.500000000000004 -0.6499999999999998 3.2916666666666674 3.8500000000000001 1 5.5000000000000009 38.155000000000008 2.4225000000000008
decision_type=10 1 10 10 8 8 10 8 10 8 9 10 8 10
left_child=-1 2 8 -4 5 6 -3 -6 11 10 13 -2 -12 -10
right_child=1 4 3 -5 7 -7 -8 -9 9 -11 12 -13 -14 -15
leaf_value=-0.04134702082327156 -0.0017138955943630534 0.0021435417574166395 -0.0055269417759568149 -0.028516143513829469 0.0098327191785530926 -0.028986580626731508 -0.022416183777744361 0.00083087549557549027 0.00522203587148958 -0.0062839071448276551 -0.0075350741595082808 -0.01020450265922903 0.00015491899193799603 -0.0051928999947716391
leaf_weight=10.860984180122612 1941.5957276672125 105.07498110458255 189.42430182918906 41.227289916947484 187.97772404178977 30.635352563112974 31.420325297862291 10259.741227325052 1384.6857585683465 533.81239545159042 375.54226438701153 327.54562658071518 3307.446573453024 207.56421573087573
leaf_count=1859 8811 825 5127 1654 1011 374 209 65053 8437 4423 2193 2808 22017 1588
internal_value=-2.91688e-05 5.46048e-06 -0.00104633 -0.010154 0.000829063 -0.00937312 -0.00410229 0.000997465 -0.000781456 7.10458e-05 0.000719458 -0.00295924 -0.000636631 0.00382838
internal_weight=18934.6 18923.7 8308.84 230.652 10614.8 167.131 136.495 10447.7 8078.19 5809.05 5275.24 2269.14 3682.99 1592.25
internal_count=126389 124530 57058 6781 67472 1408 1034 66064 50277 38658 34235 11619 24210 10025
cat_boundaries=0 1 2
cat_threshold=4 328
is_linear=0
shrinkage=0.05


Tree=101
num_leaves=15
num_cat=1
split_feature=10 5 2 11 4 4 7 5 6 4 4 6 7 10
split_gain=10.3239 6.14704 7.93737 6.86027 10.4546 9.90519 9.35846 7.82719 7.59665 7.29738 6.87937 6.61213 7.52176 6.51339
threshold=1.0000000180025095e-35 1.7750000000000001 10.500000000000002 0 12.100000000000001 9.6333333333333346 37.790000000000013 3.8500000000000001 0.98166666666666691 1.6333333333333335 13.450000000000001 3.2816666666666672 42.210000000000015 4.5000000000000009
decision_type=10 10 8 9 10 10 8 10 10 10 10 10 10 10
left_child=-1 2 -2 5 6 -3 8 9 -5 -8 -6 12 -9 -11
right_child=1 3 -4 4 10 -7 7 11 -10 13 -12 -13 -14 -15
leaf_value=-0.040756321610285237 0.0022822387960903419 0.0016042884385675778 -0.00027884887998239099 0.013621608855459053 0.026630956037428072 -0.010468816516249072 -0.023938091627168798 -0.0080681419532124161 -0.020815865517161022 0.001806489413363719 -0.0038575472809788056 -0.019202216819117157 0.016261651862763279 -0.0036299285633014443
leaf_weight=10.547913098707793 4479.9186124689877 2062.2763541210443 9292.8825129177421 14.985022302716969 43.426706444472075 180.11574835889041 31.6590456366539 243.56057357229292 114.20693189278245 918.56559351086617 28.111818620935082 115.84183630533516 31.69835464283824 1362.8182439636439
leaf_count=1859 25279 14909 57080 79 315 2991 156 2245 788 3980 186 1642 308 14572
internal_value=-2.97167e-05 3.75015e-06 0.000554729 -0.00146964 -0.00306539 0.000610689 -0.00356281 -0.00291727 -0.0164627 -0.00180075 0.0151808 -0.00941447 -0.00502623 -0.00144187
internal_weight=18930.6 18920.1 13772.8 5147.27 2904.87 2242.39 2833.34 2704.14 129.192 2313.04 71.5385 391.101 275.259 2281.38
internal_count=126389 124530 82359 42171 24271 17900 23770 22903 867 18708 501 4195 2553 18552
cat_boundaries=0 1
cat_threshold=248
is_linear=0
shrinkage=0.05


Tree=102
num_leaves=15
num_cat=4
split_feature=10 0 12 11 7 11 2 6 5 11 7 10 3 2
split_gain=9.83606 6.06752 9.18277 10.9915 9.11565 8.26366 10.4356 10.4569 9.34046 9.30079 8.63117 8.3968 13.4348 8.35304
threshold=1.0000000180025095e-35 4.5000000000000009 0 1 38.477500000000013 2 72.500000000000014 5.1291666666666673 -1.0000000180025095e-35 3 44.610000000000007 9.5000000000000018 8.5000000000000018 27.500000000000004
decision_type=10 2 1 9 8 9 10 10 8 9 8 10 8 8
left_child=-1 2 3 -2 -5 6 7 -4 -7 -8 -9 -10 13 -13
right_child=1 -3 5 4 -6 8 9 10 11 -11 -12 12 -14 -15
leaf_value=-0.040174072151958895 -0.0093731036755769544 -0.0011010965522574323 0.0027408871545688837 0.030395648729711011 0.007831520241620326 -0.0088235211481450717 -0.0004173282495668841 -0.025966928306969107 0.00011425560270075008 -0.02053061135882785 0.023374341455620652 0.011749683657359728 -0.017173212780961025 -0.01829416337836039
leaf_weight=10.245899669826029 73.053498741239309 7501.7431540722027 4606.2159603629261 47.280445601791143 369.46961090527475 338.61503132432699 162.37810682691634 47.391568234190345 5395.4707800056785 78.339049363508821 6.6160013917833558 89.644201358780265 173.51369417179376 25.81346875615418
leaf_count=1859 471 51506 28452 241 2277 1775 986 443 30649 431 76 1916 4754 553
internal_value=-2.9282e-05 3.07379e-06 0.000728956 0.00732251 0.0104731 0.000423017 0.0019446 0.00247574 -0.000816849 -0.0081001 -0.0184541 -0.000334002 -0.00856315 0.00455208
internal_weight=18925.8 18915.5 11413.8 489.804 416.75 10924 4900.94 4660.22 6023.06 240.717 54.0076 5684.44 288.971 115.458
internal_count=126389 124530 73024 2989 2518 70035 30388 28971 39647 1417 519 37872 7223 2469
cat_boundaries=0 1 2 3 4
cat_threshold=3 80 1329 48
is_linear=0
shrinkage=0.05


Tree=103
num_leaves=15
num_cat=2
split_feature=10 12 10 6 7 1 5 1 4 6 11 5 5 2
split_gain=9.37393 5.90331 6.97975 7.30466 7.57384 6.63476 6.40229 5.89794 7.8693 8.7877 6.74119 6.37916 5.92878 5.80525
threshold=1.0000000180025095e-35 0 10.500000000000002 2.0050000000000008 39.110000000000014 53.500000000000007 2.6500000000000008 54.250000000000007 5.2250000000000005 1.7387500000000002 1 4.5500000000000007 1.6500000000000001 13.500000000000002
decision_type=10 1 10 8 8 8 8 8 10 10 9 8 10 8
left_child=-1 2 -2 -4 -5 6 -3 8 9 -7 11 -10 13 -9
right_child=1 5 3 4 -6 7 -8 12 10 -11 -12 -13 -14 -15
leaf_value=-0.039600299880717948 -0.00075096206524259527 -0.0031999467605712453 -0.0014843412651886769 0.021112814708758219 -0.023276619285253361 0.0068536055130870481 -0.025559456465570143 0.0034692153833552615 0.0093321085120633054 0.029084069540506904 -0.017473798381875443 -0.029789567137052855 -0.001246382423666176 0.00046422574074070626
leaf_weight=9.954497864469884 8073.7512172292918 127.77937742136419 128.11323623359203 6.7906667422503224 92.457492514513433 210.6643912345171 38.557046070694923 2399.7854792196304 85.624481031671166 53.207437828183174 37.072332341223955 6.8748836368322364 2800.6991996448487 4851.7526378948241
leaf_count=1859 50277 936 3222 226 3333 1083 472 13400 651 285 324 60 21364 28897
internal_value=-2.96343e-05 1.6535e-06 -0.000996135 -0.00954174 -0.0193725 0.000782463 -0.00897755 0.000942851 0.00690953 0.0117937 -0.00310564 0.00457649 0.000705996 0.00146039
internal_weight=18923.1 18913.1 8301.11 227.361 99.2482 10612 166.336 10445.7 393.444 263.872 129.572 92.4994 10052.2 7251.54
internal_count=126389 124530 57058 6781 3559 67472 1408 66064 2403 1368 1035 711 63661 42297
cat_boundaries=0 1 2
cat_threshold=4 1067
is_linear=0
shrinkage=0.05


Tree=104
num_leaves=15
num_cat=2
split_feature=10 10 0 5 2 4 11 6 10 6 5 3 11 0
split_gain=8.93659 5.77796 7.08557 6.69532 10.2592 6.06565 16.9504 5.7672 6.12608 8.30624 5.74242 7.88508 8.45619 7.20228
threshold=1.0000000180025095e-35 1.5000000000000002 6.5000000000000009 1.0000000180025095e-35 68.500000000000014 6.9000000000000012 0 0.14500000000000002 6.5000000000000009 2.1816666666666671 0.45000000000000007 1.5000000000000002 1 2.5000000000000004
decision_type=10 10 2 8 10 10 9 10 10 10 10 8 9 2
left_child=-1 10 3 4 7 -4 -7 -3 9 -9 11 12 -2 -12
right_child=1 2 5 -5 -6 6 -8 8 -10 -11 13 -13 -14 -15
leaf_value=-0.03903501119361126 0.014272007155873812 0.0077378389122682821 -0.00114423334973611 0.00036760660210872532 -0.024654942582523379 -0.017332300498508858 -0.00099547581371693433 -0.0037797574375634442 -0.014884548000331644 0.017460041249456968 0.014679024533967067 0.0010962780595182148 0.0016121855519993511 -0.0018218077037210874
leaf_weight=9.6732870768755657 309.70137850940228 113.21627253293991 1437.9166650027037 13587.415098231286 51.135606002062559 232.93416953459382 460.75565665028989 675.50439794361591 108.47644766420126 44.440073862671852 66.575950145721436 711.83771613240242 244.10003326833248 865.16564185917377
leaf_count=1859 1806 511 8470 92060 270 2379 4707 3009 1141 206 383 3799 1345 4444
internal_value=-2.97063e-05 5.61171e-07 -0.000316597 7.7436e-05 -0.00387588 -0.00300566 -0.00682831 -0.0026232 -0.00407713 -0.00235731 0.0024079 0.00459431 0.00904052 -0.000570712
internal_weight=18918.8 18909.2 16711.8 14580.2 992.773 2131.61 693.69 941.637 828.421 719.944 2197.38 1265.64 553.801 931.742
internal_count=126389 124530 112753 97197 5137 15556 7086 4867 4356 3215 11777 6950 3151 4827
cat_boundaries=0 1 2
cat_threshold=1568 1305
is_linear=0
shrinkage=0.05


Tree=105
num_leaves=15
num_cat=2
split_feature=10 12 10 4 7 11 6 4 7 3 7 7 4 7
split_gain=8.52285 5.35217 6.44578 6.38266 8.16971 6.99368 6.95518 6.79102 7.11697 8.36546 6.30699 6.17651 7.98918 9.7712
threshold=1.0000000180025095e-35 0 7.5000000000000009 2.9000000000000004 41.83666666666668 1 2.4612500000000006 5.366666666666668 40.622500000000009 2.5000000000000004 40.610000000000014 41.690000000000012 3.3666666666666671 44.010000000000012
decision_type=10 1 10 8 8 9 10 8 10 10 8 10 10 10
left_child=-1 2 3 4 -2 6 7 8 9 -5 -9 -3 -13 -14
right_child=1 11 -4 5 -6 -7 -8 10 -10 -11 -12 12 13 -15
leaf_value=-0.038478184779912286 -0.0044355940123032966 0.0010614181972586367 -0.0042349920362260039 -0.0074178112871682474 0.017239074614740498 -0.00048248024502880332 -0.0061628710705483739 0.0070459479074262976 -0.015028049484013654 0.0085844223925750623 0.022532899689621473 -0.016413635892909319 -0.0029822636471205266 0.026470453204144092
leaf_weight=9.4018716942518932 1174.2336526289582 9925.9007381554693 1261.4686160925776 114.62101782858372 40.291511729359627 4781.2772826552391 139.75064430385828 398.1770773679018 54.515846535563469 254.91535824537277 76.362356059253216 101.78496195934713 555.34269208647311 24.664929991587996
leaf_count=1859 5525 61929 21211 540 193 24866 792 2017 267 1248 399 535 4775 233
internal_value=-2.8957e-05 3.36211e-07 -0.000950099 -0.000359763 -0.00364881 0.000329188 0.00401722 0.00567024 0.00104763 0.00358816 0.00974705 0.000743904 -0.00384188 -0.00151425
internal_weight=18912.7 18903.3 8295.61 7034.14 1214.53 5819.62 1038.34 898.592 424.052 369.536 474.539 10607.7 681.793 580.008
internal_count=126389 124530 57058 35847 5718 30129 5263 4471 2055 1788 2416 67472 5543 5008
cat_boundaries=0 1 2
cat_threshold=4 320
is_linear=0
shrinkage=0.05


Tree=106
num_leaves=15
num_cat=4
split_feature=10 0 12 11 7 11 2 6 11 5 7 7 10 3
split_gain=8.1312 5.31958 8.06555 9.99955 8.35157 7.43463 9.35743 9.52832 8.46167 8.27496 8.05055 7.69111 7.4084 9.10963
threshold=1.0000000180025095e-35 4.5000000000000009 0 1 38.477500000000013 2 72.500000000000014 5.1291666666666673 3 -1.0000000180025095e-35 44.610000000000007 39.122500000000009 10.500000000000002 8.5000000000000018
decision_type=10 2 1 9 8 9 10 10 9 8 8 8 10 8
left_child=-1 2 3 -2 -5 6 7 -4 -8 -7 -9 -11 -13 -14
right_child=1 -3 5 4 -6 9 8 10 -10 11 -12 12 13 -15
leaf_value=-0.037929784355296065 -0.0090671682055410673 -0.0010339755010953895 0.0025913544960998462 0.028938527249796304 0.0073355272625228278 -0.0083243782337799437 -0.00036440050404445436 -0.025074290162384133 -0.01956440819683964 0.0024579859118411987 0.0224544768352338 -0.0011353710245820487 0.0053496408761080369 -0.022062118162723705
leaf_weight=9.1398757416754943 72.886639764532447 7493.5936122778803 4606.1151177212596 47.197731096297503 369.82467578724027 338.18747710250318 162.28716705925763 46.859827645123005 78.038553666323423 1720.3724523931742 6.7048465739935628 3829.5821533948183 42.902579521760345 86.218140721321106
leaf_count=1859 471 51506 28452 241 2277 1775 986 443 431 10024 76 23894 1097 2857
internal_value=-2.77876e-05 5.67158e-07 0.000680333 0.00685902 0.00986074 0.000393414 0.00183655 0.00233918 -0.00768304 -0.000783414 -0.0177158 -0.000328802 -0.00154146 -0.0130942
internal_weight=18909.9 18900.8 11407.2 489.909 417.022 10917.3 4900.01 4659.68 240.326 6017.26 53.5647 5679.08 3958.7 129.121
internal_count=126389 124530 73024 2989 2518 70035 30388 28971 1417 39647 519 37872 27848 3954
cat_boundaries=0 1 2 3 4
cat_threshold=3 80 1329 48
is_linear=0
shrinkage=0.05


Tree=107
num_leaves=15
num_cat=2
split_feature=10 10 0 5 2 4 11 3 11 9 3 6 3 7
split_gain=7.75961 5.21253 6.29574 5.82788 9.22892 5.5341 15.5803 5.6552 7.64742 5.7288 6.43335 7.42204 5.5725 5.9859
threshold=1.0000000180025095e-35 1.5000000000000002 6.5000000000000009 1.0000000180025095e-35 68.500000000000014 6.9000000000000012 0 1.5000000000000002 1 1.0000000180025095e-35 2.5000000000000004 1.7612500000000002 5.5000000000000009 38.010000000000012
decision_type=10 10 2 8 10 10 9 8 9 8 8 8 10 10
left_child=-1 -2 3 4 -3 7 -7 8 -4 10 -9 -12 13 -8
right_child=1 2 5 -5 -6 6 12 9 -10 -11 11 -13 -14 -15
leaf_value=-0.037389756582653179 0.0022877736642222214 -0.0024369327837992761 -0.021993655235540196 0.00033997721953950088 -0.023401843644576287 -0.016638760135018513 -0.015000347420544728 0.014075221814497399 0.0012325192948068823 0.0013214940078018036 -0.0056741425115991824 -0.031050131525713009 -0.0033105272410352085 0.018332059989063034
leaf_weight=8.8869433403015119 2194.1460752189159 939.91015624254942 56.829942345619202 13585.740271366201 50.747757587581873 230.41225471161306 13.116289284080265 24.225376300513744 75.032375201582909 1116.815578494221 130.9194575920701 33.209893643856049 389.9485592097044 57.20582103729248
leaf_count=1859 11777 4867 260 92060 270 2379 85 127 352 6703 789 239 4225 397
internal_value=-2.80092e-05 -5.54634e-07 -0.00030173 6.94899e-05 -0.00362301 -0.00283905 -0.00650042 -0.00106285 -0.0107322 -4.8713e-05 -0.00799719 -0.0115749 -0.000923427 0.0115319
internal_weight=18907.1 18898.3 16704.1 14576.4 990.658 2127.72 690.683 1437.03 131.862 1305.17 188.355 164.129 460.271 70.3221
internal_count=126389 124530 112753 97197 5137 15556 7086 8470 612 7858 1155 1028 4707 482
cat_boundaries=0 1 2
cat_threshold=1568 281
is_linear=0
shrinkage=0.05


Tree=108
num_leaves=15
num_cat=2
split_feature=10 5 2 7 7 7 6 2 12 6 10 11 6 7
split_gain=7.40711 4.91569 9.51369 9.3115 9.21586 7.99945 8.42531 7.93539 7.7402 7.73313 8.40402 7.4223 9.72833 6.82312
threshold=1.0000000180025095e-35 2.4500000000000006 15.500000000000002 44.010000000000012 37.229166666666679 39.122500000000009 2.2450000000000006 9.5000000000000018 0 3.4050000000000007 10.500000000000002 1 1.2387500000000002 41.390000000000015
decision_type=10 10 10 10 8 8 8 10 1 10 10 9 10 10
left_child=-1 3 4 5 -3 6 7 -2 -9 10 -6 12 -4 -14
right_child=1 2 11 -5 9 -7 -8 8 -10 -11 -12 -13 13 -15
leaf_value=-0.036858040854917243 0.0041455037633628287 -0.02871299932482238 -0.020828125540211951 0.029857456338148139 -0.0016820252782123917 -0.00042828736486965458 0.0091467057003293464 0.0088758154615932727 -0.0010484044992385151 -0.013599986604272772 -0.020486809379176324 -0.00088976972132894351 0.0135197161858682 -0.0066226633340027751
leaf_weight=8.6427343394607288 1631.79739109613 34.301203524693847 22.91675503179431 21.700435513630509 1166.4483056087047 11074.368964627385 377.59460665099323 198.24376468919218 2485.9171759709716 181.43611052632332 57.698210434988141 1347.5656755529344 246.52581116743386 47.318279840052128
leaf_count=1859 9005 300 159 161 9667 69908 2226 1144 14534 2616 1916 10642 1782 470
internal_value=-2.92926e-05 -2.69886e-06 -0.00181996 0.000355034 -0.00478853 0.000304979 0.00203373 0.00140156 -0.000271185 -0.00410499 -0.00264809 0.000754944 0.00745301 0.0102196
internal_weight=18902.5 18893.8 3104.21 15789.6 1439.88 15767.9 4693.55 4315.96 2684.16 1405.58 1224.15 1664.33 316.761 293.844
internal_count=126389 124530 27552 96978 14499 96817 26909 24683 15678 14199 11583 13053 2411 2252
cat_boundaries=0 1 2
cat_threshold=3 192
is_linear=0
shrinkage=0.05


Tree=109
num_leaves=15
num_cat=1
split_feature=10 12 5 1 5 10 4 5 7 7 7 2 2 3
split_gain=7.07379 4.77406 5.93073 6.04079 5.89346 5.80051 5.26779 8.06468 7.30437 7.12419 6.43827 5.49795 6.43253 6.98724
threshold=1.0000000180025095e-35 0 -0.6499999999999998 53.500000000000007 3.4500000000000006 11.500000000000002 2.9000000000000004 3.1500000000000008 42.145000000000017 44.010000000000012 37.410000000000011 57.500000000000007 44.500000000000007 6.5000000000000009
decision_type=10 1 8 8 8 10 8 8 8 8 8 10 10 10
left_child=-1 5 -3 4 -4 6 8 9 -2 11 -9 12 -8 -14
right_child=1 2 3 -5 -6 -7 7 10 -10 -11 -12 -13 13 -15
leaf_value=-0.036334562243567819 -0.0043324165648451823 0.0093542470212133709 -0.0047241016027494186 0.00069196046439733302 -0.031094720300739783 -0.012763126875116168 0.00069697266970186766 -0.024094045387153148 0.02084898320795826 0.03384991726477303 -0.0030135791216368297 -0.0061350728170164303 0.0017929642099204042 0.031469232214291397
leaf_weight=8.4069259054958803 1214.5949192456901 189.36176637560129 142.13643137924373 10250.704355321825 20.505217608064413 96.832353106699884 5160.6213639695197 32.341526916250587 24.610386792570353 11.10732129216194 1383.517969796434 286.69015330076218 46.187736917287111 30.640767375007272
leaf_count=1859 5902 1024 1131 65053 264 3390 34320 233 132 85 10720 1811 254 211
internal_value=-2.8649e-05 -2.88041e-06 0.000699443 0.000538317 -0.00887706 -0.000901082 -0.000754237 -0.00021776 -0.00375054 0.000644259 -0.0035782 0.000546943 0.000918209 0.0148282
internal_weight=18898.3 18889.9 10602.7 10413.3 162.642 8287.14 8190.31 6951.11 1239.21 5535.25 1415.86 5524.14 5237.45 76.8285
internal_count=126389 124530 67472 66448 1395 57058 53668 47634 6034 36681 10953 36596 34785 465
cat_boundaries=0 1
cat_threshold=4
is_linear=0
shrinkage=0.05


Tree=110
num_leaves=15
num_cat=3
split_feature=10 10 4 6 4 3 2 11 3 5 7 11 6 11
split_gain=6.75795 4.73059 7.46986 7.68435 7.15483 9.51224 8.77516 9.46078 9.07918 10.2688 7.81894 7.61486 7.35556 7.28579
threshold=1.0000000180025095e-35 2.5000000000000004 9.7750000000000021 2.1050000000000009 2.7083333333333335 8.5000000000000018 33.500000000000007 0 2.5000000000000004 2.1500000000000008 37.490000000000016 1 0.093750000000000028 2
decision_type=10 10 10 10 8 8 8 9 10 10 10 9 8 9
left_child=-1 2 -2 -4 -3 6 7 10 -9 -10 -6 -8 -12 -7
right_child=1 4 3 -5 5 13 11 8 9 -11 12 -13 -14 -15
leaf_value=-0.035819241683924898 0.00093851066661071274 -0.0039434049052608127 0.02182475667941583 0.0010884234101974698 -0.010390279084553389 -0.0068387764466036356 -0.0079595589231217807 -0.0044017165116081681 0.0026004291883071342 -0.0027946003476394736 -0.028461530183945222 -0.00033507899992016093 0.0059015884782010995 -0.0011552661042914835
leaf_weight=8.1792082674801332 4853.5026204586029 1340.8803526759148 83.45673380792141 91.388099864125252 76.035243283957243 688.44968412257731 454.41240959055722 800.62839265912771 3730.0840302947909 1150.188191358 10.861666552722454 1100.8532676193863 1577.7171528525651 2930.152675351128
leaf_count=1859 22701 6707 419 434 496 6702 2935 4094 23086 9944 61 7274 10508 29169
internal_value=-2.76211e-05 -2.64736e-06 0.0013103 0.0113179 -0.000479272 -0.000106822 0.000772003 0.00149452 0.000515877 0.00132736 0.00479105 -0.0026343 0.00557807 -0.00226658
internal_weight=18896.8 18888.6 5028.35 174.845 13860.3 12519.4 8900.78 7345.51 5680.9 4880.27 1664.61 1555.27 1588.58 3618.6
internal_count=126389 124530 23554 853 100976 94269 58398 48189 37124 33030 11065 10209 10569 35871
cat_boundaries=0 1 2 3
cat_threshold=176 1283 769
is_linear=0
shrinkage=0.05


Tree=111
num_leaves=15
num_cat=1
split_feature=10 0 11 2 7 6 5 7 7 3 6 0 6 6
split_gain=6.45805 4.72851 7.2741 9.67836 7.73699 11.3101 10.2819 7.27794 8.00221 7.02542 9.84371 7.78886 7.10947 10.3838
threshold=1.0000000180025095e-35 4.5000000000000009 0 14.500000000000002 39.510000000000012 2.5050000000000008 0.8500000000000002 40.645000000000017 37.410000000000011 4.5000000000000009 4.7291666666666679 2.5000000000000004 2.7050000000000005 2.1050000000000009
decision_type=10 2 9 8 10 8 8 10 8 10 8 2 10 8
left_child=-1 2 3 4 5 6 -2 8 -5 11 -11 -6 13 -13
right_child=1 -3 -4 7 9 -7 -8 -9 -10 10 -12 12 -14 -15
leaf_value=-0.035311995074282732 0.013433252360139678 -0.00097953686227330509 -0.0005013626547807473 -0.009853644541943346 -0.018162653704098582 0.035152580276580164 0.00022783646972028969 -0.0037517046476608362 0.0026717586478275865 0.006369894505849902 -0.031428540361501084 0.0013859656020579578 0.017661148468134078 -0.017901235475214859
leaf_weight=7.9592848392203441 314.46909283101559 7484.7263926947489 6289.7776393406093 132.59120647609234 54.241139579564333 34.557158082723618 274.00649821199477 867.31310484558344 1755.2231833823025 896.1441231071949 12.676798107102512 642.78130978904665 51.907983118668199 73.217639688402414
leaf_count=1859 1620 51506 41392 732 298 234 1542 6092 10221 6724 208 3244 310 407
internal_value=-2.7712e-05 -3.49646e-06 0.000637538 0.00203574 0.00439039 0.00914859 0.00733826 2.69754e-05 0.00176833 0.00265634 0.00567358 -0.000693111 0.000650364 -0.000696797
internal_weight=18891.6 18883.6 11398.9 5109.13 2354 623.033 588.476 2755.13 1887.81 1730.97 908.821 822.148 767.907 715.999
internal_count=126389 124530 73024 31632 14587 3396 3162 17045 10953 11191 6932 4259 3961 3651
cat_boundaries=0 1
cat_threshold=1329
is_linear=0
shrinkage=0.05


Tree=112
num_leaves=15
num_cat=1
split_feature=10 7 4 3 2 11 5 6 1 5 3 10 4 0
split_gain=6.17391 4.4452 7.32108 9.68486 6.52203 11.2018 9.04753 6.05602 5.88357 8.93321 8.12235 8.88705 12.2328 6.39744
threshold=1.0000000180025095e-35 41.610000000000014 9.1000000000000014 14.500000000000002 99.500000000000014 0 0.8500000000000002 0.78166666666666684 52.500000000000007 6.0500000000000007 8.5000000000000018 9.5000000000000018 5.366666666666668 6.5000000000000009
decision_type=10 10 10 8 10 9 10 10 10 10 8 10 10 2
left_child=-1 4 7 -4 8 6 -6 -3 9 10 11 -2 -13 -14
right_child=1 2 3 -5 5 -7 -8 -9 -10 -11 -12 12 13 -15
leaf_value=-0.034812734986150083 -0.001764235131387687 -0.013138599793231115 -0.014743719531080153 0.036477323851664009 -0.032653190655904316 -0.00091549243579853393 -0.0071364192075283025 -0.00031294314978662125 0.00067823349040190353 0.030103676870066466 -0.0092737880230585462 -0.024037345868181553 0.043925356192898501 -0.012047241232851806
leaf_weight=7.7468713866546741 829.73495387658477 95.040299214422703 166.04032885283232 5.065421173349022 53.203636290505528 523.58064681850374 95.756909286603332 1154.1646134462208 15513.840395220555 15.292713951319454 393.5307490741834 7.5626571942120782 25.062714593485001 3.9183838944882146
leaf_count=1859 4770 550 2548 66 272 3218 547 9001 98553 184 4099 143 499 80
internal_value=-2.69563e-05 -3.47189e-06 -0.00268836 -0.0122348 0.000215623 -0.00459403 -0.0159769 -0.00133722 0.000409602 -0.00284866 -0.00336609 -0.000644533 0.0219311 0.0356985
internal_weight=18889.5 18881.8 1420.31 171.106 17461.5 672.541 148.961 1249.2 16788.9 1275.1 1259.81 866.279 36.5438 28.9811
internal_count=126389 124530 12165 2614 112365 4037 819 9551 108328 9775 9591 5492 722 579
cat_boundaries=0 1
cat_threshold=1283
is_linear=0
shrinkage=0.05


Tree=113
num_leaves=15
num_cat=2
split_feature=10 6 2 7 11 1 5 11 7 5 2 2 2 0
split_gain=5.90429 4.44532 7.88635 8.84986 7.74053 7.59266 7.42768 12.5195 7.03446 6.67686 6.59523 6.19686 6.09362 6.07796
threshold=1.0000000180025095e-35 0.86125000000000018 69.500000000000014 39.145000000000017 0 52.500000000000007 1.0000000180025095e-35 1 36.677500000000009 1.9500000000000002 30.500000000000004 84.500000000000014 104.50000000000001 2.5000000000000004
decision_type=10 10 10 8 9 10 8 9 10 10 8 10 10 2
left_child=-1 2 3 8 12 -5 10 9 -2 -8 -7 -6 -4 -9
right_child=1 -3 4 5 11 6 7 13 -10 -11 -12 -13 -14 -15
leaf_value=-0.034321368532553527 -0.0054905471218633616 -0.00054174413888394312 -0.0040153031113417444 -0.0074174015751244165 -0.018269228940406609 -0.0083041032989146571 0.015395434385792946 0.0063749560011797865 0.0051031879976851241 -0.010638160564066159 0.010212278176095406 0.0024254588248070652 -0.029112668192029054 -0.00026150649149307741
leaf_weight=7.5416951719671479 167.15477303415537 12652.922188339755 44.028654586523771 302.25104803778231 38.386835129931569 334.62188834697008 218.17661167681217 394.11830729059875 1843.7373987399042 24.151752799749374 51.665514159947634 213.02637789770961 54.129781424999237 2542.103049101308
leaf_count=1859 877 89614 218 2022 209 1721 1052 2108 10062 115 254 1194 264 14820
internal_value=-2.63172e-05 -3.53517e-06 0.00108954 0.0015252 -0.00615424 0.000124863 0.000773841 0.00157185 0.00421115 0.012147 -0.00572871 -0.000990304 -0.0169523 0.000636441
internal_weight=18888 18880.5 6227.55 5877.98 349.572 3867.09 3564.84 3178.55 2010.89 242.328 386.287 251.413 98.1584 2936.22
internal_count=126389 124530 34916 33031 1885 22092 20070 18095 10939 1167 1975 1403 482 16928
cat_boundaries=0 1 2
cat_threshold=1347 1024
is_linear=0
shrinkage=0.05


Tree=114
num_leaves=15
num_cat=3
split_feature=10 0 12 11 7 11 2 6 7 5 4 7 3 7
split_gain=5.4865 4.4205 6.6445 9.39591 7.50425 6.06591 7.61482 8.42105 8.09837 7.51642 7.039 6.75122 6.37613 6.25837
threshold=12.500000000000002 4.5000000000000009 0 1 38.377500000000012 2 41.500000000000007 5.1291666666666673 36.410000000000011 -1.0000000180025095e-35 5.5500000000000007 44.610000000000007 4.5000000000000009 39.122500000000009
decision_type=8 2 1 9 8 9 10 10 8 8 10 8 10 8
left_child=1 2 3 -1 -5 6 7 8 -4 10 12 -9 -7 -11
right_child=-2 -3 5 4 -6 9 -8 11 -10 13 -12 -13 -14 -15
leaf_value=-0.0091760598374468066 -0.013226363269783232 -0.00091722549028549301 -0.012023720444836789 0.028085585442251034 0.0068894663832051511 -0.0094204967150886207 -0.0045702875709345775 -0.024383722238205174 0.0028631903096316275 0.0022724975613226694 0.0040597204501715859 0.02087429591839822 -0.038014471263451283 -0.0013431430592264846
leaf_weight=72.313769252970815 73.39042803645134 7450.3825830221176 88.479469848796725 43.182508707046509 372.5240861158818 231.6193924061954 436.80024926178157 42.642343077808619 4317.8781464062631 1715.1209662351757 88.646216439083219 5.9686528593301764 17.29673208668828 3929.3108842037618
leaf_count=460 4236 50438 487 220 2253 1195 2545 407 26670 9855 487 68 93 26975
internal_value=-2.60772e-05 2.89208e-05 0.000649478 0.00626809 0.00918067 0.000388428 0.00169182 0.00231403 0.00255097 -0.000678984 -0.00787154 -0.0173982 -0.0121169 -0.000243453
internal_weight=18885.6 18812.2 11361.8 488.02 415.707 10873.8 4891.77 4454.97 4406.36 5981.99 337.562 48.611 248.916 5644.43
internal_count=126389 122153 71715 2933 2473 68782 30177 27632 27157 38605 1775 475 1288 36830
cat_boundaries=0 1 2 3
cat_threshold=3 80 1329
is_linear=0
shrinkage=0.05


Tree=115
num_leaves=15
num_cat=2
split_feature=10 12 5 1 5 6 6 4 10 11 3 2 7 7
split_gain=5.0455 4.40306 5.42654 5.42549 5.5169 5.20152 4.75988 6.07818 8.33497 5.24677 7.45737 7.66312 7.5127 6.62716
threshold=12.500000000000002 0 -0.6499999999999998 53.500000000000007 3.4500000000000006 1.3183333333333336 0.6050000000000002 1.1000000000000003 1.5000000000000002 1 9.5000000000000018 19.500000000000004 39.163333333333348 39.663333333333348
decision_type=8 1 8 8 8 10 10 8 10 9 8 10 10 10
left_child=1 -1 5 4 -4 -3 7 8 -5 10 -8 -12 -13 -14
right_child=-2 2 3 6 -6 -7 9 -9 -10 -11 11 12 13 -15
leaf_value=-0.00083763438401587235 -0.012758426998956416 0.0045924462650670924 -0.004409422507045067 0.021311174432888075 -0.030131516468252045 0.024912942781498148 -0.00082441945332520665 0.0019183054016410712 -0.00058663097811520763 0.00096743892951580183 -0.018331956962850445 -0.014379070087824975 0.029072719743511749 -0.00058702565001137862
leaf_weight=8253.3753842804581 72.484930979087949 152.86829989030957 141.61152469739318 92.682721972465515 20.008144102990627 35.841522045433521 2159.7136521153152 2277.2241133414209 77.807792909443378 5317.8037145622075 125.89873798191547 64.294911522418261 20.501007245853543 71.305762678384781
leaf_count=55981 4236 832 1128 561 262 192 13132 12316 343 34567 1343 517 193 786
internal_value=-2.57158e-05 2.6725e-05 0.000702642 0.000548133 -0.0084024 0.00899533 0.000693898 0.0026139 0.0115856 8.6946e-05 -0.00182523 -0.00940569 -0.00186097 0.00719568
internal_weight=18883.4 18810.9 10557.6 10368.9 161.62 188.71 10207.2 2447.71 170.491 7759.52 2441.71 282 156.102 91.8068
internal_count=126389 122153 66172 65148 1390 1024 63758 13220 904 50538 15971 2839 1496 979
cat_boundaries=0 1 2
cat_threshold=4 776
is_linear=0
shrinkage=0.05


Tree=116
num_leaves=15
num_cat=2
split_feature=10 2 3 7 7 4 4 6 10 11 0 6 12 7
split_gain=4.63896 4.02051 4.60772 4.04188 9.34039 6.25918 10.8544 8.26679 7.68331 7.4107 11.8948 7.85217 7.18544 6.79921
threshold=12.500000000000002 305.50000000000006 3.5000000000000004 37.322500000000012 38.263333333333343 3.7750000000000004 3.9000000000000004 1.0000000180025095e-35 6.5000000000000009 0 5.5000000000000009 0.58166666666666689 1 39.710000000000015
decision_type=8 10 8 8 8 8 8 10 10 9 2 10 1 8
left_child=1 3 -3 -1 -5 7 8 -6 -7 -9 13 -12 -13 -11
right_child=-2 2 -4 4 5 6 -8 9 -10 10 11 12 -14 -15
leaf_value=-0.0033455678311360491 -0.012302340645252974 -0.033234226212064857 0.00021099025277897615 0.0041189297498480694 0.0061546756881624377 0.0064478418087602005 0.00023732677226770557 0.00029562863013370643 0.029534307305570273 0.0004545929136520373 -0.02139433071832781 -0.00079798490901637005 -0.015113115683730985 -0.0053407572129175991
leaf_weight=827.74668828211725 71.621362720616162 14.478783540427683 21.716829150915146 1408.4777567330748 306.49266519397497 259.46480548381805 11748.562594003975 1673.1823768392205 37.925440918654203 1058.8177512288094 128.76515931636095 216.85887506976724 141.02784499526024 963.26552217639983
leaf_count=4791 4236 75 131 8047 1588 1210 85080 8349 375 5201 612 1115 702 4877
internal_value=-2.448e-05 2.55349e-05 -0.0155775 5.97628e-05 0.000217747 -0.000115719 0.000478173 -0.00170836 0.00983167 -0.0022913 -0.00399906 -0.0109934 -0.00700794 -0.00231252
internal_weight=18878.4 18806.8 36.1956 18770.6 17942.8 16534.4 12046 4488.41 297.39 4181.92 2508.74 486.652 357.887 2022.08
internal_count=126389 122153 206 121947 117156 109109 86665 22444 1585 20856 12507 2429 1817 10078
cat_boundaries=0 1 2
cat_threshold=1680 9
is_linear=0
shrinkage=0.05


Tree=117
num_leaves=15
num_cat=2
split_feature=10 0 1 7 5 3 7 7 12 6 11 7 5 3
split_gain=5.54094 4.05474 5.78413 6.71588 4.88153 7.76781 5.27083 5.428 4.74385 5.54039 5.33009 4.64762 4.63957 11.6389
threshold=1.0000000180025095e-35 6.5000000000000009 53.500000000000007 40.845000000000013 0.25000000000000006 4.5000000000000009 41.670833333333341 41.045000000000009 0 1.0000000180025095e-35 1 41.310000000000009 -1.0000000180025095e-35 3.5000000000000004
decision_type=10 2 8 10 8 10 10 10 1 8 9 10 8 10
left_child=-1 8 -3 -4 -5 6 7 -6 12 10 -10 -7 13 -2
right_child=1 2 3 4 5 11 -8 -9 9 -11 -12 -13 -14 -15
leaf_value=-0.033676204375836953 -0.001380191373576085 -0.013486577342927129 -0.00016846092247020975 -0.019821915104962881 -0.0039440744118457473 -0.017699037683718541 -0.010061922293683658 0.024606993068157619 -0.0021608586356699172 0.00090662318168010852 0.017988594578988947 -0.0032205198434804038 -0.00034917850724483257 -0.022215818592982019
leaf_weight=7.224282467737793 310.67082964628935 98.887925513088703 1860.6497922465205 61.394065065309405 24.089377384632826 97.138529822230339 27.337325865402818 41.261624578386545 53.533389791846275 8715.9875591881573 76.75136299431324 127.30129311978817 7295.5733046671376 80.732922110706568
leaf_count=1859 1582 941 12528 419 129 916 161 235 277 54566 420 1369 50531 456
internal_value=-2.43157e-05 -2.5163e-06 -0.00194917 -0.00141073 -0.00743539 -0.00476698 0.00714776 0.0145503 0.000273277 0.00106182 0.0111054 -0.00973603 -0.000634839 -0.00590386
internal_weight=18878.5 18871.3 2338.06 2239.17 378.522 317.128 92.6883 65.351 16533.2 8846.27 130.285 224.44 7686.98 391.404
internal_count=126389 124530 16698 15757 3229 2810 525 364 107832 55263 697 2285 52569 2038
cat_boundaries=0 1 2
cat_threshold=4 578
is_linear=0
shrinkage=0.05


Tree=118
num_leaves=15
num_cat=2
split_feature=10 0 10 5 11 4 4 4 8 2 11 6 0 10
split_gain=4.21831 3.76494 5.90394 12.4912 10.111 10.4537 8.82274 7.91687 8.24198 7.55261 9.58825 8.17755 6.62413 8.81744
threshold=12.500000000000002 4.5000000000000009 4.5000000000000009 1.0000000180025095e-35 0 2.2250000000000005 4.1000000000000005 3.7750000000000004 3.5000000000000004 18.500000000000004 1 0.86125000000000018 2.5000000000000004 3.5000000000000004
decision_type=8 2 10 10 9 10 10 10 2 10 9 10 2 8
left_child=1 2 9 -4 5 -5 7 8 -7 10 -1 -12 13 -11
right_child=-2 -3 3 4 -6 6 -8 -9 -10 12 11 -13 -14 -15
leaf_value=0.0057141242045757072 -0.011803880086546134 -0.00085003192339435383 -0.0069910595654495483 -0.021067779142707032 -0.0011792863395850286 -0.011701683269956867 0.0034692590269970163 0.031367216653519894 0.016619034120267284 0.011335182639305967 0.0039366548105052345 -0.0021311737873959428 -0.0012570097735693964 -0.0083071658596203905
leaf_weight=1730.4987984970212 70.690756723284721 7445.2603187318891 685.52803193405271 33.030277241021395 2895.0862632207572 33.328207273036242 781.56784990429878 52.24427093937993 76.428773187100887 226.82465678453445 1051.3703925609589 1165.8582493066788 2556.6633587703109 71.787856832146645
leaf_count=7814 4236 50438 5337 221 26970 243 7605 375 529 1044 4775 5086 11395 321
internal_value=-2.38699e-05 2.35376e-05 0.00059618 -0.000795973 0.000308543 0.00466716 0.00572353 0.0161697 0.00788417 0.00152866 0.00294411 0.000745113 -0.000430081 0.00655403
internal_weight=18876.2 18805.5 11360.2 4557.21 3871.69 976.599 943.569 162.001 109.757 6803 3947.73 2217.23 2855.28 298.613
internal_count=126389 122153 71715 41280 35943 8973 8752 1147 772 30435 17675 9861 12760 1365
cat_boundaries=0 1 2
cat_threshold=1184 801
is_linear=0
shrinkage=0.05


Tree=119
num_leaves=15
num_cat=0
split_feature=10 4 5 1 5 5 2 4 7 6 2 3 5 10
split_gain=3.93117 9.38355 3.76445 4.08878 9.1073 3.79987 6.93996 4.6375 4.41962 3.75742 3.70689 4.30428 3.83499 5.45584
threshold=11.500000000000002 10.633333333333335 1.8500000000000003 55.250000000000007 3.2500000000000004 0.8500000000000002 22.500000000000004 7.1000000000000005 40.922500000000007 2.0050000000000008 305.50000000000006 3.5000000000000004 -1.0499999999999998 3.5000000000000004
decision_type=8 10 8 10 8 10 10 10 10 8 10 8 8 10
left_child=10 2 5 -4 -5 -2 7 -7 9 -9 12 -12 13 -1
right_child=1 -3 3 4 -6 6 -8 8 -10 -11 11 -13 -14 -15
leaf_value=0.012831396087797939 -0.0029309385454752371 -0.025275838039234583 -0.017430219898500167 -0.019199935790644093 0.026232530039011683 -0.0028235623674082808 -0.013638964943915519 0.060793184915312451 -0.0023590172662480533 -0.00024457908899118668 -0.031997449489151501 0.00032034656968311231 2.8172324828396075e-05 -0.015704437075705163
leaf_weight=106.37512307614088 46.158620439469814 46.867898445576429 45.137847510166466 16.735785726457834 17.572157803922892 7.3758024275302914 9.6083206795155984 11.046747615560887 4.2832940462976685 2.9439650215208557 14.473573144525288 21.669580681249499 18503.264014691114 15.345756869763134
leaf_count=594 1840 1901 2109 656 776 344 366 342 154 114 75 129 116907 82
internal_value=-2.25772e-05 -0.00678115 -0.000793145 -0.00827886 0.00444692 0.00656773 0.0178226 0.0299104 0.0408907 0.0512666 5.44537e-05 -0.0149371 8.75471e-05 0.00875609
internal_weight=18868.9 207.73 160.863 79.4458 34.3079 81.4168 35.2581 25.6498 18.274 13.9907 18661.1 36.1432 18625 121.721
internal_count=126389 8602 6701 3541 1432 3160 1320 954 610 456 117787 204 117583 676
is_linear=0
shrinkage=0.05


Tree=120
num_leaves=15
num_cat=1
split_feature=7 4 3 6 6 2 11 5 5 6 6 3 7 6
split_gain=3.84387 6.46775 9.11394 5.66492 5.51662 5.3266 10.0702 10.6452 7.31267 4.97995 5.77987 5.7906 4.78172 4.81103
threshold=41.610000000000014 9.1000000000000014 14.500000000000002 3.4837500000000006 0.78166666666666684 99.500000000000014 0 0.8500000000000002 0.95000000000000007 2.7837500000000008 1.0550000000000004 10.500000000000002 39.245000000000012 0.26833333333333337
decision_type=10 10 8 8 10 10 9 8 10 10 10 8 8 10
left_child=5 4 3 9 -2 -1 7 -7 -9 10 11 -3 -8 -14
right_child=1 2 -4 -5 -6 6 12 8 -10 -11 -12 -13 13 -15
leaf_value=0.00035707623972131155 -0.012546797427991533 0.034379522877454632 0.035441398133949885 -0.027150310787228363 -0.00028107725721439276 -0.025985077902211662 -0.0050925608705151186 0.018038734201762878 -0.0090492863047297225 0.007898494610866013 -0.020218426274124741 -0.01460257326016706 0.025608459921531893 0.0028818621168475141
leaf_weight=16777.269660365651 94.605197927798145 7.0621061094570878 5.1490802104817694 51.04783957474865 1153.9570022933185 85.80974746751599 189.78119978972245 25.279840464936569 140.00058916874696 34.368357830331661 63.537373243365437 7.9517866078531378 21.480474709533155 209.66454419703223
leaf_count=109921 559 75 67 1047 9149 484 1118 137 863 541 789 130 120 1389
internal_value=-2.1989e-05 -0.0025211 -0.011551 -0.0140318 -0.0012568 0.000181717 -0.00416654 -0.0117465 -0.00449812 -0.00720158 -0.0138856 0.0112702 0.000699253 0.00549136
internal_weight=18867 1417.68 169.117 163.967 1248.56 17449.3 672.016 251.09 165.28 112.92 78.5513 15.0139 420.926 231.145
internal_count=126389 12357 2649 2582 9708 114032 4111 1484 1000 1535 994 205 2627 1509
cat_boundaries=0 1
cat_threshold=1411
is_linear=0
shrinkage=0.05


Tree=121
num_leaves=15
num_cat=1
split_feature=7 5 4 7 7 4 3 5 6 3 2 11 5 5
split_gain=3.73506 11.9745 7.09832 6.33195 4.05095 6.75113 7.41303 6.83457 5.6731 5.42646 4.8062 9.16131 9.7486 6.68483
threshold=44.010000000000012 4.5500000000000007 3.6333333333333337 43.822500000000012 41.610000000000014 9.1000000000000014 14.500000000000002 -0.14999999999999999 1.0550000000000004 10.500000000000002 99.500000000000014 0 0.8500000000000002 0.95000000000000007
decision_type=10 10 10 10 10 10 8 10 8 10 10 9 8 10
left_child=3 2 -2 4 10 7 8 -6 9 -7 -1 12 -12 -14
right_child=1 -3 -4 -5 5 6 -8 -9 -10 -11 11 -13 13 -15
leaf_value=0.00033919712584365956 -0.0097808376811526661 -0.013457134212026265 0.04012371472775865 -0.028157461130031577 -0.017541176201329025 0.034189875860838236 0.030610195634545458 -0.00044763705778679469 -0.017466529695313791 -0.013685310065655029 -0.02485658429027585 0.00067742528023343254 0.017254878743037553 -0.0086285281938108856
leaf_weight=16778.745806329651 7.0223767645657054 23.62459432228934 26.44490354147274 15.031777254771439 56.70110516611021 7.0444615670712665 5.0939981425181022 1125.4905286389403 141.6833679798292 7.6653318508761004 85.456432139500976 421.00818455556873 25.332595123560168 139.73687039199285
leaf_count=109921 38 280 238 155 353 71 63 8787 2248 124 484 2627 137 863
internal_value=-2.0861e-05 0.0122221 0.0297421 -6.12609e-05 -3.13059e-05 -0.00267147 -0.0121006 -0.00133791 -0.014397 0.012099 0.000172695 -0.00395923 -0.0112001 -0.00426579
internal_weight=18866.1 57.0919 33.4673 18809 18794 1343.68 161.487 1182.19 156.393 14.7098 17450.3 671.534 250.526 165.069
internal_count=126389 556 276 125833 125678 11646 2506 9140 2443 195 114032 4111 1484 1000
cat_boundaries=0 1
cat_threshold=1411
is_linear=0
shrinkage=0.05


Tree=122
num_leaves=15
num_cat=1
split_feature=10 5 1 12 5 6 1 5 7 7 4 4 1 5
split_gain=3.64311 3.67999 3.61364 3.60289 4.67944 4.94313 4.80563 5.22393 4.44387 5.75817 8.21623 5.97203 6.92951 6.95454
threshold=12.500000000000002 0.075000000000000025 53.500000000000007 0 -0.6499999999999998 1.3183333333333336 53.500000000000007 3.4500000000000006 44.010000000000012 41.810000000000009 3.6333333333333337 4.5500000000000007 55.250000000000007 5.1500000000000012
decision_type=8 8 10 1 8 10 8 8 10 10 10 10 8 10
left_child=3 -2 -3 -1 5 -5 7 -6 9 -8 -11 -12 -13 -14
right_child=1 2 -4 4 6 -7 8 -9 -10 10 11 12 13 -15
leaf_value=-0.00075873854162665164 0.02225896006991818 0.0073746850087310425 -0.019574949309758265 0.0040714730543938114 -0.0040913554115625831 0.023916785250009651 0.00084100147580864972 -0.029288618080661011 0.018084811321045689 -0.017630465701805553 0.013037784899304556 -0.01959639979116385 -0.0032383177195310416 0.022099295566318549
leaf_weight=8244.6496753878891 3.2288478560512885 12.965500276652163 53.157709544757381 151.97095482796431 141.11336804367602 35.577691167593002 9659.7595365028828 19.59791704826057 31.335520571097732 92.782165871933103 55.735791951417923 53.995254734531045 284.49418612569571 24.883919734507799
leaf_count=55981 250 685 3301 832 1128 192 59385 262 258 498 337 469 2472 339
internal_value=-2.00519e-05 -0.011066 -0.0141437 2.36368e-05 0.000635165 0.0083594 0.000492031 -0.00795504 0.000628915 0.00056628 -0.00457589 -0.0015121 -0.0038905 -0.000881297
internal_weight=18865.2 69.3521 66.1232 18795.9 10551.2 187.549 10363.7 160.711 10203 10171.7 511.891 419.109 363.373 309.378
internal_count=126389 4236 3986 122153 66172 1024 65148 1390 63758 63500 4115 3617 3280 2811
cat_boundaries=0 1
cat_threshold=4
is_linear=0
shrinkage=0.05


Tree=123
num_leaves=15
num_cat=2
split_feature=0 1 7 6 7 6 4 11 4 3 8 11 7 5
split_gain=3.53369 5.16668 5.89771 4.61341 8.10862 5.22029 5.1381 5.24322 4.58613 5.71305 6.22201 9.72515 5.15707 4.4937
threshold=6.5000000000000009 53.500000000000007 40.845000000000013 0.90500000000000014 38.75500000000001 0.77750000000000019 4.9000000000000012 0 5.4500000000000011 9.5000000000000018 2.5000000000000004 1 39.410000000000011 0.25000000000000006
decision_type=2 8 10 10 10 10 10 9 10 8 2 9 10 8
left_child=-1 -2 3 5 -5 -3 -7 -8 -6 10 -10 -12 -11 -4
right_child=1 2 13 4 8 6 7 -9 9 12 11 -13 -14 -15
leaf_value=0.0002384981347008175 -0.012790493074680907 0.00087848618740811793 -0.018916956659749202 -0.0093300978040634572 -0.0040045980024227476 0.020878812957302508 -0.015458653271571197 0.009328258155959392 -0.024193007477050874 0.010213543831525312 0.01810877248138763 0.0014424082138454477 -0.012289211469778403 -0.0044315549906422738
leaf_weight=16527.612022646237 97.997407046728767 563.63638821884524 60.935738581349142 285.81215584417805 359.26893586700317 67.821345273172483 16.941228080540895 49.919388280366547 11.495925381546838 30.945214281906374 121.93614314950537 266.17636786983348 86.7266478886595 315.67722716915887
leaf_count=109412 951 3339 425 2032 2019 358 118 347 95 342 995 2039 1062 2855
internal_value=-1.89189e-05 -0.00183736 -0.00133014 -0.000168393 -0.00209528 0.00303103 0.0116854 0.00155602 0.000303284 0.00330495 0.00614478 0.00733967 -0.00619637 -0.00699243
internal_weight=18862.9 2335.29 2237.29 1860.68 1162.36 698.318 134.682 66.8606 876.549 517.28 399.608 388.113 117.672 376.613
internal_count=126389 16977 16026 12746 8584 4162 823 465 6552 4533 3129 3034 1404 3280
cat_boundaries=0 1 2
cat_threshold=386 153
is_linear=0
shrinkage=0.05


Tree=124
num_leaves=15
num_cat=1
split_feature=5 7 7 3 11 4 7 4 10 6 7 4 5 7
split_gain=3.4531 6.21964 6.53511 6.16308 6.10052 9.52044 6.18879 6.24251 6.77582 7.09799 6.77211 8.32997 6.72075 6.65499
threshold=1.7750000000000001 44.010000000000012 42.410000000000011 14.500000000000002 0 9.6333333333333346 37.83666666666668 1.6333333333333335 4.5000000000000009 4.5050000000000017 41.855000000000011 11.450000000000001 3.8500000000000001 41.022500000000015
decision_type=10 10 10 10 9 10 8 10 8 10 8 10 10 8
left_child=1 2 -1 4 5 -2 -6 -8 13 10 11 12 -10 -9
right_child=3 -3 -4 -5 6 -7 7 8 9 -11 -12 -13 -14 -15
leaf_value=0.00048190690243632959 0.0015815769717696716 0.028036600762076366 -0.0088997139236395555 0.013835171886030834 -0.013080896063090923 -0.010620972328177301 -0.02161223013700321 0.0034512041813103407 -0.0039769888722406945 -0.025931874693428558 0.0053172545307274633 0.024159874328417721 -0.01491537039346532 -0.0053801128224572631
leaf_weight=13546.321260312456 2057.2888537615072 15.320762466988525 183.21059981430881 62.956831325776875 136.22937776544131 168.28990947362036 36.382379943388514 779.27766133844852 1197.3114393464057 31.476860764087178 184.70799201040063 19.588814740069211 155.49008035042789 288.15813831984997
leaf_count=82190 15145 109 1315 439 937 2959 187 3392 12849 635 2493 249 2240 1250
internal_value=-1.82452e-05 0.000394563 0.000353522 -0.00112636 -0.00132622 0.000634283 -0.0028593 -0.00232942 -0.00202517 -0.00409047 -0.00356736 -0.00477808 -0.00528453 0.00105319
internal_weight=18862 13744.9 13729.5 5117.16 5054.2 2225.58 2828.62 2692.39 2656.01 1588.58 1557.1 1372.39 1352.8 1067.44
internal_count=126389 83614 83505 42775 42336 18104 24232 23295 23108 18466 17831 15338 15089 4642
cat_boundaries=0 1
cat_threshold=248
is_linear=0
shrinkage=0.05


Tree=125
num_leaves=15
num_cat=1
split_feature=7 7 2 4 4 11 0 10 9 10 2 6 6 3
split_gain=3.33559 8.09127 6.21481 5.88173 9.70265 7.58883 7.16882 6.48019 6.47237 6.80767 6.29254 5.99873 8.8938 5.95059
threshold=37.322500000000012 38.263333333333343 6.5000000000000009 3.7750000000000004 3.9000000000000004 0 5.5000000000000009 6.5000000000000009 1.0000000180025095e-35 9.5000000000000018 99.500000000000014 0.68166666666666675 1.1450000000000002 6.5000000000000009
decision_type=8 8 10 8 8 9 2 10 10 8 10 8 10 10
left_child=-1 2 -2 5 7 8 13 -5 -3 10 -10 -8 -13 -7
right_child=1 3 -4 4 -6 6 11 -9 9 -11 -12 12 -14 -15
leaf_value=-0.0031041505471541358 0.02022045170492489 -0.0051800696019581568 0.0030691771844501402 0.0060670974682056631 0.00016182103725035567 -0.0019199155686548692 -0.016942236178018696 0.02703100498291755 0.0027317314289000308 -0.031981803325998474 -0.0089174621016796015 0.0051625226096020365 -0.013690961728061496 -0.017974738163871833
leaf_weight=831.63254623592366 50.190012933686376 422.74994561646599 1366.3667390790069 259.98073011951055 11814.541737767169 1805.7255364046432 165.623096901807 39.104756347835064 1676.0996854193509 9.9313952737720665 119.6684639826417 118.03628954943269 123.43463438132312 54.738035260117613
leaf_count=4936 309 2186 8002 1227 88604 9119 811 383 8222 405 595 608 655 327
internal_value=-1.78382e-05 0.000125369 0.00374585 -0.000184439 0.000388865 -0.00172781 -0.00375201 0.00920748 0.000350923 0.0016585 0.00193283 -0.00974038 -0.00455719 -0.00243919
internal_weight=18857.8 18026.2 1416.56 16609.6 12113.6 4496.01 2267.56 299.085 2228.45 1805.7 1795.77 407.094 241.471 1860.46
internal_count=126389 121453 8311 113142 90214 22928 11520 1610 11408 9222 8817 2074 1263 9446
cat_boundaries=0 1
cat_threshold=1712
is_linear=0
shrinkage=0.05


Tree=126
num_leaves=15
num_cat=3
split_feature=10 5 1 12 11 2 9 6 2 10 0 11 4 10
split_gain=3.28587 3.4815 3.38613 3.25993 4.55528 5.52888 7.65145 6.30088 7.30453 6.62806 4.58578 13.7822 4.32712 7.58536
threshold=12.500000000000002 0.075000000000000025 53.500000000000007 0 1 27.500000000000004 1.0000000180025095e-35 2.2050000000000005 13.500000000000002 2.5000000000000004 7.5000000000000009 2 1.4500000000000002 1.5000000000000002
decision_type=8 8 10 1 9 10 10 10 10 10 2 9 8 10
left_child=3 -2 -3 4 5 6 -1 8 -8 -9 -6 -12 13 -5
right_child=1 2 -4 12 10 -7 7 9 -10 -11 11 -13 -14 -15
leaf_value=0.026444163328967027 0.021639824618471491 0.0071059104122068997 -0.018979468151300211 0.01195151950739959 -0.00090423711968113871 -0.0089844378416601162 0.0086183384643533107 0.019226584559318902 -0.0062649867285998334 -0.0099566056349856408 0.010118442947392722 -0.017408883819162221 0.00038077978816861271 -0.00044923142183061148
leaf_weight=32.336432166397572 3.2965831718174741 13.045321522513403 52.138895599171519 220.02950924634933 7285.0002936637029 82.122115215286613 415.37259755656123 18.028970420360565 98.687495164573193 129.00365662388504 58.302371894940734 122.04618676006794 10057.272758747451 272.05490965396166
leaf_count=182 250 685 3301 1308 49748 482 2295 82 535 1080 462 1115 63663 1201
internal_value=-1.74814e-05 -0.0105701 -0.0136247 2.37792e-05 -0.000720643 0.00289222 0.00439442 0.00312548 0.00572826 -0.00586356 -0.00110102 -0.0088704 0.000605479 0.00516005
internal_weight=18858.7 68.4808 65.1842 18790.3 8240.9 775.551 693.429 661.093 514.06 147.033 7465.35 180.349 10549.4 492.084
internal_count=126389 4236 3986 122153 55981 4656 4174 3992 2830 1162 51325 1577 66172 2509
cat_boundaries=0 1 2 3
cat_threshold=4 256 137
is_linear=0
shrinkage=0.05


Tree=127
num_leaves=15
num_cat=0
split_feature=2 3 5 10 6 6 7 7 4 7 5 4 7 10
split_gain=3.20474 3.96475 3.35758 5.02415 3.42378 4.75204 3.54459 3.48543 3.32725 3.05342 10.2827 6.42366 6.07795 3.38565
threshold=305.50000000000006 3.5000000000000004 -1.0499999999999998 3.5000000000000004 0.80500000000000016 1.7612500000000002 39.222500000000018 37.890000000000015 7.1000000000000005 44.010000000000012 4.5500000000000007 3.6333333333333337 43.822500000000012 11.500000000000002
decision_type=10 8 8 8 10 10 10 10 8 10 10 10 10 8
left_child=2 -2 3 4 6 -6 7 -1 -3 12 11 -11 13 -4
right_child=1 8 9 -5 5 -7 -8 -9 -10 10 -12 -13 -14 -15
leaf_value=-0.0051196489008308969 -0.030347239955157281 0.014585606198796081 2.3073468924831773e-05 -0.01532150344490626 0.032452534504836261 -0.0056742820762989534 -0.0084337184946686062 0.022731354085974181 -0.0180899498121465 -0.010251016776919267 -0.012993626161147395 0.036688540102101368 -0.028138023625622913 -0.0063967787127552998
leaf_weight=14.914398640394209 14.453498734743333 13.06592144072056 18422.872509393841 15.280149238300508 27.696182206273079 9.1233165040612203 26.833059445023537 26.943703845143318 8.7019895818084461 7.0255882777273646 23.374335504602641 27.141339587164111 14.277828872203825 202.68266411835793
leaf_count=87 76 78 116266 93 156 49 145 157 60 38 279 238 153 8514
internal_value=-1.62944e-05 -0.0139424 1.42071e-05 0.00815568 0.0120951 0.0234564 0.00482687 0.0133204 0.000584062 -4.05556e-05 0.0109889 0.0269601 -7.75413e-05 -4.84851e-05
internal_weight=18854.4 36.2214 18818.2 120.791 105.511 36.8195 68.6912 41.8581 21.7679 18697.4 57.5413 34.1669 18639.8 18625.6
internal_count=126389 214 126175 687 594 205 389 244 138 125488 555 276 124933 124780
is_linear=0
shrinkage=0.05


Tree=128
num_leaves=15
num_cat=2
split_feature=6 6 10 7 11 5 4 6 7 11 0 4 10 3
split_gain=3.14093 6.7354 13.1632 6.53668 7.05636 8.13822 7.71116 7.65143 7.28359 6.31099 6.0795 10.9697 7.02634 7.44207
threshold=0.86125000000000018 0.79500000000000026 8.5000000000000018 38.636666666666677 0 0.15000000000000005 1.2250000000000003 0.050000000000000031 39.790000000000013 1 4.5000000000000009 4.366666666666668 4.5000000000000009 3.5000000000000004
decision_type=10 10 10 8 9 8 8 10 10 9 2 8 8 10
left_child=1 3 -3 9 5 7 -7 8 -5 -1 12 -12 -6 -14
right_child=-2 2 -4 4 10 6 -8 -9 -10 -11 11 -13 13 -15
leaf_value=0.00027351872089610615 -0.00046875597445908553 0.0038446847082760126 0.0326555477118304 0.02890121387452016 0.0019452783493422139 -0.020768489072913156 0.014571861096193451 -0.010222673340413364 -0.012306911648644683 0.0073745692919905447 -0.0090861436057431324 -4.2413783175984184e-05 -0.0075050002760920012 0.0023333260500435888
leaf_weight=695.38524628500454 12633.131498819217 560.26228143135086 37.877820121124387 24.753767014830373 1836.4775899723172 12.333072298672048 205.29090842744336 101.82316646142863 13.220055818790568 563.83510815235786 574.99549114319962 794.89230532769579 485.5134469110053 312.94015458191279
leaf_count=3967 90883 2881 602 142 8368 64 1011 527 71 2941 2874 5357 4019 2682
internal_value=-1.59549e-05 0.000903404 0.00592475 0.000364327 -0.000552544 0.00603623 0.0121476 -0.00315152 0.0147924 0.00353021 -0.00115953 -0.00385766 0.000243469 -0.00365851
internal_weight=18852.7 6219.6 598.14 5621.46 4362.24 357.421 217.624 139.797 37.9738 1259.22 4004.82 1369.89 2634.93 798.454
internal_count=126389 35506 3483 32023 25115 1815 1075 740 213 6908 23300 8231 15069 6701
cat_boundaries=0 1 2
cat_threshold=1024 1256
is_linear=0
shrinkage=0.05


Tree=129
num_leaves=15
num_cat=1
split_feature=7 7 2 11 4 3 4 6 5 10 3 4 4 6
split_gain=3.11725 6.95304 5.69347 5.63928 12.1414 9.88983 8.79656 9.46953 7.52111 6.41402 5.61613 5.46098 8.75339 7.31331
threshold=37.322500000000012 38.263333333333343 6.5000000000000009 0 11.100000000000001 9.5000000000000018 6.1000000000000005 0.81999999999999995 1.0000000180025095e-35 2.5000000000000004 10.500000000000002 3.7750000000000004 3.9000000000000004 3.9600000000000009
decision_type=8 8 10 9 10 8 10 10 8 8 10 8 8 8
left_child=10 2 -2 5 6 -4 8 -8 -5 -9 -1 13 -13 -3
right_child=1 11 3 4 -6 -7 7 9 -10 -11 -12 12 -14 -15
leaf_value=-0.001553558611921026 0.019213738358467236 -0.0021634615442143647 0.0091623808350895421 -0.01116416772754681 0.030709223130489263 -0.013140507415157763 0.011175757256332179 0.0023964518133409783 0.0048277802475485574 -0.018378127305495592 -0.014710103563529146 0.0087518460647360418 0.00017284547114230773 0.0062581200975244337
leaf_weight=744.81264384498354 50.411637764540501 4222.4532402605982 478.30347367364448 81.608506469754502 26.449554783524945 50.995353459147736 44.227257368620485 47.415497317910194 486.75242102926131 150.54174039931968 86.277477475465275 300.01977889169939 11809.377090701368 269.74895496107638
leaf_count=4361 309 21435 2649 414 184 469 309 227 2578 1172 575 1610 88604 1493
internal_value=-1.46032e-05 0.000123853 0.00347978 0.00283131 0.000223181 0.00678378 -0.000951072 -0.00883066 0.00245423 -0.0134657 -0.00299917 -0.000163488 0.000388921 -0.00165136
internal_weight=18849.4 18018.3 1416.71 1366.29 836.995 529.299 810.545 242.184 568.361 197.957 831.09 16601.6 12109.4 4492.2
internal_count=126389 121453 8311 8002 4884 3118 4700 1708 2992 1399 4936 113142 90214 22928
cat_boundaries=0 1
cat_threshold=265
is_linear=0
shrinkage=0.05


Tree=130
num_leaves=15
num_cat=1
split_feature=0 1 7 7 7 7 2 6 10 11 4 5 1 2
split_gain=3.02119 4.60928 5.18862 4.47863 9.19368 7.87354 7.0073 6.8487 7.412 6.62564 6.10538 5.78021 5.73251 5.49155
threshold=6.5000000000000009 53.500000000000007 40.845000000000013 38.75500000000001 39.245000000000012 39.590000000000011 21.500000000000004 0.92000000000000026 1.5000000000000002 0 7.4500000000000011 0.77500000000000013 56.250000000000007 102.50000000000001
decision_type=2 8 10 10 10 10 8 8 8 9 10 10 8 10
left_child=-1 -2 3 6 -5 11 -3 13 -9 12 -10 -6 -7 -8
right_child=1 2 -4 4 5 9 7 8 10 -11 -12 -13 -14 -15
leaf_value=0.00022445171308366834 -0.012088835648025192 -0.008675887798335542 -0.0065434451776406784 0.010001775657263663 0.00070312732654079116 -0.013311150417308985 0.01852048550849264 0.020097140572178703 -0.0022064470953426694 0.0038719590971663369 -0.025233326147284681 -0.015784280671536362 0.01128886104100814 -0.012603635905909242
leaf_weight=16517.740868636873 97.098458716180176 319.74606574629433 374.90666955069173 253.08115201513283 89.952467090683058 108.96510737750214 73.923041918664239 25.156324222683907 153.10485396441072 641.70689337491058 30.799070748966187 123.52956742479 25.789124900009483 13.573038354516028
leaf_count=109412 951 2091 3280 1682 552 944 480 132 1011 4354 300 927 201 72
internal_value=-1.35236e-05 -0.00169648 -0.00121885 -0.000130547 0.0015966 -0.000591665 -0.00359886 0.00192827 -0.00301842 0.00175736 -0.00662866 -0.00898007 -0.00780901 0.013272
internal_weight=18849.1 2331.33 2234.23 1859.33 1243.02 989.943 616.302 296.556 209.06 776.461 183.904 213.482 134.754 87.4961
internal_count=126389 16977 16026 12746 8660 6978 4086 1995 1443 5499 1311 1479 1145 552
cat_boundaries=0 1
cat_threshold=642
is_linear=0
shrinkage=0.05


Tree=131
num_leaves=15
num_cat=0
split_feature=2 3 4 5 10 6 6 7 7 10 5 1 6 6
split_gain=2.97904 3.65835 3.11092 3.06454 4.6179 3.19501 4.45701 3.1861 3.25721 2.77227 3.29673 3.17265 2.9861 2.8466
threshold=305.50000000000006 3.5000000000000004 7.1000000000000005 -1.0499999999999998 3.5000000000000004 0.80500000000000016 1.7612500000000002 39.222500000000018 37.890000000000015 12.500000000000002 0.075000000000000025 53.500000000000007 1.0225000000000004 1.8200000000000003
decision_type=10 8 8 8 8 10 10 10 10 8 8 10 10 10
left_child=3 -2 -3 4 5 7 -7 8 -1 -5 -11 12 -12 -14
right_child=1 2 -4 9 -6 6 -8 -9 -10 10 11 -13 13 -15
leaf_value=-0.0050672063985649669 -0.029212465892646949 0.014056482026035525 -0.017564752488977931 1.8575194828807524e-06 -0.014753582747339311 0.031452191218162846 -0.0054980585046098748 -0.0079367943785139585 0.021875834937923611 0.021331309148605208 -0.017289016687547423 -0.018172736125545146 0.037051856074520849 -0.005472301584709423
leaf_weight=14.916677020490168 14.434138508280737 13.070724522345701 8.6594852562993747 18623.834170205519 15.170850944938136 27.29865013808012 9.1423772200942022 26.948341749608517 26.620278127491474 3.3297781510045752 3.9710264366585752 50.809588776435703 4.1116465490777028 4.9675090478267521
leaf_count=87 76 78 60 121271 93 156 49 145 157 239 191 3293 194 300
internal_value=-1.32533e-05 -0.0134494 0.000526944 1.61446e-05 0.00781589 0.0116018 0.0226372 0.00458909 0.0126952 -3.60487e-05 -0.00981541 -0.0128704 0.00708901 0.0201048
internal_weight=18847.3 36.1643 21.7302 18811.1 120.097 104.926 36.441 68.4853 41.537 18691 67.1895 63.8598 13.0502 9.07916
internal_count=126389 214 138 126175 687 594 205 389 244 125488 4217 3978 685 494
is_linear=0
shrinkage=0.05


Tree=132
num_leaves=15
num_cat=1
split_feature=5 3 11 4 0 9 6 2 7 6 2 7 3 1
split_gain=2.8634 5.63474 5.57231 8.50647 5.50142 7.67245 7.01361 6.63458 5.96933 5.85794 5.35188 6.35662 6.12223 7.38851
threshold=1.7750000000000001 14.500000000000002 0 9.6333333333333346 4.5000000000000009 1.0000000180025095e-35 3.5000000000000009 41.500000000000007 42.290000000000013 0.94000000000000006 10.500000000000002 39.190000000000012 3.5000000000000004 53.500000000000007
decision_type=10 10 9 10 2 10 10 10 10 10 10 8 10 10
left_child=10 2 3 -2 7 -6 8 9 -7 -4 11 -1 13 -13
right_child=1 -3 4 -5 5 6 -8 -9 -10 -11 -12 12 -14 -15
leaf_value=0.0041620799769436301 0.0015504444305865664 0.01326481935607709 0.010594684987036656 -0.010037717036615695 0.007163577631620394 -0.0067192043772486961 -0.02661547391029221 -0.010826126932078888 0.013900160627985653 -0.00085991801141364367 -0.0005438311682241675 -0.0093423962788365834 0.0026263536906048369 -0.00021184919865669091
leaf_weight=1591.6516724880785 2057.2027130946517 63.125139553449117 115.65621132811066 166.55771416809876 103.76139334402978 896.80044370645192 38.502610790659674 150.29726969148032 31.969047946389765 1484.6218338360777 7445.1944821593352 238.25924039003439 1974.8360241997289 2487.486852891976
leaf_count=8712 15145 439 625 2959 635 8487 675 947 347 12516 47084 1508 12564 13746
internal_value=-1.25376e-05 -0.00102262 -0.00121434 0.000658973 -0.00268212 -0.00550562 -0.00689452 -0.000959176 -0.00593884 -1.64339e-06 0.000363316 0.00143626 0.00050984 -0.0010256
internal_weight=18845.9 5108.49 5045.37 2223.76 2821.61 1071.03 967.272 1750.58 928.769 1600.28 13737.4 6292.23 4700.58 2725.75
internal_count=126389 42775 42336 18104 24232 10144 9509 14088 8834 13141 83614 36530 27818 15254
cat_boundaries=0 1
cat_threshold=248
is_linear=0
shrinkage=0.05


Tree=133
num_leaves=15
num_cat=1
split_feature=7 7 3 1 4 4 11 0 10 7 2 7 4 3
split_gain=2.85915 6.17619 5.10495 5.2341 5.09543 7.84544 6.74696 6.1902 5.77974 5.72974 8.0335 6.73841 6.66781 6.36477
threshold=37.322500000000012 38.263333333333343 10.500000000000002 52.500000000000007 3.7750000000000004 3.9000000000000004 0 5.5000000000000009 6.5000000000000009 39.690000000000012 109.50000000000001 40.445000000000014 2.7750000000000004 1.5000000000000002
decision_type=8 8 10 8 8 8 9 2 10 8 8 10 10 10
left_child=2 -2 3 -1 6 8 -3 9 -6 -8 13 12 -12 -11
right_child=1 4 -4 -5 5 -7 7 -9 -10 10 11 -13 -14 -15
leaf_value=0.024193461398878624 0.0032846052292206484 0.00037291519548189942 -0.014055457887375273 -0.0021606128379016722 0.0053153440425590939 0.00017850307063985805 0.00027500679961070458 -0.0090673577966677767 0.02489913714728376 -0.014626729841433681 -0.023297365260526944 0.027385721413899434 0.01557066690103193 -0.004101836632650754
leaf_weight=14.352629994042216 1415.5976595615502 2226.0217400563415 86.001597923226655 730.09198095172178 260.42852570081595 11805.052459513652 1008.225545792724 406.3890680258628 40.110384317114949 186.71295960061252 16.51262247050181 28.337737737107091 17.824087362154387 601.04026819451246
leaf_count=93 8311 11408 575 4268 1227 88604 5071 2074 383 923 83 147 96 3126
internal_value=-1.21774e-05 0.000120418 -0.00287165 -0.0014945 -0.000150377 0.000383316 -0.00158776 -0.00349748 0.00829372 -0.00227735 -0.00528722 0.0113363 -0.00370649 -0.00667296
internal_weight=18842.7 18012.3 830.446 744.445 16596.7 12105.6 4491.06 2265.04 300.539 1858.65 850.428 62.6744 34.3367 787.753
internal_count=126389 121453 4936 4361 113142 90214 22928 11520 1610 9446 4375 326 179 4049
cat_boundaries=0 1
cat_threshold=1712
is_linear=0
shrinkage=0.05


Tree=134
num_leaves=15
num_cat=3
split_feature=12 10 11 5 3 6 7 2 2 4 11 5 5 3
split_gain=2.85728 4.30347 5.55849 7.15692 11.6295 5.62105 5.19295 6.32687 5.08335 4.96967 4.90154 7.01523 4.9191 4.77945
threshold=0 7.5000000000000009 1 3.6500000000000008 6.5000000000000009 1.855 38.377500000000012 10.500000000000002 20.500000000000004 6.7750000000000012 2 3.7500000000000004 1.0000000180025095e-35 4.5000000000000009
decision_type=1 8 9 10 10 8 8 10 8 10 9 10 8 10
left_child=1 10 5 6 8 -3 7 9 -5 -4 11 12 -1 -12
right_child=-2 2 3 4 -6 -7 -8 -9 -10 -11 13 -13 -14 -15
leaf_value=-0.0045503052804537897 0.0005325465316466443 -0.002564007295146904 0.0050511396629802172 0.037352105479034184 -0.024852194491071587 -0.014085156300607575 -0.00072156677076426045 0.0018371895573154979 -0.0073362573358779874 0.051627205347386788 -0.0018712430438846712 -0.014281917277714197 0.0070119817293192097 0.00090146926206792662
leaf_weight=106.77041375637054 10582.338562473771 223.10548886761535 11.111727505223827 8.4294724742649141 60.696164900087751 201.30374670098536 672.66902544209734 44.82145787961781 9.5072936108335835 10.228201627964152 3581.9840081334114 45.438003335148096 547.23860947042704 2738.4125832356513
leaf_count=540 68544 3168 140 177 1810 4232 11419 697 200 141 17354 271 2751 14945
internal_value=-1.11498e-05 -0.000707254 -0.003415 -0.000921823 -0.0147969 -0.00794404 0.000632026 0.0134779 0.0172295 0.0329375 -0.000227147 0.00369985 0.00510418 -0.0006691
internal_weight=18844.1 8261.72 1241.87 817.463 78.6329 424.409 738.83 66.1614 17.9368 21.3399 7019.84 699.447 654.009 6320.4
internal_count=126389 57845 21984 14584 2187 7400 12397 978 377 281 35861 3562 3291 32299
cat_boundaries=0 1 2 3
cat_threshold=4 801 256
is_linear=0
shrinkage=0.05


Tree=135
num_leaves=15
num_cat=1
split_feature=6 7 6 10 11 5 7 5 7 1 0 4 3 1
split_gain=2.78212 6.63768 6.3895 11.7047 6.4107 11.135 11.7251 7.0832 7.78258 12.7364 9.15855 6.57321 6.91924 5.62195
threshold=0.86125000000000018 42.170833333333341 0.79500000000000026 8.5000000000000018 0 -1.0000000180025095e-35 40.022500000000015 -0.14999999999999999 38.510000000000012 54.750000000000007 5.5000000000000009 1.2250000000000003 9.5000000000000018 50.500000000000007
decision_type=10 10 10 10 9 10 10 10 8 10 2 8 10 10
left_child=1 2 4 13 5 6 -1 8 9 -6 -11 -7 -13 -4
right_child=-2 -3 3 -5 7 11 -8 -9 -10 10 -12 12 -14 -15
leaf_value=0.00028417933686226011 -0.00043662407121361604 -0.016295482760257437 -0.017593004246496399 0.030855069195902304 -0.0051258745728143193 -0.01090199526834813 -0.019565125528459782 -0.0026887455578801372 0.00040736834211765042 0.027976697187410728 -0.0024066824241248345 0.0074587198728875027 -0.013224875973476222 0.0050445897115300904
leaf_weight=657.80778378038667 12624.65211953281 50.925790106644854 24.066958170384169 38.723774613812566 76.168799733859487 51.280771936406381 78.867391632054932 2053.1651319834637 1418.803691474488 92.686929453862831 32.239101896528155 1073.0161120656412 37.574241491849534 532.08518544852268
leaf_count=3750 90883 339 133 599 395 264 423 11979 8346 507 173 5538 336 2724
internal_value=-1.02804e-05 0.000855079 0.0010098 0.00591306 0.000481456 0.00282799 -0.00195843 -0.000739303 0.00172767 0.010807 0.0203449 0.0058824 0.0067028 0.00391694
internal_weight=18842.1 6217.41 6166.49 594.876 5571.61 1898.55 736.675 3673.06 1619.9 201.095 124.926 1161.87 1110.59 556.152
internal_count=126389 35506 35167 3456 31711 10311 4173 21400 9421 1075 680 6138 5874 2857
cat_boundaries=0 1
cat_threshold=1570
is_linear=0
shrinkage=0.05


Tree=136
num_leaves=15
num_cat=0
split_feature=7 5 4 7 10 4 5 1 5 5 2 4 7 5
split_gain=2.78666 9.42309 5.8145 5.38023 2.82948 9.04607 3.79683 3.78163 7.93907 3.61461 6.22913 4.1571 3.74521 3.45253
threshold=44.010000000000012 4.5500000000000007 3.6333333333333337 43.822500000000012 11.500000000000002 10.633333333333335 1.8500000000000003 55.250000000000007 3.2500000000000004 0.8500000000000002 22.500000000000004 7.1000000000000005 40.922500000000007 5.5500000000000007
decision_type=10 10 10 10 8 10 8 10 8 10 10 10 10 10
left_child=3 2 -2 4 -1 6 9 -8 -9 -6 11 -11 -13 -10
right_child=1 -3 -4 -5 5 -7 7 8 13 10 -12 12 -14 -15
leaf_value=4.6662600798239238e-05 -0.0097954234899889046 -0.012574719679586621 0.034797662009817112 -0.026280009975057729 -0.0020726246483665622 -0.024633034064513448 -0.016795019262141869 -0.018039163179465564 0.033051394983862017 -0.002193127058060212 -0.012407786275438325 0.048955365550751972 -0.0015805829273020018 -0.01177855947498954
leaf_weight=18567.600167980418 7.020741742104291 23.232032992062159 27.543894013622776 14.52238192851655 45.300427587237209 43.871258356142789 42.841397715732455 16.021355981240049 14.563686934649015 7.2231922664213952 9.1684886866714788 14.414351088926198 4.1429856205359092 2.7539042799035078
leaf_count=117143 38 280 238 155 1836 1878 2084 654 626 343 362 456 153 143
internal_value=-1.00216e-05 0.0105052 0.0256467 -4.5166e-05 -1.78717e-05 -0.00585555 1.05146e-05 -0.00772881 0.00459245 0.00737981 0.0183579 0.0295375 0.0397322 0.0248807
internal_weight=18840.2 57.7967 34.5646 18782.4 18767.9 200.301 156.43 76.1803 33.3389 80.2494 34.949 25.7805 18.5573 17.3176
internal_count=126389 556 276 125833 125678 8535 6657 3507 1423 3150 1314 952 609 769
is_linear=0
shrinkage=0.05


Tree=137
num_leaves=15
num_cat=2
split_feature=2 3 4 10 11 5 7 1 11 5 6 5 5 4
split_gain=2.75849 3.38832 2.89407 2.88813 5.49139 6.69752 7.64121 6.50737 5.97632 7.29527 5.70295 4.75775 5.88134 4.5998
threshold=305.50000000000006 3.5000000000000004 7.1000000000000005 1.5000000000000002 0 2.4500000000000006 40.590000000000011 58.250000000000007 1 -0.44999999999999996 3.6050000000000009 1.9500000000000002 0.8500000000000002 3.7750000000000004
decision_type=10 8 8 8 9 10 10 8 9 10 10 10 8 8
left_child=3 -2 -3 4 13 6 7 -6 11 -10 -7 12 -8 -1
right_child=1 2 -4 -5 5 10 8 -9 9 -11 -12 -13 -14 -15
leaf_value=-0.0072431337070510797 -0.028126974321753703 0.01354210340846787 -0.016976732693241157 -0.00020571205452566698 0.0063628225146180224 -0.010769999993734763 -0.0029154961196847873 -0.013955273409267659 -0.038693343308270421 -0.0062020462829594329 0.012610098252921788 -0.022503099616728334 0.019576292011656747 0.0021070162012987925
leaf_weight=269.05659411847591 14.409812710830009 13.083074647234755 8.6217272076755744 16632.440217204858 1223.7532298862934 131.97135250270367 61.623798035085201 36.135773658752441 16.897201538085938 95.744639843702316 27.78170108795166 10.18178606033325 48.201750829815865 249.53980523347855
leaf_count=1452 76 78 60 114428 6792 669 318 171 89 473 142 51 242 1348
internal_value=-9.95241e-06 -0.0129469 0.000510412 1.83302e-05 0.00173138 0.00312842 0.00419208 0.0057272 -0.00406685 -0.011533 -0.0064448 0.00374509 0.0073786 -0.00271499
internal_weight=18839.4 36.1146 21.7048 18803.3 2170.89 1652.29 1492.54 1259.89 232.649 112.642 159.753 120.007 109.826 518.596
internal_count=126389 214 138 126175 11747 8947 8136 6963 1173 562 811 611 560 2800
cat_boundaries=0 1 2
cat_threshold=704 281
is_linear=0
shrinkage=0.05


Tree=138
num_leaves=15
num_cat=1
split_feature=7 3 7 11 4 4 6 2 7 10 3 1 8 3
split_gain=2.71563 5.88579 4.80955 5.35934 7.29703 8.17225 5.89589 8.01068 6.13829 5.84493 4.61876 4.82268 4.57521 5.54034
threshold=37.322500000000012 15.500000000000002 38.263333333333343 0 6.1000000000000005 11.100000000000001 0.81999999999999995 196.50000000000003 37.922500000000007 2.5000000000000004 10.500000000000002 52.500000000000007 2.5000000000000004 3.5000000000000004
decision_type=8 10 8 9 10 10 10 8 10 8 10 8 2 10
left_child=10 2 3 -2 -5 6 8 9 -6 -8 11 -1 13 -13
right_child=1 -3 -4 4 5 -7 7 -9 -10 -11 -12 12 -14 -15
leaf_value=0.023106496862307258 0.0059296563697176664 0.018777872236752254 -0.00016387050067682581 0.0032134627599262585 -0.0096875621569419788 0.020725318083381666 0.00077264596567702443 0.024877205168826026 0.025805120501471358 -0.022300702884814189 -0.013451772414230618 -0.0021134530661499639 -0.00047611064811448734 -0.0252253739982468
leaf_weight=14.449965893523766 697.18629845487885 37.163762003998272 16562.728109644027 485.21719120594207 24.014575265347958 18.487125153304078 34.558419361710548 7.7449176199734202 16.377865327289328 122.51217322517186 85.765649451408535 65.073245418025181 625.34376438742038 39.263559591257945
leaf_count=93 4091 286 112922 2553 174 138 167 46 117 959 575 342 3682 244
internal_value=-1.06071e-05 0.00011862 7.48155e-05 0.00287697 -0.000225632 -0.0076024 -0.0105867 -0.0146982 0.00596086 -0.0173569 -0.00279833 -0.00148886 -0.00212987 -0.0115667
internal_weight=18835.9 18006 17968.8 1406.1 708.912 223.695 205.208 164.816 40.3924 157.071 829.896 744.131 729.681 104.337
internal_count=126389 121453 121167 8245 4154 1601 1463 1172 291 1126 4936 4361 4268 586
cat_boundaries=0 1
cat_threshold=329
is_linear=0
shrinkage=0.05


Tree=139
num_leaves=15
num_cat=1
split_feature=0 1 7 4 7 7 7 7 2 2 6 10 11 4
split_gain=2.64246 4.1638 4.51485 4.40465 9.8213 4.2633 8.18885 7.16314 6.51477 6.34415 8.40038 6.09489 6.00851 5.4442
threshold=6.5000000000000009 53.500000000000007 40.845000000000013 6.2250000000000005 40.645000000000017 38.75500000000001 39.245000000000012 39.590000000000011 21.500000000000004 98.500000000000014 0.94000000000000006 1.5000000000000002 0 7.7750000000000012
decision_type=2 8 10 8 10 10 10 10 8 10 8 8 9 10
left_child=-1 3 5 4 -2 8 -7 -8 -3 10 -10 -12 -9 -13
right_child=1 2 -4 -5 -6 6 7 12 9 -11 11 13 -14 -15
leaf_value=0.00021316234956273027 -0.014190196875082021 -0.008408398543761424 -0.006111846740236143 -0.020188804776879021 0.032576549566601651 0.009486945435966166 -0.008523657418789703 -0.0074032024229052952 0.01792581095783935 -0.017244159999366893 0.02059082222757444 -0.00081022663241066414 0.0037424533464213913 -0.025078975033869945
leaf_weight=16507.492319001351 29.992192996898666 318.936910885619 373.14359917817637 54.806856907205656 11.532801746157928 253.69863648025785 212.59213863243349 134.07918219652493 76.39255162095651 33.304488824796863 22.451823890209198 141.11828680837061 641.94688824936748 22.720770677900873
leaf_count=109412 189 2091 3280 680 82 1682 1479 1145 495 201 119 944 4354 236
internal_value=-9.33333e-06 -0.00158496 -0.00113192 -0.0115008 0.000903504 -0.000117667 0.00156697 -0.000502961 -0.00350629 0.00182784 0.00452283 -0.00129824 0.00173481 -0.00481878
internal_weight=18834.2 2326.72 2230.39 96.3319 41.525 1857.24 1242.32 988.618 614.925 295.988 262.683 186.291 776.026 163.839
internal_count=126389 16977 16026 951 271 12746 8660 6978 4086 1995 1794 1299 5499 1180
cat_boundaries=0 1
cat_threshold=642
is_linear=0
shrinkage=0.05


Tree=140
num_leaves=15
num_cat=2
split_feature=12 11 7 5 7 5 10 7 0 7 2 4 5 7
split_gain=2.57047 6.5063 5.86143 10.9277 6.97114 5.7781 5.68026 8.44511 5.25517 5.15831 6.07118 5.25682 5.81883 5.35459
threshold=0 1 40.590000000000011 1.9500000000000002 39.710000000000015 1.1500000000000001 4.5000000000000009 41.322500000000012 4.5000000000000009 40.922500000000007 14.500000000000002 7.2250000000000005 2.4500000000000006 40.090000000000011
decision_type=1 9 10 10 10 8 8 10 2 8 8 10 10 10
left_child=1 2 4 6 -1 -6 -4 -8 -5 11 -11 12 -3 -13
right_child=-2 9 3 8 5 -7 7 -9 -10 10 -12 13 -14 -15
leaf_value=0.0082262524669490383 -0.00017532304825372406 0.001217398117317571 0.038788338777367773 0.016200573065031827 -0.016180287378780685 0.0041014250569121509 -0.014489543540963488 0.038421240005619556 -0.016759850459835843 0.0042382480787894776 -0.013199120970532508 0.0034220966141040132 -0.01450112650346537 0.024191225066300254
leaf_weight=276.63107203505933 17436.522849367233 461.90843168343417 42.155389815568924 15.667971704155205 61.365136270876974 71.219437356106937 15.156524793128485 7.2122438901569685 24.448151974123903 73.063949830713682 140.17205226619262 104.3286587606417 62.38941728125792 40.482187465298921
leaf_count=1606 117301 2549 187 131 344 469 126 79 257 563 1020 938 401 418
internal_value=-9.35693e-06 0.00204322 0.00643481 0.0168507 0.00375546 -0.00553259 0.0288566 0.00647273 -0.00351789 -0.000579148 -0.0072641 0.00158075 -0.000772361 0.00984176
internal_weight=18832.7 1396.2 513.856 104.64 409.216 132.585 64.5242 22.3688 40.1161 882.345 213.236 669.109 524.298 144.811
internal_count=126389 9088 3199 780 2419 813 392 205 388 5889 1583 4306 2950 1356
cat_boundaries=0 1 2
cat_threshold=3 897
is_linear=0
shrinkage=0.05


Tree=141
num_leaves=15
num_cat=0
split_feature=2 3 5 10 4 2 3 4 7 5 4 7 10 5
split_gain=2.56004 3.1273 2.783 4.19642 3.04336 3.00822 4.32277 2.71581 2.59291 8.49873 5.28392 5.27008 2.52136 3.17394
threshold=305.50000000000006 3.5000000000000004 -1.0499999999999998 3.5000000000000004 1.5500000000000003 14.500000000000002 1.5000000000000002 7.1000000000000005 44.010000000000012 4.5500000000000007 3.6333333333333337 43.822500000000012 12.500000000000002 0.075000000000000025
decision_type=10 8 8 8 10 8 10 8 10 10 10 10 8 8
left_child=2 -2 3 4 -1 6 -6 -3 11 10 -10 12 -4 -14
right_child=1 7 8 -5 5 -7 -8 -9 9 -11 -12 -13 13 -15
leaf_value=-0.0085455086293757098 -0.027063717648696445 0.013086085451122043 -2.079395866301124e-06 -0.014107598464123634 0.015602892139285228 0.027460600265776205 -0.010246388711238671 -0.016502457437143583 -0.0094578176205236727 -0.012006376719549811 0.032947321756246005 -0.026504869750731987 0.020929501734971143 -0.012569337823995805
leaf_weight=13.686967641115187 14.396451802691443 13.084078151499854 18539.39135860838 15.049098983523434 44.909535460174084 25.851417183876038 19.803026057779789 8.5812243763357383 7.0204431004822245 22.990892521338537 27.949963376042433 13.827407206525093 3.3743308833800256 62.072430902975611
leaf_count=83 76 78 120595 93 270 138 103 60 38 279 238 153 239 3946
internal_value=-8.10458e-06 -0.0124791 1.91346e-05 0.00747591 0.0110946 0.0143547 0.00752507 0.000469757 -3.04849e-05 0.0100992 0.0243161 -6.47222e-05 -3.79555e-05 -0.00947929
internal_weight=18832 36.0618 18795.9 119.3 104.251 90.564 64.7126 21.6653 18676.6 57.9613 34.9704 18618.7 18604.8 65.4468
internal_count=126389 214 126175 687 594 511 373 138 125488 555 276 124933 124780 4185
is_linear=0
shrinkage=0.05


Tree=142
num_leaves=15
num_cat=1
split_feature=0 11 2 5 4 7 6 5 7 3 7 6 7 7
split_gain=2.50393 5.90936 7.34274 5.8577 7.34344 5.68045 10.7888 8.61266 7.11833 9.6629 6.01627 5.69618 5.67324 6.24628
threshold=4.5000000000000009 0 14.500000000000002 -1.0000000180025095e-35 5.5500000000000007 39.510000000000012 2.5050000000000008 0.8500000000000002 39.990000000000016 2.5000000000000004 39.822500000000012 2.0050000000000008 40.645000000000017 39.190000000000012
decision_type=2 9 8 8 10 10 8 8 10 10 10 10 10 10
left_child=1 2 5 4 -3 6 7 11 9 -7 -11 -1 13 -4
right_child=-2 3 12 -5 -6 8 -8 -9 -10 10 -12 -13 -14 -15
leaf_value=0.013088766431760081 -0.00071987200479130655 -0.011012899911885849 -0.0011997572583371239 -0.00019410733687729058 0.0051424183655079687 -0.01642692695441943 0.033201073972509404 -0.00039231010140335906 0.0039446818981558815 0.0071074581193723858 -0.008203792992255805 -0.018131084166849824 -0.0033765796131017657 0.0045554539403623766
leaf_weight=300.67525272583589 7456.9945285080466 260.87833211757243 1000.3093012700556 5920.7007365623722 92.257529792841524 103.43911039363593 34.612164245685562 273.90350876119919 1365.881690748618 163.4714169948129 98.708591779577546 11.109090086421928 863.83122694923077 884.00992175505962
leaf_count=1579 52338 1378 5807 39983 512 512 236 1564 9216 973 597 59 6230 5405
internal_value=-8.08353e-06 0.000458697 0.00171998 -0.000568972 -0.00677942 0.00377103 0.00785957 0.00609361 0.00228792 -0.00387115 0.00129725 0.0117078 -3.26757e-05 0.00150515
internal_weight=18830.8 11373.8 5099.95 6273.84 353.136 2351.8 620.3 585.688 1731.5 365.619 262.18 311.784 2748.15 1884.32
internal_count=126389 74051 32178 41873 1890 14736 3438 3202 11298 2082 1570 1638 17442 11212
cat_boundaries=0 1
cat_threshold=1329
is_linear=0
shrinkage=0.05


Tree=143
num_leaves=15
num_cat=2
split_feature=12 4 7 2 7 10 11 5 3 6 7 2 6 7
split_gain=2.47565 4.13586 8.19711 6.78035 6.72252 4.05427 5.05912 6.43949 11.0144 5.19845 4.94705 5.97666 6.7765 4.6401
threshold=0 1.2250000000000003 41.210000000000015 128.50000000000003 39.490000000000016 7.5000000000000009 1 3.6500000000000008 6.5000000000000009 1.855 38.377500000000012 23.500000000000004 0.56125000000000014 39.810000000000009
decision_type=1 8 8 8 10 8 9 10 10 8 8 10 10 10
left_child=1 2 3 4 -1 -3 9 10 -9 -7 11 12 -8 -12
right_child=-2 5 -4 -5 -6 6 7 8 -10 -11 13 -13 -14 -15
leaf_value=-0.0063459259647700777 0.00049855426503061411 -1.7152655202411174e-05 0.025153305248406151 0.018596682119061497 -0.028978610373060765 -0.002299335703190158 -0.017070598940624106 0.016911594199206986 -0.024081985474266196 -0.013430751065003611 -0.0059211992378583643 -0.0091671671414798508 0.028964375671461803 0.0026016021618882196
leaf_weight=93.622549045830965 10576.499674520805 6852.1762367896736 12.038321800064294 12.629887674003838 48.986322141136043 222.00902288942598 6.2011444706004104 18.031056397361681 59.038730009458959 198.17663450993132 251.16890285024419 18.522423450602219 41.651471272110939 419.25123075977899
leaf_count=473 68544 35069 58 60 238 3158 91 376 1810 4225 4035 292 591 7369
internal_value=-7.60468e-06 -0.000655944 -0.00832306 -0.0116229 -0.0148385 -0.000493102 -0.00312512 -0.000749695 -0.0140452 -0.00746988 0.000716225 0.0132313 0.0219482 -0.000611611
internal_weight=18830 8253.5 167.277 155.239 142.609 8086.23 1234.05 813.865 77.0698 420.186 736.795 66.375 47.8526 670.42
internal_count=126389 57845 829 771 711 57016 21947 14564 2186 7383 12378 974 682 11404
cat_boundaries=0 1 2
cat_threshold=4 801
is_linear=0
shrinkage=0.05


Tree=144
num_leaves=15
num_cat=1
split_feature=3 8 4 10 5 5 11 10 3 7 4 7 7 7
split_gain=2.46487 5.61755 3.81069 2.70334 2.64396 2.58358 6.67473 8.55738 7.55384 7.54783 4.9411 5.28438 4.54546 5.95977
threshold=15.500000000000002 4.5000000000000009 13.775000000000002 13.500000000000002 0.075000000000000025 1.8500000000000003 0 4.5000000000000009 13.500000000000002 38.910000000000011 13.225000000000001 35.945000000000014 44.010000000000012 42.410000000000011
decision_type=10 2 10 8 8 10 9 10 10 8 10 10 10 10
left_child=3 -2 -3 5 -5 12 7 8 9 -7 11 -8 13 -1
right_child=1 2 -4 4 -6 6 10 -9 -10 -11 -12 -13 -14 -15
leaf_value=0.00041584051507391744 -0.0079382820415605845 0.031319183401028163 -0.005460196300569686 0.017996359830924149 -0.019344144827999218 0.017507822823511095 -0.015247380000831935 -0.0090520693026108091 -0.031210039766496341 -0.0010607990360200258 0.023345765566055082 -4.8226035231718884e-05 0.023488116150536059 -0.0084527511075952709
leaf_weight=13757.012500565499 22.233014796394855 23.15019599173684 7.6254029711708418 1.5866491211345417 25.091304444475103 64.340831249952316 53.045578740537167 516.48384011164308 12.123722121119497 257.33538419008255 17.269396947696805 3867.5330647826195 16.156108913943172 187.08458347246051
leaf_count=81941 162 170 42 202 2708 283 379 6456 54 1119 157 31289 108 1319
internal_value=-7.54416e-06 0.0102833 0.0227167 -3.9329e-05 -0.0146334 -1.46664e-05 -0.00101627 -0.00499168 0.00118444 0.00286437 -0.000139622 -0.00027303 0.000329108 0.000293866
internal_weight=18828.1 53.0086 30.7756 18775.1 26.678 18748.4 4788.13 850.284 333.8 321.676 3937.85 3920.58 13960.3 13944.1
internal_count=126389 374 212 126015 2910 123105 39737 7912 1456 1402 31825 31668 83368 83260
cat_boundaries=0 1
cat_threshold=513
is_linear=0
shrinkage=0.05


Tree=145
num_leaves=15
num_cat=2
split_feature=7 3 7 2 11 3 4 4 6 5 11 6 4 4
split_gain=2.43086 5.05455 4.30004 4.95572 5.5062 7.79547 5.38979 7.29 8.03914 6.62024 5.46737 4.92415 4.55089 7.04731
threshold=37.322500000000012 15.500000000000002 38.263333333333343 6.5000000000000009 0 9.5000000000000018 11.100000000000001 6.1000000000000005 0.81999999999999995 1.0000000180025095e-35 1 2.2816666666666672 3.7750000000000004 3.9000000000000004
decision_type=8 10 8 10 9 8 10 10 10 8 9 10 8 8
left_child=-1 2 3 -2 5 -5 7 9 -9 -6 -10 -12 -4 -14
right_child=1 -3 12 4 6 -7 -8 8 10 -11 11 -13 13 -15
leaf_value=-0.0026460311265576932 0.017336155010749092 0.01736051997896846 -0.0015094944512649142 0.0080878224887197103 -0.010872374291546204 -0.012293934542812364 0.021628943558823263 0.0099087131805671927 0.0020880108690207715 0.0041251889643847545 -0.020931250618010891 0.010507362773962005 0.007841570192029329 0.00015948313419219737
leaf_weight=828.97283761296421 50.836718016769737 37.389577846275643 4488.5855149365962 477.94192210049368 81.629393249284476 47.514386542141438 21.738012255984358 44.560127837583423 51.990282644983381 487.07792025571689 131.07639816694427 10.716756147099657 301.32317234610673 11763.447647357825
leaf_count=4936 309 286 22928 2649 414 442 154 309 340 2578 945 105 1610 88384
internal_value=-7.03085e-06 0.000115235 7.45082e-05 0.00272505 0.00211481 0.00603257 -0.000457214 -0.00118725 -0.00843316 0.00189652 -0.012794 -0.0171124 -0.00015123 0.000354516
internal_weight=18824.8 17995.8 17958.4 1405.08 1354.25 525.456 828.789 807.051 238.344 568.707 193.783 141.793 16553.4 12064.8
internal_count=126389 121453 121167 8245 7936 3091 4845 4691 1699 2992 1390 1050 112922 89994
cat_boundaries=0 1 2
cat_threshold=265 1088
is_linear=0
shrinkage=0.05


Tree=146
num_leaves=15
num_cat=1
split_feature=2 6 5 10 6 6 11 6 7 5 7 4 2 1
split_gain=2.4002 2.91206 2.56366 3.86041 2.95796 4.15046 3.12979 2.55964 2.22518 7.46368 4.89649 4.7972 2.37973 3.1564
threshold=305.50000000000006 2.2612500000000009 -1.0499999999999998 3.5000000000000004 0.80500000000000016 1.7612500000000002 0 0.38166666666666677 44.010000000000012 4.5500000000000007 43.822500000000012 3.6333333333333337 21.500000000000004 54.250000000000007
decision_type=10 8 8 8 10 10 9 10 10 10 10 10 10 8
left_child=2 -2 3 4 6 -6 -1 -8 10 11 -4 -10 -11 -14
right_child=1 -3 8 -5 5 -7 7 -9 9 12 -12 -13 13 -15
leaf_value=-0.0088388825116578421 -0.019601747409341633 0.0087626897225504888 -3.3316208054623508e-05 -0.013566718681661018 0.030029484441382415 -0.0056166413471140713 0.019664371189319962 -0.0033405585779211992 -0.0094985048914158297 -0.025014082788023848 -0.025692970368992492 0.03063871406760801 -0.014630092264935722 0.022872691822409998
leaf_weight=21.604653768241405 26.685979309375398 9.3113435423001629 18598.600542599102 14.942430003313346 26.680201053619385 9.1208800002932531 29.790281169116497 16.568537391722202 7.0213588029146186 10.093059302424082 13.610486550023777 28.447591183241457 7.3237537456443507 5.3984979678643876
leaf_count=123 151 63 124780 93 156 49 175 91 38 142 153 238 76 61
internal_value=-6.00285e-06 -0.0120909 2.03605e-05 0.00719449 0.0106704 0.0213727 0.0039545 0.00997539 -2.71666e-05 0.00933267 -5.89755e-05 0.0225014 -0.0115043 0.00324699
internal_weight=18825.2 35.9973 18789.2 118.707 103.765 35.8011 67.9635 46.3588 18670.5 58.2843 18612.2 35.4689 22.8153 12.7223
internal_count=126389 214 126175 687 594 205 389 266 125488 555 124933 276 279 137
cat_boundaries=0 1
cat_threshold=1088
is_linear=0
shrinkage=0.05


Tree=147
num_leaves=15
num_cat=2
split_feature=0 12 7 11 3 2 7 6 6 6 5 10 6 10
split_gain=2.35926 3.78589 7.42855 7.23091 4.78577 6.52761 4.75533 4.67463 7.99078 4.52607 8.09934 6.09256 5.65285 6.34922
threshold=6.5000000000000009 0 38.410000000000011 1 3.5000000000000004 23.500000000000004 38.910000000000011 0.98166666666666691 1.5612500000000002 2.1225000000000009 3.0500000000000003 2.5000000000000004 1.9612500000000004 1.5000000000000002
decision_type=2 1 8 9 10 10 8 8 8 8 8 10 10 8
left_child=1 2 3 7 -5 -6 -4 -1 -9 10 12 -12 13 -8
right_child=-2 -3 6 4 5 -7 9 8 -10 -11 11 -13 -14 -15
leaf_value=0.03848354996312444 -0.0014961722593668388 1.2126378232222776e-05 -0.0094206438940385717 0.013148114801807297 0.0059196307501182301 -0.03454002744911646 0.016339376787837732 -0.013716404436153068 0.029442511355236112 -0.0031779542891111723 -0.0001784336816438998 0.034180117567216388 0.022725187390642811 -0.00071666223743444512
leaf_weight=34.244593675481156 2323.1651527540525 15520.253520192928 84.761089882231317 29.06301623408217 19.546052476391196 13.062566574662922 58.087247915565968 15.306976314634083 19.040270804660395 224.3444402202731 19.187889686669223 34.066069960594177 29.080935732927173 401.23316701233853
leaf_count=182 16977 103264 483 149 132 70 321 84 104 1732 94 226 191 2380
internal_value=-6.13089e-06 0.000204037 0.0031922 0.0141119 -0.000400585 -0.0127252 0.00148486 0.0232025 0.0109097 0.00274487 0.00520463 0.0228477 0.00306884 0.00159303
internal_weight=18824.4 16501.3 981.024 130.263 61.6716 32.6086 850.761 68.5918 34.3472 766 541.655 53.254 488.401 459.32
internal_count=126389 109412 6148 721 351 202 5427 370 188 4944 3212 320 2892 2701
cat_boundaries=0 1 2
cat_threshold=3 1800
is_linear=0
shrinkage=0.05


Tree=148
num_leaves=15
num_cat=1
split_feature=6 2 8 6 10 11 1 7 7 7 7 6 2 7
split_gain=2.24198 6.03 6.71266 5.81374 9.98618 6.66196 6.6472 6.54084 5.77782 5.63807 5.54555 6.74049 5.71313 5.38523
threshold=0.86125000000000018 69.500000000000014 4.5000000000000009 0.79500000000000026 8.5000000000000018 0 50.500000000000007 39.422500000000007 37.890000000000015 38.610000000000014 39.290000000000013 0.48541666666666677 14.500000000000002 39.163333333333348
decision_type=10 10 2 10 10 9 10 10 10 10 10 10 10 10
left_child=1 3 -3 5 6 -1 -5 10 -8 -4 -7 -12 -13 -10
right_child=-2 2 9 4 -6 7 8 -9 13 -11 11 12 -14 -15
leaf_value=0.0028514135676359969 -0.00038757339024378802 0.0015534805234498708 0.00033444021330789286 -0.019586721055229912 0.029235543520531357 0.00012749828864703962 -0.0088981195699730162 -0.0041599509430406256 0.015118620813556138 -0.018306227571280302 -0.00027931584906955883 0.0035628476326569044 0.0367081756119308 0.0033953921794155511
leaf_weight=2054.913477113354 12609.887441444094 169.76763515314087 60.119238215964288 23.464145809295587 37.710344176739454 2140.7506295001367 58.873600142542273 988.42590533243492 142.14599960763007 118.59450258372817 60.805211505154148 22.98478796670679 28.942686036694795 305.6297260816209
leaf_count=11110 90883 939 328 129 568 12621 307 5910 717 660 336 131 180 1570
internal_value=-4.56086e-06 0.000772471 -0.00557108 0.00115383 0.00593924 0.000635716 0.00402434 -0.00077734 0.00529855 -0.0121971 0.000708829 0.0112738 0.0236385 0.00724278
internal_weight=18823 6213.13 348.481 5864.65 567.824 5296.82 530.113 3241.91 506.649 178.714 2253.48 112.733 51.9275 447.776
internal_count=126389 35506 1927 33579 3291 30288 2723 19178 2594 988 13268 647 311 2287
cat_boundaries=0 1
cat_threshold=1826
is_linear=0
shrinkage=0.05


Tree=149
num_leaves=15
num_cat=0
split_feature=7 3 3 1 8 3 6 0 5 2 2 2 7 8
split_gain=2.23173 4.61632 4.14162 4.45426 4.17282 5.11385 3.95569 9.58418 5.17266 6.14059 5.18359 4.08634 6.52433 6.05793
threshold=37.322500000000012 15.500000000000002 10.500000000000002 52.500000000000007 2.5000000000000004 3.5000000000000004 3.1550000000000007 4.5000000000000009 2.5500000000000003 14.500000000000002 27.500000000000004 20.500000000000004 36.845000000000006 3.5000000000000004
decision_type=8 10 10 8 2 10 8 2 10 10 10 10 10 2
left_child=2 -2 3 -1 5 -5 8 -8 11 -10 -11 13 -13 -6
right_child=1 -3 -4 4 6 -7 7 -9 9 10 -12 12 -14 -15
leaf_value=0.022293218331601389 7.4355347209639094e-05 0.016565165474347408 -0.012642583775879979 -0.0018869625266381064 0.031041496628346134 -0.024118381697333883 0.043190003893013321 -0.011055154178092113 -0.032249856856104958 0.025540969605827697 -0.014512220033332508 0.001708152372444088 -0.015728519489099754 0.0020011217937882437
leaf_weight=14.524203599430619 17955.965867575724 37.538493531174026 85.39604776201304 65.098702710587531 14.095681199803947 38.979622737620957 11.543925997801127 12.87259874306619 22.901357104303315 8.5980839969124663 14.96388586249668 137.14829629496671 82.223223465378396 320.19696405890863
leaf_count=93 121167 286 575 342 81 244 71 82 205 61 96 759 481 1846
internal_value=-3.78525e-06 0.000113351 -0.00253306 -0.00129463 -0.00191356 -0.010937 -0.000334914 0.0175734 -0.00120271 -0.0163656 0.00201625 0.000204839 -0.00503219 0.00366503
internal_weight=18822 17993.5 828.543 743.147 728.622 104.078 624.544 24.4165 600.127 46.4633 23.562 553.664 219.372 334.293
internal_count=126389 121453 4936 4361 4268 586 3682 153 3529 362 157 3167 1240 1927
is_linear=0
shrinkage=0.05


Tree=150
num_leaves=15
num_cat=2
split_feature=0 11 2 7 10 7 4 5 4 4 7 4 7 11
split_gain=2.1789 5.50585 6.61473 5.6271 5.82234 5.31531 5.51327 5.31858 5.64632 5.41732 13.3386 8.08315 8.23828 7.66246
threshold=4.5000000000000009 0 14.500000000000002 42.070833333333347 4.5000000000000009 32.490000000000009 4.7750000000000012 -1.0000000180025095e-35 5.4500000000000011 5.7083333333333348 41.363333333333344 3.7750000000000004 37.322500000000012 1
decision_type=2 9 8 10 8 8 10 8 10 10 10 10 10 9
left_child=1 2 -1 5 -5 6 -3 8 -7 10 11 -9 -13 -14
right_child=-2 3 -4 4 -6 7 -8 9 -10 -11 -12 12 13 -15
leaf_value=0.0035967149047805855 -0.00066750834644535941 -0.003585432790621939 -1.4092193276598293e-05 0.0012020020162857219 -0.017891144603567995 -0.010229958129156348 0.026595464208383185 -0.0013023807934916046 0.004147623273432966 -0.0021209919636589148 0.017875013866840289 -0.019787028598058067 0.0093789382620302376 0.001278988742650787
leaf_weight=2351.341179333278 7451.7158108940348 23.907843549619429 2746.9309863513336 68.740584507584572 88.337822992354631 253.3122912509134 31.771472242544405 2224.3125852546655 89.676692607579753 2092.6650431524031 109.37579152837861 31.556011793552898 456.71290593000595 801.45157741860021
leaf_count=14736 52338 131 17442 299 1298 1336 190 11893 498 18073 665 169 2610 4711
internal_value=-3.23703e-06 0.000432214 0.00164988 -0.000559874 -0.00975629 -0.000316769 0.0144087 -0.000463856 -0.00646526 -9.84102e-05 0.00107103 0.00052334 0.00366493 0.00432913
internal_weight=18821.8 11370.1 5098.27 6271.82 157.078 6114.74 55.6793 6059.06 342.989 5716.07 3623.41 3514.03 1289.72 1258.16
internal_count=126389 74051 32178 41873 1597 40276 321 39955 1834 38121 20048 19383 7490 7321
cat_boundaries=0 1 2
cat_threshold=1329 640
is_linear=0
shrinkage=0.05


Tree=151
num_leaves=15
num_cat=2
split_feature=12 4 10 6 2 6 6 6 6 11 4 6 5 4
split_gain=2.21177 3.91287 6.40329 5.84973 5.8899 5.60237 5.15553 5.07868 4.67126 4.39011 8.64488 7.14964 7.38015 7.48375
threshold=0 1.4500000000000002 1.5000000000000002 2.3450000000000011 69.500000000000014 0.72250000000000025 1.1612500000000003 1.0000000180025095e-35 1.5950000000000004 1 2.7083333333333335 0.96000000000000019 1.0000000180025095e-35 5.7750000000000012
decision_type=1 8 8 8 10 10 10 8 8 9 8 10 8 10
left_child=-1 2 3 5 -5 -2 -7 -3 -8 11 -11 12 13 -9
right_child=1 7 -4 4 -6 6 8 9 -10 10 -12 -13 -14 -15
leaf_value=-0.00061588442002111861 0.012030540831202493 0.011826686102393151 -0.00032117042817780947 0.028598219282841092 -0.0076417459455219109 -0.022771890504473369 0.02293917606327206 -0.0090818489174609527 -0.01259206731360246 -0.0041253351038932221 0.0020140915723415344 -0.0023000048204593242 0.0029909874047092735 0.01515090564303434
leaf_weight=8246.9033494150499 96.367388889193535 89.0678540217923 271.88007387483958 58.361582055687904 11.400188297033308 23.591450929641724 14.418135568499563 235.33016106719151 13.222315579652788 655.91813353053294 4335.0964370353613 3217.5565929402364 1519.2962921777507 32.123371970723383
leaf_count=57845 589 473 1254 366 69 131 80 1211 73 3236 29424 22765 8678 195
internal_value=-2.75045e-06 0.000475661 0.00481987 0.011113 0.022561 0.00514028 -0.00773764 0.00026309 0.00661692 0.000154186 0.00120152 -0.000891146 0.00164027 -0.00594666
internal_weight=18820.5 10573.6 489.241 217.361 69.7618 147.599 51.2319 10084.4 27.6405 9995.32 4991.01 5004.31 1786.75 267.454
internal_count=126389 68544 2562 1308 435 873 284 65982 153 65509 32660 32849 10084 1406
cat_boundaries=0 1 2
cat_threshold=4 1864
is_linear=0
shrinkage=0.05


Tree=152
num_leaves=15
num_cat=1
split_feature=2 3 4 5 10 6 6 11 6 7 5 7 4 2
split_gain=2.15798 2.93089 2.56729 2.30518 3.55125 2.8062 3.87477 2.96175 2.37307 2.05977 6.76958 4.5696 4.37789 2.28489
threshold=305.50000000000006 3.5000000000000004 7.1000000000000005 -1.0499999999999998 3.5000000000000004 0.80500000000000016 1.7612500000000002 0 0.38166666666666677 44.010000000000012 4.5500000000000007 43.822500000000012 3.6333333333333337 21.500000000000004
decision_type=10 8 8 8 8 10 10 9 10 10 10 10 10 10
left_child=3 -2 -3 4 5 7 -7 -1 -9 11 12 -5 -11 -12
right_child=1 2 -4 9 -6 6 -8 8 -10 10 13 -13 -14 -15
leaf_value=-0.0087038949408684355 -0.02560299872282212 0.013164576702817661 -0.015667232718363726 -2.8058593836676872e-05 -0.013105817715620858 0.029126403569393163 -0.005359025066401674 0.018972515573506026 -0.0032115420683485815 -0.0091813857751918207 -0.02436578396946203 -0.024954182344717329 0.029100609981661515 0.0033645059351006001
leaf_weight=21.624426081776619 14.35385608137585 13.055808554869147 8.5041066817939264 18592.590370467282 14.8499001924647 26.30023667216301 9.1471991464495641 29.48417978733778 16.570376463234425 7.008580293506383 9.9209842269774544 13.405117361922747 28.791979177272879 12.697479728492906
leaf_count=123 76 78 60 124780 93 156 49 175 91 38 142 153 238 137
internal_value=-2.09866e-06 -0.0114727 0.000983629 2.28817e-05 0.00684604 0.0101922 0.020665 0.00366271 0.00958123 -2.20689e-05 0.00897355 -5.27165e-05 0.0213995 -0.0110078
internal_weight=18818.3 35.9138 21.5599 18782.4 117.976 103.126 35.4474 67.679 46.0546 18664.4 58.419 18606 35.8006 22.6185
internal_count=126389 214 138 126175 687 594 205 389 266 125488 555 124933 276 279
cat_boundaries=0 1
cat_threshold=1088
is_linear=0
shrinkage=0.05


Tree=153
num_leaves=15
num_cat=2
split_feature=12 11 7 5 7 5 6 10 7 0 7 2 7 2
split_gain=2.14775 5.78926 5.55147 9.83356 6.19112 5.32635 6.92433 5.14474 7.87726 4.84338 4.6127 5.49782 5.03137 4.95233
threshold=0 1 40.590000000000011 1.9500000000000002 39.710000000000015 3.0500000000000003 2.0816666666666674 4.5000000000000009 41.322500000000012 4.5000000000000009 40.922500000000007 14.500000000000002 42.170833333333341 29.500000000000004
decision_type=1 9 10 10 10 10 10 8 10 2 8 8 8 10
left_child=1 2 4 7 -1 -6 -7 -4 -9 -5 -3 -12 13 -13
right_child=-2 10 3 9 5 6 -8 8 -10 -11 11 12 -14 -15
leaf_value=0.0076306729062540178 -0.00015448484408444408 0.0014420549589929973 0.037052726985652776 0.015610411928467478 -0.0089159665554747521 0.045495924589808438 -0.011151798616533343 -0.014144258184141549 0.036779568675881884 -0.016064079253889179 0.003999917632766286 -0.03019912711925964 -0.0023157710065309814 -0.0029098490993427028
leaf_weight=276.2857746926602 17422.617277729441 669.18360281584319 41.954742267727852 15.723434478044508 118.90025612630416 6.1862142086029035 7.4062037462135777 15.046619845088573 7.3926052426686502 24.169447146705352 73.168833029572852 46.820541728637181 66.559515343979001 26.182383079896681
leaf_count=1606 117301 4306 187 131 708 40 65 126 79 257 563 378 457 185
internal_value=-2.71473e-06 0.00187432 0.00602058 0.0161682 0.00341314 -0.0053393 0.0199315 0.0275536 0.00627751 -0.00323167 -0.00059817 -0.00692927 -0.0125993 -0.0212258
internal_weight=18817.6 1394.98 513.065 104.287 408.778 132.493 13.5924 64.394 22.4392 39.8929 881.915 212.731 139.562 73.0029
internal_count=126389 9088 3199 780 2419 813 105 392 205 388 5889 1583 1020 563
cat_boundaries=0 1 2
cat_threshold=3 897
is_linear=0
shrinkage=0.05


Tree=154
num_leaves=15
num_cat=1
split_feature=7 11 5 5 7 6 5 3 8 7 1 7 5 4
split_gain=2.05786 5.59037 11.4773 15.546 6.28712 6.76963 5.57814 4.93777 4.977 4.93531 4.88845 4.35901 5.81672 7.32655
threshold=41.610000000000014 0 1.1500000000000001 1.3500000000000003 41.945000000000014 3.1050000000000009 0.25000000000000006 9.5000000000000018 3.5000000000000004 44.010000000000012 55.250000000000007 42.34500000000002 2.0500000000000003 3.5500000000000003
decision_type=10 9 10 10 10 10 8 10 2 10 8 10 10 10
left_child=-1 6 9 -4 -5 11 10 8 -8 -3 -2 -6 -13 -14
right_child=1 2 3 4 5 -7 7 -9 -10 -11 -12 12 13 -15
leaf_value=0.00014700967287703122 -0.0085378269660869588 -0.0077782827812957964 0.035688586659087237 -0.0050937713062030746 0.0030545652737706116 -0.0028994082554071811 -0.015925644494572684 -0.024860261403731043 -0.0012327267479715456 0.023438634067429617 0.020921281382300899 0.0022457444084766727 -0.0071499590073283818 0.027985894041785947
leaf_weight=17410.180906919646 22.365117513923906 383.5264048447134 31.327212003758177 205.87489171104971 134.07983490568586 158.25006781821139 91.329750782926567 44.063098467653617 145.79870240949094 8.3401780845597369 25.335577165707946 56.40549706609454 15.669988113222642 83.973327863146551
leaf_count=114032 161 2611 205 1943 1111 2038 734 773 1251 59 193 399 89 790
internal_value=-1.80499e-06 -0.00183809 -5.07712e-05 0.00384304 0.00205909 0.00536331 -0.00738228 -0.0102719 -0.0071037 -0.00682696 0.0076094 0.00984296 0.0153997 0.0223828
internal_weight=18816.5 1406.34 1077.45 685.581 654.254 448.379 328.892 281.192 237.128 391.867 47.7007 290.129 156.049 99.6433
internal_count=126389 12357 9245 6575 6370 4427 3112 2758 1985 2670 354 2389 1278 879
cat_boundaries=0 1
cat_threshold=904
is_linear=0
shrinkage=0.05


Tree=155
num_leaves=15
num_cat=0
split_feature=0 1 4 7 6 7 5 3 4 7 7 7 4 5
split_gain=2.03588 3.72634 4.12462 9.09627 3.80103 3.79676 4.29549 7.11564 4.79758 4.63135 4.55369 4.9116 4.50047 4.34834
threshold=6.5000000000000009 53.500000000000007 6.2250000000000005 40.645000000000017 1.3450000000000004 40.845000000000013 0.25000000000000006 4.5000000000000009 2.7083333333333335 41.310000000000009 41.670833333333341 41.045000000000009 4.9000000000000012 6.0500000000000007
decision_type=2 8 8 10 8 10 8 10 10 10 10 10 10 8
left_child=-1 2 3 -2 -4 -3 8 10 -7 -9 11 -8 -11 -14
right_child=1 5 4 -5 -6 6 7 9 -10 12 -12 -13 13 -15
leaf_value=0.00019390159824735564 -0.013518909552627615 -3.0181641629444442e-05 0.0045095286466694008 0.031409982676668745 -0.0256742599645455 -0.042715995997736733 -0.0027170749648723156 -0.015940400298467532 -0.0088673071303589975 -0.023364585510658439 -0.0079719776027588948 0.024693897497153741 0.0055329529507572861 -0.026357711573766669
leaf_weight=16495.377161983051 29.809422432212159 1854.5250563144218 11.660918695852159 11.662310759071259 42.256215771427378 9.8018799998098967 23.881125728366897 94.552874561399221 50.251333568361588 14.810316436225547 26.85345312114805 41.185115407803096 102.55428848159499 6.903600222663953
leaf_count=109412 189 12746 102 82 578 52 132 931 373 96 162 239 1178 117
internal_value=-1.30639e-06 -0.00138626 -0.0108115 0.00113569 -0.0193176 -0.000958912 -0.00554175 -0.00304157 -0.0172506 -0.00790109 0.00833766 0.0151573 -0.0014042 0.00245803
internal_weight=18816.1 2320.71 95.3889 41.4717 53.9171 2225.32 370.794 310.741 60.0532 218.821 91.9197 65.0662 124.268 109.458
internal_count=126389 16977 951 271 680 16026 3280 2855 425 2322 533 371 1391 1295
is_linear=0
shrinkage=0.05


Tree=156
num_leaves=15
num_cat=2
split_feature=7 3 5 7 2 11 3 4 4 6 6 10 11 6
split_gain=2.02762 4.2756 4.0489 3.95434 4.51322 5.04814 6.30304 4.91022 6.21127 7.07759 5.99471 6.61047 5.01969 4.9551
threshold=37.322500000000012 14.500000000000002 1.2750000000000001 38.263333333333343 6.5000000000000009 0 9.5000000000000018 11.100000000000001 6.1000000000000005 0.81999999999999995 0.3050000000000001 3.5000000000000004 1 2.2816666666666672
decision_type=8 10 10 8 10 9 8 10 10 10 8 10 9 10
left_child=-1 3 -3 4 -2 6 -6 8 10 -10 11 -7 -11 -14
right_child=1 2 -4 -5 5 7 -8 -9 9 12 -12 -13 13 -15
leaf_value=-0.0024149696905169716 0.016526808979653178 -0.011637020453211831 0.017141721066788032 -0.00015727227680374157 0.0075883675585300117 -0.016920343973307741 -0.011266683073540753 0.021590753409377276 0.009285417387327027 0.0021580995839593914 0.0040485240340059408 0.010925004530155867 -0.020061723145855498 0.011510635597633068
leaf_weight=827.55562153260689 51.01920461433474 11.387571085244415 58.787515449104831 16520.786135819741 477.81792272930034 70.848444009316154 44.39123861072585 19.525009436300024 44.732497363584116 51.854655098053627 472.22672832070384 25.691224247217178 128.296937925159 10.502585717244072
leaf_count=4936 309 147 422 112688 2649 354 418 141 309 339 2501 137 936 103
internal_value=-2.65321e-06 0.000108969 0.0120083 5.90278e-05 0.00260858 0.00202176 0.0057842 -0.000448513 -0.00111928 -0.0078609 0.00171496 -0.00933704 -0.0120184 -0.0162271
internal_weight=18815.4 17987.9 70.1751 17917.7 1396.91 1345.89 522.209 823.678 804.153 235.387 568.766 96.5397 190.654 138.8
internal_count=126389 121453 569 120884 8196 7887 3067 4820 4679 1687 2992 491 1378 1039
cat_boundaries=0 1 2
cat_threshold=265 1088
is_linear=0
shrinkage=0.05


Tree=157
num_leaves=15
num_cat=2
split_feature=2 5 5 10 4 7 11 0 6 11 2 0 7 6
split_gain=2.01613 3.17415 3.27574 2.09821 4.81027 9.5763 9.4196 9.60495 8.97299 7.96096 5.15852 5.33534 5.71652 7.6584
threshold=305.50000000000006 0.45000000000000007 1.4500000000000002 1.5000000000000002 1.9000000000000001 39.522500000000015 0 3.5000000000000004 0.73875000000000024 1 15.500000000000002 2.5000000000000004 38.690000000000012 1.0183333333333338
decision_type=10 8 10 8 8 8 9 2 10 9 10 2 10 10
left_child=3 -2 -3 4 5 9 -6 10 -7 -1 -8 -12 13 -13
right_child=1 2 -4 -5 6 8 7 -9 -10 -11 11 12 -14 -15
leaf_value=-0.0033079164973279424 -0.03108874167794495 0.013432474031961834 -0.016139212500738184 -0.0001687373195819966 0.0037124344821188276 0.0060962766939763983 0.0079566246622998892 -0.008388906621693875 -0.017577440948095033 0.014902695438817289 0.013406997242786489 -0.016850202531245376 -0.016852906958888424 0.023597537520809109
leaf_weight=78.057758972048759 8.3702960386872274 14.190442981780508 13.315933026839046 16614.946103243157 897.62102002650499 88.26767860352993 191.74303733557463 460.44192725419998 65.593966066837311 240.2773379534483 28.42853656411171 16.40959894657135 75.760617151856422 21.31063474714756
leaf_count=458 45 80 89 114428 4898 493 1131 2268 341 1399 161 89 395 114
internal_value=-1.99474e-06 -0.0110942 -0.00116376 2.21443e-05 0.00148478 0.00591835 0.000233476 -0.00369784 -0.00423183 0.0108138 0.00269493 -0.00444332 -0.00929214 0.00608869
internal_weight=18814.7 35.8767 27.5064 18778.9 2163.91 472.197 1691.72 794.094 153.862 318.335 333.652 141.909 113.481 37.7202
internal_count=126389 214 169 126175 11747 2691 9056 4158 834 1857 1890 759 598 203
cat_boundaries=0 1 2
cat_threshold=1299 579
is_linear=0
shrinkage=0.05


Tree=158
num_leaves=15
num_cat=2
split_feature=1 5 6 0 7 10 2 11 7 7 6 6 11 4
split_gain=2.00875 3.13921 3.18087 2.2679 3.51448 3.73475 7.17778 4.78482 5.18592 4.31283 5.34531 4.65429 5.77207 4.10811
threshold=57.750000000000007 1.2250000000000003 0.56125000000000014 6.5000000000000009 32.490000000000009 1.5000000000000002 15.500000000000002 0 39.210000000000015 38.055000000000014 0.24000000000000007 0.94000000000000006 1 3.1000000000000005
decision_type=10 8 10 2 8 8 8 9 10 8 8 8 9 10
left_child=3 2 -2 -1 -5 6 7 8 -6 11 13 12 -7 -11
right_child=1 -3 -4 4 5 9 -8 -9 -10 10 -12 -13 -14 -15
leaf_value=0.00017915369123194322 0.00096927270728328237 -0.0065570579447032972 0.034854200954571743 -0.016760478299559515 0.026306838171764158 0.0096020477336953639 0.013098694771896895 -0.015042592176922998 -0.0047467325659107627 -0.024140164641568013 -0.00058719177047734938 -0.015689551084701468 -0.010818534570168171 0.002240179227805286
leaf_weight=16470.803547124378 12.477245531976225 14.139812014997004 11.438390538096426 32.126964991330169 15.450588576495646 52.409994938992895 116.14613136649132 41.530674606561661 35.803269296884537 38.103869893006049 1787.0349863101728 106.44628725363873 56.357285163947381 21.237976619275287
leaf_count=109300 62 80 59 230 94 305 604 215 193 184 13770 788 367 138
internal_value=-1.73552e-06 0.0107858 0.0204003 -2.64688e-05 -0.00149448 -0.00124212 0.00505209 -0.00517525 0.0051968 -0.00189069 -0.00109866 -0.00850651 -0.00109616 -0.0152584
internal_weight=18811.5 38.0554 23.9156 18773.5 2302.65 2270.52 208.931 92.7845 51.2539 2061.59 1846.38 215.214 108.767 59.3418
internal_count=126389 201 121 126188 16888 16658 1106 502 287 15552 14092 1460 672 322
cat_boundaries=0 1 2
cat_threshold=1057 1728
is_linear=0
shrinkage=0.05


Tree=159
num_leaves=15
num_cat=2
split_feature=12 6 7 11 7 5 2 2 7 0 4 2 5 6
split_gain=2.01394 5.60779 5.15013 4.128 6.48788 9.22452 5.63402 8.02777 7.45046 4.76253 11.0426 5.57417 5.72194 5.78392
threshold=0 0.10000000000000005 39.790000000000013 1 40.590000000000011 1.9500000000000002 31.500000000000004 25.500000000000004 37.790000000000013 5.5000000000000009 7.291666666666667 160.50000000000003 2.1500000000000008 1.1816666666666669
decision_type=1 8 8 9 10 10 10 10 10 2 10 10 10 10
left_child=1 2 -1 4 6 -6 7 -3 -8 11 -11 12 13 -5
right_child=-2 3 -4 9 5 -7 8 -9 -10 10 -12 -13 -14 -15
leaf_value=0.026989832852736147 -0.00014914151471421674 0.0015123430755932029 -0.0084316815173373933 -0.0013951816135742818 0.026931174440842216 -0.003036439353135789 0.023312341804947647 0.024884465879268302 -0.018294209848244706 -0.009389540952952951 0.0094285750040229675 0.033258534396951034 -0.0098818361993468651 0.011271955372855042
leaf_weight=34.025283143622801 17416.373531374498 287.92947149381507 11.237556713516822 196.06284022703767 63.072638115729205 39.743311030324548 8.6562931500375253 37.250456505804323 54.367025405401364 310.33289205143228 99.122938358574174 9.407864708453415 82.436975050950423 160.26061027240939
leaf_count=188 117301 1734 61 1141 386 388 45 206 321 1855 992 55 684 1032
internal_value=-2.17563e-06 0.00181617 0.0182317 0.00121334 0.00479052 0.0157436 0.0018481 0.00452599 -0.011286 -0.000895761 -0.00477518 0.00264237 0.00161856 0.00437915
internal_weight=18810.3 1393.91 45.2628 1348.64 491.019 102.816 388.203 325.18 63.0233 857.624 409.456 448.168 438.76 356.323
internal_count=126389 9088 249 8839 3080 774 2306 1940 366 5759 2847 2912 2857 2173
cat_boundaries=0 1 2
cat_threshold=3 897
is_linear=0
shrinkage=0.05


Tree=160
num_leaves=15
num_cat=0
split_feature=10 5 1 6 2 5 6 3 7 4 1 5 6 7
split_gain=1.92679 2.82855 3.15092 3.00169 2.81735 2.54281 2.51714 3.29217 2.67713 2.1898 2.09386 9.67657 8.28624 5.84759
threshold=12.500000000000002 0.075000000000000025 53.500000000000007 1.0225000000000004 9.5000000000000018 0.25000000000000006 1.8200000000000003 8.5000000000000018 38.890000000000015 8.2250000000000014 52.500000000000007 6.0500000000000007 2.6050000000000009 41.855000000000011
decision_type=8 8 10 10 10 8 10 8 10 8 10 10 8 10
left_child=10 9 3 -3 -4 -6 8 -8 -5 -2 11 12 13 -1
right_child=1 2 4 6 5 -7 7 -9 -10 -11 -12 -13 -14 -15
leaf_value=-0.0013859548551923575 0.036342899602804367 -0.016615185737696169 0.0083889354614730838 -0.0086900355359853711 0.0026923000963728315 -0.02665963604402229 0.026299712331056352 -0.022163087277866637 0.048041561440410586 -0.0084710459383210753 0.00018330057343164617 0.025670781974116819 -0.010139682680240819 0.01393278840370815
leaf_weight=1088.4843129506335 1.3413875844562428 3.8042609451804301 6.8177318462403482 1.0115282535552959 8.0512411583913508 33.739313251106068 0.88132964493706811 3.8251099748304114 3.1063010693760589 2.131538933608681 17295.974663970992 26.418643770739436 272.84633239079267 61.06742593459785
leaf_count=7789 168 191 727 48 425 2149 75 225 146 82 111040 328 2535 461
internal_value=-6.86563e-07 -0.00829794 -0.0113004 0.00850894 -0.0167605 -0.0213214 0.0214322 -0.00421518 0.0369824 0.0200701 3.01619e-05 -0.00179235 -0.00239057 -0.000515366
internal_weight=18809.5 64.7097 61.2368 12.6285 48.6083 41.7906 8.82427 4.70644 4.11783 3.47293 18744.8 1448.82 1422.4 1149.55
internal_count=126389 4236 3986 685 3301 2574 494 300 194 250 122153 11113 10785 8250
is_linear=0
shrinkage=0.05


Tree=161
num_leaves=15
num_cat=1
split_feature=2 3 4 5 10 4 2 3 2 11 7 0 2 10
split_gain=1.90159 2.70994 2.41426 2.01109 3.23679 2.77506 3.02364 3.98715 1.93759 7.41738 4.27282 4.15895 2.91648 3.75107
threshold=305.50000000000006 3.5000000000000004 7.1000000000000005 -1.0499999999999998 3.5000000000000004 1.5500000000000003 14.500000000000002 1.5000000000000002 210.50000000000003 0 39.590000000000011 5.5000000000000009 165.50000000000003 4.5000000000000009
decision_type=10 8 8 8 8 10 8 10 10 9 10 2 10 8
left_child=3 -2 -3 4 5 -1 7 -7 12 -10 11 -11 -5 -14
right_child=1 2 -4 8 -6 6 -8 -9 9 10 -12 -13 13 -15
leaf_value=-0.0090230559520549716 -0.024379595579840676 0.012946725695844747 -0.015049767374096017 -1.3974431945284155e-06 -0.012655472350948308 0.013976505710534451 0.025952234846900041 -0.010902093090300206 -0.013998185753433166 0.013582695589385156 0.028434438319897167 -0.019641638983309395 -0.00079522616107308955 -0.018490610866730199
leaf_weight=13.55323615670204 14.31843510980252 13.037394725834021 8.4592217691242677 18448.923009828199 14.763817752245812 43.827197909355164 25.355624236166477 19.647754684090614 19.905935407732613 23.734335009125061 31.157706221099943 9.0922563821077329 78.880104303359985 43.753536329255439
leaf_count=83 76 78 60 124234 93 270 138 103 107 130 199 56 351 411
internal_value=1.59792e-07 -0.0107805 0.00116872 2.35927e-05 0.00641838 0.00963004 0.0128052 0.00604194 -1.82726e-05 0.00734613 0.0144537 0.00300039 -5.35069e-05 -0.00758567
internal_weight=18808.4 35.8151 21.4966 18772.6 117.148 102.384 88.8306 63.475 18655.4 83.8902 63.9843 32.8266 18571.6 122.634
internal_count=126389 214 138 126175 687 594 511 373 125488 492 385 186 124996 762
cat_boundaries=0 1
cat_threshold=515
is_linear=0
shrinkage=0.05


Tree=162
num_leaves=15
num_cat=0
split_feature=5 1 7 7 3 7 4 5 7 10 1 6 7 8
split_gain=1.88499 6.66182 4.83381 6.71141 4.20775 3.51992 4.06507 3.78349 3.25096 3.0579 2.26719 6.43891 5.99228 11.7481
threshold=7.0500000000000007 57.250000000000007 41.010000000000012 40.222500000000011 2.5000000000000004 44.010000000000012 3.6333333333333337 4.6500000000000012 43.822500000000012 6.5000000000000009 52.500000000000007 2.6050000000000009 41.855000000000011 4.5000000000000009
decision_type=10 8 10 10 10 10 10 10 10 8 10 8 10 2
left_child=5 2 3 -2 -4 8 -7 -8 10 -3 11 12 -1 -14
right_child=1 9 4 -5 -6 6 7 -9 -10 -11 -12 -13 13 -15
leaf_value=-0.0010946165527257808 -0.011647378962869196 0.034355683457143217 0.0099238490155331878 0.019294748549118678 -0.022741116082202265 -0.011451585051590456 0.027232528884503771 -0.010839776089868837 -0.021854206155866487 -0.0033921862023866232 0.00018931881955282627 -0.008654625812763727 -0.0090980314723593508 0.032665291981532313
leaf_weight=1099.0346419496927 39.318688176688738 9.1198005378246325 8.7101203477941436 23.992407026933506 59.570611714734696 9.3787287697195989 29.213651978876442 5.1953523282427332 11.986612684093414 7.3256044702138743 17167.839358946891 276.78158552024979 27.180506135802716 32.884995844797231
leaf_count=8220 326 48 53 234 814 51 238 89 131 179 112814 2723 196 273
internal_value=-6.30562e-07 -0.00552716 -0.00943794 0.000632469 -0.0181815 4.46837e-05 0.0134573 0.0208381 9.52967e-06 0.0206704 2.9485e-05 -0.00187556 -0.000226569 0.0145199
internal_weight=18807.5 148.037 131.592 63.3111 68.2807 18659.5 43.7877 34.409 18615.7 16.4454 18603.7 1435.88 1159.1 60.0655
internal_count=126389 1654 1427 560 867 124735 378 327 124357 227 124226 11412 8689 469
is_linear=0
shrinkage=0.05


Tree=163
num_leaves=15
num_cat=1
split_feature=7 4 11 5 5 8 5 6 5 7 2 6 7 10
split_gain=1.90512 5.26643 5.86917 10.423 14.2413 5.72307 4.8091 5.2284 5.3778 5.43532 4.69282 4.55532 6.90098 7.9159
threshold=41.610000000000014 1.2250000000000003 0 1.1500000000000001 1.3500000000000003 2.5000000000000004 1.5500000000000003 1.6275000000000002 3.0500000000000003 42.522500000000015 30.500000000000004 2.1450000000000009 41.890000000000015 4.5000000000000009
decision_type=10 10 9 10 10 2 10 10 10 10 10 10 10 10
left_child=-1 -2 5 -4 -5 -3 -7 -8 -9 -10 11 12 -6 -14
right_child=1 2 3 4 10 6 7 8 9 -11 -12 -13 13 -15
leaf_value=0.00014281830055782487 0.020120810844488829 -0.018910781132022748 -0.00687664741739916 0.0336596242054426 -0.0060989412341335147 0.0040659535742040044 0.015360380612750846 -0.024711677815021243 0.0058837051000556724 -0.022961477488597462 0.010378656570382144 -0.0039091129338825548 -0.0017884901289709544 0.023740796097467921
leaf_weight=17401.484131417819 22.002735631656833 85.476046824944206 384.46799599810038 31.737718286574818 73.818784587318078 102.14084084879141 13.67325473949313 52.789322265656665 46.745535514783114 19.008388865157031 119.31716454075649 335.92692053783685 51.731134033529088 66.323324432596564
leaf_count=114032 109 788 2635 205 544 804 101 520 597 265 1042 3904 236 607
internal_value=-3.80175e-07 -0.00176797 -0.00218739 -0.00034594 0.00337089 -0.0079544 -0.0039791 -0.0101158 -0.0135571 -0.00348832 0.0016387 -0.00041596 0.00564372 0.0129358
internal_weight=18806.6 1405.16 1383.16 1063.32 678.855 319.833 234.357 132.217 118.543 65.7539 647.117 527.8 191.873 118.054
internal_count=126389 12357 12248 9173 6538 3075 2287 1483 1382 862 6333 5291 1387 843
cat_boundaries=0 1
cat_threshold=904
is_linear=0
shrinkage=0.05


Tree=164
num_leaves=15
num_cat=2
split_feature=4 5 11 12 5 2 10 8 2 2 0 5 6 5
split_gain=1.87559 10.8479 9.15667 7.93321 6.36205 5.12511 4.89482 4.6723 6.57967 7.55539 5.05877 4.62955 9.71895 5.26054
threshold=2.7083333333333335 3.8500000000000001 0 1 2.0500000000000003 381.50000000000006 3.5000000000000004 3.5000000000000004 37.500000000000007 31.500000000000004 3.5000000000000004 -0.34999999999999992 0.24000000000000007 -0.14999999999999999
decision_type=8 8 9 1 10 8 8 2 10 10 2 10 10 10
left_child=1 2 3 -1 -4 11 -3 -8 9 10 -9 12 -5 -13
right_child=-2 6 4 5 -6 -7 7 8 -10 -11 -12 13 -14 -15
leaf_value=0.015904529065588986 0.00021423476305537588 0.0070512871370482363 -0.0041320494431155768 0.00048824346100588149 -0.014640416665016497 0.018499542859228415 -0.011855796492448525 0.026363538469726791 -0.017619723439386548 0.046777798232089052 -0.0085743315224756835 0.017260069804547876 -0.03369846530639025 -0.0008620472702667479
leaf_weight=66.329578612465411 15882.210497876978 481.2488574758172 1164.1668468696298 57.120583868352696 161.02270324958954 29.568487208802253 72.733038008911535 10.489175179856828 16.473662053234875 9.0729959669988585 26.64797893341165 37.24438930535689 27.560468517243862 764.33479462866671
leaf_count=334 111728 2340 5697 320 823 151 480 76 103 55 169 191 141 3781
internal_value=-1.08319e-07 -0.00116272 -0.00273733 0.000934696 -0.00541841 -0.00038833 0.00470353 -0.00359397 0.00616001 0.01553 0.00325103 -0.00112309 -0.0118967 8.17504e-05
internal_weight=18806.2 2924.01 2307.35 982.158 1325.19 915.829 616.666 135.417 62.6838 46.2102 37.1372 886.26 84.6811 801.579
internal_count=126389 14661 11438 4918 6520 4584 3223 883 403 300 245 4433 461 3972
cat_boundaries=0 1 2
cat_threshold=1800 1
is_linear=0
shrinkage=0.05


Tree=165
num_leaves=15
num_cat=3
split_feature=1 5 6 0 12 11 7 7 5 11 5 6 5 7
split_gain=1.85252 2.93773 2.98186 2.11111 4.89313 7.79951 6.40849 5.34754 9.88307 4.50982 5.93207 7.01306 5.88893 5.67798
threshold=57.750000000000007 1.2250000000000003 0.56125000000000014 4.5000000000000009 0 1 38.477500000000013 41.263333333333343 2.3500000000000001 2 1.5500000000000003 5.0050000000000017 -1.0000000180025095e-35 37.229166666666679
decision_type=10 8 10 2 1 9 8 10 10 9 8 10 8 8
left_child=3 2 -2 4 5 -1 -7 -8 -9 10 13 -12 -11 -6
right_child=1 -3 -4 -5 9 6 7 8 -10 12 11 -13 -14 -15
leaf_value=-0.0087626892284017547 0.00085596256062034056 -0.0064129520657396234 0.033633977873826569 -0.00067862084411309843 -0.0081386894671903638 0.024848219937719115 0.0031974457852503228 0.036240351321483281 -0.0069726348913737111 -0.0071522128258237104 -0.00010998869367099948 -0.017423559726411672 -0.00035518911176752287 0.0034048502574326616
leaf_weight=72.458404363598675 12.457617290318014 14.119240326806901 11.460953280329703 7417.5792840486392 106.56402582093142 45.672404653392732 319.67738335975446 29.844739253283478 19.084876792156138 332.77855323045515 2201.3931364882737 55.087400749209337 5646.0544592054794 2521.4281031839782
leaf_count=479 62 80 59 52201 599 239 1927 196 185 1782 15094 584 38282 14620
internal_value=8.53362e-07 0.0103625 0.0196618 -2.29018e-05 0.00040574 0.00523329 0.00790187 0.00570918 0.0203015 0.000182147 0.00130718 -0.000570252 -0.000737935 0.0029222
internal_weight=18805.7 38.0378 23.9186 18767.6 11350 486.738 414.279 368.607 48.9296 10863.3 4884.47 2256.48 5978.83 2627.99
internal_count=126389 201 121 126188 73987 3026 2547 2308 381 70961 30897 15678 40064 15219
cat_boundaries=0 1 2 3
cat_threshold=3 80 1329
is_linear=0
shrinkage=0.05


Tree=166
num_leaves=15
num_cat=1
split_feature=6 7 6 3 11 5 7 5 7 1 0 4 3 4
split_gain=1.8142 5.62984 5.2279 9.50196 5.88153 9.19726 10.3764 6.12706 5.90698 11.0412 8.38421 5.86196 6.2375 5.50121
threshold=0.86125000000000018 42.170833333333341 0.79500000000000026 10.500000000000002 0 -1.0000000180025095e-35 40.022500000000015 -0.14999999999999999 38.510000000000012 54.750000000000007 5.5000000000000009 1.2250000000000003 9.5000000000000018 7.1000000000000005
decision_type=10 10 10 10 9 10 10 10 8 10 2 8 10 10
left_child=1 2 4 -4 5 6 -1 8 9 -6 -11 -7 -13 -9
right_child=-2 -3 3 -5 7 11 -8 13 -10 10 -12 12 -14 -15
leaf_value=0.0003670884441516 -0.00034355862731678781 -0.015165133596063106 0.0039317368746986624 0.035648125343111195 -0.00533049102322454 -0.010469237369012681 -0.018318304661133784 -0.0036563440258932569 0.00034589181485843152 0.025890800261682719 -0.0032500940479979327 0.0068771190585559016 -0.012799107698889138 0.003813437590030846
leaf_weight=656.14136563008651 12597.231056959135 50.429441721178591 577.09770627017133 19.762139855651185 75.878126515075564 51.210004292195663 78.760454346425831 1767.6798186021624 1415.1919943193207 90.589606911293231 31.887773392023519 1073.1547477883287 37.367825368768536 282.11617868044414
leaf_count=3750 90883 339 3236 220 395 264 423 9336 8346 507 173 5538 336 2643
internal_value=1.16253e-06 0.000700464 0.000842617 0.0052693 0.000363108 0.00261148 -0.00174571 -0.00080784 0.00149215 0.00946069 0.0184739 0.00538585 0.00616064 -0.00262149
internal_weight=18804.5 6207.27 6156.84 596.86 5559.98 1896.63 734.902 3663.34 1613.55 198.356 122.477 1161.73 1110.52 2049.8
internal_count=126389 35506 35167 3456 31711 10311 4173 21400 9421 1075 680 6138 5874 11979
cat_boundaries=0 1
cat_threshold=1570
is_linear=0
shrinkage=0.05


Tree=167
num_leaves=15
num_cat=1
split_feature=2 5 5 5 10 6 6 11 6 7 5 7 4 4
split_gain=1.79485 2.96826 3.07376 1.90108 2.98223 2.65312 3.62689 2.76846 2.25751 1.8177 5.36247 3.91093 3.05761 2.28126
threshold=305.50000000000006 0.45000000000000007 1.4500000000000002 -1.0499999999999998 3.5000000000000004 0.80500000000000016 1.7612500000000002 0 0.38166666666666677 44.010000000000012 4.5500000000000007 43.822500000000012 3.7083333333333335 4.5500000000000007
decision_type=10 8 10 8 8 10 10 9 10 10 10 10 10 10
left_child=3 -2 -3 4 5 7 -7 -1 -9 11 12 -5 -11 -13
right_child=1 2 -4 9 -6 6 -8 8 -10 10 -12 13 -14 -15
leaf_value=-0.0087503836322853964 -0.029841172179691296 0.013210108262080794 -0.015470659269047813 -2.2985068332539501e-05 -0.012117448771062838 0.027897254367114283 -0.0054533403871961242 0.018042587422621468 -0.0035811244767624943 -0.0060484111455021824 -0.0096922201199908485 0.0038421640031177152 0.025796905870376682 -0.033689144672864983
leaf_weight=21.581413246691227 8.3304013162851316 14.157999047078194 13.248300177743657 18579.39987341594 14.658599579939617 25.773892015218735 9.1307047903537732 29.069479234516621 16.473767720162868 7.5688195042312136 22.112097307108343 4.4420949516352257 28.891901206807233 8.5422163739567605
leaf_count=123 45 80 89 124780 93 156 49 175 91 42 279 29 234 124
internal_value=1.18584e-06 -0.0104827 -0.000902108 2.39355e-05 0.00625317 0.00933527 0.0195829 0.00301838 0.00888293 -1.67026e-05 0.00842354 -4.555e-05 0.019254 -0.0233508
internal_weight=18803.4 35.7367 27.4063 18767.6 116.688 102.029 34.9046 67.1247 45.5432 18651 58.5728 18592.4 36.4607 12.9843
internal_count=126389 214 169 126175 687 594 205 389 266 125488 555 124933 276 153
cat_boundaries=0 1
cat_threshold=1088
is_linear=0
shrinkage=0.05


Tree=168
num_leaves=15
num_cat=1
split_feature=7 3 3 1 8 3 6 0 5 2 7 8 11 6
split_gain=1.79113 3.93684 3.74457 4.18912 3.93821 4.54906 3.63276 8.53405 5.36078 4.5792 6.26608 5.86753 5.41761 5.05891
threshold=37.322500000000012 15.500000000000002 10.500000000000002 52.500000000000007 2.5000000000000004 3.5000000000000004 2.1612500000000003 4.5000000000000009 2.4500000000000006 20.500000000000004 36.845000000000006 3.5000000000000004 0 0.58166666666666689
decision_type=8 10 10 8 2 10 8 2 10 10 10 2 9 10
left_child=2 -2 3 -1 5 -5 8 -8 9 11 12 -6 -11 -13
right_child=1 -3 -4 4 6 -7 7 -9 -10 10 -12 13 -14 -15
leaf_value=0.021759729708656146 6.9167125398919422e-05 0.015265144767042441 -0.011899828604024342 -0.0019251504513060815 0.031047915541266364 -0.022969953721904204 0.026593045176148633 -0.0082101598822450477 -0.017640462798909424 -0.0088684102837472203 -0.016573979619714921 0.01224869261529616 0.0096949126532267105 -0.0019755107689239343
leaf_weight=14.55754320672713 17939.000807758304 37.723398989066482 85.050682864151895 64.802973694517277 13.592017041519282 38.674871880095452 33.029242516611703 29.403845203807577 41.989831531187519 59.536543295485899 76.598775407648645 82.018968238960952 68.490575730451383 218.21598308731336
leaf_count=93 121167 286 575 342 77 244 213 221 297 315 450 434 390 1285
internal_value=4.13397e-07 0.000105291 -0.0022691 -0.00109122 -0.00169483 -0.0104869 -0.000162336 0.0108085 -0.00146925 -3.54733e-06 -0.00574358 0.00377053 0.00111566 0.00204729
internal_weight=18802.7 17976.7 825.962 740.911 726.354 103.478 622.876 62.4331 560.443 518.453 204.626 313.827 128.027 300.235
internal_count=126389 121453 4936 4361 4268 586 3682 434 3248 2951 1155 1796 705 1719
cat_boundaries=0 1
cat_threshold=35
is_linear=0
shrinkage=0.05


Tree=169
num_leaves=15
num_cat=2
split_feature=12 4 7 2 7 1 2 1 4 6 11 5 10 5
split_gain=1.75888 3.74318 7.51304 6.40135 5.79918 3.69121 5.42265 5.16475 6.39403 8.55735 5.82439 6.44442 4.97321 4.62812
threshold=0 1.2250000000000003 41.210000000000015 128.50000000000003 39.490000000000016 53.500000000000007 19.500000000000004 54.250000000000007 5.2250000000000005 1.7387500000000002 1 3.2500000000000004 6.5000000000000009 2.2500000000000004
decision_type=1 8 8 8 10 8 8 8 10 10 9 8 10 8
left_child=1 2 3 4 -1 6 13 8 9 -7 -10 -12 -13 -2
right_child=5 -3 -4 -5 -6 7 -8 -9 10 -11 11 12 -14 -15
leaf_value=-0.0062069093525770058 0.0059792627249364069 -0.00039110865464524972 0.024179739521565942 0.018362997414756093 -0.02725255782439864 0.0056924866727187671 -0.018894454807766761 0.00032409297657961936 -0.015981476984905121 0.027597547902591491 0.011188081708346835 -0.034582087394754109 0.013217029645478207 -0.016462667610407634
leaf_weight=93.443535618833266 79.439316300326027 8071.7402946541552 12.052660064073278 12.582044143229721 49.101750814006664 209.82709516305476 55.550118270562962 10010.361540604732 38.452609456027858 53.086210418492556 74.171711689676158 11.013484598486686 4.9948776531964532 26.560150955803692
leaf_count=473 595 57016 58 60 238 1108 444 64666 347 292 539 58 103 392
internal_value=7.3478e-07 -0.000546302 -0.0078421 -0.0110074 -0.0141342 0.000427563 -0.00695733 0.000545954 0.00614251 0.010548 -0.00291956 0.00441246 -0.0200719 -0.000132248
internal_weight=18802.4 8238.92 167.18 155.127 142.545 10563.5 161.55 10401.9 391.546 262.913 128.633 90.1801 16.0084 105.999
internal_count=126389 57845 829 771 711 68544 1431 67113 2447 1400 1047 700 161 987
cat_boundaries=0 1 2
cat_threshold=4 1680
is_linear=0
shrinkage=0.05


Tree=170
num_leaves=15
num_cat=1
split_feature=0 3 0 7 6 7 5 4 11 1 5 6 2 3
split_gain=1.74376 2.76584 2.57745 3.97189 4.57811 3.76751 4.21533 4.17597 8.41064 6.2094 8.72604 7.97664 7.08731 5.17117
threshold=9.5000000000000018 10.500000000000002 6.5000000000000009 36.677500000000009 1.3775000000000006 40.845000000000013 1.0000000180025095e-35 6.7750000000000012 0 54.250000000000007 3.9500000000000006 1.7387500000000002 24.500000000000004 3.5000000000000004
decision_type=2 10 2 8 10 10 8 10 9 8 8 10 8 8
left_child=2 -2 -1 4 -4 -5 -7 9 -9 13 11 -11 -12 -8
right_child=1 -3 3 5 -6 6 7 8 -10 10 12 -13 -14 -15
leaf_value=0.00017207680911535044 0.0076670669104389605 -0.015617255279484481 -0.0029343844154206722 -0.00028633913022940206 -0.029332253229068246 -0.025862526293953331 -0.0092629964014995219 0.0083861754131439922 -0.016328189844442061 0.00026242264738213656 -0.0062280850081361406 -0.025125454224835 0.044678791464779585 0.023796330260554582
leaf_weight=16486.55116844119 126.22339765098877 9.4636561515508202 44.202237840741873 1746.5163847923977 22.402620882843621 19.737743377452716 13.403268399415536 39.465477028395981 113.29328915232327 76.999858277151361 10.685463521163912 46.606558645144105 9.8550835419446212 36.610243660281412
leaf_count=109412 982 140 263 12115 180 127 80 441 1462 448 80 327 69 263
internal_value=5.96095e-08 0.00554576 -4.17268e-05 -0.0016555 -0.0132415 -0.00125993 -0.00583124 -0.00434032 -0.0103832 0.000555325 -0.00475439 -0.0099149 0.0221615 0.0149
internal_weight=18802 135.687 18666.3 2179.78 66.6049 2113.17 366.657 346.919 152.759 194.16 144.147 123.606 20.5405 50.0135
internal_count=126389 1122 125267 15855 443 15412 3297 3170 1903 1267 924 775 149 343
cat_boundaries=0 1
cat_threshold=450
is_linear=0
shrinkage=0.05


Tree=171
num_leaves=15
num_cat=1
split_feature=1 5 4 4 5 5 11 4 7 6 7 7 6 5
split_gain=1.72379 2.75148 2.84593 1.93859 9.8387 8.73369 7.45257 8.08821 5.42549 4.60755 6.05464 5.08413 5.6679 7.35574
threshold=57.750000000000007 1.2250000000000003 3.7750000000000004 2.7083333333333335 3.4500000000000006 2.0500000000000003 0 2.6333333333333337 42.145000000000017 2.3050000000000006 39.922500000000007 40.163333333333348 0.093750000000000028 0.77500000000000013
decision_type=10 8 10 8 8 10 9 10 10 10 10 8 10 10
left_child=3 2 -2 4 5 6 7 9 -8 11 -11 12 -1 -14
right_child=1 -3 -4 -5 -6 -7 8 -9 -10 10 -12 -13 13 -15
leaf_value=0.0086189085644470601 0.0017795815189269666 -0.006246071055079387 0.033882629185261075 0.00019409853636398857 0.0042702211053705147 -0.011449640382963965 -0.0052334067826993467 -0.027570292671311239 0.01997078625810321 0.032983365358444053 -0.0068375790699445136 0.0077363023322061233 -0.0071703437175049947 0.0039813274822324491
leaf_weight=129.60361926595215 13.701597288250925 14.099936123937367 10.23306657746434 15852.919597969041 635.38256465643644 250.96346194134094 986.27536632842384 18.588654776569456 17.00325034186244 20.966154918074608 12.77214844257105 232.34704240609426 364.04012006032281 242.55865994258784
leaf_count=703 68 80 53 111584 3328 1288 4835 97 83 98 67 1137 1787 1181
internal_value=-8.4778e-07 0.0099947 0.0189882 -2.37666e-05 -0.00120873 -0.00274487 -0.00164006 0.00137119 -0.00466309 0.00205574 0.0189717 0.00137208 -0.000675114 -0.00271507
internal_weight=18801.5 38.0346 23.9347 18763.4 2910.5 2275.12 2024.16 1020.88 1003.28 1002.29 33.7383 968.549 736.202 606.599
internal_count=126389 201 121 126188 14604 11276 9988 5070 4918 4973 165 4808 3671 2968
cat_boundaries=0 1
cat_threshold=1832
is_linear=0
shrinkage=0.05


Tree=172
num_leaves=15
num_cat=1
split_feature=10 4 11 2 0 6 2 7 4 2 1 7 4 6
split_gain=1.69951 8.27401 3.55388 5.42238 6.54429 3.99657 3.51649 3.171 2.69051 3.03913 3.07845 2.63645 2.87703 2.88079
threshold=11.500000000000002 10.633333333333335 0 11.500000000000002 5.5000000000000009 1.6450000000000002 9.5000000000000018 41.522500000000015 4.9000000000000012 21.500000000000004 53.500000000000007 39.810000000000009 9.2916666666666696 3.1354166666666674
decision_type=8 10 9 8 2 8 8 8 10 10 10 8 8 8
left_child=-1 2 5 4 7 8 -3 -4 -2 10 -10 -5 13 -13
right_child=1 6 3 11 -6 -7 -8 -9 9 -11 -12 12 -14 -15
leaf_value=4.9462713034220597e-05 -0.019407881635607301 0.011780284072985914 0.061231413087423504 -0.0086441672542216987 -0.0081785061996525708 -0.019443933360657677 -0.027174730181562752 -0.0015758099939570107 -0.012512063544967943 -0.0094357872269455259 0.035622973379927932 0.022816744387186446 -0.0049034093847847285 -0.010558958795401851
leaf_weight=18603.934647716582 2.9722013892605927 3.8255136650986961 6.131838129833338 34.5419288208941 5.5113449472701168 32.659148859442212 38.72991312330123 2.1524992448976272 1.5801011152798334 5.8066197246080256 9.3678071260219422 26.581749891163785 23.011812803801149 4.9796625578310332
leaf_count=117787 241 181 308 1388 239 1540 1720 102 61 205 337 1076 943 261
internal_value=-1.56152e-07 -0.00455201 0.00100437 0.00611002 0.0310912 -0.00830205 -0.0228025 0.0504615 0.00698842 0.0150555 0.026931 0.00144565 0.00802146 0.016827
internal_weight=18801.8 197.852 155.297 102.911 13.7957 52.3859 42.5554 8.28434 19.7267 16.7545 10.9479 89.1152 54.5732 31.5614
internal_count=126389 8602 6701 4317 649 2384 1901 410 844 603 398 3668 2280 1337
cat_boundaries=0 1
cat_threshold=531
is_linear=0
shrinkage=0.05


Tree=173
num_leaves=15
num_cat=0
split_feature=2 5 5 5 10 4 6 3 7 4 4 5 7 7
split_gain=1.69169 2.79593 2.85532 1.69835 2.80472 2.96676 2.33359 1.82954 3.29229 3.26976 2.02606 1.76248 10.1788 7.8715
threshold=305.50000000000006 0.45000000000000007 1.8500000000000003 -1.0499999999999998 2.5000000000000004 1.5500000000000003 0.42250000000000015 1.5000000000000002 37.722500000000011 3.4500000000000006 4.366666666666668 1.0000000180025095e-35 38.829166666666673 38.310000000000009
decision_type=10 8 10 8 8 10 8 10 10 10 10 8 10 8
left_child=3 -2 -3 4 5 -1 -6 8 -7 -10 -9 12 13 -5
right_child=1 2 -4 11 6 7 -8 10 9 -11 -12 -13 -14 -15
leaf_value=-0.0096107461497285784 -0.029002808879372635 0.011558756814442864 -0.016269116395278126 -0.00074456725595127603 0.0098250675131754447 -0.0060855420783362431 -0.014992086128686423 0.014487721187837794 0.0051930370936575159 0.034047344848335444 -0.011242490242968681 0.00012240763744915354 -0.0046119492501826781 0.012828602594986652
leaf_weight=12.056794859468935 8.29663337767124 15.821438729180956 11.55493497813586 275.25333932670765 10.83453657128848 8.9627614468336088 20.353180926642384 9.5991093292832392 17.507236175239086 25.649168156087399 11.113892480731009 17247.092801947729 957.99781025678385 169.02707709663082
leaf_count=77 45 91 78 1498 54 59 106 54 107 168 62 117807 5292 891
internal_value=-1.39647e-07 -0.0101862 -0.000885344 2.19322e-05 0.00592459 0.0104779 -0.00620436 0.0142072 0.0188279 0.0240966 0.00118024 -1.6385e-05 -0.00171781 0.00450466
internal_weight=18801.1 35.673 27.3764 18765.4 116.077 84.889 31.1877 72.8322 52.1192 43.1564 20.713 18649.4 1402.28 444.28
internal_count=126389 214 169 126175 687 527 160 450 334 275 116 125488 7681 2389
is_linear=0
shrinkage=0.05


Tree=174
num_leaves=15
num_cat=2
split_feature=7 11 5 10 0 2 4 4 4 5 11 5 10 6
split_gain=1.66026 4.77313 6.78461 4.84632 10.0331 6.85432 4.80698 8.37065 6.18675 6.23971 4.43627 4.97657 4.26416 4.70987
threshold=41.610000000000014 0 -0.34999999999999992 8.5000000000000018 3.5000000000000004 23.500000000000004 3.3666666666666671 1.5500000000000003 9.1000000000000014 0.075000000000000025 1 4.4500000000000011 9.5000000000000018 1.4183333333333337
decision_type=10 9 10 8 2 8 10 10 10 10 9 8 10 10
left_child=-1 2 -2 -4 -5 10 7 -3 12 -10 11 -6 -8 -14
right_child=1 6 3 4 5 -7 8 -9 9 -11 -12 -13 13 -15
leaf_value=0.0001334495967593374 -0.02139997024601421 0.014931186597460842 0.0052061125842831069 -0.02885402604236445 0.041098079335126353 -0.015610988161228856 -0.001903208040595932 -0.019659891127754375 0.026704589457623662 -0.018176408481975992 -0.010269987701935483 -0.012467167117088269 -0.018313378500365639 0.020714015556878792
leaf_weight=17397.604392869514 24.519115540315397 17.53288688743487 454.55539210140705 29.052433689706959 19.622061874251813 18.053065999760292 612.08033794420771 90.55926971998997 4.1126677659340194 82.504412692622282 7.2386729195714024 2.8718893853947547 5.4923351258039466 34.910169430077076
leaf_count=114032 167 84 2754 752 481 412 4322 512 59 1422 202 112 102 976
internal_value=-1.68757e-07 -0.00165154 0.0019333 0.00323541 -0.00802856 0.00616658 -0.00397741 -0.013637 -0.00253601 -0.0147043 0.0197333 0.0243714 -0.000821135 0.0139761
internal_weight=18800.7 1403.1 555.913 531.394 76.8381 47.7857 847.192 108.092 739.1 86.6171 29.7326 22.494 652.483 40.4025
internal_count=126389 12357 4880 4713 1959 1207 7477 596 6881 1481 795 593 5400 1078
cat_boundaries=0 1 2
cat_threshold=83 18
is_linear=0
shrinkage=0.05


Tree=175
num_leaves=15
num_cat=2
split_feature=2 11 7 11 7 3 6 9 5 8 0 5 5 6
split_gain=1.6539 8.09771 6.3518 5.6402 6.01577 4.40357 3.94382 3.62543 3.59621 8.63441 5.02839 3.76063 3.54668 3.94656
threshold=101.50000000000001 0 40.490000000000016 1 42.890000000000015 1.5000000000000002 1.1183333333333338 1.0000000180025095e-35 0.65000000000000002 4.5000000000000009 5.5000000000000009 0.075000000000000025 0.95000000000000007 1.8200000000000003
decision_type=10 9 8 9 10 8 8 10 8 2 2 10 10 10
left_child=-1 5 8 4 6 -2 -4 -5 9 10 11 -3 -10 -14
right_child=1 2 3 7 -6 -7 -8 -9 12 -11 -12 -13 13 -15
leaf_value=9.1924810338588978e-05 -0.031788450218056236 -0.010596250394676737 0.0083904467677466243 0.0016673331260701847 0.029421677356830753 -0.0087273114945385904 -0.015468940711530677 0.026463092491511044 0.0077267425896139722 -0.020390236569570154 -0.020766010128388898 0.019626610540055437 -0.0091686941958171401 0.0049518498611795768
leaf_weight=18093.187427622033 22.656863394775428 10.296146426349877 22.910899758455347 20.981574784149416 8.2565861735492927 112.26773402444087 43.773569965967909 50.886729697114788 100.84520661900751 72.369483965681866 10.026897893054409 34.855368358548731 118.72496849566232 78.334646218921989
leaf_count=121947 115 59 148 149 63 673 303 386 578 437 60 191 750 530
internal_value=-1.08034e-06 -0.00236453 0.000372257 0.00916937 -0.00144828 -0.0126904 -0.00725807 0.0175237 -0.00272593 -0.00957757 0.0051197 0.0123654 0.000317271 -0.0035719
internal_weight=18800.4 707.187 572.262 146.809 74.9411 134.925 66.6845 71.8683 425.453 127.548 55.1784 45.1515 297.905 197.06
internal_count=126389 4442 3654 1049 514 788 451 535 2605 747 310 250 1858 1280
cat_boundaries=0 1 2
cat_threshold=1027 48
is_linear=0
shrinkage=0.05


Tree=176
num_leaves=15
num_cat=1
split_feature=10 4 6 2 2 5 6 11 7 8 6 7 7 7
split_gain=1.64658 7.03541 6.88214 5.59585 5.43994 11.7721 6.09295 6.76881 8.64414 6.98689 9.74988 10.624 9.13565 6.93083
threshold=2.5000000000000004 9.7750000000000021 2.1050000000000009 9.5000000000000018 407.00000000000006 0.35000000000000003 3.855 0 36.845000000000006 3.5000000000000004 0.47749999999999998 39.410000000000011 38.810000000000009 38.736666666666679
decision_type=8 10 10 8 8 8 8 9 8 2 10 10 10 10
left_child=1 4 -3 -4 6 -6 7 8 -1 -10 -11 12 13 -12
right_child=-2 2 3 -5 5 -7 -8 -9 9 10 11 -13 -14 -15
leaf_value=-0.027214048100587553 -0.00028301467690704788 0.020528635730230796 0.017092128621306355 -0.0077065562580764194 0.024533426234954202 0.0023470494907964559 0.0069849520686149904 0.00090022520372405471 0.00169460709394462 -0.018203000158468246 -0.00072307797510833742 -0.0091098951235468306 0.012008474011202778 -0.028709433844062222
leaf_weight=32.119786471128464 13799.865002196864 82.573857352137566 29.636740043759346 61.323406368494034 62.710186988115311 524.32227118313313 270.07169808447361 2471.1938608065248 550.03945998847485 123.53402142226696 231.87595381587744 392.85634218156338 148.9391665160656 19.489968046545982
leaf_count=150 102808 422 146 288 309 2547 1378 11744 2506 568 1060 1715 662 86
internal_value=-1.32143e-06 0.000775544 0.0105227 0.00084296 0.000414612 0.00490431 -0.000212018 -0.000709779 -0.00334216 -0.00275142 -0.00541386 -0.00332042 0.00240363 -0.00341064
internal_weight=18800.6 5000.69 173.534 90.9601 4827.15 587.032 4240.12 3970.05 1498.85 1466.73 916.695 793.161 400.305 251.366
internal_count=126389 23581 856 434 22725 2856 19869 18491 6747 6597 4091 3523 1808 1146
cat_boundaries=0 1
cat_threshold=216
is_linear=0
shrinkage=0.05


Tree=177
num_leaves=15
num_cat=2
split_feature=12 6 2 11 4 0 7 6 10 7 2 2 4 5
split_gain=1.63027 4.96076 4.75986 3.63902 5.94896 5.7079 5.73315 9.78516 9.55921 7.56849 6.57617 6.74979 6.07687 4.39836
threshold=0 0.10000000000000005 19.500000000000004 1 10.450000000000001 8.5000000000000018 40.590000000000011 2.0225000000000009 4.5000000000000009 41.045000000000009 31.500000000000004 20.500000000000004 3.1000000000000005 2.2500000000000004
decision_type=1 8 8 9 10 2 10 10 8 10 10 10 10 10
left_child=1 2 -1 4 5 6 10 8 -8 -10 11 -3 -12 -9
right_child=-2 3 -4 -5 -6 -7 7 13 9 -11 12 -13 -14 -15
leaf_value=0.0012689370618999025 -0.00013347658066968277 -0.0021899227315588256 0.032451116937805752 -0.00090925614425846021 0.036211416309418647 0.023583262776529616 0.040694710234755689 0.010304511352002534 -0.024566196530731582 0.024001882219882156 0.0039073559839034209 0.014985447404816507 -0.028006577083772008 -0.018651355833566755
leaf_weight=24.656290994607843 17404.095652936609 228.06649788655341 20.160584042430855 856.95170876500197 9.436971456743775 28.124440698418766 33.021008521318436 20.558874193229713 11.160282481461765 10.928881219238972 22.538357507670298 70.933984256465919 33.562500351225026 22.561762119177729
leaf_count=141 117301 1362 108 5759 107 179 148 142 89 102 108 394 216 233
internal_value=-1.21205e-06 0.00163552 0.0171452 0.00107043 0.0044297 0.00353202 0.00204435 0.0124177 0.0254962 -0.000541676 -0.00095777 0.00206416 -0.0159147 -0.00520967
internal_weight=18796.8 1392.66 44.8169 1347.85 490.894 481.457 453.332 98.2308 55.1102 22.0892 355.101 299 56.1009 43.1206
internal_count=126389 9088 249 8839 3080 2973 2794 714 339 191 2080 1756 324 375
cat_boundaries=0 1 2
cat_threshold=3 897
is_linear=0
shrinkage=0.05


Tree=178
num_leaves=15
num_cat=2
split_feature=3 8 4 10 5 6 6 2 5 6 11 6 3 11
split_gain=1.62378 5.24286 3.26325 2.17443 2.45816 2.16014 1.74243 5.3851 5.77202 5.24944 5.38202 4.87825 10.2898 5.23697
threshold=15.500000000000002 4.5000000000000009 13.775000000000002 13.500000000000002 0.075000000000000025 2.8450000000000011 0.86125000000000018 69.500000000000014 -1.0000000180025095e-35 0.14500000000000002 0 0.79500000000000026 10.500000000000002 1
decision_type=10 2 10 8 8 8 10 10 8 8 9 10 10 9
left_child=3 5 -3 6 -5 -2 7 11 -9 -10 -11 13 -13 -1
right_child=1 2 -4 4 -6 -7 -8 8 9 10 -12 12 -14 -15
leaf_value=0.0027392983159158918 -0.020647248984828614 0.028293857517869926 -0.0055437269829849371 0.017700448611804628 -0.018118349703795333 0.0059801293232004098 -0.00034318101228304011 -0.024593329462549201 0.014807814860439472 -0.01431032421981486 -0.00014297056544844978 0.0040154695636667693 0.038263073859794494 -0.00057037174834731247
leaf_weight=1803.8054248541594 11.544611701392567 23.36244392266963 7.5863547590561202 1.614301635418087 24.00377410766669 10.868403797619978 12521.13306547422 30.132906261831522 31.496890179812908 91.168370386585593 193.26184378564358 550.38511335104704 17.968836586922407 3477.3401577826589
leaf_count=9625 80 170 42 202 2708 82 88461 147 159 484 1078 3028 190 19933
internal_value=2.91495e-07 0.0083274 0.020382 -2.56315e-05 -0.0133393 -0.00899958 -3.851e-06 0.000681654 -0.00533434 -0.00314289 -0.00535217 0.00104182 0.00542246 0.00056569
internal_weight=18795.7 53.3618 30.9488 18742.3 25.6181 22.413 18716.7 6195.56 346.06 315.927 284.43 5849.5 568.354 5281.15
internal_count=126389 374 212 126015 2910 162 123105 34644 1868 1721 1562 32776 3218 29558
cat_boundaries=0 1 2
cat_threshold=451 1570
is_linear=0
shrinkage=0.05


Tree=179
num_leaves=15
num_cat=1
split_feature=7 5 7 4 4 2 1 6 1 10 11 6 7 4
split_gain=1.60491 4.9103 3.46371 3.36211 2.41563 2.14162 2.97314 2.12226 5.24059 1.81948 5.89003 6.91309 8.42521 6.30449
threshold=44.010000000000012 4.5500000000000007 43.822500000000012 3.6333333333333337 4.5500000000000007 21.500000000000004 54.250000000000007 2.8225000000000007 54.250000000000007 9.5000000000000018 0 1.8800000000000001 39.910000000000011 10.100000000000001
decision_type=10 10 10 10 10 10 8 10 8 8 9 10 8 10
left_child=2 3 9 -2 -4 -3 -7 -5 -9 -1 11 12 -11 -12
right_child=1 5 4 7 -6 6 -8 8 -10 10 13 -13 -14 -15
leaf_value=0.00010474756359766984 -0.0085077844491997633 -0.022691873571428239 0.0042460461958907366 0.0038604376044402257 -0.033011862786965711 -0.013567973264177467 0.023034668540826867 0.0010291990134924437 0.050135329303834908 -0.015959285851329538 0.0016614509787220161 -0.025031436063826032 0.020643689887699782 -0.0095775919455377435
leaf_weight=17835.554482392967 6.9782927036285392 9.4952286027837562 4.9337488290620959 10.410857122158633 8.3348120867740345 7.1829413687810275 5.3592451377771804 8.6238460671156663 10.738544153748078 31.899571259040385 627.04598516062833 55.253461479558609 22.393261331366375 150.48720766103361
leaf_count=102342 38 142 31 68 124 77 61 78 92 726 15424 1934 505 4747
internal_value=2.70559e-07 0.00791771 -2.66783e-05 0.0182188 -0.0217876 -0.00945356 0.00417986 0.0248056 0.0329639 -5.44375e-06 -0.00220911 -0.0122976 -0.00039453 -0.00055402
internal_weight=18794.7 58.789 18735.9 36.7515 13.2686 22.0374 12.5422 29.7732 19.3624 18722.6 887.079 109.546 54.2928 777.533
internal_count=126389 556 125833 276 155 280 138 238 170 125678 23336 3165 1231 20171
cat_boundaries=0 1
cat_threshold=513
is_linear=0
shrinkage=0.05


Tree=180
num_leaves=15
num_cat=1
split_feature=1 5 6 4 5 5 11 4 7 6 7 6 2 2
split_gain=1.59403 2.5577 2.7063 1.80997 8.67691 7.88417 6.59332 7.47445 4.92124 4.29857 5.5373 4.75816 6.93088 6.04319
threshold=57.750000000000007 1.2250000000000003 0.56125000000000014 2.7083333333333335 3.4500000000000006 2.0500000000000003 0 2.6333333333333337 42.145000000000017 2.3050000000000006 39.922500000000007 1.4183333333333337 37.500000000000007 23.500000000000004
decision_type=10 8 10 8 8 10 9 10 10 10 10 8 8 10
left_child=3 2 -2 4 5 6 7 9 -8 11 -11 -1 13 -13
right_child=1 -3 -4 -5 -6 -7 8 -9 -10 10 -12 12 -14 -15
leaf_value=0.0026718841670815667 0.00047088186265659626 -0.0060490225578975071 0.031549547059935408 0.00018831935903795342 0.0039817385469574709 -0.010885976614896993 -0.0049467168225690653 -0.026588792887822555 0.019035973545722128 0.03167422042642469 -0.0064446628459750507 -0.0056688239957891828 0.011576285337071078 -0.032685023427656459
leaf_weight=836.05235336872283 12.434051897376778 14.087873509153722 11.50991156324744 15846.627635488461 634.53674736467656 250.65174253587611 986.24107386742253 18.520776880439371 17.040866632014513 20.9496930539608 12.762774542556143 74.492238106322475 32.144324550637975 25.295548301190138
leaf_count=4160 62 80 59 111584 3328 1288 4835 97 83 98 67 368 157 123
internal_value=-1.67761e-07 0.00961211 0.0182798 -2.22161e-05 -0.00116757 -0.00260993 -0.00156046 0.00127357 -0.00440332 0.00193088 0.0182748 0.00127068 -0.00738209 -0.0137501
internal_weight=18793.3 38.0318 23.944 18755.3 2908.69 2274.15 2023.5 1020.22 1003.28 1001.7 33.7125 967.984 131.932 99.7878
internal_count=126389 201 121 126188 14604 11276 9988 5070 4918 4973 165 4808 648 491
cat_boundaries=0 1
cat_threshold=1832
is_linear=0
shrinkage=0.05


Tree=181
num_leaves=15
num_cat=0
split_feature=5 1 7 7 3 10 7 4 7 5 1 6 7 1
split_gain=1.54803 6.12394 4.2248 6.19377 3.80816 2.7604 2.75913 3.25296 2.65886 2.37302 2.46545 5.28795 2.08106 1.968
threshold=7.0500000000000007 57.250000000000007 41.010000000000012 40.163333333333348 2.5000000000000004 6.5000000000000009 44.010000000000012 3.6333333333333337 43.822500000000012 4.4500000000000011 54.250000000000007 2.8225000000000007 37.922500000000007 52.500000000000007
decision_type=10 8 10 10 10 8 10 10 10 10 8 10 10 10
left_child=6 2 3 12 -4 -3 8 -8 13 10 -9 -12 -2 -1
right_child=1 5 4 -5 -6 -7 7 9 -10 -11 11 -13 -14 -15
leaf_value=-0.0017488697097912281 0.0098679396712335488 0.032961516939090461 0.0095596467399017993 0.017837870874544002 -0.021523221365594911 -0.0030671344364801151 -0.01048793846386728 0.0031476544725948575 -0.020049527766203976 -0.0070440503628965692 -0.0014878503133064491 0.049213095816400626 -0.016425185711805644 0.00017625420851164259
leaf_weight=1433.8402644476155 5.8750668279826632 9.185129679739477 8.7092897252878156 25.301045340485871 58.315408471040428 7.2496641096658996 9.3066646680235845 11.608964689075949 11.505516776815055 5.4508503836113951 7.2166672096354914 10.727904394734649 32.097165700281039 17157.205486115767
leaf_count=11412 40 48 53 247 814 179 51 95 131 95 48 89 273 112814
internal_value=-5.92569e-08 -0.00502997 -0.00881907 0.000563805 -0.017101 0.0200605 4.0859e-05 0.0118525 9.54661e-06 0.0183606 0.0233875 0.0329421 -0.0116823 2.73481e-05
internal_weight=18793.6 146.733 130.298 63.2733 67.0247 16.4348 18646.9 44.3111 18602.6 35.0044 29.5535 17.9446 37.9722 18591
internal_count=126389 1654 1427 560 867 227 124735 378 124357 327 232 137 313 124226
is_linear=0
shrinkage=0.05


Tree=182
num_leaves=15
num_cat=0
split_feature=7 3 5 3 1 8 10 4 10 6 0 5 2 2
split_gain=1.55273 3.51404 3.63059 3.49968 3.87952 3.73678 4.36107 3.5113 4.77803 3.35776 8.23433 4.47961 5.88613 5.25538
threshold=37.322500000000012 14.500000000000002 1.2750000000000001 10.500000000000002 52.500000000000007 2.5000000000000004 2.5000000000000004 9.7083333333333339 2.5000000000000004 3.1550000000000007 4.5000000000000009 2.5500000000000003 14.500000000000002 23.500000000000004
decision_type=8 10 10 10 8 2 8 10 8 8 2 10 10 10
left_child=3 -2 -3 4 -1 6 -6 -5 -9 11 -11 -7 -13 -14
right_child=1 2 -4 7 5 9 -8 8 -10 10 -12 12 13 -15
leaf_value=0.02098176990191809 5.2694797739585463e-05 -0.011496431356461995 0.015729984585296935 -0.024858642655997198 3.8990360311708439e-05 0.00043406741024961163 -0.020038841095933638 0.012239995134264665 -0.014735940241503457 0.04033457917146227 -0.010174050366494833 -0.030884288718004738 0.028185037831380197 -0.012897417836993398
leaf_weight=14.60925448592752 17897.921484923339 11.303952887421472 58.97619130241219 26.778046983410604 53.330589592456818 552.17033056274522 49.834000435424969 23.320238709449768 34.559463971061632 11.406240037875252 12.746735030785201 22.312600333127193 7.397000037715773 16.059046312817372
leaf_count=93 120884 147 422 196 265 3167 321 109 270 71 82 205 54 103
internal_value=4.38269e-07 9.80514e-05 0.0108781 -0.00211454 -0.000977081 -0.00156004 -0.0101377 -0.0114465 -0.00375807 -6.8085e-05 0.0165054 -0.000868874 -0.0150827 0.00273413
internal_weight=18792.7 17968.2 70.2801 824.524 739.866 725.257 103.165 84.6577 57.8797 622.092 24.153 597.939 45.7686 23.456
internal_count=126389 121453 569 4936 4361 4268 586 575 379 3682 153 3529 362 157
is_linear=0
shrinkage=0.05


Tree=183
num_leaves=15
num_cat=2
split_feature=2 6 6 2 11 5 7 2 11 1 5 4 7 4
split_gain=1.50525 2.62718 1.94526 1.63948 6.5598 3.52632 2.91051 2.07423 7.23557 8.23446 5.17993 4.36103 4.2657 3.18238
threshold=305.50000000000006 2.2612500000000009 1.1950000000000003 221.50000000000003 0 0.95000000000000007 38.377500000000012 116.50000000000001 1 52.500000000000007 8.9500000000000011 8.5500000000000025 37.229166666666679 9.9000000000000021
decision_type=10 8 10 10 9 8 10 10 9 10 8 8 10 10
left_child=3 2 -2 7 -5 -6 -7 -1 9 -9 -11 12 -10 -13
right_child=1 -3 -4 4 5 6 -8 8 11 10 -12 13 -14 -15
leaf_value=7.4681133237561756e-05 -0.0019994579932162606 0.0097808410039813467 -0.027927382139449061 -0.01316774171630552 -0.00040105764593406732 0.00035844303399811786 0.032984931405765722 0.025490446642875326 -0.022467376240237813 -0.018930046385060972 0.009588348028956771 0.031001249570892259 0.0010154122748856752 -0.0012265625178263741
leaf_weight=18229.345430681307 13.681244749575855 9.2506166996899974 12.626937867142258 18.524807424168102 19.123321631923318 8.9449409171938878 25.591080060228705 8.7965054637752456 15.850564280990509 125.77603046607692 15.043930450105107 14.997213769471275 262.55434860114474 11.820758237037806
leaf_count=122860 76 63 75 100 111 47 165 69 87 774 85 139 1616 122
internal_value=2.78697e-07 -0.00962167 -0.0169166 2.10796e-05 0.00729324 0.0146283 0.0256486 -8.9592e-06 -0.00332551 -0.0117347 -0.0156591 0.00125702 -0.00069434 0.0188355
internal_weight=18791.9 35.5588 26.3082 18756.4 72.1842 53.6593 34.536 18684.2 454.839 149.616 140.82 305.223 278.405 26.818
internal_count=126389 214 151 126175 423 323 212 125752 2892 928 859 1964 1703 261
cat_boundaries=0 1 2
cat_threshold=515 1155
is_linear=0
shrinkage=0.05


end of trees

feature_importances:
人気_num=608
last_margin=311
avg5_margin=301
avg5_last3f=280
場所=240
avg5_ninki=204
days_since_last=179
齢_num=137
last_ninki=124
斤量_num=97
sei=69
n_past_races=18
same_track_as_last=8

parameters:
[boosting: gbdt]
[objective: binary]
[metric: auc]
[tree_learner: serial]
[device_type: cpu]
[data_sample_strategy: bagging]
[data: ]
[valid: ]
[num_iterations: 184]
[learning_rate: 0.05]
[num_leaves: 15]
[num_threads: 0]
[seed: 42]
[deterministic: 0]
[force_col_wise: 0]
[force_row_wise: 0]
[histogram_pool_size: -1]
[max_depth: -1]
[min_data_in_leaf: 50]
[min_sum_hessian_in_leaf: 0.001]
[bagging_fraction: 1]
[pos_bagging_fraction: 1]
[neg_bagging_fraction: 1]
[bagging_freq: 0]
[bagging_seed: 400]
[bagging_by_query: 0]
[feature_fraction: 1]
[feature_fraction_bynode: 1]
[feature_fraction_seed: 30056]
[extra_trees: 0]
[extra_seed: 12879]
[early_stopping_round: 0]
[early_stopping_min_delta: 0]
[first_metric_only: 0]
[max_delta_step: 0]
[lambda_l1: 0]
[lambda_l2: 5]
[linear_lambda: 0]
[min_gain_to_split: 0]
[drop_rate: 0.1]
[max_drop: 50]
[skip_drop: 0.5]
[xgboost_dart_mode: 0]
[uniform_drop: 0]
[drop_seed: 17869]
[top_rate: 0.2]
[other_rate: 0.1]
[min_data_per_group: 100]
[max_cat_threshold: 32]
[cat_l2: 10]
[cat_smooth: 10]
[max_cat_to_onehot: 4]
[top_k: 20]
[monotone_constraints: ]
[monotone_constraints_method: basic]
[monotone_penalty: 0]
[feature_contri: ]
[forcedsplits_filename: ]
[refit_decay_rate: 0.9]
[cegb_tradeoff: 1]
[cegb_penalty_split: 0]
[cegb_penalty_feature_lazy: ]
[cegb_penalty_feature_coupled: ]
[path_smooth: 0]
[interaction_constraints: ]
[verbosity: -1]
[saved_feature_importance_type: 0]
[use_quantized_grad: 0]
[num_grad_quant_bins: 4]
[quant_train_renew_leaf: 0]
[stochastic_rounding: 1]
[linear_tree: 0]
[max_bin: 255]
[max_bin_by_feature: ]
[min_data_in_bin: 3]
[bin_construct_sample_cnt: 200000]
[data_random_seed: 175]
[is_enable_sparse: 1]
[enable_bundle: 1]
[use_missing: 1]
[zero_as_missing: 0]
[feature_pre_filter: 1]
[pre_partition: 0]
[two_round: 0]
[header: 0]
[label_column: ]
[weight_column: ]
[group_column: ]
[ignore_column: ]
[categorical_feature: 11,12]
[forcedbins_filename: ]
[precise_float_parser: 0]
[parser_config_file: ]
[objective_seed: 16083]
[num_class: 1]
[is_unbalance: 0]
[scale_pos_weight: 1]
[sigmoid: 1]
[boost_from_average: 1]
[reg_sqrt: 0]
[alpha: 0.9]
[fair_c: 1]
[poisson_max_delta_step: 0.7]
[tweedie_variance_power: 1.5]
[lambdarank_truncation_level: 30]
[lambdarank_norm: 1]
[label_gain: ]
[lambdarank_position_bias_regularization: 0]
[eval_at: ]
[multi_error_top_k: 1]
[auc_mu_weights: ]
[num_machines: 1]
[local_listen_port: 12400]
[time_out: 120]
[machine_list_filename: ]
[machines: ]
[gpu_platform_id: -1]
[gpu_device_id: -1]
[gpu_device_id_list: ]
[gpu_use_dp: 0]
[num_gpu: 1]

end of parameters

pandas_categorical:[["\u4f50\u8cc0", "\u540d\u53e4\u5c4b", "\u5712\u7530", "\u5927\u4e95", "\u5ddd\u5d0e", "\u6d66\u548c", "\u76db\u5ca1", "\u8239\u6a4b", "\u91d1\u6ca2", "\u9580\u5225", "\u9ad8\u77e5"], ["\u30bb", "\u30bb\u30f3", "\u725d", "\u7261"]]
