tree
version=v4
num_class=1
num_tree_per_iteration=1
label_index=0
max_feature_idx=12
objective=binary sigmoid:1
feature_names=齢_num 斤量_num days_since_last last_ninki avg5_ninki last_margin avg5_margin avg5_last3f n_past_races same_track_as_last 人気_num 場所 sei
feature_infos=[2:16] [49:60] [4:973] [0:18] [0:17] [-3.2999999999999998:57.5] [-2.5:12.859999999999999] [0:52.5] [0:5] [0:1] [0:16] -1:3:1:4:0:7:10:5:9:8:6 -1:3:2:0:1
tree_sizes=1704 1741 1742 1737 1742 1747 1766 1767 1761 1761 1753 1758 1759 1761 1760 1764 1773 1772 1789 1769 1789 1771 1788 1776 1787 1796 1791 1783 1781 1783 1782 1767 1789 1801 1798 1762 1762 1794 1750 1757 1762 1761 1767 1770 1784 1772 1789 1756 1770 1806 1798 1772 1795 1785 1776 1747 1798 1756 1776 1790 1791 1780 1766 1775 1774 1787 1772 1775 1776 1793 1790 1784 1733 1776 1778 1773 1790 1797 1766 1762 1784 1765 1775 1782 1781 1777 1781 1772 1754 1753 1772 1773 1784 1777 1793 1741 1771 1792 1751 1740 1748 1764 1771 1778 1769 1771 1781 1767 1768 1753 1746 1737 1732 1758 1760 1728 1766 1734 1772 1748 1731 1735 1734 1768 1722 1738 1751

Tree=0
num_leaves=15
num_cat=0
split_feature=10 10 10 10 3 5 10 5 4 0 7 1 4 4
split_gain=19016.9 3925.39 480.392 455.407 270.077 173.526 103.966 73.4679 57.742 40.7383 39.8208 37.7674 32.8905 32.2753
threshold=1.5000000000000002 3.5000000000000004 2.5000000000000004 6.5000000000000009 1.5000000000000002 -0.6499999999999998 4.5000000000000009 0.075000000000000025 7.366666666666668 4.5000000000000009 37.922500000000007 55.250000000000007 1.6333333333333335 4.4500000000000011
decision_type=8 8 10 8 10 8 10 10 10 2 10 10 8 10
left_child=4 2 -2 6 5 13 -3 11 9 -6 -11 -7 -13 -1
right_child=1 3 -4 -5 8 7 -8 -9 -10 10 -12 12 -14 -15
leaf_value=-1.9856601459729619 -2.2088478803672928 -2.283660992469418 -2.2579594914771066 -2.3218138547173868 -2.0874762687275861 -2.0558629536885662 -2.3034669199137134 -2.0787545787974344 -2.0530778845497082 -2.0530753313556667 -2.1292997096704185 -1.9890400190123478 -2.0367587552819399 -1.9063151029387551
leaf_weight=32.554019242525101 995.81476524472237 995.81476524472237 995.8993211388588 4721.2629050016403 296.62207663059235 116.85624569654465 1980.045372992754 144.25235539674759 84.04855877161026 19.701523333787918 131.48441538214684 59.44279357790947 91.99681282043457 21.138973534107208
leaf_count=385 11777 11777 11778 55836 3508 1382 23417 1706 994 233 1555 703 1088 250
internal_value=-2.27456 -2.29597 -2.2334 -2.31216 -2.06675 -2.03897 -2.29684 -2.04998 -2.09111 -2.09824 -2.11937 -2.03451 -2.01803 -1.95442
internal_weight=10686.9 9688.84 1991.71 7697.12 998.098 466.241 2975.86 412.548 531.857 447.808 151.186 268.296 151.44 53.693
internal_count=126389 114585 23555 91030 11804 5514 35194 4879 6290 5296 1788 3173 1791 635
is_linear=0
shrinkage=1


Tree=1
num_leaves=15
num_cat=0
split_feature=10 10 10 10 3 10 5 5 0 9 10 4 6 5
split_gain=15143.6 2559.8 1220.77 187.131 141.47 117.627 79.3053 39.2622 34.0704 35.9607 29.6489 28.861 25.1092 22.2573
threshold=2.5000000000000004 1.5000000000000002 4.5000000000000009 6.5000000000000009 1.5000000000000002 3.5000000000000004 -0.6499999999999998 0.15000000000000005 3.5000000000000004 1.0000000180025095e-35 9.5000000000000018 3.6333333333333337 3.055000000000001 1.3500000000000003
decision_type=8 10 8 8 10 10 8 10 2 10 8 10 10 8
left_child=1 4 5 -4 6 -2 -1 12 13 11 -5 -10 -8 -6
right_child=2 -3 3 10 8 -7 7 -9 9 -11 -12 -13 -14 -15
leaf_value=0.23481229739357859 0.015555233416444207 0.059116013535598678 -0.028132686267917803 -0.043254078776017696 0.17821638947851035 -0.0087104085012486409 0.18860420437111097 0.15626379613318453 0.13075782702705213 0.13286026633583931 -0.051433861726941893 0.19435070279021063 0.077947504447595545 0.14726536260165066
leaf_weight=69.028581380844116 1009.4172225147486 1050.1070225164294 1933.8932822719216 2626.4530223608017 134.13657734543085 988.46371152251959 337.77793717384338 150.10486516356468 28.095908105373383 302.13411218672991 1915.9236527681351 48.884524874389172 5.205469384789466 102.44746971875429
leaf_count=635 11778 11777 23417 32285 1359 11777 3309 1519 290 3108 23551 496 51 1037
internal_value=-0.000121341 0.115876 -0.030618 -0.0411585 0.166482 0.00354966 0.184618 0.177591 0.149925 0.140633 -0.0467042 0.171141 0.186925 0.164814
internal_weight=10702.1 2227.92 8474.15 6476.27 1177.82 1997.88 562.117 493.088 615.699 379.115 4542.38 76.9804 342.983 236.584
internal_count=126389 23581 102808 79253 11804 23555 5514 4879 6290 3894 55836 786 3360 2396
is_linear=0
shrinkage=0.05


Tree=2
num_leaves=15
num_cat=0
split_feature=10 10 10 10 10 5 3 10 0 4 6 4 6 1
split_gain=12760.5 1761.66 1167.18 186.355 105.244 87.9938 48.9112 30.1541 23.7114 22.9456 25.8425 22.2298 33.7001 17.0605
threshold=2.5000000000000004 1.5000000000000002 4.5000000000000009 6.5000000000000009 3.5000000000000004 0.15000000000000005 1.5000000000000002 9.5000000000000018 4.5000000000000009 6.6333333333333337 0.73875000000000024 5.1000000000000005 0.093750000000000028 51.500000000000007
decision_type=8 10 8 8 10 10 8 8 2 10 10 10 10 10
left_child=1 5 4 -4 -2 6 11 -5 -8 10 -7 12 -1 -12
right_child=2 -3 3 7 -6 9 8 -9 -10 -11 13 -13 -14 -15
leaf_value=0.17930279826653353 0.014587739668685479 0.053508807446605383 -0.027366714444780438 -0.042623288807956065 -0.0083354505184778209 0.13825199665525398 0.14674339894494554 -0.051037435991012042 0.11698038604624415 0.1458034497583566 0.057641554391039088 0.19491987137359951 0.14381474719485393 0.11671738335748344
leaf_weight=122.3200663998723 1022.2054582089186 1100.7496817186475 1889.7577186524868 2534.4021713361144 981.46495593339205 168.59779369831085 242.5718337148428 1836.2824802771211 92.411317333579063 122.97966639697552 12.635835349559782 54.435165077447891 147.64311721920967 372.36628150194883
leaf_count=1013 11778 11777 23417 32285 11777 1536 2136 23551 839 1087 116 438 1242 3397
internal_value=-0.000207239 0.100345 -0.0298555 -0.040486 0.00335919 0.138935 0.151934 -0.0461584 0.138533 0.126267 0.121927 0.165772 0.159894 0.114779
internal_weight=10700.8 2436.71 8264.11 6260.44 2003.67 1335.96 659.381 4370.68 334.983 676.58 553.6 324.398 269.963 385.002
internal_count=126389 23581 102808 79253 23555 11804 5668 55836 2975 6136 5049 2693 2255 3513
is_linear=0
shrinkage=0.05


Tree=3
num_leaves=15
num_cat=0
split_feature=10 10 10 10 10 3 5 10 4 4 6 7 0 1
split_gain=10913.9 1280.08 1115.28 185.478 94.2296 63.8906 34.896 30.6786 21.221 31.6117 22.1025 20.5043 21.9916 17.6286
threshold=2.5000000000000004 1.5000000000000002 4.5000000000000009 6.5000000000000009 3.5000000000000004 1.5000000000000002 -0.6499999999999998 9.5000000000000018 1.6333333333333335 3.5500000000000003 0.42250000000000015 37.922500000000007 3.5000000000000004 54.750000000000007
decision_type=8 10 8 8 10 10 8 8 8 8 10 8 2 10
left_child=1 5 4 -4 -2 6 -1 -5 13 10 -10 -7 -13 -8
right_child=2 -3 3 7 -6 11 8 -9 9 -11 -12 12 -14 -15
leaf_value=0.15853861499313343 0.01369196382277731 0.04868435446527225 -0.026607786405639072 -0.041991674937680384 -0.0079742268829677432 0.12946168795970267 0.11531577343530348 -0.050648250694160679 0.12636537625961217 0.12897031114098631 0.084792109402180807 0.11726437155478829 0.098420216893947088 0.14632776425801455
leaf_weight=91.917044460773468 1034.3059741258621 1148.0454647839069 1847.5640088692307 2446.1468324437737 974.80235330760479 105.10471623390913 63.491952233016491 1759.8100956603885 49.384178280830383 257.34492310136557 90.669054441154003 251.6192457601428 402.4769946411252 164.68295124918222
leaf_count=635 11778 11777 23417 32285 11777 851 503 23551 385 2007 726 2045 3394 1258
internal_value=-0.000270744 0.0882857 -0.0290997 -0.039813 0.00317971 0.119074 0.129772 -0.0456137 0.125545 0.118567 0.0994513 0.108963 0.105669 0.137698
internal_weight=10687.4 2624.74 8062.63 6053.52 2009.11 1476.69 717.49 4205.96 625.573 397.398 140.053 759.201 654.096 228.175
internal_count=126389 23581 102808 79253 23555 11804 5514 55836 4879 3118 1111 6290 5439 1761
is_linear=0
shrinkage=0.05


Tree=4
num_leaves=15
num_cat=0
split_feature=10 10 10 10 10 5 10 5 3 7 2 5 7 1
split_gain=9438.15 1065 968.327 184.482 84.4207 47.2616 31.2185 30.7403 20.3417 18.621 15.1486 17.0012 15.3541 14.8157
threshold=2.5000000000000004 4.5000000000000009 1.5000000000000002 6.5000000000000009 3.5000000000000004 0.15000000000000005 9.5000000000000018 -1.0499999999999998 1.5000000000000002 37.922500000000007 35.500000000000007 0.8500000000000002 40.763333333333343 55.250000000000007
decision_type=8 8 10 8 10 10 8 8 10 8 8 10 10 10
left_child=2 4 5 -3 -2 7 -5 -1 13 -10 -4 -12 -13 -9
right_child=1 3 10 6 -6 -7 -8 8 9 -11 11 12 -14 -15
leaf_value=0.14562301680971046 0.012861178735409354 -0.025856300687391909 0.041228801379797959 -0.041358561208081658 -0.0076264273997539087 0.095428013029335984 -0.050265164832341773 0.10511727010645477 0.13084047511410879 0.089937122988452897 0.046136417293230703 0.082433591463256586 0.033567276698555977 0.12208988049768713
leaf_weight=64.767490684986115 1045.758259087801 1807.2388754189014 893.20990108698606 2361.5693806484342 968.46046043932438 802.9752089381218 1686.4201683551073 222.70778420567513 33.091060683131218 174.82459781318903 204.70026294887066 73.801430113613605 20.551015518605709 304.20657639205456
leaf_count=418 11778 23417 8823 32285 11777 6136 23551 1572 246 1348 2022 729 203 2084
internal_value=-0.000318684 -0.0283507 0.0786112 -0.039139 0.00301049 0.103996 -0.0450691 0.112601 0.10969 0.0964471 0.0444899 0.0542302 0.07179 0.114916
internal_weight=10664.3 7869.45 2794.84 5855.23 2014.22 1602.57 4047.99 799.598 734.83 207.916 1192.26 299.053 94.3524 526.914
internal_count=126389 102808 23581 79253 23555 11804 55836 5668 5250 1594 11777 2954 932 3656
is_linear=0
shrinkage=0.05


Tree=5
num_leaves=15
num_cat=0
split_feature=10 10 10 10 10 3 10 5 7 4 9 2 5 6
split_gain=8231.1 1016.3 755.499 183.35 75.6758 36.6353 31.7693 20.4834 15.5351 15.1988 15.1786 14.9539 20.5175 20.501
threshold=2.5000000000000004 4.5000000000000009 1.5000000000000002 6.5000000000000009 3.5000000000000004 1.5000000000000002 9.5000000000000018 -0.6499999999999998 39.190000000000012 7.4500000000000011 1.0000000180025095e-35 34.500000000000007 0.15000000000000005 0.38166666666666677
decision_type=8 8 10 8 10 10 8 8 8 10 10 8 8 10
left_child=2 4 5 -3 -2 7 -5 -1 10 -7 -9 13 -13 -10
right_child=1 3 -4 6 -6 9 -8 8 11 -11 -12 12 -14 -15
leaf_value=0.119731998694379 0.012089461787637666 -0.025112673114516277 0.040807960627132954 -0.040723374289902137 -0.0072917450926329591 0.082115314869822639 -0.049887085779785317 0.069622450806774636 0.10306801265359243 0.1002710978029106 0.10883859107293065 0.16201678659233212 0.095618983781478914 0.069192414936018728
leaf_weight=109.50460892915726 1056.5989938229322 1768.7109599709511 1233.6631692647934 2280.5507476627827 962.42427285015583 738.529476583004 1616.0244376435876 27.130155578255653 67.029442578554153 136.58997370302677 272.56308974325657 12.290050461888312 218.20884215831757 133.84296560287476
leaf_count=635 11778 23417 11777 32285 11777 5354 23551 182 436 936 1812 80 1450 919
internal_value=-0.000355157 -0.0276084 0.0706511 -0.0384636 0.00285086 0.0921098 -0.0445238 0.0995648 0.096544 0.0849491 0.105288 0.0904687 0.0991593 0.0804964
internal_weight=10633.7 7684.31 2949.35 5665.29 2019.02 1715.69 3896.58 840.569 731.065 875.119 299.693 431.371 230.499 200.872
internal_count=126389 102808 23581 79253 23555 11804 55836 5514 4879 6290 1994 2885 1530 1355
is_linear=0
shrinkage=0.05


Tree=6
num_leaves=15
num_cat=0
split_feature=10 10 10 10 10 5 10 5 6 2 10 9 7 1
split_gain=7226.37 969.138 603.881 183.683 67.8719 30.7885 28.9376 19.7345 14.2237 17.8536 14.2014 13.7823 12.937 12.7238
threshold=2.5000000000000004 4.5000000000000009 1.5000000000000002 7.5000000000000009 3.5000000000000004 0.15000000000000005 5.5000000000000009 -1.0499999999999998 0.72250000000000025 136.50000000000003 9.5000000000000018 1.0000000180025095e-35 40.610000000000014 55.250000000000007
decision_type=8 8 10 8 10 10 10 8 10 10 8 10 10 10
left_child=2 4 5 6 -2 7 -3 -1 -6 -10 -5 -11 13 -9
right_child=1 3 -4 10 8 -7 -8 12 9 11 -12 -13 -14 -15
leaf_value=0.11351454267294846 0.011371592974052784 -0.020458768796387597 0.037555946143927689 -0.042594070959198344 0.0034699352536964241 0.075943524717878394 -0.03173862977833234 0.081172113451775385 -0.01170329854443475 -0.032099201152900936 -0.049512974318684254 0.072766194154972347 0.065081664390061841 0.094128721148399153
leaf_weight=75.077844172716141 1066.8629284948111 869.83785001933575 1272.4139784425497 1423.3173353299499 243.2924846932292 906.40608774125576 1641.7271119505167 333.27509048581123 698.03416392952204 4.386575683951377 1548.5328881219029 10.966439209878443 63.621254310011864 439.18373130261898
leaf_count=418 11778 11761 11777 20859 2995 6136 23082 2119 8593 54 23551 135 408 2723
internal_value=-0.000382891 -0.0268731 0.0639739 -0.0377865 0.00270022 0.0824681 -0.027832 0.0889587 -0.00696985 -0.0105302 -0.0461993 0.0428047 0.0867537 0.0885386
internal_weight=10596.9 7506.96 3089.98 5483.42 2023.54 1817.56 2511.56 911.158 956.68 713.387 2971.85 15.353 836.08 772.459
internal_count=126389 102808 23581 79253 23555 11804 34843 5668 11777 8782 44410 189 5250 4842
is_linear=0
shrinkage=0.05


Tree=7
num_leaves=15
num_cat=0
split_feature=10 10 10 10 10 10 6 5 1 0 2 10 6 6
split_gain=6378.08 925.733 492.121 149.967 88.7853 30.9996 27.1864 23.1177 16.4792 15.9405 21.7819 14.5226 14.5171 12.994
threshold=2.5000000000000004 5.5000000000000009 1.5000000000000002 3.5000000000000004 7.5000000000000009 4.5000000000000009 0.093750000000000028 -0.6499999999999998 55.250000000000007 3.5000000000000004 22.500000000000004 9.5000000000000018 0.80500000000000016 0.72250000000000025
decision_type=8 8 10 10 8 10 10 8 10 2 8 8 10 10
left_child=2 3 6 -2 -3 13 8 12 -1 -9 -11 -6 -8 -5
right_child=1 4 -4 5 11 -7 7 9 -10 10 -12 -13 -14 -15
leaf_value=0.074336182929190059 0.010702920637344926 -0.030995761947670189 0.034661985326130469 0.0032868106045905003 -0.042005853430595819 -0.019781881739746626 0.074496686600604559 0.07645881719218979 0.093217821540126367 0.05843993353512289 0.07475108635612944 -0.049141868041655511 0.11212075316097246 -0.010095043522122083
leaf_weight=206.15771496295929 1076.5822684317827 1598.1400434225798 1308.7355079650879 243.98686695843935 1372.3834947198629 855.00578800588846 49.64575457572937 492.34902137517929 262.94531126320362 498.13151457905769 347.43134549260139 1483.8544515743852 53.017684563994408 707.25561196357012
leaf_count=1229 11778 23082 11777 2995 20859 11761 270 3089 1515 3206 2211 23551 284 8782
internal_value=-0.000403912 -0.0261451 0.0582798 -0.00406853 -0.0404328 -0.0128728 0.0744655 0.0710611 0.0849199 0.0693066 0.065142 -0.0457131 0.0939266 -0.00666269
internal_weight=10555.6 7337.21 3218.41 2882.83 4454.38 1806.25 1909.68 1440.58 469.103 1337.91 845.563 2856.24 102.663 951.242
internal_count=126389 102808 23581 35316 67492 23538 11804 9060 2744 8506 5417 44410 554 11777
is_linear=0
shrinkage=0.05


Tree=8
num_leaves=15
num_cat=0
split_feature=10 10 10 10 10 10 3 4 4 1 5 6 2 9
split_gain=5685.05 905.262 404.458 116.145 65.3235 33.1765 23.94 17.66 17.996 16.9863 14.2827 11.8616 15.9257 11.7046
threshold=3.5000000000000004 1.5000000000000002 6.5000000000000009 2.5000000000000004 4.5000000000000009 9.5000000000000018 1.5000000000000002 4.7750000000000012 1.9000000000000001 55.250000000000007 0.45000000000000007 0.72250000000000025 136.50000000000003 1.0000000180025095e-35
decision_type=8 10 8 10 10 8 10 10 10 10 10 10 10 10
left_child=1 6 4 -3 11 -4 7 8 9 -1 -10 -2 -13 -14
right_child=2 3 5 -5 -6 -7 -8 -9 10 -11 -12 12 13 -15
leaf_value=0.065532724564708364 0.0031138357335796186 0.032071507401060628 -0.038845818242718502 0.010079307382080308 -0.022830841198937676 -0.048772835706539952 0.062328153624593541 0.089495203584008046 0.066125693642670264 0.082817704803397146 0.038505664917834935 -0.010815486255934988 -0.031089364679012962 0.066081668209967054
leaf_weight=249.63287644088268 244.64597001671791 1342.8042594194412 2062.479260854423 1085.7875516563654 1658.4861214235425 1421.897621113807 1014.7058238387108 143.46758256852627 193.25894817709923 330.06890691816807 61.765302821993828 685.61731842905283 4.2365024685859671 11.542169339954851
leaf_count=1440 2995 11777 32285 11778 23417 23551 6290 782 1088 1821 383 8593 54 135
internal_value=-0.000419516 0.0427337 -0.0317554 0.0222391 -0.0168503 -0.0428968 0.0677088 0.0732902 0.070505 0.0753744 0.0594363 -0.00636598 -0.00967252 0.0399917
internal_weight=10510.4 4421.49 6088.9 2428.59 2604.53 3484.38 1992.9 978.194 834.726 579.702 255.024 946.042 701.396 15.7787
internal_count=126389 35359 91030 23555 35194 55836 11804 5514 4732 3261 1471 11777 8782 189
is_linear=0
shrinkage=0.05


Tree=9
num_leaves=15
num_cat=0
split_feature=10 10 10 10 10 10 5 6 7 1 4 1 6 2
split_gain=5116.56 762.345 396.317 99.8886 61.3706 33.7319 21.3669 19.8353 16.1757 12.5145 11.8144 15.6799 11.7615 10.9852
threshold=3.5000000000000004 1.5000000000000002 6.5000000000000009 2.5000000000000004 4.5000000000000009 9.5000000000000018 -1.0499999999999998 0.093750000000000028 38.990000000000016 55.250000000000007 6.9000000000000012 54.750000000000007 1.4183333333333337 35.500000000000007
decision_type=8 10 8 10 10 8 8 10 10 10 10 10 10 8
left_child=1 6 4 13 -2 -4 -1 9 -9 -8 11 -10 -12 -3
right_child=2 3 5 -5 -6 -7 7 8 10 -11 12 -13 -14 -15
leaf_value=0.08637084756849206 -0.0060824782793431334 0.027142153998999108 -0.03819836159738748 0.0094970500604773453 -0.022124584791240832 -0.048404991538821239 0.060578359346018379 0.064658871953496622 0.042558969666118135 0.076818542392508654 0.036152703068656887 0.057052686120434154 0.075119841495522643 0.037428295064019783
leaf_weight=85.634082809090614 941.09284998476505 1027.4817080944777 1994.3074367009103 1094.507297873497 1626.6792748421431 1362.5713285245001 211.43548832833767 570.31499879062176 295.85472691059113 270.23693661391735 23.707004442811012 505.33753801882267 105.71406053006649 347.29919768124819
leaf_count=418 11777 8823 32285 11778 23417 23551 1175 3287 1770 1432 135 2986 601 2954
internal_value=-0.000430749 0.0395242 -0.0310311 0.0207677 -0.0162451 -0.0423413 0.0619177 0.0608615 0.0580283 0.0696897 0.0539649 0.0517006 0.0679819 0.0297407
internal_weight=10462.2 4537.52 5924.65 2469.29 2567.77 3356.88 2068.23 1982.6 1500.93 481.672 930.613 801.192 129.421 1374.78
internal_count=126389 35359 91030 23555 35194 55836 11804 11386 8779 2607 5492 4756 736 11777
is_linear=0
shrinkage=0.05


Tree=10
num_leaves=15
num_cat=0
split_feature=10 10 10 10 10 10 3 4 4 1 6 2 6 0
split_gain=4614.7 648.02 387.908 86.2368 57.6009 34.2777 18.9862 14.5671 17.0954 14.5449 10.8952 14.1482 10.6942 10.0374
threshold=3.5000000000000004 1.5000000000000002 6.5000000000000009 2.5000000000000004 4.5000000000000009 9.5000000000000018 1.5000000000000002 4.2250000000000005 2.1000000000000005 55.250000000000007 0.70500000000000018 136.50000000000003 1.855 4.5000000000000009
decision_type=8 10 8 10 10 8 10 10 10 10 10 10 10 2
left_child=1 6 4 13 10 12 7 8 9 -1 -2 -12 -4 -3
right_child=2 3 5 -5 -6 -7 -8 -9 -10 -11 11 -13 -14 -15
leaf_value=0.054355135807082344 0.0034237730118140287 0.030718214377949107 -0.034446330555792548 0.008952829637497859 -0.021428521331750185 -0.048037502606912946 0.052265372152608208 0.074749278325315305 0.046487001719152606 0.069319222657082888 -0.010056898498759246 0.037190493907084655 -0.042016611796684505 0.021842809332544923
leaf_weight=282.91380847990513 238.26509049534798 916.55767749994993 1138.950804874301 1102.7683594822884 1596.328160263598 1305.7845055907965 1087.8868835866451 177.49828378856182 206.98287875950336 381.17158947885036 681.89415301382542 16.221632391214371 790.16794864460826 488.24972315132618
leaf_count=1530 2924 7683 19052 11778 23417 23551 6290 904 1122 1958 8664 189 13233 4094
internal_value=-0.000438301 0.0366582 -0.0303081 0.0194182 -0.0156535 -0.0417816 0.0568929 0.061694 0.0590337 0.0629442 -0.0058082 -0.00895904 -0.0375471 0.0276335
internal_weight=10411.6 4644.03 5767.61 2507.58 2532.71 3234.9 2136.45 1048.57 871.068 664.085 936.381 698.116 1929.12 1404.81
internal_count=126389 35359 91030 23555 35194 55836 11804 5514 4610 3488 11777 8853 32285 11777
is_linear=0
shrinkage=0.05


Tree=11
num_leaves=15
num_cat=0
split_feature=10 10 10 10 10 10 5 6 4 3 9 4 7 0
split_gain=4169.54 555.142 379.202 74.708 53.9856 34.809 18.1255 15.7481 13.2499 14.0581 12.5482 11.5144 12.424 11.4511
threshold=3.5000000000000004 1.5000000000000002 6.5000000000000009 2.5000000000000004 4.5000000000000009 9.5000000000000018 -1.0499999999999998 0.093750000000000028 6.6333333333333337 2.5000000000000004 1.0000000180025095e-35 1.6333333333333335 37.890000000000015 4.5000000000000009
decision_type=8 10 8 10 10 8 8 10 10 8 10 10 10 2
left_child=1 6 4 -3 -2 -4 -1 -8 11 -10 -11 12 -9 -13
right_child=2 3 5 -5 -6 -7 7 8 9 10 -12 13 -14 -15
leaf_value=0.074377132292297671 -0.0055464781132987442 0.025720918172561127 -0.036892123580880662 0.008443671070779396 -0.020743101315185804 -0.047669563790184249 0.059165443974160931 0.08554387294213367 0.074347916345381557 0.063332785705431993 0.037090338817794499 0.048365586029724128 0.052374683618401432 0.037354670578011784
leaf_weight=90.637397721409798 931.88656985759735 1433.030326358974 1866.8089921735227 1110.5959215760231 1567.3720620423555 1251.4473123773932 512.66607430577278 32.666610956192017 97.088719099760056 95.38524803519249 87.192319363355637 724.6167850792408 207.93509157001972 350.26040270924568
leaf_count=418 11777 11777 32285 11778 23417 23551 2607 171 501 509 474 4016 1118 1990
internal_value=-0.000442954 0.0340818 -0.0295873 0.0181773 -0.0150768 -0.0412174 0.0524834 0.051542 0.0490919 0.0589751 0.0508004 0.0469908 0.0568781 0.0447776
internal_weight=10359.6 4742.07 5617.51 2543.63 2499.26 3118.26 2198.45 2107.81 1595.15 279.666 182.578 1315.48 240.602 1074.88
internal_count=126389 35359 91030 23555 35194 55836 11804 11386 8779 1484 983 7295 1289 6006
is_linear=0
shrinkage=0.05


Tree=12
num_leaves=15
num_cat=0
split_feature=10 10 10 10 10 10 5 6 7 6 10 4 4 0
split_gain=3773.05 478.89 370.244 64.9259 50.5459 35.3237 15.936 13.6994 12.5212 11.9986 11.1444 10.9292 15.0323 11.4409
threshold=3.5000000000000004 1.5000000000000002 6.5000000000000009 2.5000000000000004 4.5000000000000009 9.5000000000000018 -1.0499999999999998 0.33541666666666675 38.990000000000016 1.6950000000000005 7.5000000000000009 1.6333333333333335 3.7750000000000004 4.5000000000000009
decision_type=8 10 8 10 10 8 8 10 10 10 10 10 10 2
left_child=1 6 4 -3 -2 10 -1 -8 11 -10 -4 -9 13 -13
right_child=2 3 5 -5 -6 -7 7 8 9 -11 -12 12 -14 -15
leaf_value=0.068858004198698253 -0.0052940189326067706 0.023979024754463084 -0.030979933228709761 0.0079668654884972219 -0.020068747065159431 -0.047300418139207157 0.053461890759747104 0.068021276054797006 0.037153328704272737 0.04902537061055761 -0.039167708965103042 0.045556502091766121 0.05533240848837559 0.018646110441280214
leaf_weight=92.944061130285263 927.6218017488718 1459.5622881129384 647.76210550218821 1118.0137652009726 1539.7525310814381 1199.4708740264177 700.60388290882111 80.440176039934158 591.17998817563057 332.53634351491928 1159.4902465008199 120.85676446557045 277.29015828669071 58.670782551169395
leaf_count=418 11777 11777 11426 11778 23417 23551 3525 415 3226 1797 20859 649 1450 324
internal_value=-0.000445008 0.031755 -0.0288686 0.0170338 -0.0145141 -0.0406481 0.0485855 0.0477138 0.0449574 0.0414272 -0.036233 0.0510268 0.0480343 0.036762
internal_weight=10306.2 4832.1 5474.1 2577.58 2467.37 3006.72 2254.52 2161.58 1460.97 923.716 1807.25 537.258 456.818 179.528
internal_count=126389 35359 91030 23555 35194 55836 11804 11386 7861 5023 32285 2838 2423 973
is_linear=0
shrinkage=0.05


Tree=13
num_leaves=15
num_cat=0
split_feature=10 10 10 10 10 10 5 6 6 10 6 2 6 7
split_gain=3418.57 415.447 361.04 56.5844 47.2686 35.8149 14.5237 14.1968 11.3849 10.328 10.0271 12.7164 9.83438 9.69676
threshold=3.5000000000000004 1.5000000000000002 6.5000000000000009 2.5000000000000004 4.5000000000000009 9.5000000000000018 -0.6499999999999998 0.3050000000000001 1.855 5.5000000000000009 0.72250000000000025 136.50000000000003 4.0050000000000017 38.990000000000016
decision_type=8 10 8 10 10 8 8 10 10 10 10 10 10 10
left_child=1 6 4 -3 10 8 -1 -8 -4 -6 -2 -12 -5 -9
right_child=2 3 5 12 9 -7 7 13 -10 -11 11 -13 -14 -15
leaf_value=0.058750555975749678 0.003678856693953814 0.022387023144919738 -0.032223521031567025 0.0068176276999329906 -0.015333520180787225 -0.046929336763622931 0.04997075842788179 0.046509290394060411 -0.040428972147979053 -0.023595296392011057 -0.0092396655150773794 0.035104551714789697 0.038634316296845911 0.038053072969917334
leaf_weight=179.82355223596096 242.5044871866703 1484.5205554366112 1036.4346562474966 1100.2087672501802 767.42709067463875 1149.7677194289863 670.65649238228798 537.72165469825268 713.91648819297552 745.98542493581772 664.49048578739166 16.570203222334385 24.835412353277206 917.38433285057545
leaf_count=813 2995 11777 19052 11518 11761 23551 3303 2783 13233 11656 8593 189 260 4905
internal_value=-0.000445041 0.0296411 -0.0281526 0.0159775 -0.013966 -0.0400736 0.0451062 0.043952 -0.0355703 -0.0194059 -0.00505199 -0.00816077 0.00751998 0.041178
internal_weight=10252.2 4915.15 5337.1 2609.56 2436.98 2900.12 2305.59 2125.76 1750.35 1513.41 923.565 681.061 1125.04 1455.11
internal_count=126389 35359 91030 23555 35194 55836 11804 10991 32285 23417 11777 8782 11778 7688
is_linear=0
shrinkage=0.05


Tree=14
num_leaves=15
num_cat=0
split_feature=10 10 10 10 10 10 3 0 9 7 5 5 2 10
split_gain=3100.76 362.204 351.578 49.4447 44.1446 36.3342 13.7201 12.4637 20.5351 13.7338 11.9135 11.5899 10.1218 9.81946
threshold=3.5000000000000004 1.5000000000000002 6.5000000000000009 2.5000000000000004 4.5000000000000009 8.5000000000000018 1.5000000000000002 4.5000000000000009 1.0000000180025095e-35 41.490000000000016 2.5500000000000003 0.075000000000000025 6.5000000000000009 5.5000000000000009
decision_type=8 10 8 10 10 8 8 2 8 10 10 10 10 10
left_child=1 6 4 -3 -2 -4 11 -8 10 -10 -9 12 -1 -6
right_child=2 3 5 -5 13 -7 7 8 9 -11 -12 -13 -14 -15
leaf_value=0.091594588045469119 -0.0048214379250467974 0.020927693838267897 -0.032816169141676642 0.007100345065468661 -0.014765451252922888 -0.044354923512216198 0.042059474733263769 0.044367209422675413 0.028577869442854648 -0.01794716167513398 0.090756232040313037 0.039606543071482814 0.050271449064654451 -0.022889406585727187
leaf_weight=15.245981886982916 919.68508220463991 1508.0095804333687 1178.9640603028238 1131.7134329378605 757.36610426753759 1619.2922967113554 1027.6732102334499 81.242189854383469 330.87031956017017 16.660728022456169 16.682430073618889 334.86927753686905 528.8427814245224 730.93058896064758
leaf_count=69 11777 11777 22342 11778 11761 33494 5233 424 1758 91 86 1706 2437 11656
internal_value=-0.000443413 0.0277131 -0.0274402 0.0149996 -0.0134335 -0.0394934 0.0419813 0.0390315 0.032046 0.0263474 0.05227 0.0469251 0.0514294 -0.0187553
internal_weight=10198 4991.81 5206.24 2639.72 2407.98 2798.26 2352.09 1473.13 445.456 347.531 97.9246 878.958 544.089 1488.3
internal_count=126389 35359 91030 23555 35194 55836 11804 7592 2359 1849 510 4212 2506 23417
is_linear=0
shrinkage=0.05


Tree=15
num_leaves=15
num_cat=1
split_feature=10 10 10 10 10 10 5 6 4 4 6 0 11 2
split_gain=2814.99 341.913 317.157 43.3039 41.1881 37.0262 12.725 11.6862 11.1019 10.8205 13.338 9.35252 16.256 18.5839
threshold=3.5000000000000004 6.5000000000000009 1.5000000000000002 2.5000000000000004 4.5000000000000009 9.5000000000000018 -1.0499999999999998 1.855 1.9000000000000001 3.7750000000000004 0.24000000000000007 4.5000000000000009 0 21.500000000000004
decision_type=8 8 10 10 10 8 8 10 8 8 10 2 9 10
left_child=2 4 6 -4 -2 7 -1 -3 -8 10 -10 -11 -13 -14
right_child=1 5 3 -5 -6 -7 8 -9 9 11 -12 12 13 -15
leaf_value=0.056833870783526391 -0.0045992042160619296 -0.030718661637626755 0.019586395831733362 0.0067069026653531179 -0.018116937004179958 -0.046196601284378469 0.044648381803722534 -0.03930823414774845 0.045465519564984944 0.042518511430720135 0.027854640406452566 0.013653252331320247 0.034740530769448018 0.071185102587452767
leaf_weight=97.681884631514549 916.01480478048325 975.45119024440646 1530.1258006542921 1138.0304235070944 1464.3498724326491 1058.9485814720392 543.87270797789097 666.55975352972746 134.97319780290127 770.30969503521919 528.48962028324604 121.30515590310097 152.27984647452831 45.410246938467026
leaf_count=418 11777 19052 11777 11778 23417 23551 2604 13233 661 3776 2737 616 766 226
internal_value=-0.000440235 -0.0267309 0.0259483 0.014093 -0.012915 -0.0389068 0.0391594 -0.0342055 0.0384076 0.0364712 0.0314374 0.0395371 0.0323377 0.0410362
internal_weight=10143.8 5081.32 5062.48 2668.16 2380.36 2700.96 2394.32 1642.01 2296.64 1752.77 663.463 1089.3 318.995 197.69
internal_count=126389 91030 35359 23555 35194 55836 11804 32285 11386 8782 3398 5384 1608 992
cat_boundaries=0 1
cat_threshold=682
is_linear=0
shrinkage=0.05


Tree=16
num_leaves=15
num_cat=2
split_feature=10 10 10 10 10 10 10 5 11 3 4 2 7 11
split_gain=2557.64 332.081 278.847 38.3834 38.0066 37.4296 11.844 11.5923 12.6257 13.3836 13.6174 10.5084 9.89372 9.55352
threshold=3.5000000000000004 6.5000000000000009 1.5000000000000002 4.5000000000000009 2.5000000000000004 9.5000000000000018 7.5000000000000009 0.15000000000000005 0 3.5000000000000004 5.1000000000000005 57.500000000000007 38.110000000000014 1
decision_type=8 8 10 10 10 8 10 10 9 10 10 10 8 9
left_child=2 3 7 13 -4 6 -3 8 -1 10 11 12 -10 -2
right_child=1 5 4 -5 -6 -7 -8 -9 9 -11 -12 -13 -14 -15
leaf_value=0.031120562589346534 0.00073453097923435468 -0.027801430892013864 0.018350571464128367 -0.017490763575605875 0.0063373213793546049 -0.04581588464602307 -0.036776287377206396 0.03314988895141565 0.063710463445415505 0.018565336217034583 0.065342221465878175 0.021760335438358983 0.044127750223082074 -0.0094676851156837941
leaf_weight=517.41597607731819 463.0495972558856 575.77466793358326 1550.9584804028273 1441.5276806205511 1144.0196051299572 1015.4636839590967 1016.7780138663948 1216.4268088787794 75.543771177530289 41.169414862990379 96.120343238115311 44.851488545536995 441.16377590596676 449.47466725856066
leaf_count=2427 5964 11426 11777 23417 11778 23551 20859 6136 342 208 433 207 2051 5813
internal_value=-0.00043517 -0.0260257 0.0243289 -0.012411 0.0132509 -0.0383146 -0.0335315 0.0366012 0.040053 0.045569 0.0479522 0.0449756 0.0469908 -0.0043864
internal_weight=10089.7 4962.07 5127.67 2354.05 2694.98 2608.02 1592.55 2432.69 1216.26 698.849 657.679 561.559 516.708 912.524
internal_count=126389 91030 35359 35194 23555 55836 32285 11804 5668 3241 3033 2600 2393 11777
cat_boundaries=0 1 2
cat_threshold=626 233
is_linear=0
shrinkage=0.05


Tree=17
num_leaves=15
num_cat=1
split_feature=10 10 10 10 10 10 6 11 5 7 0 6 10 4
split_gain=2325.54 322.051 246.038 37.7957 35.7034 33.4223 11.9446 11.1888 15.6128 13.1222 12.5824 10.5578 9.62185 9.43428
threshold=3.5000000000000004 6.5000000000000009 1.5000000000000002 9.5000000000000018 4.5000000000000009 2.5000000000000004 1.855 0 -0.6499999999999998 39.645000000000017 4.5000000000000009 4.2550000000000017 5.5000000000000009 1.1000000000000003
decision_type=8 8 10 8 10 10 10 9 8 8 2 10 10 8
left_child=2 4 7 6 -2 -4 -3 10 -9 -10 -1 -11 -6 -12
right_child=1 3 5 -5 12 -7 -8 8 9 11 13 -13 -14 -15
leaf_value=0.032378164237073077 -0.0041876630940324124 -0.029235683127506434 0.017209410675990841 -0.045430678596619339 -0.01284852117863452 0.0059899389516750159 -0.038194310915338821 0.055374987604442344 0.041576087243296041 0.030443465429604435 0.049387072307120014 0.080650167981667659 -0.021082667875160124 0.017383964200140167
leaf_weight=805.1434171795845 909.28170017898083 921.12776274979115 1570.5900475680828 973.92403160780668 725.08037724345922 1149.6983683854342 624.20989056676626 122.29311862587929 651.22457061707973 590.83262485265732 25.244769394397736 10.660012617707251 694.69694095849991 262.30301742255688
leaf_count=3834 11777 19052 11777 23551 11761 11778 13233 522 3112 2872 114 53 11656 1297
internal_value=-0.000428625 -0.0253257 0.0228384 -0.0377162 -0.0119233 0.0124676 -0.0328544 0.0342707 0.038046 0.036658 0.0289072 0.0313333 -0.0168775 0.0201936
internal_weight=10036.3 4848.32 5187.99 2519.26 2329.06 2720.29 1545.34 2467.7 1375.01 1252.72 1092.69 601.493 1419.78 287.548
internal_count=126389 91030 35359 55836 35194 23555 32285 11804 6559 6037 5245 2925 23417 1411
cat_boundaries=0 1
cat_threshold=738
is_linear=0
shrinkage=0.05


Tree=18
num_leaves=15
num_cat=1
split_feature=10 10 10 10 10 10 10 3 4 4 1 11 5 10
split_gain=2115.22 311.917 217.533 38.1226 33.2008 29.4434 12.0397 10.6476 10.2479 10.7175 11.8891 9.79464 9.3427 9.09222
threshold=3.5000000000000004 6.5000000000000009 1.5000000000000002 9.5000000000000018 4.5000000000000009 2.5000000000000004 7.5000000000000009 1.5000000000000002 4.2250000000000005 2.1000000000000005 55.250000000000007 0 4.1500000000000012 5.5000000000000009
decision_type=8 8 10 8 10 10 10 10 10 10 10 9 10 10
left_child=2 4 7 6 12 -4 -3 8 9 10 -1 -11 -2 -6
right_child=1 3 5 -5 13 -7 -8 -9 -10 11 -12 -13 -14 -15
leaf_value=0.029121634486505888 -0.0029486225472417273 -0.026248246325022345 0.01615353159967832 -0.045040408086330835 -0.01234672511377282 0.0056632140561745882 -0.035559702549679488 0.028944043169857537 0.045667140561496893 0.0041956202012700108 0.041640990772310607 0.029808312865188081 -0.028685162845052511 -0.020410809937476213
leaf_weight=332.07555471360683 869.36805556714535 545.47921432554722 1589.0968750417233 934.25145314633846 717.03168450668454 1155.0835618376732 954.8021017536521 1280.8999690115452 205.03938487172127 66.024118140339851 442.11902797222137 173.65798969566822 36.75318156927824 682.01429137587547
leaf_count=1530 11294 11426 11777 23551 11761 11778 20859 6290 904 316 1958 806 483 11656
internal_value=-0.000422411 -0.0246304 0.0214576 -0.0371116 -0.0114487 0.0117379 -0.0321742 0.0321273 0.0354724 0.0334107 0.0362711 0.0241716 -0.00399252 -0.0162778
internal_weight=9983.7 4739.7 5244 2434.53 2305.17 2744.18 1500.28 2499.82 1218.92 1013.88 774.195 239.682 906.121 1399.05
internal_count=126389 91030 35359 55836 35194 23555 32285 11804 5514 4610 3488 1122 11777 23417
cat_boundaries=0 1
cat_threshold=120
is_linear=0
shrinkage=0.05


Tree=19
num_leaves=15
num_cat=2
split_feature=10 10 10 10 10 10 10 11 7 0 5 6 12 1
split_gain=1929.38 310.462 168.739 69.0988 19.5222 17.2289 17.0514 10.3075 14.0391 10.8625 10.0675 9.3195 9.18803 12.6283
threshold=4.5000000000000009 1.5000000000000002 7.5000000000000009 2.5000000000000004 5.5000000000000009 9.5000000000000018 3.5000000000000004 0 40.363333333333337 4.5000000000000009 -0.44999999999999996 0.80500000000000016 1 53.500000000000007
decision_type=8 10 8 10 10 8 10 9 8 2 8 10 1 8
left_child=1 7 4 12 -2 -4 -5 9 10 -1 11 -9 -3 -14
right_child=2 3 5 6 -6 -7 -8 8 -10 -11 -12 -13 13 -15
leaf_value=0.028444020353329998 -0.011859441213260569 0.018624063898125248 -0.034916281606724602 0.005355745495487267 -0.022318067902603479 -0.04464453743103404 -0.0038063641479042357 0.04114835581014465 0.026154400173556844 0.017242787707818712 0.035101253367047232 0.069795491075213045 0.032368173408689069 0.008431308932107447
leaf_weight=824.65985156595707 709.36810926347971 903.08850029110909 924.55078491568565 1160.1906435638666 1202.6577410846949 896.37023386359215 903.1205238699913 93.945642337203026 416.16756998002529 293.46105492115021 859.88836681842804 40.685430437326431 60.262401983141899 643.19881875813007
leaf_count=3834 11761 6622 20859 11778 23082 23551 11777 399 1950 1411 4038 172 442 4713
internal_value=-0.000413695 0.0166883 -0.028812 0.00739949 -0.0184379 -0.0397051 0.00134545 0.0301683 0.0336268 0.0252781 0.0370918 0.0498055 0.0151748 0.010335
internal_weight=9931.62 6198.67 3732.95 3669.86 1912.03 1820.92 2063.31 2528.81 1410.69 1118.12 994.519 134.631 1606.55 703.461
internal_count=126389 47136 79253 35332 34843 44410 23555 11804 6559 5245 4609 571 11777 5155
cat_boundaries=0 1 2
cat_threshold=738 9
is_linear=0
shrinkage=0.05


Tree=20
num_leaves=15
num_cat=1
split_feature=10 10 10 10 10 10 10 5 11 3 4 6 2 2
split_gain=1767.82 275.386 165.464 61.3927 18.4994 17.463 15.3544 9.73033 10.394 11.0979 10.0173 9.14277 11.5552 8.82574
threshold=4.5000000000000009 1.5000000000000002 7.5000000000000009 2.5000000000000004 5.5000000000000009 9.5000000000000018 3.5000000000000004 0.15000000000000005 0 3.5000000000000004 5.1000000000000005 0.70500000000000018 136.50000000000003 57.500000000000007
decision_type=8 10 8 10 10 8 10 10 9 10 10 10 10 10
left_child=1 7 4 -3 -2 -4 -5 8 -1 10 13 -8 -13 -10
right_child=2 3 5 6 -6 -7 11 -9 9 -11 -12 12 -14 -15
leaf_value=0.024063653797071538 -0.011386641103938836 0.01427217795729893 -0.034267860236889984 0.0050662519964061398 -0.021638500875603432 -0.044242552671383301 0.0049016089039143583 0.025278446082504652 0.037395727525012211 0.011989071334541281 0.052647745496009805 -0.0076576955737539688 0.034495252525569002 0.014740359108821958
leaf_weight=539.2540645301342 702.07195100560784 1622.8948235958815 895.68185204640031 1165.0344476848841 1179.0177640318871 860.20685240626335 232.90008626878262 1283.3501976281404 542.18154707551003 43.266942068934441 100.93368834257126 650.68813234567642 16.674421697854996 46.690116599202156
leaf_count=2427 11761 11777 20859 11778 23082 23551 2924 6136 2393 208 433 8664 189 207
internal_value=-0.000405263 0.0157359 -0.028116 0.00699492 -0.0178122 -0.0391544 0.0012765 0.0283503 0.0314489 0.0360613 0.038094 -0.00362783 -0.00660448 0.0355994
internal_weight=9880.85 6243.87 3636.98 3688.19 1881.09 1755.89 2065.3 2555.68 1272.33 733.072 689.805 900.263 667.363 588.872
internal_count=126389 47136 79253 35332 34843 44410 23555 11804 5668 3241 3033 11777 8853 2600
cat_boundaries=0 1
cat_threshold=626
is_linear=0
shrinkage=0.05


Tree=21
num_leaves=15
num_cat=2
split_feature=10 10 10 10 10 10 10 7 11 6 5 11 2 2
split_gain=1620.04 244.954 162.009 54.5574 17.6782 17.5038 13.8323 9.44266 11.8587 11.7433 12.7798 8.82568 11.4168 12.7173
threshold=4.5000000000000009 1.5000000000000002 7.5000000000000009 2.5000000000000004 9.5000000000000018 5.5000000000000009 3.5000000000000004 39.522500000000015 0 2.0050000000000008 1.9500000000000002 1 84.500000000000014 98.500000000000014
decision_type=8 10 8 10 8 10 10 10 9 8 8 9 8 8
left_child=1 7 5 -3 -4 -2 -5 -1 -9 10 -10 12 -8 -14
right_child=2 3 4 6 -6 -7 11 8 9 -11 -12 -13 13 -15
leaf_value=0.028978743253290026 -0.010928245301099392 0.013426556421519777 -0.033614677610079788 0.0047935337349759334 -0.043833985555037647 -0.020967673509320928 -0.0023351275928368879 0.015862263550674174 0.028931314268428782 0.042433073739921473 0.0034187393039107465 -0.0084077166278173059 0.09912890805770512 0.013307268080408545
leaf_weight=1634.1448769569397 695.12629786133766 1638.438633710146 868.13725464791059 1169.6288488507271 825.68989304453135 1156.4845491424203 370.7557414919138 476.34658071398735 285.1790831387043 124.96462291479111 59.290847390890121 440.0142680555582 4.5558788776397696 82.190023861825466
leaf_count=7368 11761 11777 20859 11778 23551 23082 4876 2247 1330 576 283 5813 60 1028
internal_value=-0.000396049 0.014848 -0.0274214 0.00661198 -0.0385963 -0.0171987 0.00121068 0.0266775 0.0227013 0.028692 0.02454 -0.00345845 0.00145365 0.0178146
internal_weight=9830.95 6285.51 3545.44 3705.58 1693.83 1851.61 2067.14 2579.93 945.781 469.435 344.47 897.516 457.502 86.7459
internal_count=126389 47136 79253 35332 44410 34843 23555 11804 4436 2189 1613 11777 5964 1088
cat_boundaries=0 1 2
cat_threshold=171 233
is_linear=0
shrinkage=0.05


Tree=22
num_leaves=15
num_cat=1
split_feature=10 10 10 10 10 10 10 5 5 6 4 11 4 0
split_gain=1484.57 218.145 158.383 48.5524 17.873 16.5371 12.48 9.42439 8.72669 8.70682 8.68638 8.27885 15.7739 9.27074
threshold=4.5000000000000009 1.5000000000000002 7.5000000000000009 2.5000000000000004 9.5000000000000018 5.5000000000000009 3.5000000000000004 -1.0499999999999998 4.1500000000000012 0.093750000000000028 6.5500000000000007 0 6.7083333333333348 7.5000000000000009
decision_type=8 10 8 10 8 10 10 8 10 10 10 9 10 2
left_child=1 7 5 -3 10 -2 -5 -1 -8 -9 -4 -11 13 -13
right_child=2 3 4 6 -6 -7 8 9 -10 11 -12 12 -14 -15
leaf_value=0.039979231372761818 -0.010484148049829167 0.012639032337779117 -0.0269753336999283 0.0045365067703638032 -0.043418372504741128 -0.020306119419468291 -0.0022981909521532259 0.029750309728021757 -0.027594841364156304 0.01880378366822082 -0.037269378049706335 0.024980087568400883 0.03925354785272582 0.00045239802396864111
leaf_weight=102.50818252563477 688.51498278230429 1653.1119387298822 352.67012308165431 1173.9871874451637 792.75048434361815 1135.0095605328679 859.5078793913126 601.99781554937363 35.501043386757374 1001.6721025258303 489.19076156616211 648.13303118944168 207.27981251478195 40.959501996636391
leaf_count=418 11761 11777 8697 11778 23551 23082 11294 2607 483 4651 12162 3017 918 193
internal_value=-0.000387437 0.0140152 -0.0267286 0.00625038 -0.0380305 -0.0165976 0.00114589 0.0251202 -0.0033016 0.0245109 -0.032957 0.0228491 0.0268603 0.0235222
internal_weight=9782.79 6324.66 3458.14 3722.11 1634.61 1823.52 2069 2602.55 895.009 2500.04 841.861 1898.04 896.372 689.093
internal_count=126389 47136 79253 35332 44410 34843 23555 11804 11777 11386 20859 8779 4128 3210
cat_boundaries=0 1
cat_threshold=682
is_linear=0
shrinkage=0.05


Tree=23
num_leaves=15
num_cat=2
split_feature=10 10 10 10 10 10 10 3 6 12 11 6 2 2
split_gain=1360.59 194.622 154.601 43.2268 18.0447 15.6007 11.2441 9.00578 8.66545 8.27941 12.0512 11.5799 9.16742 9.08721
threshold=4.5000000000000009 1.5000000000000002 7.5000000000000009 2.5000000000000004 9.5000000000000018 5.5000000000000009 3.5000000000000004 1.5000000000000002 1.8354166666666669 0 1 1.4950000000000003 41.500000000000007 14.500000000000002
decision_type=8 10 8 10 8 10 10 8 10 1 9 10 10 10
left_child=1 7 5 9 8 -2 -5 -1 -4 13 11 -11 -12 -3
right_child=2 3 4 6 -6 -7 -8 -9 -10 10 12 -13 -14 -15
leaf_value=0.027503582326042761 -0.010054226461084399 0.019917901103687675 -0.02780395782186253 0.004294161619490036 -0.042995310477489113 -0.019654347619705703 -0.0031459030671584184 0.02143465349759183 -0.038200439678222065 0.0085484636607960404 -0.00068300651607673126 0.029156405156287292 0.022477993364495352 0.010072035294562041
leaf_weight=970.11653722822666 682.22245210409164 490.52445225417614 463.91828782483935 1178.121844381094 761.32177275791764 1114.545922100544 892.54827325046062 1652.5693733990192 352.88688957318664 202.03298678994179 374.5752986073494 102.87959398329258 48.224579229950905 448.73062242567539
leaf_count=4212 11761 3463 11679 11778 23551 23082 11777 7592 9180 1431 2659 728 337 3159
internal_value=-0.00037776 0.0132383 -0.0260385 0.00591172 -0.0374574 -0.0160092 0.00108717 0.0236795 -0.0322956 0.0119047 0.0075298 0.0150095 0.00191348 0.0150537
internal_weight=9735.22 6360.32 3374.9 3737.64 1578.13 1796.77 2070.67 2622.69 816.805 1666.97 727.712 304.913 422.8 939.255
internal_count=126389 47136 79253 35332 44410 34843 23555 11804 20859 11777 5155 2159 2996 6622
cat_boundaries=0 1 2
cat_threshold=9 802
is_linear=0
shrinkage=0.05


Tree=24
num_leaves=15
num_cat=1
split_feature=10 10 10 10 10 10 4 7 11 7 0 4 5 2
split_gain=1246.78 173.708 150.675 38.5066 18.1924 14.696 10.3517 9.34444 9.09161 11.8285 9.29504 8.76313 8.16855 7.67723
threshold=4.5000000000000009 1.5000000000000002 7.5000000000000009 2.5000000000000004 9.5000000000000018 5.5000000000000009 5.1000000000000005 41.62916666666667 0 40.363333333333337 4.5000000000000009 6.5500000000000007 -0.84999999999999998 35.500000000000007
decision_type=8 10 8 10 8 10 10 10 9 8 2 10 8 8
left_child=1 8 5 13 11 -2 7 -5 10 12 -1 -4 -10 -3
right_child=2 3 4 6 -6 -7 -8 -9 9 -11 -12 -13 -14 -15
leaf_value=0.021046234370086379 -0.0096383297269139641 0.0092464575598298661 -0.025476317879722789 0.0047745807221354943 -0.042564402925233252 -0.019012849893824461 -0.0035014855358593343 -0.014558498322408445 0.043781388016981337 0.018526194517221001 0.010900726527723012 -0.036120112545505588 0.027072149323174723 0.017012997271907547
leaf_weight=860.15774250030518 676.23389698565006 1253.625583127141 334.44609678164124 1223.0773211494088 731.33953677117825 1095.048578299582 783.30742441117764 65.867605425417423 79.167399361729622 435.1351330280304 306.09678621590137 458.46094541251659 961.14511696994305 426.42683693766594
leaf_count=3834 11761 8823 8697 13726 23551 23082 9075 754 322 1950 1411 12162 4287 2954
internal_value=-0.000368957 0.0125073 -0.0253516 0.0055924 -0.0368767 -0.0154339 0.00103173 0.00378662 0.0223293 0.025277 0.0182271 -0.0316306 0.0283437 0.0112177
internal_weight=9689.54 6394.01 3295.53 3752.3 1524.25 1771.28 2072.25 1288.94 2641.7 1475.45 1166.25 792.907 1040.31 1680.05
internal_count=126389 47136 79253 35332 44410 34843 23555 14480 11804 6559 5245 20859 4609 11777
cat_boundaries=0 1
cat_threshold=738
is_linear=0
shrinkage=0.05


Tree=25
num_leaves=15
num_cat=1
split_feature=10 10 10 10 10 10 10 6 6 1 6 6 11 4
split_gain=1142.44 155.243 146.616 34.3404 18.3156 13.824 10.0497 8.75916 8.24137 8.18477 10.1003 8.30029 10.6038 16.467
threshold=4.5000000000000009 1.5000000000000002 7.5000000000000009 2.5000000000000004 9.5000000000000018 5.5000000000000009 3.5000000000000004 1.8354166666666669 4.0050000000000017 51.500000000000007 0.67750000000000021 0.093750000000000028 0 6.7083333333333348
decision_type=8 10 8 10 8 10 10 10 10 10 8 10 9 10
left_child=1 9 5 -3 7 -2 8 -4 -5 10 -1 -11 -13 -14
right_child=2 3 4 6 -6 -7 -8 -9 -10 11 -12 12 13 -15
leaf_value=0.047221926895504723 -0.0092362843783195033 0.010576883219225314 -0.02633963008450238 0.0033648220493329045 -0.042125305270674845 -0.018382088686054152 -0.0030325421680135341 -0.03711337963341365 0.031466012287150909 0.026480830641234937 -0.0052222811924485168 0.015636320651559461 0.020536038113247508 0.035917129955096612
leaf_weight=11.041990980505942 670.53512196987867 1692.3988274037838 439.69300840422511 1156.4989969804883 702.74148502200842 1076.4743365049362 890.75728436559439 330.42952976375818 26.693155355751514 634.88472679257393 54.467882826924324 1003.8131495118141 725.82895354926586 228.88579368591309
leaf_count=50 11761 11777 11679 11518 23551 23082 11777 9180 260 2690 251 4548 3281 984
internal_value=-0.000359817 0.0118218 -0.0246684 0.0052917 -0.0362884 -0.0148718 0.000978848 -0.0309622 0.00399879 0.0210717 0.00361743 0.0215126 0.0199021 0.0239724
internal_weight=9645.14 6425.27 3219.87 3766.35 1472.86 1747.01 2073.95 770.123 1183.19 2658.92 65.5099 2593.41 1958.53 954.715
internal_count=126389 47136 79253 35332 44410 34843 23555 20859 11778 11804 301 11503 8813 4265
cat_boundaries=0 1
cat_threshold=682
is_linear=0
shrinkage=0.05


Tree=26
num_leaves=15
num_cat=1
split_feature=10 10 10 10 10 10 4 4 7 4 4 11 0 7
split_gain=1046.82 142.442 138.949 30.6458 18.4122 13.1578 9.28147 8.79997 8.52653 8.05199 9.19873 10.3568 10.9911 10.8243
threshold=4.5000000000000009 7.5000000000000009 1.5000000000000002 2.5000000000000004 9.5000000000000018 6.5000000000000009 5.1000000000000005 6.5500000000000007 41.62916666666667 1.9000000000000001 3.7750000000000004 0 4.5000000000000009 40.590000000000011
decision_type=8 8 10 10 8 10 10 10 10 8 8 9 2 8
left_child=2 5 9 -4 7 -2 8 -3 -5 -1 -11 13 -13 -12
right_child=1 4 3 6 -6 -7 -8 -9 -10 10 11 12 -14 -15
leaf_value=0.024851494522812004 -0.011655899821995233 -0.023982320083216095 0.0099773385248853284 0.0044626532137997405 -0.041677700418330799 -0.021477299572610624 -0.0033735511311038177 -0.034950680684205447 -0.014090300738870321 0.014075217220637749 0.030962266213603401 0.019735453770046318 0.0050551359744141211 0.013456640706450898
leaf_weight=628.48119477927685 1255.7417536601424 317.92551647126675 1704.0818780809641 1228.6391679048538 675.46769497543573 468.15228349715471 781.50540387630463 430.47159900888801 65.21495495736599 772.24812722206116 418.81851549446583 579.55536164343357 163.46102240681648 111.89776141941547
leaf_count=2701 23417 8697 11777 13726 23551 11426 9075 12162 754 3502 1820 2535 747 499
internal_value=-0.000349701 -0.0239895 0.0111801 0.00500864 -0.0356929 -0.0143231 0.000928824 -0.0302912 0.00352752 0.0199015 0.0183809 0.0209914 0.0162866 0.026767
internal_weight=9601.66 3147.76 6453.9 3779.44 1423.86 1723.89 2075.36 748.397 1293.85 2674.46 2045.98 1273.73 743.016 530.716
internal_count=126389 79253 47136 35332 44410 34843 23555 20859 14480 11804 9103 5601 3282 2319
cat_boundaries=0 1
cat_threshold=1345
is_linear=0
shrinkage=0.05


Tree=27
num_leaves=15
num_cat=1
split_feature=10 10 10 10 10 10 3 10 1 11 3 2 2 4
split_gain=959.006 138.164 124.422 27.369 18.5991 12.6844 9.41846 8.98453 8.07465 8.04687 11.7428 9.21697 7.91144 12.4604
threshold=4.5000000000000009 7.5000000000000009 1.5000000000000002 2.5000000000000004 10.500000000000002 5.5000000000000009 5.5000000000000009 3.5000000000000004 52.500000000000007 0 1.5000000000000002 84.500000000000014 13.500000000000002 3.2250000000000005
decision_type=8 8 10 10 8 10 10 10 10 9 10 10 8 8
left_child=2 5 -1 -4 6 -2 -3 8 -5 10 11 12 13 -9
right_child=1 4 3 7 -6 -7 -8 9 -10 -11 -12 -13 -14 -15
leaf_value=0.018802567635009943 -0.0083533483388595429 -0.023122313501549308 0.0094158331729732314 -0.011880674997880055 -0.043906902313601177 -0.01721657139799013 -0.03427397368777662 0.12199218430396415 0.0048150694363124948 -0.0068399246030804292 -0.001410534637540869 0.091334403467581801 0.0099707992454833791 -0.0023401450093106838
leaf_weight=2688.814149543643 658.32277898862958 259.4470659904182 1715.1257073283195 77.471406407654285 417.01589735224843 1043.5496827736497 700.6874512899667 4.2444127053022358 1110.4217586070299 521.17389199137688 300.44587476551533 4.4373618662357321 54.847815364599228 3.8366988524794587
leaf_count=11804 11761 7673 11777 769 15122 23082 21615 54 11009 6950 3976 53 693 51
internal_value=-0.00034033 -0.0233158 0.0105752 0.00474147 -0.03509 -0.0137881 -0.0312606 0.00088129 0.00372621 -0.00292019 0.00274522 0.0216869 0.0167758 0.0629625
internal_weight=9559.84 3079.02 6480.82 3792 1377.15 1701.87 960.135 2076.88 1187.89 888.986 367.812 67.3663 62.9289 8.08111
internal_count=126389 79253 47136 35332 44410 34843 29288 23555 11778 11777 4827 851 798 105
cat_boundaries=0 1
cat_threshold=105
is_linear=0
shrinkage=0.05


Tree=28
num_leaves=15
num_cat=3
split_feature=10 10 10 10 10 10 12 5 0 6 4 11 11 6
split_gain=878.34 133.797 111.469 24.4891 18.7075 12.1677 11.9531 14.7085 10.8778 9.4078 8.6781 10.6967 8.39755 13.0373
threshold=4.5000000000000009 7.5000000000000009 1.5000000000000002 3.5000000000000004 10.500000000000002 6.5000000000000009 0 1.1500000000000001 5.5000000000000009 2.1612500000000003 4.5500000000000007 1 2 0.10000000000000005
decision_type=8 8 10 10 8 10 1 10 2 10 10 9 9 8
left_child=2 5 -1 6 9 12 8 -8 10 -3 -4 -12 13 -2
right_child=1 4 3 -5 -6 -7 7 -9 -10 -11 11 -13 -14 -15
leaf_value=0.017768526550794677 0.060251632701453964 -0.027087588137276738 0.015091032274494065 -0.0027876949821640557 -0.043524345594402269 -0.020282723491822363 -0.00079821042996831197 0.01035874123244131 0.0024494502823994117 -0.037780856256560094 0.013304964367846013 -0.0023787523487636178 -0.0058967676189061527 -0.015426587429515207
leaf_weight=2702.6576490104198 5.7411157004535198 626.28167451918125 787.05834600329399 886.88801338523626 400.07712853699923 451.85100826621056 850.27856966853142 452.67222437262535 397.98118626326323 306.27614859864116 229.02342645823956 199.87270504981279 571.81770407781005 651.50742202997208
leaf_count=11804 109 19335 6196 11777 15122 11426 6873 3740 3233 9953 1858 1655 10894 12414
internal_value=-0.000331467 -0.0226474 0.0100045 0.00448801 -0.0344798 -0.0132667 0.0067002 0.0030545 0.00956523 -0.0305995 0.0119729 0.00625084 -0.0106874 -0.0145442
internal_weight=9519.98 3013.55 6506.43 3803.77 1332.63 1680.92 2916.89 1302.95 1613.94 932.558 1215.95 428.896 1229.07 657.249
internal_count=126389 79253 47136 35332 44410 34843 23555 10613 12942 29288 9709 3513 23417 12523
cat_boundaries=0 1 2 3
cat_threshold=9 1539 1801
is_linear=0
shrinkage=0.05


Tree=29
num_leaves=15
num_cat=2
split_feature=10 10 10 10 10 11 6 10 1 6 2 11 5 7
split_gain=805.536 148.549 73.7262 29.0893 16.8238 11.6207 13.8573 10.051 8.60339 8.38885 11.2162 8.11383 11.0033 8.42071
threshold=5.5000000000000009 2.5000000000000004 8.5000000000000018 1.5000000000000002 3.5000000000000004 0 0.97750000000000015 10.500000000000002 55.250000000000007 0.97750000000000015 175.50000000000003 1 -0.6499999999999998 39.645000000000017
decision_type=8 10 8 10 10 9 8 8 8 8 10 9 8 8
left_child=1 3 5 11 -3 8 -7 -4 -2 -10 -11 -1 -13 -14
right_child=2 4 7 -5 -6 6 -8 -9 9 10 -12 12 13 -15
leaf_value=0.013217312548110628 -0.018776550013418474 0.003192499691535686 -0.032566931376629152 0.0085076904470604876 -0.0047183329509498731 -0.0086470222164105916 -0.026683138930031686 -0.043133598414758584 -0.021567644058556726 -0.0035225135740892103 0.11162953536723602 0.033538483582764171 0.021984464690618905 0.014191072448923035
leaf_weight=1198.2351015210152 334.28383453190327 1197.2038286030293 543.81630735099316 1733.1638335436583 1532.2348863855004 129.28241060674191 604.21146773546934 383.92644197493792 76.38265473023057 229.78244760632515 2.1343139782547942 128.49269838631153 722.34245386719704 666.3386639803648
leaf_count=5245 8246 11778 18372 11777 23538 3087 15068 15122 1840 5706 51 522 3112 2925
internal_value=-0.000321966 0.00793439 -0.0260463 0.0135685 -0.00124843 -0.018702 -0.023188 -0.0369397 -0.0130179 -0.0071961 -0.00246278 0.0167987 0.0194122 0.0182449
internal_weight=9481.83 7178.01 2303.82 4448.57 2729.44 1376.08 733.494 927.743 642.583 308.299 231.917 2715.41 1517.17 1388.68
internal_count=126389 58897 67492 23581 35316 33998 18155 33494 15843 7597 5757 11804 6559 6037
cat_boundaries=0 1 2
cat_threshold=242 738
is_linear=0
shrinkage=0.05


Tree=30
num_leaves=15
num_cat=3
split_feature=10 10 10 10 10 10 6 10 3 11 5 11 6 12
split_gain=741.294 133.107 72.1059 26.2546 15.2218 11.3869 10.4111 10.1398 7.71308 8.75769 7.79418 7.44053 9.84605 8.12243
threshold=5.5000000000000009 2.5000000000000004 8.5000000000000018 1.5000000000000002 3.5000000000000004 6.5000000000000009 2.0612500000000007 10.500000000000002 1.5000000000000002 0 -0.6499999999999998 1 0.80500000000000016 2
decision_type=8 10 8 10 10 10 10 8 10 9 8 9 8 1
left_child=1 3 5 8 -3 -2 -7 -4 9 -1 -11 13 -13 -6
right_child=2 4 7 -5 11 6 -8 -9 -10 10 -12 12 -14 -15
leaf_value=0.012121792182316056 -0.012630743716250854 0.0030252332055404388 -0.031924728736533382 0.0080372668668756333 -0.0027023796215971886 -0.018200897842676908 -0.030724613462886147 -0.042734301879805647 0.013332650421114653 0.033905712365111328 0.0201407554338589 0.010988339093799215 -0.0036921519122674797 -0.012612685354951362
leaf_weight=463.78669200837612 560.70787398144603 1200.1503106579185 527.43769177608192 1742.625855922699 444.11520588770509 555.44904477521777 236.64937634579837 368.52907968685031 1414.0641295909882 119.7326554954052 728.90060611069202 145.9450264275074 525.33026805520058 410.66764550283551
leaf_count=1967 11656 11778 18372 11777 6847 15413 6929 15122 6290 482 3065 2158 8143 6390
internal_value=-0.000311887 0.00751939 -0.0253694 0.0128309 -0.00118777 -0.018083 -0.0219425 -0.0363709 0.0158947 0.0186551 0.0218257 -0.00450104 -0.000493054 -0.00755443
internal_weight=9444.09 7195.32 2248.77 4469.11 2726.21 1352.81 792.098 895.967 2726.48 1312.42 848.633 1526.06 671.275 854.783
internal_count=126389 58897 67492 23581 35316 33998 22342 33494 11804 5514 3547 23538 10301 13237
cat_boundaries=0 1 2 3
cat_threshold=114 1306 10
is_linear=0
shrinkage=0.05


Tree=31
num_leaves=15
num_cat=3
split_feature=10 10 10 10 10 11 6 10 1 12 11 4 4 4
split_gain=681.913 119.405 70.3991 23.7142 13.7929 11.4273 13.2695 10.2152 8.16978 7.39512 13.9204 9.80316 9.13927 9.0036
threshold=5.5000000000000009 2.5000000000000004 8.5000000000000018 1.5000000000000002 3.5000000000000004 0 0.97750000000000015 10.500000000000002 55.250000000000007 1 2 1.9000000000000001 3.9000000000000004 9.4500000000000011
decision_type=8 10 8 10 10 9 8 8 10 1 9 8 10 10
left_child=1 3 5 9 -3 8 -7 -4 -2 10 12 -11 -1 -14
right_child=2 4 7 -5 -6 6 -8 -9 -10 11 -12 -13 13 -15
leaf_value=0.011932612856603103 -0.016701876281697735 0.0028671148649613148 -0.031277758108154106 0.0075953546267935636 -0.0042984955598418476 -0.0076179159247933732 -0.025494530557506924 -0.042326134985852047 -0.0050304044980882465 0.023598460278623414 0.0081121748571417029 0.015014340147115293 0.041293707121186081 0.0033972636041247652
leaf_weight=79.208601951599121 374.63823943585157 1202.9467835277319 511.8303104955703 1751.5776595324278 1520.3122048303485 126.46124443411827 579.4580547939986 353.85163570567966 249.97632129490376 448.76107321679592 818.18271055817604 1284.8346886783838 86.270994022488594 19.152839213609695
leaf_count=343 9556 11778 18372 11777 23538 3087 15068 15122 6287 1877 3564 5571 369 80
internal_value=-0.000302659 0.00712635 -0.0246957 0.0121382 -0.00113323 -0.017475 -0.0219807 -0.0357938 -0.0118413 0.015046 0.0111482 0.0171376 0.0234939 0.0344089
internal_weight=9407.46 7211.25 2196.22 4487.99 2723.26 1330.53 705.919 865.682 624.615 2736.41 1002.82 1733.6 184.632 105.424
internal_count=126389 58897 67492 23581 35316 33998 18155 33494 15843 11804 4356 7448 792 449
cat_boundaries=0 1 2 3
cat_threshold=242 4 320
is_linear=0
shrinkage=0.05


Tree=32
num_leaves=15
num_cat=1
split_feature=10 10 10 10 10 10 10 6 6 11 4 0 3 8
split_gain=627.116 107.086 68.6222 21.4102 12.4772 10.9774 10.2765 10.0597 7.16672 9.69789 13.7034 9.4713 8.601 9.91386
threshold=5.5000000000000009 2.5000000000000004 8.5000000000000018 1.5000000000000002 3.5000000000000004 6.5000000000000009 10.500000000000002 2.0612500000000007 0.093750000000000028 0 6.7083333333333348 7.5000000000000009 3.5000000000000004 4.5000000000000009
decision_type=8 10 8 10 10 10 8 10 10 9 10 2 10 2
left_child=1 3 5 8 -3 -2 -4 -7 -1 -10 11 -11 13 -12
right_child=2 4 6 -5 -6 7 -8 -9 9 10 12 -13 -14 -15
leaf_value=0.018770705099005094 -0.01146301041304985 0.0027176038067110229 -0.030626524239811322 0.0071799455043549607 -0.0040990430049686975 -0.017030734354020281 -0.041908807627516864 -0.029607942560356506 0.0091817926707921278 0.014716366958748421 0.074619757112099755 -0.0089325991207309524 0.017233917927856959 0.030998333943351816
leaf_weight=663.24680259823799 545.84908422082663 1205.6010151952505 496.95945733226836 1760.0484631210566 1514.7203592993319 537.86190949752927 339.86199974268675 225.69915252737701 1075.8178185224533 723.60207751393318 14.80554850399494 44.968586415052414 115.15046115219593 108.31606869399548
leaf_count=2744 11656 11778 18372 11777 23538 15413 15122 6929 4714 3152 61 199 486 448
internal_value=-0.000292903 0.0067556 -0.0240249 0.0114849 -0.00107802 -0.0168776 -0.0352086 -0.0207484 0.0142442 0.0128027 0.0164175 0.0133327 0.0270569 0.0362439
internal_weight=9372.51 7226.28 2146.23 4505.96 2720.32 1309.41 836.821 763.561 2745.91 2082.66 1006.84 768.571 238.272 123.122
internal_count=126389 58897 67492 23581 35316 33998 33494 22342 11804 9060 4346 3351 995 509
cat_boundaries=0 1
cat_threshold=682
is_linear=0
shrinkage=0.05


Tree=33
num_leaves=15
num_cat=1
split_feature=10 10 10 10 10 11 6 10 1 6 2 6 6 5
split_gain=576.549 96.0978 66.7709 19.3493 11.2859 11.1666 12.6503 10.323 7.82444 8.27546 10.8011 7.14822 7.72903 7.56816
threshold=5.5000000000000009 2.5000000000000004 8.5000000000000018 1.5000000000000002 3.5000000000000004 0 0.97750000000000015 10.500000000000002 55.250000000000007 0.97750000000000015 177.50000000000003 4.0050000000000017 3.1816666666666675 5.2500000000000009
decision_type=8 10 8 10 10 9 8 8 8 8 10 10 10 10
left_child=1 3 5 -1 11 8 -7 -4 -2 -10 -11 12 13 -3
right_child=2 4 7 -5 -6 6 -8 -9 9 10 -12 -13 -14 -15
leaf_value=0.013491642833568169 -0.016402469248122827 0.0023151715681287454 -0.029971567432686249 0.0067892056315942209 -0.0039081676889894086 -0.0066631503123387031 -0.024325325787564356 -0.041482045566889593 -0.019741977250705759 -0.0013634035486116581 0.11176197879101278 0.027642698098368463 -0.023102934608807055 0.053492363783986509
leaf_weight=2754.2220733314753 313.45083576068282 1143.1442182287574 482.79190896265209 1768.065604954958 1509.4037187732756 123.94550916180015 556.8569161593914 326.52941352128983 72.390303894877434 220.44112600572407 2.1304211914539328 27.787225134670734 29.919010914862156 7.2699354588985434
leaf_count=11804 8246 11154 18372 11777 23538 3087 15068 15122 1840 5709 48 260 293 71
internal_value=-0.000283089 0.0064057 -0.023359 0.0108712 -0.00102544 -0.0162925 -0.0208042 -0.0346156 -0.0107258 -0.00505685 -0.000280584 0.0025762 0.00198609 0.00263858
internal_weight=9338.35 7239.81 2098.54 4522.29 2717.52 1289.22 680.802 809.321 608.413 294.962 222.572 1208.12 1180.33 1150.41
internal_count=126389 58897 67492 23581 35316 33998 18155 33494 15843 7597 5757 11778 11518 11225
cat_boundaries=0 1
cat_threshold=242
is_linear=0
shrinkage=0.05


Tree=34
num_leaves=15
num_cat=1
split_feature=10 10 10 10 10 10 3 2 5 11 7 5 0 4
split_gain=529.847 86.2383 64.9348 18.1318 17.4615 10.4609 10.2576 8.48602 8.67139 7.44444 9.77995 7.08419 7.063 7.05692
threshold=5.5000000000000009 2.5000000000000004 7.5000000000000009 10.500000000000002 1.5000000000000002 4.5000000000000009 5.5000000000000009 219.50000000000003 0.95000000000000007 0 38.677500000000016 1.2250000000000003 3.5000000000000004 5.1000000000000005
decision_type=8 10 8 8 10 10 10 10 8 9 10 8 2 10
left_child=1 4 12 6 -1 7 -4 13 -9 -7 11 -11 -2 -3
right_child=2 5 3 -5 -6 9 -8 8 -10 10 -12 -13 -14 -15
leaf_value=0.012776399385008722 -0.019432520342635592 0.0027391356776990915 -0.01766896855824698 -0.041045621654195542 0.006421453457044559 -0.011319071806091515 -0.030348827018222592 -0.0092689409315341777 0.072687027668101839 0.0024067887702864717 0.0050159963360871616 -0.029432738649103438 -0.010081450775083005 -0.0033003811112492414
leaf_weight=2762.7611636817455 294.0074193701148 1293.7800808697939 219.90163682028651 313.82427360862494 1775.6547401696444 350.37442507967353 580.66792963817716 5.3409605920314771 8.1563234403729421 29.742814339697361 212.68211840465665 42.339046351611614 644.80035888776183 772.4468597099185
leaf_count=11804 7255 14393 7673 15122 11777 6511 21615 56 86 546 3923 781 15827 9020
internal_value=-0.000274172 0.00607331 -0.0226977 -0.0308591 0.01029 -0.000975753 -0.0268659 0.000739437 0.0402565 -0.00659204 -0.000365569 -0.0162949 -0.0130099 0.000481298
internal_weight=9306.48 7253.28 2053.2 1114.39 4538.42 2714.86 800.57 2079.72 13.4973 635.138 284.764 72.0819 938.808 2066.23
internal_count=126389 58897 67492 44410 23581 35316 29288 23555 142 11761 5250 1327 23082 23413
cat_boundaries=0 1
cat_threshold=1305
is_linear=0
shrinkage=0.05


Tree=35
num_leaves=15
num_cat=3
split_feature=10 10 10 10 11 6 10 12 2 2 10 11 0 10
split_gain=486.704 77.4606 63.2548 15.7616 10.8891 12.1824 10.5591 10.1779 9.02061 10.2537 7.6534 7.74091 8.29326 7.59927
threshold=5.5000000000000009 2.5000000000000004 8.5000000000000018 1.5000000000000002 0 1.855 11.500000000000002 1 221.50000000000003 257.50000000000006 4.5000000000000009 2 6.5000000000000009 3.5000000000000004
decision_type=8 10 8 10 9 8 8 1 10 8 10 9 2 10
left_child=1 3 4 -1 -2 -6 -4 8 13 -10 11 12 -9 -3
right_child=2 7 6 -5 5 -7 -8 10 9 -11 -12 -13 -14 -15
leaf_value=0.01210206673496339 -0.0096386265194677006 0.0057167976134061566 -0.030241278969984693 0.0060751486262856976 -0.014080750692910208 -0.027843197089250073 -0.044339044760976887 0.004748741821525522 0.10278267559356269 0.003820946824586897 -0.010857655830135973 -0.0061177067655039021 -0.01828628062941717 -0.0017094414851694323
leaf_weight=2770.6590520441532 593.35030236281455 636.97151216864586 587.3848331887275 1782.8399813771248 377.47480976581573 280.12929069437087 171.62943629175425 436.21834073960781 4.7302326261997196 5.8603649735450754 317.87473803386092 517.68650582432747 42.918381109833717 750.22732952237129
leaf_count=11804 15843 6179 24892 11777 10049 8106 8602 4932 55 66 5932 5944 492 11716
internal_value=-0.000265969 0.00575783 -0.0220419 0.00974234 -0.0151327 -0.0196446 -0.0334291 -0.000931023 0.00203691 0.0480217 -0.00407107 -0.00194775 0.00263049 0.00170053
internal_weight=9275.96 7265.99 2009.97 4553.5 1250.95 657.604 759.014 2712.49 1397.79 10.5906 1314.7 996.823 479.137 1387.2
internal_count=126389 58897 67492 23581 33998 18155 33494 35316 18016 121 17300 11368 5424 17895
cat_boundaries=0 1 2 3
cat_threshold=242 10 233
is_linear=0
shrinkage=0.05


Tree=36
num_leaves=15
num_cat=3
split_feature=10 10 10 10 12 6 11 6 7 11 4 2 7 2
split_gain=447.121 99.2325 34.3219 19.5964 14.6849 15.6272 14.7377 13.6645 13.4137 11.9186 10.7046 10.499 10.3086 10.2367
threshold=6.5000000000000009 2.5000000000000004 9.5000000000000018 4.5000000000000009 0 2.4450000000000007 1 2.0612500000000007 38.545000000000009 2 2.1000000000000005 16.500000000000004 36.677500000000009 104.50000000000001
decision_type=8 10 8 10 1 8 9 10 8 9 8 8 8 10
left_child=1 4 7 -3 5 9 -6 -2 11 10 -1 -7 -8 -11
right_child=2 3 -4 -5 6 8 12 -9 -10 13 -12 -13 -14 -15
leaf_value=0.012450547151682973 -0.016484232765082239 0.00066581348315616071 -0.03687388718271651 -0.0074725870596511843 0.013260030458757635 0.077383176424166103 0.026942225247782243 -0.029257936686796771 0.015462832294872275 0.013530688318135845 0.00022089170068258159 0.029210290860007978 0.0023618414388714088 -0.0096273171164621592
leaf_weight=277.15166857838631 677.34972642920911 2081.9274059087038 469.39847870729864 1147.278594058007 479.40201851725578 13.093514040112494 44.030321761965752 303.02632014453411 527.03453740477562 1224.4879949390888 504.87623912096024 83.057057335972786 1364.8244679421186 49.654963806271553
leaf_count=1369 21641 23555 23551 23417 2493 62 224 10644 2627 6246 2740 382 7188 250
internal_value=-0.000258111 0.00448304 -0.0257558 -0.00222561 0.00922591 0.0116166 0.00574172 -0.0204325 0.0185961 0.00955773 0.00449759 0.0357703 0.00310798 0.0125299
internal_weight=9246.59 7796.82 1449.77 3229.21 4567.61 2679.36 1888.26 980.376 623.185 2056.17 782.028 96.1506 1408.85 1274.14
internal_count=126389 70553 55836 46972 23581 13676 9905 32285 3071 10605 4109 444 7412 6496
cat_boundaries=0 1 2 3
cat_threshold=9 832 248
is_linear=0
shrinkage=0.05


Tree=37
num_leaves=15
num_cat=1
split_feature=10 10 10 10 10 6 1 0 2 5 11 5 0 4
split_gain=412.542 89.1947 33.6577 17.8349 14.0314 13.1523 7.63885 7.28406 9.43442 9.21032 7.08228 9.02176 7.59162 7.32992
threshold=6.5000000000000009 2.5000000000000004 9.5000000000000018 4.5000000000000009 1.5000000000000002 2.0612500000000007 55.250000000000007 6.5000000000000009 219.50000000000003 0.95000000000000007 0 -0.6499999999999998 4.5000000000000009 1.9000000000000001
decision_type=8 10 8 10 10 10 10 2 10 8 9 8 2 8
left_child=1 4 5 7 10 6 -2 8 -3 -10 12 -12 -1 -13
right_child=2 3 -4 -5 -6 -7 -8 -9 9 -11 11 13 -14 -15
leaf_value=0.010288284694780108 -0.020527202428253139 0.0014052007246211943 -0.036325756650083092 -0.0071479055555282089 0.0052959315730597466 -0.02859172884286856 -0.0097090013670904311 -0.0075709638122363893 -0.0065367258041866107 0.081560622528742119 0.02604621364544504 0.018462356176374733 0.0013642946631844915 0.010153239808714718
leaf_weight=905.46333546936512 382.29837041161954 1831.2697026357055 453.07392018660903 1139.622488848865 1799.1084370613098 294.79419849440455 284.69189022108912 239.50100504606962 5.0314026251435262 7.2300719991326332 128.39702653884888 352.64539837837219 323.44960552453995 1073.0287915766239
leaf_count=3834 12483 20688 23551 23417 11777 10644 9158 2745 52 70 522 1460 1411 4577
internal_value=-0.000248714 0.00425452 -0.0250898 -0.00211908 0.00873717 -0.0197968 -0.0159097 0.000632179 0.00169788 0.0454105 0.0109618 0.0132664 0.00787541 0.0122085
internal_weight=9219.61 7804.75 1414.86 3222.65 4582.09 961.784 666.99 2083.03 1843.53 12.2615 2782.98 1554.07 1228.91 1425.67
internal_count=126389 70553 55836 46972 23581 32285 21641 23555 20810 122 11804 6559 5245 6037
cat_boundaries=0 1
cat_threshold=738
is_linear=0
shrinkage=0.05


Tree=38
num_leaves=15
num_cat=2
split_feature=10 10 10 10 12 6 11 6 7 4 2 7 2 2
split_gain=380.472 80.232 32.947 16.2232 13.0086 13.9219 13.2384 12.7081 11.8192 10.9145 9.49011 9.19873 9.13912 9.10435
threshold=6.5000000000000009 2.5000000000000004 9.5000000000000018 4.5000000000000009 0 2.4450000000000007 1 1.855 38.545000000000009 9.7750000000000021 31.500000000000004 36.677500000000009 28.500000000000004 16.500000000000004
decision_type=8 10 8 10 1 8 9 10 8 10 8 8 10 8
left_child=1 4 7 -3 5 9 -6 12 13 -1 -11 -8 -2 -7
right_child=2 3 -4 -5 6 8 11 -9 -10 10 -12 -13 -14 -15
leaf_value=0.0079431428923763397 -0.011883458828574913 0.00059965689659431057 -0.035768348961862588 -0.0068353259473363211 0.012104788682939349 0.071468911029389431 0.024903289362248556 -0.026541386050846084 0.014144945960522591 0.044193821103642859 0.003248601443359755 0.001817087911695442 -0.029005182596310436 0.027005744907876324
leaf_weight=2006.9305403828621 490.34953352622688 2084.0686687380075 437.52481649443507 1132.341073743999 482.95378637313843 13.348853290081022 44.551501020789146 361.07335653342307 530.8902790248394 39.080104678869247 22.185239002108574 1369.8946874886751 92.66682998649776 83.713031262159348
leaf_count=10311 16044 23555 23551 23417 2493 62 224 13233 2627 188 106 7188 3008 382
internal_value=-0.000240167 0.00403847 -0.0244263 -0.00201784 0.00827911 0.0105185 0.0050151 -0.0191701 0.017078 0.00857777 0.0293668 0.00252638 -0.0146049 0.0331207
internal_weight=9191.57 7809.96 1381.61 3216.41 4593.55 2696.15 1897.4 944.09 627.952 2068.2 61.2653 1414.45 583.016 97.0619
internal_count=126389 70553 55836 46972 23581 13676 9905 32285 3071 10605 294 7412 19052 444
cat_boundaries=0 1 2
cat_threshold=9 832
is_linear=0
shrinkage=0.05


Tree=39
num_leaves=15
num_cat=3
split_feature=10 10 10 10 6 0 12 5 2 11 11 7 7 5
split_gain=350.741 72.8818 32.1945 23.2314 12.253 8.76132 10.0521 13.3422 8.70922 11.09 8.16724 7.06892 7.98071 7.60579
threshold=6.5000000000000009 3.5000000000000004 9.5000000000000018 1.5000000000000002 2.0816666666666674 5.5000000000000009 0 1.1500000000000001 19.500000000000004 1 2 38.963333333333345 40.422500000000007 1.8500000000000003
decision_type=8 10 8 10 10 2 1 8 10 9 9 8 8 10
left_child=1 3 4 -1 -2 6 -5 -8 9 11 -7 -9 13 -13
right_child=2 -3 -4 5 -6 10 7 8 -10 -11 -12 12 -14 -15
leaf_value=0.0099489017746248621 -0.01482078019193723 -0.0044138937668846611 -0.035201877288306718 0.0080254371731272103 -0.027405307826224412 0.0036751543645319276 -0.00397066919549173 -0.01200905473691031 0.013996363915888852 -0.004791143074749548 -0.007620922198081294 0.05487660813590485 0.0050568552217219679 0.014278960769479213
leaf_weight=2792.7510476112366 652.29382405802608 1995.1589494310319 422.71550625562668 1271.8598600551486 274.95442577637732 333.63881358504295 559.07831930369139 18.957913406193256 245.87949997186661 223.52744304388762 290.90616286545992 24.518881373107433 38.91368817538023 21.788953833281994
leaf_count=11804 21827 35194 23551 9709 10458 2614 4394 150 1922 1777 2301 196 315 177
internal_value=-0.000231166 0.00383319 -0.0237659 0.0066595 -0.0185524 0.00362673 0.00499719 0.0015126 0.00688354 0.00154677 -0.00164961 0.0142386 0.0217482 0.0357744
internal_weight=9166.94 7816.98 1349.96 5821.82 927.248 3029.07 2404.52 1132.66 573.586 327.707 624.545 104.179 85.2215 46.3078
internal_count=126389 70553 55836 35359 32285 23555 18640 8931 4537 2615 4915 838 688 373
cat_boundaries=0 1 2 3
cat_threshold=9 769 1378
is_linear=0
shrinkage=0.05


Tree=40
num_leaves=15
num_cat=2
split_feature=10 10 10 10 6 2 8 2 11 1 7 12 7 7
split_gain=323.159 65.6438 31.4049 20.9476 11.75 8.82431 8.1252 11.5486 11.4432 7.399 8.15819 6.93542 9.90261 10.0265
threshold=6.5000000000000009 3.5000000000000004 9.5000000000000018 1.5000000000000002 1.855 28.500000000000004 4.5000000000000009 40.500000000000007 0 55.250000000000007 37.677500000000016 1 37.410000000000011 38.010000000000012
decision_type=8 10 8 10 10 10 2 10 9 10 8 1 8 8
left_child=1 3 4 -1 5 9 7 11 -8 10 -2 -5 -13 -14
right_child=2 -3 -4 6 -6 -7 8 -9 -10 -11 -12 12 13 -15
leaf_value=0.0094322730048143465 0.020065968358956691 -0.0042098006422312652 -0.034626598934411133 -0.00047777586738604547 -0.02523420485031912 -0.027983942659894113 -0.0059463968598324453 0.019630524014109078 0.0034460455262866271 -0.0036632822809458594 -0.018286981628258189 -0.019120800297454998 0.040196108120108709 0.0085347160401116392
leaf_weight=2798.2846378087997 14.652282185852526 1987.4918961413205 408.61189314909279 377.89332767575979 344.03487157821655 88.939145028591156 399.27478439360857 153.4766913279891 1563.8501237630844 205.3542455136776 258.22686900570989 30.587599694728851 26.364207960665226 485.02304276823997
leaf_count=11804 495 35194 23551 2968 13233 3008 3159 1156 12159 6808 8741 233 195 3685
internal_value=-0.00022321 0.00363821 -0.0231089 0.00631148 -0.0179441 -0.013522 0.00343549 0.00693339 0.001523 -0.0108325 -0.0162276 0.00481491 0.00835982 0.010167
internal_weight=9142.07 7822.25 1319.82 5834.75 911.207 567.173 3036.47 1073.34 1963.12 478.233 272.879 919.868 541.975 511.387
internal_count=126389 70553 55836 35359 32285 19052 23555 8237 15318 16044 9236 7081 4113 3880
cat_boundaries=0 1 2
cat_threshold=152 4
is_linear=0
shrinkage=0.05


Tree=41
num_leaves=15
num_cat=3
split_feature=10 10 10 10 0 6 12 6 11 2 11 0 7 6
split_gain=297.627 59.5015 30.5765 13.076 12.2984 11.34 10.4849 12.1613 10.7842 10.5567 9.53507 10.6062 10.0682 8.19831
threshold=6.5000000000000009 2.5000000000000004 9.5000000000000018 4.5000000000000009 4.5000000000000009 2.0816666666666674 0 3.1816666666666675 1 7.5000000000000009 2 9.5000000000000018 40.510000000000012 0.70500000000000018
decision_type=8 10 8 10 2 10 1 8 9 8 9 2 10 8
left_child=1 4 5 -3 6 -2 7 -1 -8 -9 11 12 -6 -10
right_child=2 3 -4 -5 10 -7 8 9 13 -11 -12 -13 -14 -15
leaf_value=0.0093199295957249184 -0.013734779901231044 0.00055204894506562447 -0.034042821045725973 -0.0061525182314856831 0.012751896594120944 -0.026106748014088882 0.012530007263087894 0.06121731369222988 0.011161882174376277 0.017778339361061459 0.00079809882567393137 0.057386175916217974 -0.0055649737354712455 0.00031886182002786477
leaf_weight=1342.0441215485334 634.37069545872509 2085.031321503222 395.18129866011441 1116.7330224514008 322.07344010472298 261.5899280551821 387.66134588420391 14.539987057447432 224.33749483525753 367.42293994128704 1076.0674282163382 11.389086812734602 97.804217159748077 781.99053759872913
leaf_count=6766 21827 23555 23551 23417 1620 10458 1965 75 1134 1731 5642 56 525 4067
internal_value=-0.000215583 0.00345333 -0.0224571 -0.00178642 0.00708041 -0.017347 0.00887304 0.0114936 0.00551007 0.0194319 0.00337227 0.00955509 0.00848526 0.00270914
internal_weight=9118.24 7827.09 1291.14 3201.76 4625.33 895.961 3118 1724.01 1393.99 381.963 1507.33 431.267 419.878 1006.33
internal_count=126389 70553 55836 46972 23581 32285 15738 8572 7166 1806 7843 2201 2145 5201
cat_boundaries=0 1 2 3
cat_threshold=9 832 1056
is_linear=0
shrinkage=0.05


Tree=42
num_leaves=15
num_cat=3
split_feature=10 10 10 10 6 0 12 5 7 11 7 11 5 7
split_gain=273.982 53.8835 29.7213 17.838 10.8257 7.45863 8.15938 12.1686 8.2843 7.0904 6.93807 6.66012 8.24933 7.28584
threshold=6.5000000000000009 3.5000000000000004 9.5000000000000018 1.5000000000000002 2.0816666666666674 5.5000000000000009 0 1.1500000000000001 37.677500000000016 1 40.145000000000017 2 -0.84999999999999998 39.645000000000017
decision_type=8 10 8 10 10 2 1 8 8 9 10 9 8 8
left_child=1 3 4 11 -2 6 -5 10 -9 -7 -8 -1 -13 -14
right_child=2 -3 -4 5 -6 9 7 8 -10 -11 -12 12 13 -15
leaf_value=0.0056603416246140108 -0.013221995173539792 -0.0038646908905159367 -0.033450899356425062 0.0070017065423664442 -0.02543970220769573 0.0031159974383821744 -0.00053846146657065489 0.029813201811284797 0.0047403774586914057 -0.007406715899281895 -0.012826855856010967 0.025065701955443651 0.013254453076281867 0.0062088788473812773
leaf_weight=1240.1835929453373 626.23633085936308 1974.4441569298506 382.39252078346908 1287.4544842168689 255.19133885018528 336.0786077901721 398.45371866971254 35.073336802423 542.90127146989107 289.90322561562061 161.39039999246597 95.493018418550491 770.79059880971909 700.31772129237652
leaf_count=5245 21827 35194 23551 9709 10458 2614 3103 268 4269 2301 1291 390 3208 2961
internal_value=-0.000207053 0.00327866 -0.0218096 0.00568632 -0.0167593 0.00304006 0.00429598 0.00116266 0.00626188 -0.0018258 -0.00408093 0.00856306 0.0107562 0.00990042
internal_weight=9096.3 7832.48 1263.82 5858.04 881.428 3051.26 2425.27 1137.82 577.975 625.982 559.844 2806.78 1566.6 1471.11
internal_count=126389 70553 55836 35359 32285 23555 18640 8931 4537 4915 4394 11804 6559 6169
cat_boundaries=0 1 2 3
cat_threshold=9 1378 738
is_linear=0
shrinkage=0.05


Tree=43
num_leaves=15
num_cat=2
split_feature=10 10 10 10 0 6 6 6 7 2 11 11 4 7
split_gain=252.096 48.6523 28.839 11.2077 10.8037 10.3833 8.95224 9.81058 13.0367 11.7888 13.6177 11.0923 10.3867 8.88641
threshold=6.5000000000000009 2.5000000000000004 9.5000000000000018 4.5000000000000009 4.5000000000000009 1.855 0.72250000000000025 1.6950000000000005 38.263333333333343 35.500000000000007 0 1 9.4500000000000011 39.622500000000009
decision_type=8 10 8 10 2 10 10 10 10 10 9 9 10 8
left_child=1 4 5 -3 6 -2 -1 8 11 10 -9 -8 -11 -6
right_child=2 3 -4 -5 13 -7 7 9 -10 12 -12 -13 -14 -15
leaf_value=0.011193436934962503 -0.011985024073839015 0.00051995650916806559 -0.032851227974217724 -0.0057050570534348906 0.0063285532182957918 -0.023310491398034597 0.025252989664365164 -0.0021897654435862487 -9.6567618993906518e-05 0.028152696234607658 0.012860745768243696 0.0013988916951444309 -0.011197933620973701 -0.0013909553503937396
leaf_weight=1317.0549151152372 546.04093930311501 2085.8063814416528 370.21572003141046 1106.7206973731518 841.20706611871719 321.55563166737556 95.520381420850754 247.04855790734291 844.87786327302456 125.70421314239502 377.79388125240803 105.18466737866402 19.350704148411751 669.53850603103638
leaf_count=6393 19052 23555 23551 23417 4281 13233 471 1283 4406 637 1932 519 97 3562
internal_value=-0.00019901 0.00311343 -0.021168 -0.00163801 0.00638032 -0.0161826 0.00805523 0.00577859 0.00262461 0.0100619 0.00708089 0.0140795 0.0229032 0.00290739
internal_weight=9073.62 7835.81 1237.81 3192.53 4643.28 867.597 3132.54 1815.48 1045.58 769.897 624.842 200.705 145.055 1510.75
internal_count=126389 70553 55836 46972 23581 32285 15738 9345 5396 3949 3215 990 734 7843
cat_boundaries=0 1 2
cat_threshold=184 323
is_linear=0
shrinkage=0.05


Tree=44
num_leaves=15
num_cat=2
split_feature=10 10 10 10 6 3 8 2 11 2 4 1 11 8
split_gain=231.875 44.2804 27.9922 15.2044 12.9128 8.11878 6.85077 9.87736 9.68675 6.53914 7.34963 7.03631 7.24883 7.23123
threshold=6.5000000000000009 3.5000000000000004 10.500000000000002 1.5000000000000002 2.1612500000000003 5.5000000000000009 4.5000000000000009 40.500000000000007 0 28.500000000000004 3.6333333333333337 55.250000000000007 1 4.5000000000000009
decision_type=8 10 8 10 10 8 2 10 9 10 8 10 9 2
left_child=1 3 4 -1 5 -2 7 -5 -8 11 -11 -7 13 -13
right_child=2 -3 -4 6 -6 9 8 -9 -10 10 -12 12 -14 -15
leaf_value=0.0077830432232583987 -0.0050233283565068931 -0.0035450876826726959 -0.036575415373322061 0.0039233367298251096 -0.026094256886183255 -0.019875780383714903 -0.0059332904627071754 0.017485175844643833 0.0026979893287444137 0.056883106977083521 -0.033838491408672108 -0.017364750394127576 -0.01593482406716841 0.013258035368543501
leaf_weight=2813.50950114429 206.55905624851584 1962.4997124485672 222.12110183946788 929.83241380751133 277.24775568023324 254.00607639923692 399.06959820538759 156.91635832190514 1578.47519518435 2.3077067155390969 68.468466443940997 27.853346887975931 91.876218363642693 62.616657692939043
leaf_count=11804 7552 35194 15122 7081 12922 10249 3159 1156 12159 87 2777 1059 3607 2461
internal_value=-0.000189615 0.00295789 -0.0205328 0.00512912 -0.0169368 -0.0133793 0.0026924 0.00588154 0.000939832 -0.0167828 -0.0308805 -0.0144962 -0.00700246 0.00344886
internal_weight=9053.36 7840.3 1213.06 5877.8 990.935 713.688 3064.29 1086.75 1977.54 507.128 70.7762 436.352 182.346 90.47
internal_count=126389 70553 55836 35359 40714 27792 23555 8237 15318 20240 2864 17376 7127 3520
cat_boundaries=0 1 2
cat_threshold=152 179
is_linear=0
shrinkage=0.05


Tree=45
num_leaves=15
num_cat=3
split_feature=10 10 10 12 1 4 0 4 5 4 11 5 5 11
split_gain=214.627 55.2757 16.568 13.8004 13.2107 11.5403 9.66155 12.3588 11.902 13.1519 9.72552 10.1202 9.23678 8.33669
threshold=7.5000000000000009 3.5000000000000004 11.500000000000002 0 55.250000000000007 1.9000000000000001 3.5000000000000004 7.4500000000000011 2.1500000000000008 8.6333333333333346 1 0.35000000000000003 1.5500000000000003 2
decision_type=8 10 8 1 10 10 2 10 10 10 9 10 10 9
left_child=1 3 4 6 -2 -5 -1 10 -9 -10 -8 -12 -6 -7
right_child=2 -3 -4 5 12 13 7 8 9 -11 11 -13 -14 -15
leaf_value=0.0053777912958801084 -0.026780881629830749 -0.0042795553312126771 -0.041238608309445139 0.011360655295648133 -0.0045829696544556859 0.0079653848969802113 -0.0082396579716604197 0.006468775130631977 0.093026850758378285 0.015419943781154331 0.0075546729153100865 -0.0044860784050543903 -0.022421076208481227 0.0022385037914753377
leaf_weight=1040.4632850959897 435.83012074511498 2297.9567869585007 121.22355958633125 1004.9490163847804 153.34501770138741 1250.4895170629025 451.62884560972452 80.021592602133751 9.3351287320256251 13.148405760526655 326.60970228910446 374.73554491251707 137.77199146710336 1335.8539346083999
leaf_count=6317 21779 46620 8602 5277 7074 7474 2857 533 64 82 1906 2470 6955 8379
internal_value=-0.000183794 0.00229714 -0.0241258 0.00486421 -0.0212721 0.00679474 0.00180702 -0.00113783 0.0154998 0.0476422 -0.00261699 0.00110542 -0.0130249 0.00504689
internal_weight=9033.36 8185.19 848.171 5887.23 726.947 3591.29 2295.94 1255.48 102.505 22.4835 1152.97 701.345 291.117 2586.34
internal_count=126389 81979 44410 35359 35808 21130 14229 7912 679 146 7233 4376 14029 15853
cat_boundaries=0 1 2 3
cat_threshold=4 1161 1539
is_linear=0
shrinkage=0.05


Tree=46
num_leaves=15
num_cat=1
split_feature=10 10 10 10 1 5 4 7 5 7 5 11 4 2
split_gain=198.121 49.8546 16.3129 13.4075 12.6591 8.67273 8.2952 8.2288 7.59056 8.67583 7.52135 8.02159 8.80893 8.78357
threshold=7.5000000000000009 3.5000000000000004 11.500000000000002 1.5000000000000002 55.250000000000007 1.5500000000000003 6.4500000000000011 38.922500000000007 4.2500000000000009 44.010000000000012 0.45000000000000007 0 3.6333333333333337 14.500000000000002
decision_type=8 10 8 10 10 10 8 8 10 10 8 9 8 10
left_child=1 3 4 -1 6 10 -2 -8 9 -3 -6 12 -12 -14
right_child=2 8 -4 -5 5 -7 7 -9 -10 -11 11 -13 13 -15
leaf_value=0.0071030219428958197 -0.015955469814069839 -0.0036062645362492465 -0.040821332405764257 0.002330583692247886 -0.022111148560158 -0.021774583537572674 -0.0093583456226874733 -0.034229716726985868 -0.01742915564848993 0.064502005278586086 0.15094363378785136 -0.0052210963131843289 0.052916670122428323 -0.010339253923503079
leaf_weight=2819.517191439867 136.31002081371844 2182.8177893310785 116.46063897944987 3078.5123107209802 42.951012753881514 134.84495651070029 38.356273926794529 250.13045688346028 101.77627529390156 4.6857868861407033 1.4832289014011646 85.967078649438918 12.480475388467314 9.7949983384460193
leaf_count=11804 6407 44234 8602 23555 1974 6955 1971 13401 2283 103 63 4009 562 466
internal_value=-0.000176945 0.00218123 -0.0234727 0.00461202 -0.0206363 -0.0125344 -0.0261201 -0.0309229 -0.00408139 -0.00346037 -0.00437338 0.00256989 0.0231951 0.0251017
internal_weight=9016.09 8187.31 828.779 5898.03 712.319 287.522 424.797 288.487 2289.28 2187.5 152.677 109.726 23.7587 22.2755
internal_count=126389 81979 44410 35359 35808 14029 21779 15372 46620 44337 7074 5100 1091 1028
cat_boundaries=0 1
cat_threshold=18
is_linear=0
shrinkage=0.05


Tree=47
num_leaves=15
num_cat=3
split_feature=10 10 10 12 1 4 11 1 7 0 4 5 4 11
split_gain=182.877 44.9867 16.0274 12.3533 12.0921 10.2926 9.88341 9.10391 8.78613 8.67531 11.0847 10.3283 10.944 8.804
threshold=7.5000000000000009 3.5000000000000004 11.500000000000002 0 55.250000000000007 2.1000000000000005 1 54.250000000000007 38.110000000000014 3.5000000000000004 7.4500000000000011 2.1500000000000008 8.5500000000000025 2
decision_type=8 10 8 1 10 10 9 8 8 2 10 10 10 9
left_child=1 3 4 9 -2 7 -7 -5 -9 -1 13 -12 -13 -11
right_child=2 -3 -4 5 -6 6 -8 8 -10 10 11 12 -14 -15
leaf_value=0.0048615895419929014 -0.025461638685911 -0.0038921104333654575 -0.040393353314273406 0.027303956104669652 -0.012069833946169645 0.0074783284949107645 0.0010278844969427209 0.01963497727523757 0.0070948828281949539 -0.0080708664231867767 0.0059124104770389499 0.087103257326027916 0.016426495231956557 0.00082827675405712216
leaf_weight=1044.3863209784031 414.3022550502792 2281.0334189403802 111.92516539618373 71.241318382322788 284.18814361002296 1203.2851599231362 1187.5844214707613 162.88919414579868 980.34251923859119 450.53994304686785 80.385329261422157 8.9546031504869479 14.104627646505831 702.61196504533291
leaf_count=6317 21779 46620 8602 398 14029 7181 7529 799 5223 2857 533 58 88 4376
internal_value=-0.000170837 0.00207183 -0.0228277 0.00437511 -0.020013 0.00619671 0.00430986 0.00996227 0.00888161 0.0014875 -0.00130494 0.0143742 0.0438724 -0.00271145
internal_weight=8997.77 8187.36 810.416 5906.33 698.49 3605.34 2390.87 1214.47 1143.23 2300.98 1256.6 103.445 23.0592 1153.15
internal_count=126389 81979 44410 35359 35808 21130 14710 6420 6022 14229 7912 679 146 7233
cat_boundaries=0 1 2 3
cat_threshold=4 1539 1161
is_linear=0
shrinkage=0.05


Tree=48
num_leaves=15
num_cat=4
split_feature=10 10 10 6 0 12 11 11 0 7 3 11 4 6
split_gain=168.708 30.1487 25.0149 12.0436 9.21689 8.88022 8.14155 8.00452 9.13924 8.78329 7.41066 7.05894 10.4991 9.70612
threshold=6.5000000000000009 2.5000000000000004 10.500000000000002 2.1612500000000003 4.5000000000000009 0 1 2 9.5000000000000018 40.863333333333337 5.5000000000000009 3 1.7750000000000001 1.5225000000000004
decision_type=8 10 8 10 2 1 9 9 2 10 8 9 10 10
left_child=1 4 3 10 6 11 -1 8 9 -6 -2 13 -13 -3
right_child=2 5 -4 -5 7 -7 -8 -9 -10 -11 -12 12 -14 -15
leaf_value=-0.0022548142370766048 -0.0032262273999818149 0.00070658392144576333 -0.034512533361895033 -0.0240444071592593 0.0093839044175687489 -0.0040408025554686715 0.0072488102920664323 -0.00054035763443895752 0.051303106559757339 -0.010876931618561757 -0.014703253000577657 0.013874974042244788 -0.0036999935886253749 0.012649552637047074
leaf_weight=245.22255937755108 199.06922760047019 492.31894182041287 195.03939417935908 257.03664812166244 361.93077708780766 1536.7560618855059 2913.3070799708366 1084.0842729210854 11.636790618300436 62.767962709069252 479.27214208059013 95.243736069649458 788.36109927296638 259.94788992032409
leaf_count=1229 7552 7034 15122 12922 1816 23150 14509 5642 56 329 20240 1235 11712 3841
internal_value=-0.000164301 0.00243581 -0.018224 -0.0148276 0.00498711 -0.00132681 0.00652678 0.00178859 0.0074173 0.00638947 -0.0113352 0.00123987 -0.00178538 0.0047701
internal_weight=8981.99 7851.58 1130.42 935.378 4678.95 3172.63 3158.53 1520.42 436.336 424.699 678.341 1635.87 883.605 752.267
internal_count=126389 70553 55836 40714 23581 46972 15738 7843 2201 2145 27792 23822 12947 10875
cat_boundaries=0 1 2 3 4
cat_threshold=10 32 1056 242
is_linear=0
shrinkage=0.05


Tree=49
num_leaves=15
num_cat=1
split_feature=10 10 10 10 1 11 7 0 2 6 3 7 4 7
split_gain=156.597 37.6422 15.5082 15.2296 11.6981 10.3259 13.2191 8.55886 11.6086 8.491 9.52474 8.71016 8.20402 8.30233
threshold=7.5000000000000009 4.5000000000000009 11.500000000000002 1.5000000000000002 55.250000000000007 0 38.477500000000013 5.5000000000000009 28.500000000000004 0.50500000000000023 6.5000000000000009 39.090000000000011 6.4500000000000011 38.922500000000007
decision_type=8 10 8 10 10 9 10 2 8 10 10 10 8 8
left_child=1 3 4 -1 12 -3 -7 8 9 10 -5 -12 -2 -14
right_child=2 5 -4 7 -6 6 -8 -9 -10 -11 11 -13 13 -15
leaf_value=0.0062301028079150243 -0.013975387538927435 -0.0093567183022964431 -0.039567011277423458 0.0057110909992236832 -0.010924819406642347 -0.014718270770641818 0.0029355925282659266 -0.0031031830854209921 0.0069696442035112596 -0.00092407549560409347 0.08269500804225409 0.013058376996126797 -0.0071339510048162059 -0.03280404279879099
leaf_weight=2826.8637606352568 129.26280131191015 776.11896134540439 104.04553720727563 321.69560893625021 276.29615375958383 134.07260833494365 507.11858573555946 826.17842991650105 1028.3472528979182 1750.0887287557125 7.8254332765936878 10.536729529500006 36.458117318339646 231.52665626257658
leaf_count=11804 6407 19291 8602 2619 14029 3214 12338 7635 8880 16023 76 99 1971 13401
internal_value=-0.000158051 0.00187813 -0.0216012 0.00342903 -0.0188259 -0.00553169 -0.000744211 0.00142171 0.00262048 0.000480701 0.00771031 0.0427355 -0.0243214 -0.0293117
internal_weight=8966.44 8188.85 777.589 6771.54 673.544 1417.31 641.191 3944.67 3118.49 2090.15 340.058 18.3622 397.248 267.985
internal_count=126389 81979 44410 47136 35808 34843 15552 35332 27697 18817 2794 175 21779 15372
cat_boundaries=0 1
cat_threshold=1305
is_linear=0
shrinkage=0.05


Tree=50
num_leaves=15
num_cat=1
split_feature=10 10 10 10 3 11 8 0 2 4 6 3 7 1
split_gain=144.251 34.0574 15.1719 13.7321 11.6394 9.57566 7.89001 7.71814 10.403 7.63705 7.61787 8.22184 8.2581 7.58418
threshold=7.5000000000000009 4.5000000000000009 11.500000000000002 1.5000000000000002 5.5000000000000009 0 3.5000000000000004 5.5000000000000009 28.500000000000004 2.9000000000000004 0.50500000000000023 6.5000000000000009 38.790000000000013 55.250000000000007
decision_type=8 10 8 10 10 9 2 2 8 8 10 10 10 8
left_child=1 3 4 -1 -2 -3 -7 8 10 -10 11 -5 -13 -6
right_child=2 5 -4 7 13 6 -8 -9 9 -11 -12 12 -14 -15
leaf_value=0.0059123242812293584 -0.0073977435049406449 -0.0098540915055703431 -0.039107789580482701 0.0054039966168883402 -0.028456380301311771 -0.010432900633920481 0.0012765760554843911 -0.0029547682756157815 0.014148964099881148 0.0041445690399176281 -0.00087846479661509488 0.089261231493100723 0.017485679306644335 -0.015896573476684529
leaf_weight=2829.7860898375511 180.57840134575963 623.33283074758947 100.10423302277923 322.94486337155104 244.63582522142678 189.48582000657916 597.4695400018245 824.34088408946991 252.4190484136343 780.90600641071796 1748.9374060183764 5.7565896734595325 13.18879724293947 236.28532141353935
leaf_count=11804 8737 15721 8602 2619 14261 4563 14559 7635 2006 6874 16023 53 122 12810
internal_value=-0.000152764 0.0017831 -0.0209667 0.00325394 -0.0182214 -0.00528622 -0.00152351 0.00134875 0.00248428 0.00658843 0.000455929 0.00728201 0.0392948 -0.0222855
internal_weight=8950.17 8188.57 761.604 6778.28 661.5 1410.29 786.955 3948.49 3124.15 1033.33 2090.83 341.89 18.9454 480.921
internal_count=126389 81979 44410 47136 35808 34843 19122 35332 27697 8880 18817 2794 175 27071
cat_boundaries=0 1
cat_threshold=1289
is_linear=0
shrinkage=0.05


Tree=51
num_leaves=15
num_cat=2
split_feature=10 10 10 3 12 6 7 11 2 1 6 2 6 5
split_gain=132.801 30.8387 14.8193 11.0165 10.8017 9.30154 11.2844 8.10044 7.3753 7.31284 7.28467 9.52287 7.66107 7.04603
threshold=7.5000000000000009 3.5000000000000004 11.500000000000002 5.5000000000000009 0 2.4450000000000007 38.545000000000009 1 16.500000000000004 55.250000000000007 2.745000000000001 64.500000000000014 3.0050000000000008 4.2500000000000009
decision_type=8 10 8 10 1 8 8 9 10 8 8 8 8 10
left_child=1 4 3 -2 7 -6 8 -1 -7 -5 11 -8 -12 -3
right_child=2 13 -4 9 5 6 10 -9 -10 -11 12 -13 -14 -15
leaf_value=0.0056610143842938491 -0.007079016701974427 -0.0026868164081053315 -0.038637555174429468 -0.027805024783103323 0.0038976930719300108 0.052263135751524928 0.015395827703590279 -0.00093411080414251889 0.018642727812195389 -0.015340161022224512 -0.0096564570130437313 0.069032985837503461 0.0076411734742696871 -0.016335325470523542
leaf_weight=634.03691389411688 179.30661616194993 2155.3197259064764 96.351953970268369 238.0183431673795 2778.1874306574464 19.501836508512497 78.925856582820415 1675.1427010372281 99.736708924174309 232.70594284590334 72.157329395413399 9.244415417313574 567.00628145039082 98.90062415599823
leaf_count=3836 8737 44337 8602 14261 16429 103 487 10393 489 12810 433 54 3135 2283
internal_value=-0.000147571 0.00169287 -0.020338 -0.0176256 0.00358413 0.00528129 0.00988421 0.00089333 0.0241415 -0.0216429 0.00754689 0.0210195 0.00568839 -0.00328562
internal_weight=8934.54 8188.16 746.383 650.031 5933.94 3624.76 846.572 2309.18 119.239 470.724 727.334 88.1703 639.164 2254.22
internal_count=126389 81979 44410 35808 35359 21130 4701 14229 592 27071 4109 541 3568 46620
cat_boundaries=0 1 2
cat_threshold=4 832
is_linear=0
shrinkage=0.05


Tree=52
num_leaves=15
num_cat=2
split_feature=10 10 10 10 12 11 6 4 4 7 0 2 7 6
split_gain=122.203 28.5796 14.4511 11.8417 10.7435 8.83357 7.58932 7.57849 7.4456 6.97761 6.97753 9.25438 7.62103 6.76016
threshold=7.5000000000000009 4.5000000000000009 11.500000000000002 1.5000000000000002 0 1 1.2050000000000003 2.7750000000000004 7.9000000000000012 44.236666666666672 5.5000000000000009 28.500000000000004 42.890000000000015 0.50500000000000023
decision_type=8 10 8 10 1 9 8 10 10 8 2 8 10 10
left_child=1 3 4 -1 8 -3 -6 -7 -2 -9 11 13 -12 -5
right_child=2 5 -4 10 6 7 -8 9 -10 -11 12 -13 -14 -15
leaf_value=0.0054158951178730312 -0.003378314168071982 -0.009318429448321194 -0.038156308715943422 0.0067498369112747141 -0.010362462137238253 -0.012742728970552114 -0.028265025797050099 0.00052048574602183838 -0.019250857025399307 0.092308106554130409 -0.0032973749448287244 0.0061153002387593575 0.057347323274180212 -0.00091647631006745505
leaf_weight=2833.7847753763199 188.60238802153617 615.86150938645005 92.779815588146448 344.11737551540136 77.409602892585099 122.24074777401984 251.63861311599612 659.15497609972954 121.46707635466009 2.0770388431847087 818.43128614872694 1039.2604924738407 5.213459037244319 1749.5080889761448
leaf_count=11804 9554 15721 8602 2794 4087 2882 15075 16182 7092 58 7583 8880 52 16023
internal_value=-0.00014154 0.00160784 -0.0197164 0.00294869 -0.0170395 -0.0048987 -0.023344 -0.00128911 -0.00929643 0.000808806 0.0011816 0.00225822 -0.00291351 0.000343592
internal_weight=8921.55 8189.65 731.897 6790.32 639.118 1399.33 329.048 783.473 310.069 661.232 3956.53 3132.89 823.645 2093.63
internal_count=126389 81979 44410 47136 35808 34843 19162 19122 16646 16240 35332 27697 7635 18817
cat_boundaries=0 1 2
cat_threshold=10 1289
is_linear=0
shrinkage=0.05


Tree=53
num_leaves=15
num_cat=1
split_feature=10 10 10 10 3 11 7 0 5 7 2 0 6 6
split_gain=112.39 25.8602 14.0688 10.6785 9.09471 8.16405 11.6912 7.78177 7.49637 12.53 12.7518 6.82407 7.60108 6.549
threshold=7.5000000000000009 4.5000000000000009 10.500000000000002 1.5000000000000002 5.5000000000000009 0 38.477500000000013 3.5000000000000004 0.15000000000000005 37.229166666666679 13.500000000000002 4.5000000000000009 0.14500000000000002 1.1225000000000003
decision_type=8 10 8 10 10 9 10 2 8 10 8 2 8 8
left_child=1 3 4 -1 13 7 8 -3 9 10 -7 12 -9 -2
right_child=2 5 -4 -5 -6 6 -8 11 -10 -11 -12 -13 -14 -15
leaf_value=0.0051405683183632384 0.01041628699107597 -0.016013195144805297 -0.031783473023852211 0.0011212774420691393 -0.019400069835110546 0.16154293715975551 0.0029989281735510647 0.10050656756003003 -0.017668922996706159 -0.018771070190802916 0.0048467581666389436 -0.0092413331847829017 0.001545121278438558 -0.011716646195774207
leaf_weight=2836.218815729022 47.037011114880443 226.27585984580219 167.66570667084306 3959.6388226374984 387.95065080840141 2.5720783211290819 506.56708962470293 1.9602345172315834 118.32633156143129 7.4343974590301514 2.6218141000717878 336.03381786309183 191.40689399465919 115.47017339803278
leaf_count=11804 2069 5799 15122 35332 21615 64 12338 44 2910 177 63 8608 4840 5604
internal_value=-0.000136691 0.00152651 -0.0191029 0.00279871 -0.0152405 -0.0046791 -0.000436871 -0.00814448 -0.0137608 0.0228579 0.0824446 -0.00493508 0.00254833 -0.00531036
internal_weight=8907.18 8189.06 718.124 6795.86 550.458 1393.2 637.522 755.677 130.955 12.6283 5.19389 529.401 193.367 162.507
internal_count=126389 81979 44410 47136 29288 34843 15552 19291 3214 304 127 13492 4884 7673
cat_boundaries=0 1
cat_threshold=1305
is_linear=0
shrinkage=0.05


Tree=54
num_leaves=15
num_cat=3
split_feature=10 10 10 12 10 11 6 6 4 5 6 11 6 2
split_gain=103.305 23.3934 13.8815 10.5323 9.62908 7.55903 7.20603 7.18057 8.36967 10.4738 10.4833 7.51865 17.1955 9.90895
threshold=7.5000000000000009 4.5000000000000009 11.500000000000002 0 1.5000000000000002 1 1.2050000000000003 2.6450000000000009 9.9000000000000021 5.2500000000000009 2.2225000000000006 2 2.5450000000000008 14.500000000000002
decision_type=8 10 8 1 10 9 8 10 10 10 10 9 10 8
left_child=1 4 3 7 -1 -3 -5 8 9 11 -11 12 13 -2
right_child=2 5 -4 6 -6 -7 -8 -9 -10 10 -12 -13 -14 -15
leaf_value=0.0048795205150303387 0.025123153710037639 -0.0085998803926117268 -0.037240717444559431 -0.009475784868019272 0.0010643512509336049 -0.0011370861490548766 -0.027157664308146642 -0.025255108746870765 -0.030950402176472904 0.24806552719411179 0.0034866838779201168 -0.014007988906272304 0.15086952450011026 -0.0053346853456287674
leaf_weight=2838.4950232356787 36.08103122189641 606.09355917200446 86.640131894499063 75.793142188340425 3962.7642719894648 781.22463044896722 240.32472200039774 52.777665848843753 27.545054175890982 0.83594318386167177 0.92064858134835958 79.354182954877615 1.9829020146280516 102.7456323588267
leaf_count=11804 1859 15721 8602 4087 35332 19122 15075 3390 1672 47 60 4153 125 5340
internal_value=-0.000131575 0.00144961 -0.018497 -0.0158708 0.00265661 -0.00446763 -0.0222155 -0.00822762 -0.00495504 -0.00172846 0.119879 -0.00269872 0.00435989 0.0025813
internal_weight=8893.58 8188.58 705.001 618.361 6801.26 1387.32 316.118 302.243 249.465 221.92 1.75659 220.164 140.81 138.827
internal_count=126389 81979 44410 35808 47136 34843 19162 16646 13256 11584 107 11477 7324 7199
cat_boundaries=0 1 2 3
cat_threshold=10 1289 186
is_linear=0
shrinkage=0.05


Tree=55
num_leaves=15
num_cat=3
split_feature=10 10 10 4 12 12 2 6 6 7 6 11 6 2
split_gain=95.0405 21.2039 13.4542 10.163 9.6178 8.15969 12.0191 19.0958 8.0619 10.002 7.88751 7.34649 6.57945 8.12915
threshold=7.5000000000000009 3.5000000000000004 11.500000000000002 6.5500000000000007 0 1 28.500000000000004 1.1050000000000002 2.4450000000000007 38.545000000000009 3.2050000000000005 2 2.745000000000001 64.500000000000014
decision_type=8 10 8 10 1 1 10 10 8 8 8 9 8 8
left_child=1 4 3 5 11 6 -2 -8 -6 -10 -5 -1 13 -11
right_child=2 -3 -4 10 8 -7 7 -9 9 12 -12 -13 -14 -15
leaf_value=0.0049323766643640087 0.01818406453010395 -0.0027796855961745447 -0.036728548083711857 -0.017748109967619063 0.003243807319836384 -0.0093480613142792393 -0.0057850013149059638 0.27294202778306886 0.022182362690887778 0.014105131584850021 -0.039409628357956625 -0.0013343651843097004 0.0048393534094037637 0.0629237538094682
leaf_weight=636.87736418843269 5.7684313356876373 2232.2351964265108 83.535064639523625 315.27553527709097 2788.7246560454369 237.17732200305909 1.1022264882922175 1.3887070165947077 119.9971381649375 79.642041973769665 48.487565548159182 1679.1578738167882 641.92924384772778 9.5498606637120229
leaf_count=3836 280 46620 8602 19541 16429 12429 54 70 592 487 3434 10393 3568 54
internal_value=-0.000128044 0.00137644 -0.0179111 -0.0153308 0.00293414 -0.00746863 0.0261539 0.149607 0.00453135 0.00880326 -0.0206355 0.000402698 0.00660738 0.0193322
internal_weight=8880.85 8188.11 692.735 609.2 5955.88 245.437 8.25936 2.49093 3639.84 851.118 363.763 2316.04 731.121 89.1919
internal_count=126389 81979 44410 35808 35359 12833 404 124 21130 4701 22975 14229 4109 541
cat_boundaries=0 1 2 3
cat_threshold=4 2 832
is_linear=0
shrinkage=0.05


Tree=56
num_leaves=15
num_cat=1
split_feature=10 10 10 10 6 0 12 2 5 2 6 6 4 7
split_gain=87.6379 18.6881 17.1244 15.3591 10.3806 7.00079 8.11236 8.97948 8.47155 7.95169 12.8724 11.8747 7.96841 7.71689
threshold=6.5000000000000009 10.500000000000002 1.0000000180025095e-35 1.5000000000000002 2.1612500000000003 5.5000000000000009 0 216.50000000000003 0.65000000000000002 21.500000000000004 2.7550000000000012 0.050000000000000031 1.4500000000000002 38.990000000000016
decision_type=8 8 10 10 10 2 1 10 8 10 10 8 8 10
left_child=2 4 -1 -4 -2 6 9 -8 -9 10 12 -11 13 -5
right_child=1 -3 3 5 -6 -7 7 8 -10 11 -12 -13 -14 -15
leaf_value=-0.080689484441037559 -0.0078016239709359607 -0.030059574324180771 0.0046615187852535401 0.055196339642954922 -0.020295896081987213 -0.0035035454551043768 0.0028464616537512305 -0.013759341940664664 0.060058507506860065 -0.049043150847048134 -0.0217329289329522 0.0049811774413559343 -0.0027264227624395222 0.00098944877450880017
leaf_weight=6.3089642226696006 624.58703029435128 153.91595223825425 2835.2584390938282 11.758363634347917 226.53911359421909 1082.1629061549902 2094.8538224771619 5.5588352717459202 12.920842282474043 10.382355682551859 89.843241352587938 500.73316565155983 1200.3794621638954 14.866911228746174
leaf_count=27 27792 15122 11777 101 12922 13374 23137 54 116 102 1268 5860 14609 128
internal_value=-0.00012347 -0.0140265 0.00165315 0.00171925 -0.0111271 5.86293e-05 0.0010367 0.00313773 0.0378535 -0.00140183 -0.00346401 0.00388377 -0.00212633 0.0249285
internal_weight=8870.07 1005.04 7865.03 7858.72 851.126 5023.46 3941.3 2113.33 18.4797 1827.96 1316.85 511.116 1227 26.6253
internal_count=126389 55836 70553 70526 40714 58749 45375 23307 170 22068 16106 5962 14838 229
cat_boundaries=0 1
cat_threshold=4
is_linear=0
shrinkage=0.05


Tree=57
num_leaves=15
num_cat=5
split_feature=10 10 10 1 7 4 12 11 8 7 11 4 11 11
split_gain=80.8656 18.2146 13.2459 12.2677 8.25158 9.51607 7.94086 8.63704 11.6347 9.0889 11.1467 8.49096 9.68183 7.7586
threshold=7.5000000000000009 4.5000000000000009 12.500000000000002 55.250000000000007 38.945000000000014 6.291666666666667 0 1 4.5000000000000009 39.322500000000012 2 2.1000000000000005 3 4
decision_type=8 10 8 10 8 8 1 9 2 10 9 10 9 9
left_child=1 6 3 4 -2 -6 7 -1 -9 10 -10 -8 -13 -5
right_child=2 -3 -4 13 5 -7 11 8 9 -11 -12 12 -14 -15
leaf_value=0.0030089397038492597 -0.0037424415263434133 -0.004001888157741898 -0.045272121862210586 0.0007771273270335571 -0.010447017044962793 -0.029838972892106075 0.0070232681871275227 0.0022152229906053545 -0.01070146539839327 -0.011363089645296649 0.0095286513969595286 -0.0011576238167481509 0.0047408985331419259 -0.016300181083428462
leaf_weight=1347.9982440285385 58.276692070066929 1374.4654120076448 38.527438268065453 155.38642110768706 88.837465464137495 219.76315688434988 1307.0548697188497 642.66145262122154 113.88798528909683 449.72883433848619 141.23074441403151 1242.7791499942541 1567.7742224298418 109.97249444946647
leaf_count=9641 3556 34843 4236 9219 5103 15881 7416 4441 835 3633 985 9326 10859 6415
internal_value=-0.000118655 0.0012487 -0.0168091 -0.0150746 -0.020998 -0.0242566 0.00230795 0.000190244 -0.00263087 -0.00708673 0.000451719 0.00368485 0.00214542 -0.00688519
internal_weight=8858.34 8187.58 670.764 632.236 366.877 308.601 6813.12 2695.51 1347.51 704.848 255.119 4117.61 2810.55 265.359
internal_count=126389 81979 44410 40174 24540 20984 47136 19535 9894 5453 1820 27601 20185 15634
cat_boundaries=0 1 2 3 4 5
cat_threshold=4 865 1160 440 59
is_linear=0
shrinkage=0.05


Tree=58
num_leaves=15
num_cat=2
split_feature=10 10 10 1 4 7 11 2 4 2 11 2 4 6
split_gain=74.2812 16.6615 12.9193 11.5193 7.89249 8.74503 7.44764 7.69425 12.5169 7.22258 7.20822 11.0752 7.34521 7.16173
threshold=7.5000000000000009 2.5000000000000004 12.500000000000002 55.250000000000007 6.4500000000000011 38.945000000000014 0 574.00000000000011 4.291666666666667 104.50000000000001 1 154.50000000000003 8.1000000000000014 1.0387500000000005
decision_type=8 10 8 10 8 8 9 8 8 10 9 10 10 10
left_child=1 6 3 4 -2 -6 7 9 13 -1 11 -5 -12 -9
right_child=2 -3 -4 10 5 -7 -8 8 -10 -11 12 -13 -14 -15
leaf_value=0.0054330161534037634 -0.0097492786427192737 -0.0014457301330672901 -0.045015617855503127 -0.00060091574773556145 -0.0024783695607152418 -0.029458144615131122 0.0015388128890884518 0.052188461228902361 0.0058521637943832298 -0.012356587949011986 -0.0086805814200563974 0.1290143756042243 -0.037053811725822998 0.0049745383109815761
leaf_weight=1626.3473360836506 117.6583497999236 3467.0523784514517 36.852052498608828 153.83665536809713 35.140730118378997 206.70961295999587 2918.5526357144117 31.042440250515938 75.048511028289795 59.130185127258301 75.593927856534719 1.6659322753548611 32.667211247608066 10.835442468523977
leaf_count=8114 6780 58398 4236 9124 2315 15445 14611 148 365 288 4209 95 2206 55
internal_value=-0.000114598 0.00118619 -0.0162493 -0.0145484 -0.0203707 -0.025538 0.00311907 0.00563808 0.0180725 0.00480892 -0.00661258 0.000740087 -0.0157841 0.0399724
internal_weight=8848.13 8188.01 660.124 623.272 359.509 241.85 4720.96 1802.4 116.926 1685.48 263.764 155.503 108.261 41.8779
internal_count=126389 81979 44410 40174 24540 17760 23581 8970 568 8402 15634 9219 6415 203
cat_boundaries=0 1 2
cat_threshold=1793 59
is_linear=0
shrinkage=0.05


Tree=59
num_leaves=15
num_cat=2
split_feature=10 10 10 11 4 12 0 6 6 4 6 0 10 1
split_gain=68.5318 22.3258 15.9016 11.0156 13.9745 9.54907 8.59479 8.2165 8.07052 10.1639 12.17 7.89783 7.72522 7.90849
threshold=5.5000000000000009 9.5000000000000018 1.0000000180025095e-35 0 7.9000000000000012 1 3.5000000000000004 0.75500000000000023 0.62250000000000016 6.9000000000000012 0.42250000000000015 4.5000000000000009 13.500000000000002 55.250000000000007
decision_type=8 8 10 9 8 1 2 8 8 8 10 2 8 10
left_child=2 3 -1 7 6 -4 -5 -2 9 -8 -11 -7 13 -3
right_child=1 12 5 4 -6 11 8 -9 -10 10 -12 -13 -14 -15
leaf_value=-0.078351964133935095 -0.018778688288851798 -0.028621740765922162 -0.00030320396103039685 -0.016013644310946987 -0.02089128296764288 0.0050920770234633358 0.0096166501520989559 0.0026581273759740415 -0.0048708841414811426 -0.0029166732087556641 0.15998409822799578 0.00078165257712905882 -0.050423241029304282 -0.009482864187551043
leaf_weight=6.1774802803993216 51.539557490497828 132.29929417558014 2956.3876758925617 165.66025263350457 235.49495273362845 2665.2601870447397 36.603153364732862 336.82897551637143 364.39245061576366 2.0522177275270215 2.5979493297636509 1767.3850143663585 24.43697002530098 91.173232251778245
leaf_count=27 1710 12745 24966 6069 9752 19458 1129 12211 12910 72 88 14446 2936 7870
internal_value=-0.000109982 -0.0100769 0.00183494 -0.00724449 -0.0105116 0.00190198 -0.00641704 -0.00018202 -0.00249792 0.0184626 0.0880925 0.00336583 -0.0237321 -0.0208134
internal_weight=8838.29 1443.08 7395.21 1195.17 806.801 7389.03 571.306 388.369 405.646 41.2533 4.65017 4432.65 247.909 223.473
internal_count=126389 67492 58897 43941 30020 58870 20268 13921 14199 1289 160 33904 23551 20615
cat_boundaries=0 1 2
cat_threshold=50 4
is_linear=0
shrinkage=0.05


Tree=60
num_leaves=15
num_cat=1
split_feature=10 10 10 10 1 7 4 6 0 2 5 9 4 11
split_gain=63.1069 14.4406 14.9356 12.2661 10.5293 7.52918 8.75213 6.79419 6.72168 8.00916 9.36033 8.23178 6.66932 6.53491
threshold=7.5000000000000009 1.0000000180025095e-35 2.5000000000000004 12.500000000000002 55.250000000000007 38.945000000000014 6.291666666666667 1.93875 5.5000000000000009 216.50000000000003 0.95000000000000007 1.0000000180025095e-35 9.2250000000000014 0
decision_type=8 10 10 8 10 8 8 10 2 10 8 10 10 9
left_child=1 -1 -3 4 5 -2 13 -6 9 -4 -11 -12 -10 -7
right_child=3 2 8 -5 7 6 -8 -9 12 10 11 -13 -14 -15
leaf_value=-0.076238956109351039 -0.0026598717831725922 0.0029626527359964904 -0.00037645400216435054 -0.044499757209775365 -1.3634851853108606e-05 0.007141230738134015 -0.028179688332308585 -0.016934127886024712 -0.0043217051692454869 -0.014599452006915814 0.011514358693911863 0.1013610807406594 -0.024847677419794743 -0.018876030477096413
leaf_weight=6.0348647534847251 56.989607474766672 4722.188864082098 2651.8859412390739 33.860803732648492 168.5028276219964 36.638766159303486 204.09730095136911 91.565529035404325 751.1295314989984 6.1186014115810394 4.4243215452879685 6.0156229827553034 41.775391297414899 49.555389056913555
leaf_count=27 3556 23554 44189 4236 9248 2143 15881 6386 13119 85 60 77 868 2960
internal_value=-0.000105856 0.00107686 0.00113387 -0.0152115 -0.0135786 -0.0192757 -0.0225377 -0.00597105 -0.00136107 -0.000159999 0.0345057 0.0632851 -0.00540315 -0.00917825
internal_weight=8830.78 8189.57 8183.54 641.21 607.349 347.281 290.291 260.068 3461.35 2668.44 16.5585 10.4399 792.905 86.1942
internal_count=126389 81979 81952 44410 40174 24540 20984 15634 58398 44411 222 137 13987 5103
cat_boundaries=0 1
cat_threshold=786
is_linear=0
shrinkage=0.05


Tree=61
num_leaves=15
num_cat=1
split_feature=10 10 10 10 6 2 11 7 5 7 1 3 5 8
split_gain=57.9927 15.2721 13.4752 11.0638 8.9547 7.24124 6.62549 6.86956 10.2484 13.9271 16.392 7.5052 10.2701 7.21325
threshold=6.5000000000000009 10.500000000000002 1.0000000180025095e-35 1.5000000000000002 2.1612500000000003 28.500000000000004 0 40.022500000000015 2.0500000000000003 39.522500000000015 53.500000000000007 4.5000000000000009 3.4500000000000006 4.5000000000000009
decision_type=8 8 10 10 10 10 9 10 10 10 10 10 8 2
left_child=2 4 -1 -4 5 6 7 8 -2 13 -11 -12 -13 -10
right_child=1 -3 3 -5 -6 -7 -8 -9 9 10 11 12 -14 -15
leaf_value=-0.074333918972024279 0.0035939745661115415 -0.027294402307206578 0.0038552162965345368 -4.8422697151175471e-05 -0.018039906216266954 -0.019018374713328422 -0.0090268469600524731 -0.008324402615035217 0.095108445737261085 0.27277659156378797 -0.051453311002075598 0.056594864635079845 0.22620964224164358 -0.0068547616324715361
leaf_weight=5.8838735222816458 129.37158263102174 135.93106672633439 2841.0676601976156 5026.466363042593 211.3575568376109 91.597269468940794 265.2534372555092 93.220650752075016 2.0500204078853139 1.0805318579077701 1.177763797342777 5.1027554143220195 1.0816340157762159 11.271196632646024
leaf_count=27 5738 15122 11777 58749 12922 4261 12377 4384 95 56 45 250 55 531
internal_value=-0.000102392 -0.0117823 0.00130466 0.00136123 -0.00918733 -0.00607516 -0.00374874 0.00225776 0.00893424 0.0406785 0.0909201 0.0642293 0.0862601 0.0088365
internal_weight=8821.91 948.495 7873.42 7867.53 812.564 601.207 509.61 244.356 151.135 21.7639 8.44269 7.36215 6.18439 13.3212
internal_count=126389 55836 70553 70526 40714 27792 23531 11154 6770 1032 406 350 305 626
cat_boundaries=0 1
cat_threshold=690
is_linear=0
shrinkage=0.05


Tree=62
num_leaves=15
num_cat=3
split_feature=10 10 0 11 4 4 2 12 5 5 4 10 1 11
split_gain=53.6539 18.7619 10.4197 9.18824 12.2882 11.5457 8.81842 8.67812 7.78773 14.7421 8.24383 7.6918 7.5044 7.19798
threshold=5.5000000000000009 9.5000000000000018 3.5000000000000004 0 9.7083333333333339 8.2916666666666696 6.5000000000000009 1 1.4500000000000002 1.0500000000000003 9.1000000000000014 13.500000000000002 55.250000000000007 2
decision_type=8 8 2 9 10 8 8 1 10 10 10 8 10 9
left_child=7 2 -2 5 6 -4 -5 13 9 -7 -11 12 -3 -1
right_child=1 11 3 4 -6 8 -8 -9 -10 10 -12 -13 -14 -15
leaf_value=0.0019669739871723134 -0.013741779821133577 -0.027038712550971164 -0.00096380214739818593 0.10154391547146389 -0.031447888595398404 0.032183604159176912 -0.0047629797225035323 0.0029958122147154278 0.0050968634338788938 0.059040100026311881 0.22611905587343811 -0.050374545494698955 -0.0079261057290118328 -0.0029480102101350119
leaf_weight=1476.9956076964736 347.4059377303347 123.56700041145086 137.82195356208831 1.9572138935327519 45.227223746478558 24.479431137442592 593.22060433123261 4443.7834472283721 22.125390516594052 1.355753252282738 1.6210389109328387 21.667469013482332 87.888755043968558 1483.49565198645
leaf_count=12237 13269 12745 4675 68 2052 940 21821 33917 998 52 66 2936 7870 12743
internal_value=-9.90765e-05 -0.00904461 -0.00647428 -0.00342433 -0.00622544 0.00615169 -0.00441339 0.00160242 0.0271713 0.0449599 0.150024 -0.0220021 -0.0190948 -0.000497547
internal_weight=8812.61 1408.34 1175.21 827.809 640.405 187.404 595.178 7404.27 49.5816 27.4562 2.97679 233.123 211.456 2960.49
internal_count=126389 67492 43941 30672 23941 6731 21889 58897 2056 1058 118 23551 20615 24980
cat_boundaries=0 1 2 3
cat_threshold=18 4 865
is_linear=0
shrinkage=0.05


Tree=63
num_leaves=15
num_cat=3
split_feature=10 10 10 10 12 4 3 7 0 11 7 4 6 11
split_gain=49.6446 12.3983 11.8224 11.4736 9.75218 7.62964 7.627 7.50683 6.56893 7.22005 6.99731 7.95876 8.56745 7.28881
threshold=7.5000000000000009 1.0000000180025095e-35 2.5000000000000004 12.500000000000002 0 7.9000000000000012 4.5000000000000009 35.945000000000014 4.5000000000000009 1 39.622500000000009 7.5500000000000007 2.2450000000000006 2
decision_type=8 10 10 8 1 10 8 8 2 9 8 10 10 9
left_child=1 -1 8 4 5 -2 -6 -7 9 -3 13 -12 -13 -10
right_child=3 2 -4 -5 6 7 -8 -9 10 -11 11 12 -14 -15
leaf_value=-0.072609074035053012 0.001134106298948548 -0.0042144012503911839 -0.0012379582594927573 -0.043767378677997827 0.0017479864100655173 0.10475750589242157 -0.022288090789493804 -0.016755838893120652 -0.0015371251694369403 0.0045803421405113216 -0.0054542310974264631 -0.00479343807351644 0.035250050648882751 0.0076476168146912609
leaf_weight=5.7267072796821585 179.33232648484409 247.94578112661839 3453.0483958441764 30.321027150377631 37.916878511197865 1.2854501027613867 254.72025675140321 113.13187109585851 444.91321051120758 2950.3859545737505 625.26055863499641 27.519850015640259 25.956174150109291 408.57845701277256
leaf_count=27 10278 1228 58398 4236 2135 88 19425 8248 2259 14497 3285 139 131 2015
internal_value=-9.52812e-05 0.000934941 0.000986406 -0.0137757 -0.0122249 -0.00512783 -0.0185402 -0.0153907 0.00261007 0.00389969 -8.18447e-05 -0.00387083 0.0146429 0.00293133
internal_weight=8806.04 8189.34 8183.61 616.708 586.387 293.75 292.637 114.417 4730.56 3198.33 1532.23 678.737 53.476 853.492
internal_count=126389 81979 81952 44410 40174 18614 21560 8336 23554 15725 7829 3555 270 4274
cat_boundaries=0 1 2 3
cat_threshold=10 32 968
is_linear=0
shrinkage=0.05


Tree=64
num_leaves=15
num_cat=3
split_feature=10 10 11 6 10 12 7 6 1 6 2 4 11 2
split_gain=45.6579 14.9603 10.0893 10.7078 9.42632 7.81945 7.62186 7.36849 6.79586 9.19122 12.7046 6.71581 6.55244 10.1914
threshold=8.5000000000000018 5.5000000000000009 0 0.97750000000000015 13.500000000000002 1 38.155000000000008 2.6050000000000009 55.250000000000007 0.97750000000000015 180.50000000000003 1.9000000000000001 2 20.500000000000004
decision_type=8 10 9 8 8 1 8 10 8 8 10 8 9 8
left_child=1 5 6 -4 -2 12 7 -3 -8 -10 -11 -7 -1 -14
right_child=4 2 3 -5 -6 11 8 -9 9 10 -12 -13 13 -15
leaf_value=0.0018182980836847576 -0.014902338820398106 -0.024637369326366652 0.0045497073830613284 -0.013694980995893181 -0.050340893631148076 0.0071847388479270753 -0.0041126764964623053 0.07385477779403303 -0.010179551089070461 0.012523484242827607 0.14816656841141337 0.0019319574720122576 -0.0080234326194705049 0.00046005396075327038
leaf_weight=1478.5586446672678 376.98430761741474 40.513951261527836 100.18525293283165 407.65207586903125 19.747098479419947 727.38990544527769 218.32066066563129 1.9923418983817089 51.57647149451077 168.57132567372173 1.7441135719418515 3722.8836759217083 585.17238466441631 896.20367225632071
leaf_count=12237 30558 1304 3087 15068 2936 3993 7463 74 1584 5377 41 29924 5325 7418
internal_value=-9.10482e-05 0.000691727 -0.00507934 -0.00990074 -0.0166663 0.00146317 0.000194023 -0.0200209 0.00215035 0.00831258 0.0139125 0.00278426 -0.0005307 -0.0028717
internal_weight=8797.5 8400.76 990.556 507.837 396.731 7410.21 482.719 42.5063 440.213 221.892 170.315 4450.27 2959.93 1481.38
internal_count=126389 92895 33998 18155 33494 58897 15843 1378 14465 7002 5418 33917 24980 12743
cat_boundaries=0 1 2 3
cat_threshold=242 4 865
is_linear=0
shrinkage=0.05


Tree=65
num_leaves=15
num_cat=2
split_feature=10 10 11 7 4 10 6 7 3 12 1 0 7 6
split_gain=41.8952 13.7839 11.3376 15.3562 9.67083 9.24869 7.59667 17.0423 7.27593 7.71567 6.80177 7.57199 7.93312 7.54519
threshold=8.5000000000000018 4.5000000000000009 0 38.155000000000008 7.6333333333333337 13.500000000000002 0.093750000000000028 38.870833333333344 3.5000000000000004 1 51.500000000000007 4.5000000000000009 40.763333333333343 3.5000000000000009
decision_type=8 10 9 10 10 8 8 10 10 1 10 2 10 8
left_child=1 10 3 -3 6 -2 7 -4 -5 -10 -1 12 -12 -14
right_child=5 2 4 8 -6 -7 -8 -9 9 -11 11 -13 13 -15
leaf_value=-0.0064495657062551923 -0.014369261646389865 -0.016698019628031049 0.13881634524677475 -0.0060655087319145852 -0.016528134514395859 -0.050324156172391624 -0.0047711152272162599 -0.034539920573486455 0.01585379737487097 0.0015926312567500487 0.0040190521365188244 -0.00046081454514784991 -0.0040010166481753368 0.012330483290900508
leaf_weight=251.27646550536156 371.5622545988299 93.19849681481719 2.8742952384054661 107.99527412187308 206.83928755763918 18.790111050009727 757.64492957107723 2.7975967861711979 179.17000650241971 210.24460551328957 3737.6313633807003 2201.2411298267543 568.40556106716394 80.772458761930466
leaf_count=2005 30558 2621 66 2698 7192 2936 21819 69 4986 6308 24443 15841 4253 594
internal_value=-8.74489e-05 0.000656654 -0.00358321 0.00189567 -0.00686738 -0.0161 -0.00433954 0.0533103 0.00541763 0.00860222 0.00162421 0.00193215 0.00313291 -0.00196901
internal_weight=8790.44 8400.09 1560.76 590.608 970.156 390.352 763.317 5.67189 497.41 389.415 6839.33 6588.05 4386.81 649.178
internal_count=126389 92895 45759 16613 29146 33494 21954 135 13992 11294 47136 45131 29290 4847
cat_boundaries=0 1 2
cat_threshold=226 8
is_linear=0
shrinkage=0.05


Tree=66
num_leaves=15
num_cat=2
split_feature=10 10 0 10 11 4 6 4 12 1 1 6 5 1
split_gain=38.4261 12.5474 10.0285 9.06478 7.60332 13.3071 13.2227 12.6305 7.01215 6.55031 6.44091 6.49956 8.75244 11.3495
threshold=8.5000000000000018 5.5000000000000009 3.5000000000000004 13.500000000000002 0 8.3666666666666689 1.5050000000000006 9.6333333333333346 1 53.500000000000007 55.250000000000007 1.2050000000000003 2.3500000000000001 52.500000000000007
decision_type=8 10 2 8 9 10 8 10 1 8 10 8 10 10
left_child=1 8 -3 10 5 -4 -7 -6 -1 -8 11 12 -2 -14
right_child=3 2 4 -5 7 6 9 -9 -10 -11 -12 -13 13 -15
leaf_value=-0.00056090938231820558 -0.0091471333426733342 -0.012432414079001263 0.0034504236297141994 -0.050308248709780602 -0.0015882846736242039 0.14200616614280456 0.10208537671289633 -0.031526022802755321 0.0025771427427501918 0.013640942866373715 -0.0061935782865713699 -0.024447168531407354 0.26713854059277314 0.029489531186306442
leaf_weight=2959.6204918026924 45.695385468192399 293.11632032413036 68.666775337420404 17.879216779023409 566.46057879272848 3.3523265663534403 2.6014048336073765 37.567273826338351 4456.9928236976266 10.72104334551841 157.03986715059727 160.54847662476823 0.62918847333639805 2.4930091938003898
leaf_count=24980 3672 10470 2114 2936 19281 107 100 1523 33917 403 11786 14855 50 195
internal_value=-8.31638e-05 0.000624232 -0.00468546 -0.0155443 -0.0013915 0.0117975 0.0532458 -0.00339406 0.00132761 0.030911 -0.013848 -0.0195893 -0.00361312 0.0773808
internal_weight=8783.38 8399.1 982.486 384.285 689.369 85.3416 16.6748 604.028 7416.61 13.3224 366.406 209.366 48.8176 3.1222
internal_count=126389 92895 33998 33494 23528 2724 610 20804 58897 503 30558 18772 3917 245
cat_boundaries=0 1 2
cat_threshold=2 4
is_linear=0
shrinkage=0.05


Tree=67
num_leaves=15
num_cat=0
split_feature=10 10 10 4 10 0 6 2 5 1 5 6 6 7
split_gain=35.2876 11.4942 10.3213 9.95727 9.61026 8.42057 8.32961 7.42981 11.2514 6.88243 14.5505 14.1381 11.4467 16.7503
threshold=7.5000000000000009 1.0000000180025095e-35 13.500000000000002 6.5500000000000007 1.5000000000000002 5.5000000000000009 3.2816666666666672 22.500000000000004 1.3500000000000003 55.250000000000007 0.77500000000000013 1.3183333333333336 1.5225000000000004 39.34500000000002
decision_type=8 10 8 10 10 2 8 8 8 10 10 10 10 10
left_child=1 -1 3 -2 -3 -6 7 8 9 -5 -11 -12 13 -13
right_child=2 4 -4 6 5 -7 -8 -9 -10 10 11 12 -14 -15
leaf_value=-0.071061932253401225 -0.0027396702732187909 0.0031649935597252796 -0.050293122070708046 -0.0077923674967350382 0.00061270461401577371 -0.004203989672545645 -0.037252542857737235 -0.02669026069203391 -0.01771145790276021 -0.0023967115592360482 -0.00033326455262635765 0.37794607783217782 0.066973955523369155 0.092633066538233527
leaf_weight=5.565411999821662 230.20536042656749 2845.2915194928646 17.012222707271576 46.600797594059259 4180.5562302712351 1158.9011550210416 41.296693504787982 76.917866238392889 134.89107939600945 25.772357613779604 5.9232617234811178 0.81576213100924944 6.7868615929037333 1.3926077070645986
leaf_count=27 13965 11777 2936 3810 53799 16376 3958 6034 11077 1710 356 43 435 86
internal_value=-8.00307e-05 0.000769113 -0.0119156 -0.0107714 0.000817956 -0.000432734 -0.0162031 -0.0132968 -0.00866014 0.0053268 0.0203514 0.0596498 0.0991479 0.198026
internal_weight=8777.93 8190.31 587.615 570.603 8184.75 5339.46 340.397 299.101 222.183 87.2916 40.6909 14.9185 8.99523 2.20837
internal_count=126389 81979 44410 41474 81952 70175 27509 23551 17517 6440 2630 920 564 129
is_linear=0
shrinkage=0.05


Tree=68
num_leaves=15
num_cat=2
split_feature=10 10 11 7 10 6 11 7 6 6 1 6 2 5
split_gain=32.5534 10.8988 10.121 15.7341 8.65425 7.75679 6.99583 6.83375 6.06394 6.41864 7.17964 7.96804 13.9095 7.97459
threshold=8.5000000000000018 4.5000000000000009 0 38.190000000000012 13.500000000000002 2.0816666666666674 1 38.263333333333343 1.1450000000000002 0.78166666666666684 52.500000000000007 0.86125000000000018 10.500000000000002 1.8500000000000003
decision_type=8 10 9 10 8 8 9 10 10 10 8 10 8 10
left_child=1 -1 3 -3 8 -4 -7 -5 9 -2 -11 12 -12 -14
right_child=4 2 5 7 -6 6 -8 -9 -10 10 11 -13 13 -15
leaf_value=0.0014221514423686183 -0.013953801557110151 -0.018836693067767817 -0.0032413850989726472 0.08183459713004719 -0.050278748310875448 -0.023465651100730171 -0.006532274659283497 0.0058829429583360281 -0.016938351996842918 0.14144484820746397 0.16425813306746567 -0.0016990952960866277 -0.0048791641601999723 0.18061497590653894
leaf_weight=6847.4750253595412 54.328940087463707 72.212261260487139 744.26870054006577 2.982653906568884 16.187037046998739 94.487288494594395 216.23743188288063 419.28491624351591 258.13011130271479 1.0399097665213037 2.0914667993783924 35.653334470465779 5.4516396364197144 0.64831749070435751
leaf_count=47136 4204 2061 21391 78 2936 3304 7163 11762 22989 67 133 2678 437 50
internal_value=-7.72202e-05 0.000565259 -0.00322154 0.00267696 -0.0145201 -0.00595512 -0.0126469 0.00641942 -0.0129003 -0.0023943 0.0115975 0.00851774 0.0529867 0.0148356
internal_weight=8770.48 8396.95 1549.47 494.48 373.531 1054.99 310.725 422.268 357.344 99.2136 44.8847 43.8448 8.19142 6.09996
internal_count=126389 92895 45759 13901 33494 31858 10467 11840 30558 7569 3365 3298 620 487
cat_boundaries=0 1 2
cat_threshold=162 577
is_linear=0
shrinkage=0.05


Tree=69
num_leaves=15
num_cat=1
split_feature=10 10 10 0 10 0 1 2 4 4 11 4 4 6
split_gain=29.8333 10.6563 10.2106 9.15449 8.45408 6.36599 7.3833 8.4147 7.38539 7.36917 6.35121 11.8142 11.195 9.43082
threshold=8.5000000000000018 1.0000000180025095e-35 5.5000000000000009 3.5000000000000004 13.500000000000002 4.5000000000000009 51.500000000000007 21.500000000000004 4.5500000000000007 13.366666666666669 0 9.6333333333333346 8.3666666666666689 1.5050000000000006
decision_type=8 10 10 2 8 2 10 10 10 10 9 10 10 8
left_child=1 -1 5 -4 -2 6 7 8 -3 -7 12 -12 -5 -14
right_child=4 2 3 10 -6 9 -8 -9 -10 -11 11 -13 13 -15
leaf_value=-0.069660133637337016 -0.012421303374494165 -0.0060537289022788016 -0.011714455667639467 0.0030435258470912839 -0.050265075782921831 -0.00094946138516515104 0.0026324661697538047 0.0045322493407386573 -0.034701428139546235 0.054888218163613826 -0.0012214317970724291 -0.030702627755730513 0.11697763254032811 0.028360758965428452
leaf_weight=5.403245970606803 352.93478680728003 53.210371896624565 288.03322486300021 69.154955669306219 15.401667814701794 2532.2957775220275 4714.6757853999734 73.294198479503393 38.977140683680773 5.922679189592599 562.45168888382614 36.167597960680723 3.8421049583703279 13.735847794450821
leaf_count=27 30558 494 10470 2114 2936 21432 35795 673 440 36 19281 1523 107 503
internal_value=-7.61035e-05 0.000534822 0.000580019 -0.00423482 -0.0140037 0.00121179 0.00226811 -0.00811265 -0.0181661 -0.00081917 -0.00109135 -0.0029533 0.0108492 0.0477302
internal_weight=8765.5 8397.16 8391.76 973.385 368.336 7418.38 4880.16 165.482 92.1875 2538.22 685.352 598.619 86.7329 17.578
internal_count=126389 92895 92868 33998 33494 58870 37402 1607 934 21468 23528 20804 2724 610
cat_boundaries=0 1
cat_threshold=2
is_linear=0
shrinkage=0.05


Tree=70
num_leaves=15
num_cat=1
split_feature=10 10 10 11 7 4 10 6 7 3 6 5 7 6
split_gain=27.3047 9.93611 9.35296 9.14646 12.7544 8.35924 8.25359 6.55704 13.4894 6.55197 6.85034 13.7301 7.77102 7.95772
threshold=8.5000000000000018 1.0000000180025095e-35 4.5000000000000009 0 38.155000000000008 7.6333333333333337 13.500000000000002 0.093750000000000028 38.870833333333344 3.5000000000000004 3.9600000000000009 6.0500000000000007 39.863333333333344 0.54500000000000026
decision_type=8 10 10 9 10 10 8 8 10 10 10 8 10 8
left_child=1 -1 -3 4 -4 7 -2 8 -5 10 12 -12 13 -6
right_child=6 2 3 5 9 -7 -8 -9 -10 -11 11 -13 -14 -15
leaf_value=-0.068350976528821578 -0.01194760751605391 0.0013423685931293222 -0.015364394533404255 0.11787723374818282 0.046026170069403093 -0.01513279274440699 -0.050252086195192718 -0.0040308182796597756 -0.033755612559074319 0.0080774878601623662 0.15422839658394522 -0.029088863155065498 -0.022476417989357039 -0.0041538005760564474
leaf_weight=5.2356496155261985 348.6919569647871 6850.0005466938019 89.990116815082729 3.2208127304911613 9.6511496044695377 199.27011327631772 14.65421189367771 746.3726719263941 2.6931184194982052 392.61446477100253 1.9367499724030484 2.1612505102530122 50.204720715992153 43.562049967236817
leaf_count=27 30558 47109 2621 66 234 7192 2936 21819 69 11294 51 61 1268 1084
internal_value=-7.31674e-05 0.000507505 0.000550466 -0.00296812 0.00193188 -0.00596455 -0.0134925 -0.0036153 0.0488258 0.00508269 -0.00585338 0.0575484 -0.00836572 0.00494722
internal_weight=8760.26 8396.91 8391.68 1541.68 590.121 951.557 363.346 752.287 5.91393 500.13 107.516 4.098 103.418 53.2132
internal_count=126389 92895 92868 45759 16613 29146 33494 21954 135 13992 2698 112 2586 1318
cat_boundaries=0 1
cat_threshold=226
is_linear=0
shrinkage=0.05


Tree=71
num_leaves=15
num_cat=2
split_feature=10 10 10 4 6 10 0 2 5 11 11 1 2 4
split_gain=25.0622 9.31784 9.13772 9.09033 8.1491 7.83699 7.32374 7.22488 10.4487 6.92935 6.3789 8.76003 7.57264 8.28607
threshold=7.5000000000000009 1.0000000180025095e-35 13.500000000000002 6.5500000000000007 3.2816666666666672 1.5000000000000002 5.5000000000000009 22.500000000000004 1.3500000000000003 0 1 50.500000000000007 33.500000000000007 3.5500000000000003
decision_type=8 10 8 10 8 10 2 8 8 9 9 10 8 10
left_child=1 -1 3 9 7 -3 -7 8 -5 -2 11 12 13 -8
right_child=2 5 -4 4 -6 6 10 -9 -10 -11 -12 -13 -14 -15
leaf_value=-0.067150913336739379 -0.011667696855997752 0.0027914047506539604 -0.050239727404211509 0.0064697512713208505 -0.036217350013468562 0.00051608216101447937 0.079159257324576932 -0.025302439089739712 -0.01607809694965202 0.0055179305822748428 -0.0010547041963537972 -0.011031785621655897 -0.028628648163163264 0.012625924636047317
leaf_weight=5.0670312345027915 88.324806195218116 2848.0148607194424 13.94285913556814 85.552239500451833 38.421581746544689 4184.2018531952053 6.1879677306860712 72.822803090326488 128.63084850180894 136.25819346960634 728.12729091010988 393.28388928994536 7.4028714541345826 19.19797183573246
leaf_count=27 5579 11777 2936 6440 3958 53799 65 6034 11077 8386 10138 5727 118 328
internal_value=-7.04894e-05 0.000631419 -0.0102658 -0.00925244 -0.0145924 0.000673374 -0.000456587 -0.0116974 -0.0070717 -0.00151472 -0.0039827 -0.00875618 0.015868 0.0288438
internal_weight=8755.44 8191.48 563.953 550.01 325.427 8186.42 5338.4 287.006 214.183 224.583 1154.2 426.073 32.7888 25.3859
internal_count=126389 81979 44410 41474 27509 81952 70175 23551 17517 13965 16376 6238 511 393
cat_boundaries=0 1 2
cat_threshold=329 537
is_linear=0
shrinkage=0.05


Tree=72
num_leaves=15
num_cat=0
split_feature=10 10 1 4 2 2 6 6 7 7 5 10 4 6
split_gain=23.133 9.77844 9.84484 8.94986 8.80318 7.813 7.57702 6.34771 12.4255 8.79178 10.239 11.5824 6.36674 8.95605
threshold=6.5000000000000009 12.500000000000002 55.250000000000007 6.4500000000000011 225.50000000000003 25.500000000000004 1.93875 1.7800000000000005 39.322500000000012 40.522500000000015 1.0500000000000003 9.5000000000000018 6.9000000000000012 1.8600000000000005
decision_type=8 8 10 10 10 10 10 10 8 10 10 8 10 8
left_child=-1 2 3 -2 5 6 7 -4 12 -10 -11 -12 -9 -14
right_child=1 -3 4 -5 -6 -7 -8 8 9 10 11 -13 13 -15
leaf_value=0.00078225923511161366 -0.0041746294208108055 -0.041025350458024377 0.0050290477939457174 -0.01797793216120705 0.10656394508559391 -0.016348840145518902 -0.0096908755173036147 0.2103245047167108 -0.021981306943407702 -0.051162677576568831 0.055701093789666971 0.25034580587118621 0.17693607568831074 -0.051029602545106446
leaf_weight=7885.9998026173562 214.09714087378234 21.642501284833997 186.63004041323438 260.09696878027171 1.8980049537494768 70.501169931609184 92.296936616301537 1.3383154533803439 6.8665744191966951 1.4879320729523895 3.2736817998811603 0.99705835292115796 0.87725141877308466 0.84665850177407265
leaf_count=70553 11447 4236 9114 19768 84 3937 6383 66 374 78 149 98 53 49
internal_value=-6.81929e-05 -0.00784088 -0.00698711 -0.0117458 -0.00083875 -0.00139707 0.00218089 0.00759677 0.0381443 0.0162289 0.0617904 0.101143 0.128499 0.064976
internal_weight=8748.85 862.85 841.208 474.194 367.014 365.116 294.614 202.318 15.6875 12.6252 5.75867 4.27074 3.06223 1.72391
internal_count=126389 55836 51600 31215 20385 20301 16364 9981 867 699 325 247 168 102
is_linear=0
shrinkage=0.05


Tree=73
num_leaves=15
num_cat=2
split_feature=10 10 10 10 11 5 1 6 6 6 4 3 1 11
split_gain=21.5233 8.67377 7.83808 7.64442 6.12942 7.33338 5.8022 5.87756 7.67407 7.44554 8.45824 7.05791 6.59029 5.75327
threshold=8.5000000000000018 1.0000000180025095e-35 1.5000000000000002 13.500000000000002 0 -0.84999999999999998 55.250000000000007 1.2050000000000003 0.78166666666666684 0.84000000000000019 4.366666666666668 7.5000000000000009 52.500000000000007 1
decision_type=8 10 10 8 9 8 10 8 10 8 10 10 8 9
left_child=1 -1 4 6 -3 -6 7 8 -2 10 -10 -12 -11 -9
right_child=3 2 -4 -5 5 -7 -8 13 9 12 11 -13 -14 -15
leaf_value=-0.066060535377178597 -0.026145244728442325 -8.3562751232292465e-06 -0.00061562345961684571 -0.050218816807097201 0.018251900318547339 0.0038418057759459405 -0.0033195019203561358 -0.0071262697650605958 0.2432660136648245 0.12290504228005164 -0.050842793679366595 0.11569220661968949 0.00033982587568274331 -0.030513138204463636
leaf_weight=4.9003101736307135 18.343021704349667 1261.7262271642685 5540.2039083009586 12.737304430454968 93.835919991135597 1493.8007201701403 147.64777607750148 71.867960318922997 0.67965861456468735 1.1504137380980015 1.103036954533309 1.5033008791506288 23.51455592783168 72.646599198225886
leaf_count=27 1592 5231 81091 2936 390 6156 11786 7305 40 70 78 143 1994 7550
internal_value=-6.57996e-05 0.000441547 0.000480391 -0.0121927 0.00261144 0.00466412 -0.0107617 -0.0165205 -0.00101576 0.0154756 0.0861768 0.0452124 0.00605646 -0.0214872
internal_weight=8745.66 8394.47 8389.57 351.194 2849.36 1587.64 338.456 190.809 46.294 27.951 3.286 2.60634 24.665 144.515
internal_count=126389 92895 92868 33494 11777 6546 30558 18772 3917 2325 261 221 2064 14855
cat_boundaries=0 1 2
cat_threshold=738 1330
is_linear=0
shrinkage=0.05


Tree=74
num_leaves=15
num_cat=1
split_feature=10 10 11 4 6 0 7 7 3 6 6 7 2 4
split_gain=20.2784 10.1758 8.13166 9.30837 7.41412 6.84898 9.53968 13.8675 8.71916 7.63716 7.58009 9.90007 6.52831 12.785
threshold=5.5000000000000009 10.500000000000002 0 7.9000000000000012 0.75500000000000023 3.5000000000000004 42.490000000000016 42.945000000000014 5.5000000000000009 0.97750000000000015 0.94500000000000017 38.963333333333345 10.500000000000002 5.5500000000000007
decision_type=8 8 9 8 8 2 10 8 10 8 8 10 8 10
left_child=-1 2 4 5 -2 -4 9 8 -8 10 12 -12 13 -7
right_child=1 -3 3 -5 -6 6 7 -9 -10 -11 11 -13 -14 -15
leaf_value=0.00094562674135427189 -0.016439301311073167 -0.020656810970059541 -0.012789421825483092 -0.015867219042604967 0.0039245172812983299 0.0069802417589090631 0.017666522701406336 -0.013625858030237126 0.16969933270241483 -0.0058839542635325112 0.17651621509844384 0.018827267440847607 -0.0022013872438873417 0.075625219550479295
leaf_weight=7430.5270403064787 51.155831919983029 105.97158234519884 159.01110533578321 233.26011439505965 354.03182120155543 27.203861546702683 1.445123139768836 3.9861763766966769 2.7144830315373838 289.27054486703128 1.5341014731675375 2.8342675166204572 67.662530465982854 9.0360601386055333
leaf_count=58897 1962 15122 6856 12513 14986 867 59 207 133 11922 56 98 2382 329
internal_value=-6.52987e-05 -0.00580329 -0.00449501 -0.0073724 0.00132094 -0.003994 -0.000546594 0.0530165 0.11688 -0.00164412 0.00968356 0.0742051 0.00697089 0.0240962
internal_weight=8739.64 1309.12 1203.15 797.958 405.188 564.698 405.687 8.14578 4.15961 397.541 108.271 4.36837 103.902 36.2399
internal_count=126389 67492 52370 35422 16948 22909 16053 399 192 15654 3732 154 3578 1196
cat_boundaries=0 1
cat_threshold=50
is_linear=0
shrinkage=0.05


Tree=75
num_leaves=15
num_cat=2
split_feature=10 10 0 7 4 6 5 3 12 1 11 2 7 6
split_gain=18.5401 8.70828 7.98317 7.456 10.7871 6.89463 7.66354 9.49555 6.29251 6.26106 5.77064 9.08538 10.2075 9.11073
threshold=9.5000000000000018 5.5000000000000009 3.5000000000000004 36.845000000000006 9.7750000000000021 3.6050000000000009 1.0500000000000003 7.5000000000000009 0 55.250000000000007 1 20.500000000000004 39.122500000000009 4.7291666666666679
decision_type=8 10 2 8 10 10 8 8 1 10 9 8 8 10
left_child=1 8 3 4 -3 -4 7 -7 10 -2 -1 12 -12 -13
right_child=9 2 5 -5 -6 6 -8 -9 -10 -11 11 13 -14 -15
leaf_value=0.0013139026090021365 -0.023451357035318945 0.0073996983381752384 -0.0003578116009972945 -0.011517201093498838 0.16924855477049663 0.15328727046632887 -0.038706089464263217 -0.051130003303555473 0.0020801508818882033 -0.0051538354077202723 0.0024436354377781154 -0.00066235074087469213 -0.01216408153209148 0.035666607113242689
leaf_weight=1483.1475956328213 107.58505713520572 4.2418538285419336 768.91197421215475 315.11629389040172 1.3594319038093088 1.2192582217976453 19.790831903927032 1.0637365980073807 4468.7845516130328 82.683413330465555 167.87099634483457 880.79153272509575 415.81068460643291 17.602772641927004
leaf_count=12237 14359 165 29564 13046 58 46 1001 61 33917 9192 1356 7260 3969 158
internal_value=-6.30137e-05 0.000280687 -0.00384674 -0.0105008 0.0466804 -0.00114875 -0.0287 0.0580413 0.000897914 -0.0155 -0.000887816 -0.00308517 -0.0079628 4.94641e-05
internal_weight=8735.98 8545.71 1111.7 320.718 5.60129 790.986 22.0738 2.28299 7434.01 190.268 2965.22 1482.08 583.682 898.394
internal_count=126389 102838 43941 13269 223 30672 1108 107 58897 23551 24980 12743 5325 7418
cat_boundaries=0 1 2
cat_threshold=4 865
is_linear=0
shrinkage=0.05


Tree=76
num_leaves=15
num_cat=2
split_feature=10 10 10 0 7 4 6 5 2 10 1 12 11 4
split_gain=17.0023 8.09207 8.03714 7.31702 6.52931 7.79294 6.43006 6.94154 9.00572 6.19718 6.41228 5.59146 5.48427 12.1289
threshold=9.5000000000000018 1.0000000180025095e-35 5.5000000000000009 3.5000000000000004 36.845000000000006 9.7750000000000021 3.6050000000000009 1.0500000000000003 20.500000000000004 13.500000000000002 55.250000000000007 0 1 8.2916666666666696
decision_type=8 10 10 2 8 10 10 8 10 8 10 1 9 8
left_child=1 -1 11 4 5 -4 12 8 -8 10 -2 -3 13 -5
right_child=9 2 3 6 -6 -7 7 -9 -10 -11 -12 -13 -14 -15
leaf_value=-0.065073617148727322 -0.021044238254333252 -0.00079064408988954108 0.0069796886499212249 -0.00031384545523155925 -0.011063864228588382 0.13653632449949832 -0.051496056231127491 -0.038183187646653544 0.14191449968723932 -0.050200795934975728 -0.0017916837301218383 0.0020082275148402213 -0.0026877033229365452 0.029064777763371394
leaf_weight=4.7358866035938254 98.753942109644413 2960.9463028721511 4.2714720536023369 133.15340433828533 311.71529912669212 1.5937935383990405 1.1276350179687145 19.076961567625407 1.290830500423908 11.695525694638489 76.948099818080664 4470.8760832324624 587.77721827290952 47.723254278302193
leaf_count=27 12745 24966 165 4580 13046 58 53 1001 54 2936 7870 33904 23043 1941
internal_value=-6.04397e-05 0.000266313 0.000302549 -0.00367059 -0.0100804 0.0421847 -0.00109431 -0.0280665 0.0517348 -0.0149585 -0.0126126 0.000894755 -0.000340038 0.00704788
internal_weight=8731.69 8544.29 8539.55 1107.73 317.581 5.86527 790.149 21.4954 2.41847 187.398 175.702 7431.82 768.654 180.877
internal_count=126389 102838 102811 43941 13269 223 30672 1108 107 23551 20615 58870 29564 6521
cat_boundaries=0 1 2
cat_threshold=4 18
is_linear=0
shrinkage=0.05


Tree=77
num_leaves=15
num_cat=1
split_feature=10 10 10 10 0 11 2 5 1 5 1 2 7 4
split_gain=15.6724 7.60786 7.20626 6.40664 5.67397 6.71701 8.86731 7.4716 10.3235 12.0422 6.71582 7.18275 6.58927 6.36418
threshold=8.5000000000000018 1.0000000180025095e-35 13.500000000000002 1.5000000000000002 5.5000000000000009 0 21.500000000000004 1.3500000000000003 53.500000000000007 0.45000000000000007 1.0000000180025095e-35 33.500000000000007 40.445000000000014 3.5500000000000003
decision_type=8 10 8 10 2 9 8 10 8 8 10 8 10 10
left_child=1 -1 -2 -3 -5 6 7 8 9 -6 11 13 -12 -7
right_child=2 3 -4 4 5 10 -8 -9 -10 -11 12 -13 -14 -15
leaf_value=-0.064133114116939782 -0.0092733000151900263 0.0023276111347726373 -0.050190962954883102 0.00025707469620902217 -0.0035592010512534734 0.068507322461756198 -0.0070138752808753041 -0.0040664278281148745 0.0088505845410695987 0.10077338729801313 -0.011650708316213348 -0.028924946893824511 -0.00027189233131942749 0.01241450865737994
leaf_weight=4.5692933201789847 326.38250644877553 2850.6611241400242 11.127252358477561 4324.553936840035 4.7046534884721023 6.6803815746679929 232.21847380045801 121.63918341323733 194.49949026014656 6.7107498478144407 436.24853587988764 7.5809229062870136 179.60993542615324 20.805176773108542
leaf_count=27 30558 11777 2936 61662 70 71 3446 2340 2835 106 6645 137 3371 408
internal_value=-5.82516e-05 0.000366691 -0.0106223 0.000401835 -0.000589942 -0.00361544 0.000452051 0.0057588 0.0115628 0.0577746 -0.00701256 0.0141635 -0.00833217 0.0260479
internal_weight=8727.99 8390.48 337.51 8385.91 5535.25 1210.7 559.773 327.554 205.915 11.4154 650.925 35.0665 615.858 27.4856
internal_count=126389 92895 33494 92868 81091 19429 8797 5351 3011 176 10632 616 10016 479
cat_boundaries=0 1
cat_threshold=482
is_linear=0
shrinkage=0.05


Tree=78
num_leaves=15
num_cat=0
split_feature=10 10 10 5 7 2 7 1 10 1 7 6 5 2
split_gain=14.5209 7.10924 7.03272 7.31165 12.3259 7.40245 6.64781 6.24958 5.8818 6.05426 5.67961 6.46907 8.75676 5.5235
threshold=9.5000000000000018 1.0000000180025095e-35 3.5000000000000004 4.2500000000000009 44.610000000000007 34.500000000000007 38.75500000000001 51.500000000000007 13.500000000000002 55.250000000000007 41.890000000000015 0.62250000000000016 1.5500000000000003 22.500000000000004
decision_type=8 10 10 10 10 10 10 10 8 10 10 8 8 8
left_child=1 -1 7 4 -4 -5 -7 10 9 -2 11 12 -3 -11
right_child=8 2 3 5 -6 6 -8 -9 -10 13 -12 -13 -14 -15
leaf_value=-0.0632634013612558 -0.020142765720970495 -0.0043796007515393915 -0.0014549686274594577 -0.021526254202012693 0.12303866951262948 -0.052920211086169039 0.017796293122925303 0.001507378926589191 -0.050181614705999057 0.0078472143213275444 0.025438112362199245 -0.013566155387485797 0.056568549079162839 -0.021185441841846141
leaf_weight=4.4046757966279975 95.851451577618718 22.551625229418281 2410.7824596492574 86.421983269043267 1.98985678795725 3.8540213815867927 24.136213109828532 5805.4849516823888 10.586491838097571 52.254438772331923 12.353670656681059 160.15755753964186 7.9783004447817829 23.864349077921361
leaf_count=27 12745 156 63536 3077 55 92 719 33987 2936 5385 88 1055 46 2485
internal_value=-5.60075e-05 0.000242263 0.000275033 -0.00193795 -0.0013523 -0.0142884 0.00805922 0.00120581 -0.0140093 -0.0117825 -0.00741679 -0.0095453 0.0115478 -0.00125495
internal_weight=8722.67 8540.12 8535.71 2527.18 2412.77 114.412 27.9902 6008.53 182.557 171.97 203.041 190.687 30.5299 76.1188
internal_count=126389 102838 102811 67479 63591 3888 811 35332 23551 20615 1345 1257 202 7870
is_linear=0
shrinkage=0.05


Tree=79
num_leaves=15
num_cat=2
split_feature=10 10 1 4 2 2 5 11 11 2 7 2 7 5
split_gain=13.3311 7.92746 7.92226 8.36146 7.18728 7.36895 6.71187 6.57411 6.4563 11.6005 14.7053 9.8453 11.5393 11.48
threshold=6.5000000000000009 13.500000000000002 55.250000000000007 6.4500000000000011 225.50000000000003 25.500000000000004 1.5500000000000003 0 1 21.500000000000004 39.510000000000012 7.5000000000000009 40.890000000000015 1.0500000000000003
decision_type=8 8 10 10 10 10 10 9 9 10 10 8 8 10
left_child=-1 2 3 -2 5 6 8 -8 9 11 -11 12 -4 -14
right_child=1 -3 4 -5 -6 -7 7 -9 -10 10 -12 -13 13 -15
leaf_value=0.00058009997737716416 -0.0025385832668625165 -0.050172726472871534 0.030675096001174709 -0.016132735723372281 0.09266924990244127 -0.015323047932925951 0.0070832932222413408 -0.014481769146527747 0.00079490391115770789 0.20423420791735927 0.029263339022103055 0.00082092931873604242 0.051417068455695471 0.26487970615133621
leaf_weight=7888.9900450371206 208.01099199336022 10.071921481750904 19.486307148821655 247.94375360477716 2.0788505789823821 68.55428114766255 55.633341855369508 72.466507929377258 103.82215695176274 1.957167915534227 3.1074049421586096 33.641834458801895 1.4612611839547747 1.1070139985531566
leaf_count=70553 11592 2936 835 20361 87 4057 3581 4696 5535 97 168 1764 74 53
internal_value=-5.38314e-05 -0.006084 -0.00554199 -0.00993095 -3.39185e-05 -0.000567407 0.00288876 -0.00569369 0.00956874 0.0209773 0.0968796 0.0178417 0.0438051 0.143427
internal_weight=8718.33 829.343 819.271 455.955 363.316 361.237 292.683 128.1 164.583 60.761 5.06457 55.6964 22.0546 2.56828
internal_count=126389 55836 52900 31953 20947 20860 16803 8277 8526 2991 265 2726 962 127
cat_boundaries=0 1 2
cat_threshold=1201 674
is_linear=0
shrinkage=0.05


Tree=80
num_leaves=15
num_cat=1
split_feature=10 10 6 11 6 4 7 5 6 2 5 2 4 10
split_gain=12.4853 11.4429 8.89431 7.01942 9.10679 8.14713 7.88671 10.8938 12.4432 9.25668 7.3116 6.40159 6.31686 13.0826
threshold=1.0000000180025095e-35 5.5000000000000009 3.6050000000000009 0 0.75500000000000023 7.9000000000000012 42.490000000000016 2.4500000000000006 2.0050000000000008 19.500000000000004 -0.84999999999999998 6.5000000000000009 4.9000000000000012 8.5000000000000018
decision_type=10 10 10 9 8 8 10 10 10 10 8 8 10 10
left_child=-1 -2 3 4 -3 6 10 -8 -9 -10 -5 -7 13 -4
right_child=1 2 12 5 -6 11 7 8 9 -11 -12 -13 -14 -15
leaf_value=-0.055269592323994143 0.00076136343336078111 -0.017423901311332746 -0.0096156591994273344 0.12224795422947786 0.0048258192747489799 0.12171359072143283 -0.0068920557096286686 0.24642905338881624 0.015851782697888263 0.18277863118679499 -0.0040129838452423417 -0.014331256878815696 -0.029544537434756064 0.14918588355078408
leaf_weight=10.225469123572109 7436.3103479631245 52.773926408262923 9.5171680860221368 1.1490506920963524 357.72212835098617 0.86781491641886432 6.7348062423989159 1.0063337069004772 3.7275886973366141 1.0685866619460282 539.16937054810114 240.66488685132936 53.563837128691375 1.5015862002037454
leaf_count=1859 58870 2351 359 39 17718 62 315 36 210 62 23777 16369 4223 139
internal_value=-5.2467e-05 1.23889e-05 -0.00437497 -0.00340602 0.00191863 -0.00610481 -0.00283479 0.0363696 0.0865821 0.053043 -0.00374448 -0.0138425 -0.0224521 0.0120251
internal_weight=8716 8705.78 1269.47 1204.88 410.496 794.388 552.856 12.5373 5.80251 4.79618 540.318 241.533 64.5826 11.0188
internal_count=126389 124530 65660 60939 20069 40870 24439 623 308 272 23816 16431 4721 498
cat_boundaries=0 1
cat_threshold=50
is_linear=0
shrinkage=0.05


Tree=81
num_leaves=15
num_cat=3
split_feature=10 12 4 11 4 2 5 8 2 7 7 11 7 5
split_gain=11.8714 6.41968 6.66674 7.05852 7.16353 7.41886 7.36103 7.69365 6.76781 6.41124 6.19012 8.09128 8.57443 7.20594
threshold=9.5000000000000018 0 2.1000000000000005 1 2.5500000000000003 184.50000000000003 0.65000000000000002 3.5000000000000004 35.500000000000007 38.010000000000012 39.029166666666676 2 38.990000000000016 0.45000000000000007
decision_type=8 1 10 9 10 10 8 2 8 8 8 9 10 10
left_child=1 10 9 4 8 -6 -7 -8 -4 -3 11 12 -1 -13
right_child=-2 2 3 -5 5 6 7 -9 -10 -11 -12 13 -14 -15
leaf_value=-0.0041483156540014507 -0.012866208080527939 0.013436714238648667 -0.019022011998096403 0.0022327712377698309 -0.001561568475692231 -0.015228345877505496 0.0090498322912287363 0.086759753328447514 0.0063489762732627094 0.0030309757558890137 -0.0028222580475602572 0.012642239472417478 0.029093273867979941 0.00089422571816501835
leaf_weight=479.47065241914243 177.03509183856659 168.09933465719223 108.39780951011926 1991.6919393343851 1514.9482527701184 6.1185337109491229 5.8433386795222777 7.0013636602088809 34.699641898274422 1239.5708639519289 2432.5520309573039 237.05641165096313 20.217073216103017 290.4599020536989
leaf_count=5177 23551 925 834 23939 21688 75 58 80 275 8917 35140 1917 234 3579
internal_value=-5.07591e-05 0.000215027 0.00134574 0.000226001 -0.00215778 -0.00117253 0.0299075 0.0514078 -0.0128698 0.00427359 -0.00144375 0.0018067 -0.00274838 0.00605872
internal_weight=8713.16 8536.13 5076.37 3668.7 1677.01 1533.91 18.9632 12.8447 143.097 1407.67 3459.76 1027.2 499.688 527.516
internal_count=126389 102838 56791 46949 23010 21901 213 138 1109 9842 46047 10907 5411 5496
cat_boundaries=0 1 2 3
cat_threshold=4 440 1673
is_linear=0
shrinkage=0.05


Tree=82
num_leaves=15
num_cat=2
split_feature=10 10 6 4 1 11 6 4 11 6 3 6 6 5
split_gain=11.7448 9.85724 8.24258 6.46686 8.86833 10.1723 8.68261 10.0184 7.39231 8.19738 16.3646 6.94153 17.201 9.82616
threshold=1.0000000180025095e-35 5.5000000000000009 3.6050000000000009 9.9000000000000021 55.250000000000007 0 0.97750000000000015 4.9000000000000012 1 1.8600000000000005 11.500000000000002 2.8612500000000005 3.1550000000000007 2.6500000000000008
decision_type=10 10 10 10 8 9 8 8 9 8 8 10 10 8
left_child=-1 -2 3 4 -3 -6 -7 -8 9 10 -5 -11 13 -13
right_child=1 2 -4 8 5 6 7 -9 -10 11 -12 12 -14 -15
leaf_value=-0.055071453378729887 0.00070583460512286991 -0.0066862396064618669 -0.021703645269884143 0.0087097054382190252 -0.0080101839785458855 -0.0057090537553098871 -0.0068556560859966507 0.015655360240842627 -0.021452660203123555 -0.025935297693166211 0.2313164261031323 0.21883292958143083 -0.036488120237151665 0.040905291658791199
leaf_weight=9.68753784149885 7438.4169009961188 536.71383757214062 62.990605959203094 2.4859274742193525 162.9071482969448 105.69188655912876 62.449787995312363 236.97653197054751 73.561167294625193 9.9086783607490414 1.2361302427016196 1.4813556680455793 3.4513611542060971 1.6295238384045663
leaf_count=1859 58870 27366 4721 122 7198 4335 2328 11753 6568 689 58 102 295 125
internal_value=-4.85271e-05 1.27422e-05 -0.00407412 -0.00314754 -0.00207759 0.00227701 0.00645218 0.0109604 -0.0157552 0.0104493 0.0826395 0.000480079 0.0403661 0.125632
internal_weight=8709.59 8699.9 1261.48 1198.49 1104.74 568.025 405.118 299.426 93.7541 20.193 3.72206 16.4709 6.56224 3.11088
internal_count=126389 124530 65660 60939 52980 25614 18416 14081 7959 1391 180 1211 522 227
cat_boundaries=0 1 2
cat_threshold=1856 322
is_linear=0
shrinkage=0.05


Tree=83
num_leaves=15
num_cat=2
split_feature=10 10 6 11 6 0 2 4 7 4 7 6 1 11
split_gain=11.1265 8.99258 7.64293 6.1228 8.07675 8.04199 8.94055 8.20109 6.48365 7.21852 8.62589 6.9834 6.57218 6.98864
threshold=1.0000000180025095e-35 5.5000000000000009 3.6050000000000009 0 0.75500000000000023 3.5000000000000004 6.5000000000000009 10.100000000000001 42.490000000000016 7.9000000000000012 42.890000000000015 1.2450000000000003 55.250000000000007 1
decision_type=10 10 10 9 8 2 8 10 10 8 10 8 8 9
left_child=-1 -2 3 4 -3 -5 -7 8 11 10 -10 -8 -13 -14
right_child=1 2 -4 5 -6 6 7 -9 9 -11 -12 12 13 -15
leaf_value=-0.054856207323128597 0.00067030334574852098 -0.016530295129739379 -0.021063445716311351 -0.014060283940421811 0.0046479927419785811 0.10541075818767738 0.0049944427044987137 -0.027476295200088235 0.11545476963981204 -0.03150554382372233 0.0011089216572931384 -0.014991677373237103 0.0069065634277637403 -0.011772889438704307
leaf_weight=9.250318640843032 7441.0064835995436 51.478392658522353 61.693403904791921 208.05632715136744 358.77541417768225 1.909761938266455 205.91887303534895 32.183164348825812 3.8901304509490702 2.5684093656018385 2.8632620763964951 139.26882984256372 114.60897268168628 73.776514037046582
leaf_count=1859 58870 2351 4721 11048 17718 92 8520 3172 162 202 149 8086 5820 3619
internal_value=-4.87582e-05 9.5295e-06 -0.00390205 -0.00301629 0.00194319 -0.00556196 -0.00259394 -0.00295261 -0.00149883 0.039841 0.0669751 -0.00222105 -0.00675573 -0.000667099
internal_weight=8707.25 8698 1256.99 1195.3 410.254 785.044 576.988 575.078 542.895 9.3218 6.75339 533.573 327.654 188.385
internal_count=126389 124530 65660 60939 20069 40870 29822 29730 26558 513 311 26045 17525 9439
cat_boundaries=0 1 2
cat_threshold=50 201
is_linear=0
shrinkage=0.05


Tree=84
num_leaves=15
num_cat=2
split_feature=10 10 3 0 5 4 6 4 4 12 7 0 2 11
split_gain=10.5427 8.37955 7.41647 6.70007 7.66317 6.82263 6.41023 9.51605 9.16488 6.15468 10.8422 25.9402 6.76403 5.33903
threshold=1.0000000180025095e-35 7.5000000000000009 5.5000000000000009 4.5000000000000009 5.9500000000000011 13.366666666666669 3.6050000000000009 4.2250000000000005 13.225000000000001 0 35.945000000000014 5.5000000000000009 25.500000000000004 1
decision_type=10 10 10 2 10 10 8 10 8 1 10 2 8 9
left_child=-1 3 -3 -2 5 -5 9 -8 -9 10 11 -4 13 -12
right_child=1 2 6 4 -6 -7 7 8 -10 -11 12 -13 -14 -15
leaf_value=-0.054648173581255302 0.0014481495925294939 0.003217879018334876 0.33995004021372249 -0.0013943093973859985 -0.026451102999488104 0.052141985539351059 0.21512276938907729 -0.042199413940800491 0.19866022652330992 -0.014825634752915507 0.010760850159828663 -0.050886743137193748 -0.020956166425024052 -0.0079875060880971373
leaf_weight=8.8318280149251205 5312.9902384495363 148.64098984701559 0.76746984757482895 2833.7387490971014 30.567418533377349 5.9635926242917767 0.37616170942783611 24.234839185606692 0.40148967178538342 163.36729955743067 76.183905112091452 0.9501338480040431 38.593369695357978 59.11168077099137
leaf_count=1859 50432 9622 50 31058 421 41 30 3064 56 16022 6028 63 3162 4481
internal_value=-4.73487e-05 8.10571e-06 -0.00619323 0.000396579 -0.00154992 -0.00128188 -0.0100364 -0.0344634 -0.0382742 -0.00823401 -0.0011898 0.123749 -0.00249232 0.00277453
internal_weight=8704.72 8695.89 512.627 8183.26 2870.27 2839.7 363.986 25.0125 24.6363 338.974 175.607 1.7176 173.889 135.296
internal_count=126389 124530 42578 81952 31520 31099 32956 3150 3120 29806 13784 113 13671 10509
cat_boundaries=0 1 2
cat_threshold=10 170
is_linear=0
shrinkage=0.05


Tree=85
num_leaves=15
num_cat=1
split_feature=10 10 6 4 10 5 7 4 1 11 4 0 7 7
split_gain=9.99049 7.67143 6.73086 5.92082 10.1082 21.483 6.0736 5.74737 7.42664 8.67331 7.67257 9.75957 11.8106 20.0955
threshold=1.0000000180025095e-35 5.5000000000000009 3.6050000000000009 4.9000000000000012 8.5000000000000018 3.4500000000000006 40.263333333333343 9.9000000000000021 55.250000000000007 0 4.9000000000000012 6.5000000000000009 38.810000000000009 39.390000000000015
decision_type=10 10 10 10 10 10 8 10 8 9 8 2 10 8
left_child=-1 -2 7 4 6 -6 -4 8 -3 -10 11 -11 -13 -14
right_child=1 2 3 -5 5 -7 -8 -9 9 10 -12 12 13 -15
leaf_value=-0.054447339071487688 0.00061472802274531468 -0.0060575199651964748 0.052559905158304381 -0.027409071120949931 0.36620062884469884 -0.0054629863119895527 -0.035351393936344087 -0.014844497649164191 -0.0074234247625414446 -0.012160015923357794 0.01001304832249145 -0.039025949486442689 0.19520406467047402 0.023642878531904412
leaf_weight=8.431302320212124 7444.6390349678695 529.42365543404594 2.8776284651830766 48.862439563730732 0.59964779857545991 1.1058005383238194 6.1929159685969362 91.398471153806895 160.65846532373689 85.952682723524049 308.99882435123436 3.9573894399218252 2.2272887229919407 7.3050155583769092
leaf_count=1859 58870 27366 106 4223 48 91 253 7959 7198 3107 14804 151 78 276
internal_value=-4.65131e-05 6.24277e-06 -0.003619 -0.0200107 0.0135366 0.125217 -0.00746155 -0.00279745 -0.00179512 0.00217011 0.00597905 -0.0059546 0.0335846 0.0637293
internal_weight=8702.63 8694.2 1249.56 59.6384 10.776 1.70545 9.07054 1189.92 1098.52 569.1 408.441 99.4424 13.4897 9.5323
internal_count=126389 124530 65660 4721 498 139 359 60939 52980 25614 18416 3612 505 354
cat_boundaries=0 1
cat_threshold=1856
is_linear=0
shrinkage=0.05


Tree=86
num_leaves=15
num_cat=2
split_feature=10 10 5 0 4 11 11 2 1 3 7 7 4 6
split_gain=9.46843 7.27632 5.15158 5.10779 6.0545 6.86373 5.7953 5.68303 5.58281 7.85935 11.7505 4.91512 5.19498 4.81496
threshold=1.0000000180025095e-35 8.5000000000000018 -1.0499999999999998 5.5000000000000009 2.1000000000000005 0 1 203.50000000000003 57.750000000000007 6.5000000000000009 39.310000000000009 40.045000000000009 1.9000000000000001 1.1450000000000002
decision_type=10 10 8 2 8 9 9 10 8 10 10 10 10 10
left_child=-1 2 -2 4 5 11 8 -8 -5 -10 -11 -4 -13 -3
right_child=1 13 3 6 -6 -7 7 -9 9 10 -12 12 -14 -15
leaf_value=-0.05425365062441681 0.010157391027529116 0.0022320968612726268 -0.001405345847137724 -0.011248749502591646 6.0339557710595533e-05 0.0057430939000683058 -0.00062989507960667206 -0.035057696312047824 -0.0020559163702804722 0.11709677593347133 -0.010348318478090823 -0.037102422375686804 0.011574317317472747 -0.011440492879067683
leaf_weight=8.0480137225240451 130.06741013377905 90.64407522068359 165.2340059094131 265.60924295336008 5379.3289327956736 962.44005906581879 1401.1453368701041 12.090187003836034 28.243005866184831 3.791586614213883 3.4582751840353012 20.477195819839839 7.4847631137818089 222.33369646780193
leaf_count=1859 672 7963 1055 3522 63494 5911 17410 111 324 81 88 142 58 23699
internal_value=-4.56039e-05 4.58584e-06 0.000284167 0.000128495 0.000765737 0.00404927 -0.00230064 -0.000917929 -0.00847838 0.0098648 0.0563039 -0.00445547 -0.0240728 -0.00748066
internal_weight=8700.4 8692.35 8379.37 8249.3 6534.96 1155.64 1714.34 1413.24 301.102 35.4929 7.24986 193.196 27.962 312.978
internal_count=126389 124530 92868 92196 70660 7166 21536 17521 4015 493 169 1255 200 31662
cat_boundaries=0 1 2
cat_threshold=578 520
is_linear=0
shrinkage=0.05


Tree=87
num_leaves=15
num_cat=1
split_feature=10 10 3 6 4 4 2 11 7 2 0 3 1 7
split_gain=8.97519 6.70493 6.55295 5.84452 8.1428 7.80128 5.9023 8.85688 12.2061 9.30379 10.7728 10.0919 9.82709 9.64139
threshold=1.0000000180025095e-35 7.5000000000000009 5.5000000000000009 3.6050000000000009 13.366666666666669 4.1000000000000005 24.500000000000004 0 39.063333333333347 7.5000000000000009 4.5000000000000009 8.5000000000000018 53.500000000000007 38.310000000000009
decision_type=10 10 10 8 8 10 8 9 10 10 2 8 10 10
left_child=-1 -2 -3 6 5 -5 7 8 9 10 -4 12 -11 -14
right_child=1 2 3 4 -6 -7 -8 -9 -10 11 -12 -13 13 -15
leaf_value=-0.054067028508358206 0.00034958902274258687 0.0032418037751676936 0.19379078023236138 0.16646852304073845 0.18231338556455853 -0.041558163775887197 -0.019929449528121923 -0.011167376118676086 0.00039562598250500523 0.22366590559750149 0.035970317604769791 -0.018888729565409979 -0.029123847640164027 0.11377948721309505
leaf_weight=7.6812658030539742 8183.7854488901794 148.57045756280422 2.0423166933469501 0.45986395049840822 0.4295510642696162 22.565039685694501 74.798795679118484 154.6914673843421 87.964454312808812 0.91086022322997173 2.297911748290062 6.2756562049034992 2.2971690795384347 2.4276619460433722
leaf_count=1859 81952 9622 130 27 51 3072 6858 14187 7580 68 142 528 158 155
internal_value=-4.34309e-05 4.32433e-06 -0.00558278 -0.0092536 -0.0333794 -0.0374034 -0.00755792 -0.00398377 0.00707208 0.0475612 0.110234 0.0247247 0.0732908 0.0443012
internal_weight=8697.2 8689.52 505.731 357.161 23.4545 23.0249 333.706 258.907 104.216 16.2516 4.34023 11.9113 5.63569 4.72483
internal_count=126389 124530 42578 32956 3150 3099 29806 22948 8761 1181 272 909 381 313
cat_boundaries=0 1
cat_threshold=178
is_linear=0
shrinkage=0.05


Tree=88
num_leaves=15
num_cat=3
split_feature=10 12 10 4 11 7 6 5 0 2 7 11 7 2
split_gain=8.5082 6.34571 9.98718 5.9086 6.48048 9.74894 5.54141 8.53127 11.0407 6.50569 10.4535 5.46033 5.43918 5.19357
threshold=1.0000000180025095e-35 0 7.5000000000000009 1.9000000000000001 1 40.022500000000015 1.2050000000000003 1.0500000000000003 2.5000000000000004 24.500000000000004 41.090000000000011 2 39.390000000000015 23.500000000000004
decision_type=10 1 10 10 9 8 8 8 2 10 8 9 10 8
left_child=-1 2 -2 4 5 12 7 8 -4 10 13 -8 -3 -9
right_child=1 3 6 -5 -6 -7 11 9 -10 -11 -12 -13 -14 -15
leaf_value=-0.053887377180754384 -0.00094957956367492595 -0.011013726718973245 0.15268435700874941 0.00020160985440879407 0.0051724395651625652 -0.047574018778040121 -0.0052280890038326547 0.024984390399179681 -0.01715097813429468 -0.027507587987532237 0.19781130807911626 -0.025548683738072109 0.023587393361299683 0.16489236556243397
leaf_weight=7.3303912095725527 3300.6019986243919 41.979458393994719 0.9822162501513948 3992.0967899332754 1104.1273763827048 14.461617165245114 84.842372911050916 14.502130911452699 37.171116501325741 4.2934128683991721 1.0059713274240483 76.174033786170185 15.570421166718004 0.69511142326518971
leaf_count=1859 35847 254 65 58757 8243 116 8247 1042 3030 336 90 8353 102 48
internal_value=-4.27644e-05 2.6637e-06 -0.00163199 0.00111708 0.00423392 -0.00954844 -0.0119599 0.00119837 -0.0127788 0.027216 0.0417163 -0.0167528 -0.00165221 0.0313837
internal_weight=8695.83 8688.5 3520.27 5168.24 1176.14 72.0115 219.666 58.65 38.1533 20.4966 16.2032 161.016 57.5499 15.1972
internal_count=126389 124530 57058 67472 8715 472 21211 4611 3095 1516 1180 16600 356 1090
cat_boundaries=0 1 2 3
cat_threshold=4 66 1330
is_linear=0
shrinkage=0.05


Tree=89
num_leaves=15
num_cat=3
split_feature=10 10 11 6 6 2 6 7 6 12 10 11 6 5
split_gain=8.06632 6.01602 6.42677 13.4111 21.0813 18.985 8.11668 11.5232 13.8952 5.24992 5.59372 5.58114 6.04902 15.3678
threshold=1.0000000180025095e-35 10.500000000000002 0 1.6275000000000002 1.8400000000000005 57.500000000000007 2.4225000000000008 40.390000000000015 2.1225000000000009 1 7.5000000000000009 2 1.2050000000000003 2.6500000000000008
decision_type=10 10 9 8 8 10 10 10 10 1 10 9 10 10
left_child=-1 9 3 -3 -5 6 7 -6 -9 10 -2 12 13 -12
right_child=1 2 -4 4 5 -7 -8 8 -10 -11 11 -13 -14 -15
leaf_value=-0.053714573349961409 -0.00090260602735289146 -0.037886061948166662 -0.017266414443228916 0.3582536917034469 0.012645810827906806 0.4259837709306119 -0.032314327896216757 0.056189361937833693 0.45937850660283525 0.00114794168562172 0.013411461600178008 -0.017785853782602574 -0.0080086266500483377 0.22240456110963361
leaf_weight=6.9947508368641129 3298.8011870225891 4.0000249354634434 74.737981434678659 0.61179820937104523 1.5864599719643595 0.31491382746025909 2.7749607877340168 0.46928090648725618 0.39235527161508799 5123.703368739225 23.313830426894132 90.450670713558793 64.456821155268699 0.91409508651122351
leaf_count=1859 35847 551 11814 88 217 50 444 69 57 60963 1427 7433 5521 49
internal_value=-4.27014e-05 5.17383e-07 -0.013245 0.0168131 0.0797309 0.0489615 0.0262297 0.0925904 0.239786 0.000131235 -0.00136595 -0.0099748 -2.42345e-06 0.0212966
internal_weight=8693.52 8686.53 84.8878 10.1498 6.14977 5.53797 5.22306 2.4481 0.861636 8601.64 3477.94 179.135 88.6847 24.2279
internal_count=126389 124530 13290 1476 925 837 787 343 126 111240 50277 14430 6997 1476
cat_boundaries=0 1 2 3
cat_threshold=288 4 1810
is_linear=0
shrinkage=0.05


Tree=90
num_leaves=15
num_cat=2
split_feature=10 10 1 6 2 4 1 8 7 2 0 12 7 11
split_gain=7.64801 5.63962 6.43429 12.7264 25.2706 7.77979 6.80281 9.44852 19.3789 8.71728 5.50753 4.75166 5.28484 6.92487
threshold=1.0000000180025095e-35 10.500000000000002 56.750000000000007 2.1225000000000009 19.500000000000004 8.3666666666666689 55.250000000000007 2.5000000000000004 40.010000000000012 76.500000000000014 8.5000000000000018 0 39.029166666666676 1
decision_type=10 10 10 10 8 10 10 2 8 10 2 1 8 9
left_child=-1 11 5 -4 -5 6 -3 8 -8 10 -9 12 13 -2
right_child=1 2 3 4 -6 -7 7 9 -10 -11 -12 -13 -14 -15
leaf_value=-0.053548479036260511 0.0064709193734557961 -0.017611971302329089 -0.013479883927795339 0.38608219254831438 -0.050381681670983461 -0.030503074929113746 0.41933102950983259 -0.0082520399186717594 0.053383518233067306 0.18985419901675599 0.16881210032683822 0.0010899850596875157 -0.0025724280294202781 -0.0017736564809493023
leaf_weight=6.6737304162234059 428.24418601999059 21.394710517954081 2.707189285196363 0.68730928236618605 0.64085149322636437 42.889571885578334 0.42573481309227412 11.850872957613316 2.4078323107678443 0.62411604123190123 0.45607454096898514 5126.7840802385472 2443.5982312113047 602.85024645412341
leaf_count=1859 4584 3459 365 96 94 7347 53 1447 303 73 53 60963 38765 6928
internal_value=-4.36265e-05 -2.51498e-06 -0.0128887 0.048714 0.175484 -0.0159942 0.000752097 0.0256746 0.108366 0.00755453 -0.00169034 0.000123455 -0.00130202 0.00169612
internal_weight=8692.23 8685.56 84.0843 4.03535 1.32816 80.0489 37.1593 15.7646 2.83357 12.9311 12.3069 8601.48 3474.69 1031.09
internal_count=126389 124530 13290 555 190 12735 5388 1929 356 1573 1500 111240 50277 11512
cat_boundaries=0 1 2
cat_threshold=4 338
is_linear=0
shrinkage=0.05


Tree=91
num_leaves=15
num_cat=2
split_feature=10 10 0 4 11 7 10 12 6 10 6 4 5 6
split_gain=7.25293 5.49722 6.48536 8.43508 5.92054 8.9339 7.65382 7.47602 7.11724 6.47442 11.8322 11.8835 20.4094 19.3424
threshold=1.0000000180025095e-35 2.5000000000000004 6.5000000000000009 9.2250000000000014 0 38.263333333333343 11.500000000000002 1 0.74500000000000022 10.500000000000002 1.3612500000000003 9.2250000000000014 2.9500000000000006 3.0816666666666674
decision_type=10 10 2 10 9 8 10 1 10 10 8 8 10 10
left_child=-1 -2 4 -4 5 8 7 -6 -3 -7 -11 12 -12 -14
right_child=1 2 3 -5 6 9 -8 -9 -10 10 11 -13 13 -15
leaf_value=-0.053388947947998713 0.0011390228857716979 -0.054838114293980958 -0.0048369554035973053 -0.029093871742666401 0.013194940415676606 0.0075735571041484128 -0.027898213061599026 -0.0014822742642744717 -0.0041035980400918127 -0.050365300624481801 0.03948945656654744 0.032131589052284852 0.52839454100582806 0.077298722227666816
leaf_weight=6.3667398365214458 4760.9421765655279 9.5610888595692796 453.89289673208259 38.911624460946769 79.446627821307629 282.59804298682138 26.807530840393156 3000.262712534517 24.955251555424184 1.9038063907064486 1.1121836979873481 3.029861212708056 0.60461184894666065 0.3915176868904382
leaf_count=1859 23554 189 11921 2430 1712 6285 5230 71630 577 278 146 445 74 59
internal_value=-4.20717e-05 -2.96188e-06 -0.0013887 -0.00675227 -0.000618244 0.00571194 -0.00129301 -0.00106562 -0.0181572 0.00875362 0.05611 0.0955614 0.186717 0.351096
internal_weight=8690.79 8684.42 3923.48 492.805 3430.67 324.156 3106.52 3079.71 34.5163 289.64 7.04198 5.13817 2.10831 0.99613
internal_count=126389 124530 100976 14351 86625 8053 78572 73342 766 7287 1002 724 279 133
cat_boundaries=0 1 2
cat_threshold=32 2
is_linear=0
shrinkage=0.05


Tree=92
num_leaves=15
num_cat=1
split_feature=10 10 0 11 8 6 3 3 6 5 5 6 6 5
split_gain=6.87911 5.12559 7.21868 7.57863 7.09745 9.71719 6.51514 6.59349 11.1013 8.04381 6.73475 8.1793 12.4779 10.3556
threshold=1.0000000180025095e-35 4.5000000000000009 3.5000000000000004 0 3.5000000000000004 0.14500000000000002 7.5000000000000009 3.5000000000000004 3.9050000000000007 5.0500000000000007 1.3500000000000003 1.1050000000000002 1.0225000000000004 1.8500000000000003
decision_type=10 10 2 9 2 8 8 10 8 8 8 10 10 8
left_child=-1 -2 3 -3 -5 -6 7 8 10 -10 -4 12 13 -12
right_child=1 2 6 4 5 -7 -8 -9 9 -11 11 -13 -14 -15
leaf_value=-0.053235814669663109 0.0006192242962223093 -0.016106790441544078 -0.014259730035471388 -0.013942096378782895 0.10560255879504077 0.0003806419910050091 -0.0046766554221668267 0.0054649681475989796 0.14567386179881672 0.016030677891388446 0.050804869358711473 -0.0063543676330410116 0.10367862391229146 -0.020803731834367508
leaf_weight=6.0732118822634211 6877.0487708039582 157.6239367024973 121.28667395189404 107.86671983613633 2.2124598450027406 265.28272589878179 513.33647586312145 552.22029653983191 2.0209970050491384 2.9326801737770438 9.223645786754787 54.647612049244344 4.4909702609293154 11.154267243109647
leaf_count=1859 47109 7435 3447 3964 56 11289 28928 19791 61 88 256 1666 127 313
internal_value=-4.02921e-05 -3.0781e-06 -0.00237497 -0.00725939 -0.00303421 0.00125094 -0.000327225 0.00261841 -0.00502133 0.0689224 -0.00684547 0.00446351 0.028235 0.0116084
internal_weight=8687.42 8681.35 1804.3 532.986 375.362 267.495 1271.31 757.977 205.757 4.95368 200.803 79.5165 24.8689 20.3779
internal_count=126389 124530 77421 22744 15309 11345 54677 25749 5958 149 5809 2362 696 569
cat_boundaries=0 1
cat_threshold=73
is_linear=0
shrinkage=0.05


Tree=93
num_leaves=15
num_cat=1
split_feature=10 7 0 11 2 5 7 2 10 4 5 8 4 10
split_gain=6.52495 4.9856 7.09627 9.21169 7.72933 6.55701 9.6167 5.9848 7.27103 5.49391 5.24661 11.6244 7.88528 4.99133
threshold=1.0000000180025095e-35 39.310000000000009 6.5000000000000009 0 35.500000000000007 1.1500000000000001 39.045000000000009 21.500000000000004 1.5000000000000002 9.1000000000000014 0.25000000000000006 3.5000000000000004 1.7083333333333337 10.500000000000002
decision_type=10 10 2 9 10 10 10 10 10 10 10 2 8 8
left_child=-1 2 -2 4 -4 6 9 -7 -9 -5 12 -12 -6 -3
right_child=1 13 3 5 10 7 -8 8 -10 -11 11 -13 -14 -15
leaf_value=-0.053088912714334018 0.002010355313939513 -0.00092688681821629293 -0.022958877051869393 -0.0020737902656982709 0.035128227923761468 -0.021401407653376895 0.030185333579316999 0.039297568924096277 -0.013622023054657631 0.031205029796375447 0.12228277815184235 0.0058969921672293512 -0.051213912680110218 -0.015425272735997697
leaf_weight=5.7926004864275447 3584.2940819610376 4616.0621367809363 100.79512095404789 167.41354762553237 4.394704870879651 54.347660502884537 31.855795797891915 10.752790257334711 16.376438654493541 13.394043433945624 2.7058632732368979 10.358179257949814 6.639012520899997 60.136521007167175
leaf_count=1859 38614 69856 1887 1845 21 1141 371 44 331 176 52 190 99 9903
internal_value=-3.99639e-05 -4.55969e-06 0.00129058 -0.00486618 -0.0156258 0.00022595 0.00485443 -0.0118271 0.00735289 0.000391471 0.00856225 0.0300032 -0.016824 -0.00111334
internal_weight=8685.32 8679.53 4003.33 419.033 124.893 294.14 212.663 81.4769 27.1292 180.808 24.0978 13.064 11.0337 4676.2
internal_count=126389 124530 44771 6157 2249 3908 2392 1516 375 2021 362 242 120 79759
cat_boundaries=0 1
cat_threshold=552
is_linear=0
shrinkage=0.05


Tree=94
num_leaves=15
num_cat=2
split_feature=10 5 12 10 5 11 6 10 4 2 6 5 7 5
split_gain=6.18999 4.66702 4.75293 7.51338 5.48064 8.67967 10.5102 8.59721 8.48678 8.31955 7.70837 6.58169 5.85211 5.93693
threshold=1.0000000180025095e-35 -1.0499999999999998 0 7.5000000000000009 0.35000000000000003 1 2.2450000000000006 2.5000000000000004 1.7750000000000001 6.5000000000000009 1.0000000180025095e-35 0.15000000000000005 38.110000000000014 3.5500000000000003
decision_type=10 8 1 10 8 9 10 10 8 10 8 8 8 10
left_child=-1 -2 3 -3 5 6 7 9 12 -4 -10 -8 -6 -14
right_child=1 2 4 -5 8 -7 11 -9 10 -11 -12 -13 13 -15
leaf_value=-0.052948065263742919 0.0093928723235364112 -0.00098355297977184108 0.036852600386133562 -0.010683939369861397 0.019754930815281291 -0.0057030240944060621 0.049978941249440779 -0.0088605987096819199 0.050612138077517126 0.0032856076767029349 0.00080049480460273905 -0.00071840577324189855 0.0039461843329403924 0.033578911990306437
leaf_weight=5.5243800021708003 130.13187646772712 3244.512846313417 19.392254769802094 212.70349290524609 88.527147565968335 700.95378038310446 18.369235265534371 157.98291680100374 7.7848663851618767 383.69019860029221 3343.0564806449693 9.8265182368922996 342.72987042134628 17.779676796868443
leaf_count=1859 678 35593 90 21204 463 7903 203 2910 47 1825 51416 120 1950 128
internal_value=-3.84068e-05 -4.72259e-06 -0.0001478 -0.00157581 0.000823587 -0.00199043 0.00248056 0.0010257 0.00178123 0.00490051 0.00091622 0.0323104 0.00823618 0.00540762
internal_weight=8682.97 8677.44 8547.31 3457.22 5090.09 1290.21 589.261 561.065 3799.88 403.082 3350.84 28.1958 449.037 360.51
internal_count=126389 124530 123852 56797 67055 13051 5148 4825 54004 1915 51463 323 2541 2078
cat_boundaries=0 1 2
cat_threshold=4 1409
is_linear=0
shrinkage=0.05


Tree=95
num_leaves=15
num_cat=0
split_feature=10 3 6 6 3 6 7 4 5 8 7 1 0 7
split_gain=5.8728 4.44465 10.1789 6.63245 7.65562 6.33815 15.744 13.9284 10.0898 7.67504 6.27449 9.67088 5.86981 5.84934
threshold=1.0000000180025095e-35 7.5000000000000009 4.6225000000000014 4.2550000000000017 13.500000000000002 0.6050000000000002 39.110000000000014 4.9000000000000012 0.075000000000000025 1.5000000000000002 40.190000000000012 54.250000000000007 3.5000000000000004 38.990000000000016
decision_type=10 10 8 10 10 10 10 10 8 2 10 8 2 8
left_child=-1 -2 3 5 -5 6 7 -3 -9 10 -8 -12 -13 -10
right_child=1 2 -4 4 -6 -7 9 8 13 -11 11 12 -14 -15
leaf_value=-0.052813089035777389 0.00044806131194703139 0.095605120617941242 -0.034731718635313928 0.023010152782753979 0.16290918763994774 -0.0034720924205343881 -0.025477981631927618 0.10238095864866253 -0.0071901529038247763 -0.018687696106406009 -0.030068744466066052 0.025744422671139723 0.14218636720388553 0.072216549519142637
leaf_weight=5.2680445238947859 7475.3964222504292 8.1393390195444244 24.496392733650282 8.9032734346110356 1.0985523054841895 1090.359741023276 3.2945036096498352 3.0858191363513452 15.566852888790896 33.81961144763045 2.1095482797827572 1.7192424582317469 2.9213179214857519 2.7251695578452191
leaf_count=1859 84899 78 1366 464 28 35637 107 89 540 1022 93 41 97 69
internal_value=-3.71439e-05 -5.08976e-06 -0.00283214 -0.00216639 0.038376 -0.00251483 0.0117089 0.0399417 0.0187485 -0.00728947 0.0310877 0.0586955 0.0990468 0.00463996
internal_weight=8678.9 8673.64 1198.24 1173.74 10.0018 1163.74 73.3814 29.5172 21.3778 43.8642 10.0446 6.75011 4.64056 18.292
internal_count=126389 124530 39631 38265 492 37773 2136 776 698 1360 338 231 138 609
is_linear=0
shrinkage=0.05


Tree=96
num_leaves=15
num_cat=2
split_feature=10 7 0 11 5 7 2 5 1 8 6 6 11 7
split_gain=5.70343 4.29604 6.39427 8.39461 7.41617 9.77168 6.19694 5.90173 6.77163 5.89115 4.76524 9.27205 9.06588 8.8676
threshold=13.500000000000002 39.310000000000009 6.5000000000000009 0 1.5500000000000003 39.045000000000009 35.500000000000007 0.25000000000000006 56.250000000000007 4.5000000000000009 1.5550000000000004 2.0612500000000007 1 39.322500000000012
decision_type=8 10 2 9 10 8 10 8 8 2 8 10 9 10
left_child=1 2 -1 6 5 -5 -4 -8 9 -9 12 -12 -3 -13
right_child=-2 10 3 4 -6 -7 7 8 -10 -11 11 13 -14 -15
leaf_value=0.0018798348070058618 -0.05010893922873573 0.00069279003576983825 -0.019652852676884075 -0.00032388450359824132 -0.01631630960228464 0.026386975910931372 -0.038687382538904809 0.083501782074989039 -0.013658667267008802 0.015516933148555422 0.004630340185848643 -0.068335137486919939 -0.0051871924645216861 -0.0018780842636834845
leaf_weight=3586.7314686547033 5.6830692824441931 1233.0504213785753 120.0636513242498 172.62060867622495 50.492802228778601 42.712089762091637 6.0742715606465936 4.8818524372763976 10.701123187784104 9.1757971248589456 885.00453564501368 5.0414908388629547 1392.4019955506083 1152.9623064440675
leaf_count=38356 2936 16677 2196 1884 984 546 90 69 142 143 16037 85 18568 27676
internal_value=-3.5853e-05 -3.03803e-06 0.00119872 -0.00466367 0.0008965 0.00497432 -0.0136158 0.00547668 0.0163118 0.0391263 -0.00103361 0.000777285 -0.00244276 -0.00216741
internal_weight=8677.6 8671.91 4003.45 416.722 265.826 215.333 150.897 30.833 24.7588 14.0576 4668.46 2043.01 2625.45 1158
internal_count=126389 123453 44410 6054 3414 2430 2640 444 354 212 79043 43798 35245 27761
cat_boundaries=0 1 2
cat_threshold=568 1832
is_linear=0
shrinkage=0.05


Tree=97
num_leaves=15
num_cat=2
split_feature=10 5 12 10 3 2 5 5 11 6 10 4 2 6
split_gain=5.44107 4.15799 4.26839 6.71199 5.21079 6.3969 12.0329 5.015 7.79889 9.43823 7.76865 7.47353 7.44178 6.79614
threshold=1.0000000180025095e-35 -1.0499999999999998 0 7.5000000000000009 5.5000000000000009 5.5000000000000009 1.4500000000000002 0.35000000000000003 1 2.2450000000000006 2.5000000000000004 1.7750000000000001 6.5000000000000009 1.0000000180025095e-35
decision_type=10 8 1 10 8 10 8 8 9 10 10 8 10 8
left_child=-1 -2 3 -3 5 6 -5 8 9 10 12 -9 -4 -13
right_child=1 2 7 4 -6 -7 -8 11 -10 -11 -12 13 -14 -15
leaf_value=-0.052748087967335315 0.0088641530166021342 -0.00093798872938381317 0.034706783573958448 -0.050934168647191858 -0.014388337814064135 0.0010035998071480092 0.22178067009033031 0.0077455551636109263 -0.0054417391901543906 0.030430493151043011 -0.0085062984366209553 0.047142145036452199 0.0030734958095396231 0.00077325716735164303
leaf_weight=4.8925816891714922 130.16335125174373 3242.2154755825177 19.537977561354637 0.72361875930800923 163.04835324059241 45.309511838015169 0.91709478665143251 449.97936291759834 698.80608851462603 28.499946640571579 156.90396974491887 7.9209368322044611 384.03004565834999 3343.3259006487206
leaf_count=1859 678 35593 90 45 17948 3145 66 2541 7903 323 2910 47 1825 51416
internal_value=-3.47568e-05 -5.01484e-06 -0.000140176 -0.00149475 -0.0101619 0.00451562 0.101503 0.000780127 -0.00191503 0.00232233 0.000934468 0.00169524 0.00460496 0.000882854
internal_weight=8676.27 8671.38 8541.22 3452.21 209.999 46.9502 1.64071 5089 1287.78 588.972 560.472 3801.23 403.568 3351.25
internal_count=126389 124530 123852 56797 21204 3256 111 67055 13051 5148 4825 54004 1915 51463
cat_boundaries=0 1 2
cat_threshold=4 1409
is_linear=0
shrinkage=0.05


Tree=98
num_leaves=15
num_cat=0
split_feature=10 0 6 7 7 3 7 5 2 3 10 4 7 5
split_gain=5.27742 4.12247 7.42518 6.63919 5.77552 10.883 8.02477 9.18742 10.8265 15.9002 6.97187 9.78679 10.1137 13.9107
threshold=13.500000000000002 4.5000000000000009 5.2900000000000009 40.763333333333343 41.290000000000013 10.500000000000002 40.963333333333345 13.350000000000003 21.500000000000004 11.500000000000002 6.5000000000000009 3.9000000000000004 41.445000000000014 1.7750000000000001
decision_type=8 2 10 10 10 8 10 8 8 10 10 10 10 8
left_child=1 3 -3 -1 5 -5 -7 8 -8 -10 -6 -12 13 -13
right_child=-2 2 -4 4 10 6 7 -9 9 -11 11 12 -14 -15
leaf_value=0.0016020271768518422 -0.050102368922586987 -0.0013178558540336937 -0.042383257046301061 -0.0093133386080298912 0.0028170392909631662 -0.0061671997412395983 -0.0018083781936409091 0.18330557050168933 0.20795797073248565 0.027873784409450004 0.047453527215133386 -0.0403528099978918 -0.026703123816170196 0.072561319589694695
leaf_weight=4599.7022739469539 5.2597792018204919 3090.557595607359 11.047008208231999 401.69004614488222 461.18258318677545 11.717964137205856 7.3471797045785907 1.1827333928085852 1.897847251500935 3.4610239695757627 6.088788595981895 4.7085674349218589 60.176643912913278 6.4836674011312425
leaf_count=53678 2936 50706 319 6385 4954 456 374 23 76 130 329 329 5157 537
internal_value=-3.37643e-05 -3.37979e-06 -0.00146412 0.000810657 -0.00295777 -0.00729863 0.0243058 0.0500159 0.0376087 0.0916507 0.000485777 -0.0133945 -0.0185858 0.0250584
internal_weight=8672.5 8667.24 3101.6 5565.64 965.937 427.297 25.6067 13.8888 12.7061 5.35887 538.64 77.4577 71.3689 11.1922
internal_count=126389 123453 51025 72428 18750 7444 1059 603 580 206 11306 6352 6023 866
is_linear=0
shrinkage=0.05


Tree=99
num_leaves=15
num_cat=0
split_feature=10 10 1 4 7 6 4 1 7 5 7 6 8 7
split_gain=5.04649 3.83701 5.60597 10.6749 10.3769 19.6289 7.23982 5.98884 8.60002 6.82107 18.894 5.96527 5.96014 9.42024
threshold=1.0000000180025095e-35 10.500000000000002 56.750000000000007 7.366666666666668 40.045000000000009 2.1050000000000009 8.3666666666666689 55.250000000000007 42.445000000000014 3.9500000000000006 40.745000000000012 1.4450000000000005 2.5000000000000004 39.563333333333347
decision_type=10 10 10 10 10 8 10 10 10 10 10 10 2 8
left_child=-1 -2 6 -4 11 -6 7 -3 9 12 -11 -5 13 -9
right_child=1 2 3 4 5 -7 -8 8 -10 10 -12 -13 -14 -15
leaf_value=-0.052684474528469194 9.6308805099152629e-05 -0.015841053893592156 -0.05044127624064141 0.1709345042063255 -0.05039589305295919 0.39261964083819745 -0.028806982747531684 0.28085060212543916 0.21777000555385856 0.30992623470782737 -0.050461968889438935 -0.050416669621190652 -0.0094688941067737394 0.032263531277869482
leaf_weight=4.5485906265676013 8586.7417634483427 20.30244931881316 1.7084793394897122 0.45182823133654915 0.39650992793031015 0.67683299048803747 39.544236205751076 0.45244677411391743 0.55910786893218833 0.69369915011338956 0.7644672894384712 0.93265468161553144 10.982360197696835 2.4169690071139485
leaf_count=1859 111240 3459 219 70 58 79 7347 38 68 89 101 129 1349 284
internal_value=-3.27982e-05 -5.16454e-06 -0.0109128 0.0455534 0.112281 0.228963 -0.0140199 0.00214597 0.0251581 0.018124 0.120987 0.0218216 0.00729575 0.0714605
internal_weight=8671.17 8666.62 79.882 4.16631 2.45783 1.07334 75.7157 36.1715 15.8691 15.3099 1.45817 1.38448 13.8518 2.86942
internal_count=126389 124530 13290 555 336 137 12735 5388 1929 1861 190 199 1671 322
is_linear=0
shrinkage=0.05


Tree=100
num_leaves=15
num_cat=2
split_feature=10 12 10 6 6 0 2 7 7 0 5 7 7 11
split_gain=4.88011 3.77272 5.66438 5.09401 8.35677 10.5969 7.52154 10.2559 21.4584 14.2679 7.41278 10.9181 5.65509 5.43354
threshold=13.500000000000002 0 7.5000000000000009 1.2050000000000003 0.74500000000000022 2.5000000000000004 26.500000000000004 41.090000000000011 41.590000000000011 4.5000000000000009 2.4500000000000006 39.522500000000015 40.222500000000011 1
decision_type=8 1 10 8 10 2 10 8 10 2 8 10 8 9
left_child=1 2 -1 4 5 -4 7 10 9 -9 -6 -12 -13 -5
right_child=-2 -3 3 13 6 -7 -8 8 -10 -11 11 12 -14 -15
leaf_value=-0.00077096482384987164 -0.05009740794033557 0.00085332652731398692 0.17021512542996853 -0.003098650103041022 0.010954413623223205 -0.031231507369356471 -0.025827784394570032 0.084909540888267576 -0.050749667914144883 0.39052418364683256 -0.010398236861289148 0.2893455677050622 0.091070090385657845 -0.023236518766542369
leaf_weight=3290.3019464416429 4.8646524876821777 5169.7964074225165 0.6775122787803437 80.629218330606818 24.277442649006847 17.917940507410094 8.0252126553095859 0.73651343723758989 1.0428473697975276 0.79318957729265094 1.2348919357173174 0.73443893622606959 0.704651139676571 68.962781432783231
leaf_count=35861 2936 66894 38 8203 1841 1507 680 54 90 69 86 49 54 8027
internal_value=-3.21085e-05 -4.00381e-06 -0.00127059 -0.00932283 0.00351951 -0.0238919 0.0170945 0.0287616 0.124146 0.243378 0.019657 0.0986688 0.19226 -0.0141428
internal_weight=8670.7 8665.83 3496.04 205.737 56.1446 18.5955 37.5492 29.524 2.57255 1.5297 26.9514 2.67398 1.43909 149.592
internal_count=126389 123453 56559 20698 4468 1545 2923 2243 213 123 2030 189 103 16230
cat_boundaries=0 1 2
cat_threshold=4 1330
is_linear=0
shrinkage=0.05


Tree=101
num_leaves=15
num_cat=1
split_feature=10 0 11 2 5 4 10 7 6 6 6 8 1 2
split_gain=4.68358 3.82931 7.07582 10.095 8.1098 6.78779 9.26059 16.9505 13.224 7.76998 6.63229 6.41013 7.049 6.37858
threshold=1.0000000180025095e-35 6.5000000000000009 0 35.500000000000007 0.25000000000000006 3.5500000000000003 6.5000000000000009 39.677500000000016 1.1050000000000002 2.6450000000000009 2.5050000000000008 3.5000000000000004 55.250000000000007 122.50000000000001
decision_type=10 2 9 10 10 10 8 10 8 10 10 2 10 10
left_child=-1 -2 3 -3 -5 6 9 -8 -9 -4 11 -6 -13 -7
right_child=1 2 5 4 10 13 7 8 -10 -11 -12 12 -14 -15
leaf_value=-0.052619989936147873 0.00036090948108583547 -0.016210295556181142 0.0028965901146256563 -0.015017824059092758 0.078009699451309797 -0.003133934653843764 0.0045694339474461046 0.26860710906902585 0.038217485614473606 0.052237810483755358 -0.029704299364588755 0.061934169322523262 -0.0068571112331427585 -0.044418516009686174
leaf_weight=4.2320089880377045 7718.9150629581418 182.01813553750981 226.93155873194337 18.901314609218389 7.0589851676486477 467.1878739525564 4.4775335132144383 1.4065938098356126 1.1178049976006152 8.2696028947830182 4.231850985903292 6.1901250039227316 9.3469941958319378 9.5471514435484988
leaf_count=1859 107832 3946 1712 213 103 9766 232 62 52 68 90 124 177 153
internal_value=-3.28638e-05 -7.18185e-06 -0.00300846 -0.010474 0.0100678 -0.000490978 0.00631831 0.0629827 0.16659 0.00463141 0.0277417 0.0385003 0.0205499 -0.0039607
internal_weight=8669.83 8665.6 946.686 227.747 45.7293 718.938 242.203 7.00193 2.5244 235.201 26.828 22.5961 15.5371 476.735
internal_count=126389 124530 16698 4653 707 12045 2126 346 114 1780 494 404 301 9919
cat_boundaries=0 1
cat_threshold=552
is_linear=0
shrinkage=0.05


Tree=102
num_leaves=15
num_cat=1
split_feature=10 7 0 11 2 5 7 4 10 5 1 1 4 1
split_gain=4.53118 3.75303 5.85968 6.59092 6.51744 6.14929 8.31358 5.15603 5.50686 5.14629 5.68339 5.07095 7.49541 4.69998
threshold=13.500000000000002 39.310000000000009 6.5000000000000009 0 35.500000000000007 1.6500000000000001 39.190000000000012 9.1000000000000014 2.5000000000000004 0.25000000000000006 56.250000000000007 54.750000000000007 3.9000000000000004 53.500000000000007
decision_type=8 8 2 9 10 10 10 10 10 8 8 10 10 8
left_child=1 2 13 4 -4 6 7 -5 -9 -6 11 -11 -13 -1
right_child=-2 -3 3 5 9 -7 -8 8 -10 10 -12 12 -14 -15
leaf_value=0.011380871870813191 -0.050092061576399852 -0.00081438114801025876 -0.0215765686173034 -0.0017487002639401405 -0.037166967903468184 -0.016600393974137036 0.037051989875762734 0.043793299711055798 -0.016444754118802554 -0.0060135721373669572 -0.012915303356813339 0.017768405971568188 0.10710319273169522 0.0016608980689044033
leaf_weight=130.24774791486561 4.5179346344666547 5402.5517524310853 89.578487123595551 176.5814365777187 5.8541717347688973 44.634252511896193 17.283936443272978 12.937881886959078 5.3683032144326708 4.9136542840860846 10.602150859776883 5.4179585482925159 4.1437620357610285 2754.6529420332517
leaf_count=1848 2936 87226 1737 1964 90 896 200 59 165 65 141 45 99 28918
internal_value=-3.18728e-05 -5.77068e-06 0.00133337 -0.00452617 -0.0136141 0.000258548 0.00381733 0.000869856 0.0261284 0.00504396 0.0148978 0.0352689 0.0564834 0.00209974
internal_weight=8669.29 8664.77 3262.22 377.316 120.51 256.806 212.172 194.888 18.3062 30.9317 25.0775 14.4754 9.56172 2884.9
internal_count=126389 123453 36227 5461 2177 3284 2388 2188 224 440 350 209 144 30766
cat_boundaries=0 1
cat_threshold=568
is_linear=0
shrinkage=0.05


Tree=103
num_leaves=15
num_cat=2
split_feature=10 5 12 10 11 5 7 7 2 6 6 6 5 3
split_gain=4.34744 3.67029 3.62425 5.30146 4.76156 12.5871 7.93394 10.4004 6.38596 12.6551 4.83911 6.13345 20.5434 7.49959
threshold=1.0000000180025095e-35 -1.0499999999999998 0 7.5000000000000009 1 -0.24999999999999997 38.945000000000014 38.910000000000011 6.5000000000000009 1.3050000000000004 0.74500000000000022 1.0387500000000005 2.0500000000000003 9.5000000000000018
decision_type=10 8 1 10 9 8 8 8 10 8 8 8 8 10
left_child=-1 -2 3 -3 5 -5 7 8 9 -7 -6 12 13 -12
right_child=1 2 -4 4 10 6 -8 -9 -10 -11 11 -13 -14 -15
leaf_value=-0.052551394201428736 0.0083257797646484819 -0.00089440440544601521 0.00071368595097737035 0.21953000076520537 -0.038310088965296772 0.26841974361047732 -0.026963577784981443 0.17525459566625592 -0.0068310644047887342 -0.050645214400241646 -0.015501070019845745 -0.0023209138828838589 0.20561670930749454 0.092104089478364431
leaf_weight=3.9383476106449953 130.17057875357568 3239.9399127680808 5088.816951262299 0.55432871589437127 8.0400847613345814 0.62620145501569513 76.286955069284886 0.88511437945999105 19.369469817378558 0.61697011394426227 7.0558341017458606 87.971519575337879 1.5575567125342775 2.1015158439986408
leaf_count=1859 678 35593 67055 34 689 40 8957 80 1767 60 469 8803 90 215
internal_value=-3.06227e-05 -6.74858e-06 -0.000133849 -0.00138385 -0.00918428 -0.0163896 -0.0194031 0.0074261 0.000219484 0.110072 -0.000923062 0.00202936 0.037746 0.00919319
internal_weight=8667.93 8663.99 8533.82 3445.01 205.066 98.339 97.7847 21.4978 20.6126 1.24317 106.727 98.6864 10.7149 9.15735
internal_count=126389 124530 123852 56797 21204 10938 10904 1947 1867 100 10266 9577 774 684
cat_boundaries=0 1 2
cat_threshold=4 713
is_linear=0
shrinkage=0.05


Tree=104
num_leaves=15
num_cat=0
split_feature=10 6 3 2 5 8 10 6 0 6 2 3 4 4
split_gain=4.19619 3.5825 5.11563 4.38014 12.2843 8.52259 7.98087 8.52927 7.96772 6.79563 6.48431 7.73287 6.42168 6.71956
threshold=13.500000000000002 0.72250000000000025 10.500000000000002 27.500000000000004 1.1500000000000001 4.5000000000000009 6.5000000000000009 3.9050000000000007 2.5000000000000004 1.5550000000000004 244.50000000000003 8.5000000000000018 13.366666666666669 12.633333333333335
decision_type=8 10 10 10 8 2 10 8 2 10 10 10 10 8
left_child=1 2 -1 -3 6 10 9 -8 -7 -5 11 -6 13 -10
right_child=-2 3 -4 4 5 8 7 -9 12 -11 -12 -13 -14 -15
leaf_value=0.0015878138779313825 -0.050086823924660719 -0.0015667656029841647 -0.023402424318214557 -0.0067045841784792006 0.011620601008089227 0.038914190968651161 -0.027942891457106451 0.1370825466137163 -0.0004835884873303896 0.0061377334496283929 0.043433297917982769 -0.0073570253035850491 0.039626409144937175 -0.056241843484947762
leaf_weight=2920.3603294328786 4.1846144138835362 4201.4037204298656 20.623131819069386 334.01048452034593 370.72327132709324 13.269180715084074 43.320244497386739 0.79739140556193788 516.52967896964401 148.94704950787127 14.010630087926982 62.76612605410628 9.878367761615662 5.4604626181535414
leaf_count=26863 2936 75198 902 2986 3931 195 2854 65 7511 1384 114 1302 84 64
internal_value=-2.98337e-05 -5.65146e-06 0.00141257 -0.000734701 0.00156563 0.00484134 -0.0046035 -0.0249602 0.000643708 -0.00274394 0.00995482 0.00887278 -0.000311073 -0.00106687
internal_weight=8666.28 8662.1 2940.98 5721.12 1519.71 992.638 527.075 44.1176 545.138 482.958 447.5 433.489 531.869 521.99
internal_count=126389 123453 27765 95688 20490 13201 7289 2919 7854 4370 5347 5233 7659 7575
is_linear=0
shrinkage=0.05


Tree=105
num_leaves=15
num_cat=0
split_feature=10 0 6 7 1 7 4 7 3 6 7 9 10 4
split_gain=4.03967 3.42584 6.94579 5.68762 5.41394 6.68702 5.32749 5.26184 9.73339 7.0187 7.77568 21.7379 6.17291 8.69218
threshold=1.0000000180025095e-35 4.5000000000000009 5.2900000000000009 40.763333333333343 51.500000000000007 36.845000000000006 13.366666666666669 41.290000000000013 10.500000000000002 3.3775000000000008 41.06333333333334 1.0000000180025095e-35 6.5000000000000009 3.9000000000000004
decision_type=10 2 10 10 10 8 10 10 8 8 8 10 10 10
left_child=-1 3 6 4 5 -2 -3 8 -5 10 -10 -12 -9 -14
right_child=1 2 -4 7 -6 -7 -8 12 9 -11 11 -13 13 -15
leaf_value=-0.052485003722580227 0.047525705398738349 -0.0012981654435563165 -0.04135923391563117 -0.0088528023030045744 0.0017950064818945612 -0.0093226936005608597 0.04282506087636237 0.0026998678624810517 0.011547984691108288 -0.033653519498914083 0.20499014368817725 0.021850713611320904 0.043316339653686767 -0.017781670921021092
leaf_weight=3.6686645033769301 5.3476672372780731 3076.7932186619146 10.804662327631375 398.85936572530773 4439.7764265077421 158.31105340074282 6.8563754471251732 461.66266626119614 13.517681739176625 4.5594797449884963 2.2620064122602344 5.7114584884839124 6.351982522988691 69.667427265667357
leaf_count=1859 56 51053 337 6406 50534 3504 116 4951 588 200 73 252 331 6129
internal_value=-2.87849e-05 -6.56389e-06 -0.00134028 0.000734921 0.0014658 -0.00746513 -0.00120006 -0.00276037 -0.00691882 0.0226923 0.0346464 0.0738059 0.000525905 -0.0126765
internal_weight=8664.15 8660.48 3094.45 5566.03 4603.44 163.659 3083.65 962.592 424.91 26.0506 21.4911 7.97346 537.682 76.0194
internal_count=126389 124530 51506 73024 54094 3560 51169 18930 7519 1113 913 325 11411 6460
is_linear=0
shrinkage=0.05


Tree=106
num_leaves=15
num_cat=0
split_feature=10 5 0 2 2 6 1 6 2 4 7 5 1 4
split_gain=3.90166 3.27787 3.35008 5.90075 4.64084 4.40848 7.98141 4.94598 10.3875 10.7311 15.1718 9.19703 7.77279 7.32103
threshold=13.500000000000002 -1.0499999999999998 5.5000000000000009 429.00000000000006 241.50000000000003 0.73875000000000024 52.500000000000007 1.5050000000000006 34.500000000000007 3.3666666666666671 40.663333333333348 4.4500000000000011 56.250000000000007 3.5500000000000003
decision_type=8 8 2 10 10 10 10 10 8 10 10 8 10 10
left_child=1 -1 3 5 -4 6 -3 -7 12 10 -10 -12 13 -9
right_child=-2 2 4 -5 -6 7 -8 8 9 -11 11 -13 -14 -15
leaf_value=0.0078686680207552366 -0.050082346216440345 -0.011253315125667455 -0.0018507286050983337 0.061583645952032251 -0.0347924680148715 -0.0023045813405409375 0.0027522102071401563 -0.0079527756335114365 0.026461519209067936 0.0026169990926770076 -0.02942667530876359 0.030872171360794162 0.015978244837147472 0.00021821436838391603
leaf_weight=130.18355093058199 3.8914271533722049 106.60910381609574 1778.5641235772055 3.9365051724016658 10.75627745175734 2139.6105790087022 2219.6541288343724 344.51564195286483 120.92831847956404 364.11953530437313 22.601076727733016 8.7803878867998737 66.489268010482192 1341.87635765085
leaf_count=678 2936 1747 30085 29 127 28601 19879 3170 915 6517 201 98 919 30487
internal_value=-2.78724e-05 -5.37656e-06 -0.000125571 0.000385058 -0.00204875 0.000349289 0.00211036 -0.000579897 0.00104621 0.00727852 0.0184226 -0.0125553 -0.000789932 -0.00145105
internal_weight=8662.52 8658.62 8528.44 6739.12 1789.32 6735.18 2326.26 4408.92 2269.31 516.429 152.31 31.3815 1752.88 1686.39
internal_count=126389 123453 122775 92563 30212 92534 21626 70908 42307 7731 1214 299 34576 33657
is_linear=0
shrinkage=0.05


Tree=107
num_leaves=15
num_cat=2
split_feature=10 12 10 3 2 10 4 5 2 11 7 2 2 8
split_gain=3.75748 3.13097 4.80512 4.55033 4.59328 5.56283 4.57044 6.11818 6.67884 4.5035 5.04991 7.79692 18.715 14.4084
threshold=1.0000000180025095e-35 0 7.5000000000000009 5.5000000000000009 5.5000000000000009 8.5000000000000018 3.1000000000000005 -0.54999999999999993 21.500000000000004 1 38.945000000000014 12.500000000000002 19.500000000000004 3.5000000000000004
decision_type=10 1 10 8 10 10 10 10 8 9 8 10 8 2
left_child=-1 2 -2 4 5 -4 -6 8 -8 10 11 -5 13 -13
right_child=1 -3 3 9 6 -7 7 -9 -10 -11 -12 12 -14 -15
leaf_value=-0.052420157094813659 -0.00070456633811024315 0.00077436540263891738 -0.00050271580771126879 -0.036385279165161023 -0.036107233155654742 0.17141885831617881 0.21137563187120564 0.0043657366675358368 0.0077352023242643585 -0.0027273791333511516 -0.030087521273976455 0.3615833407117135 -0.014976424669489711 0.081525352244978089
leaf_weight=3.420682778581976 3285.0362948132679 5169.3716072157258 0.98618234880268463 6.9898693979484952 6.7298279301030552 0.89983853837475181 0.76225645467638847 36.226499890559353 0.85343521088361751 82.0301078237826 58.829671017243527 0.60649586084764195 5.6173799165990213 1.8918180632172152
leaf_count=1859 35847 67472 46 638 415 66 49 2625 60 8661 7764 64 628 195
internal_value=-2.68401e-05 -6.13725e-06 -0.00116194 -0.00864193 0.00509357 0.0815227 0.00185955 0.00861153 0.103809 -0.0127334 -0.0206703 0.00232188 0.0356595 0.149513
internal_weight=8660.25 8656.83 3487.46 202.423 46.458 1.88602 44.572 37.8422 1.61569 155.965 73.9352 15.1056 8.11569 2.49831
internal_count=126389 124530 57058 21211 3261 112 3149 2734 109 17950 9289 1525 887 259
cat_boundaries=0 1 2
cat_threshold=4 713
is_linear=0
shrinkage=0.05


Tree=108
num_leaves=15
num_cat=1
split_feature=10 7 0 11 2 5 7 5 1 2 1 1 7 10
split_gain=3.61856 3.03035 4.97192 5.96524 6.00375 5.66438 7.16715 4.67301 5.04316 4.58384 7.21089 4.4137 7.22817 8.846
threshold=13.500000000000002 39.310000000000009 6.5000000000000009 0 35.500000000000007 1.5500000000000003 39.045000000000009 0.25000000000000006 56.250000000000007 111.50000000000001 55.250000000000007 53.500000000000007 38.345000000000013 5.5000000000000009
decision_type=8 8 2 9 10 10 10 8 8 8 10 8 10 10
left_child=1 2 11 4 -4 6 -5 -6 9 10 -9 12 13 -1
right_child=-2 -3 3 5 7 -7 -8 8 -10 -11 -12 -13 -14 -15
leaf_value=0.016950182052288102 -0.050077922756287467 -0.00073322142622222195 -0.020673051842705962 -0.00022943105468323959 -0.036034908295221602 -0.014902182403406386 0.024627616846327503 0.0011169415083846239 -0.01232257695912514 -0.012507609492167874 0.084359516066283516 0.0014745697706839221 0.00071789669921372846 0.077037155917256017
leaf_weight=48.96219078078866 3.609592245775274 5392.4352630495559 88.052865979494527 171.84576508007012 5.6858416707254946 49.258743637707084 34.886471149511635 4.4262658809311723 10.519857966341077 4.0274617746472368 6.3108535688370466 2757.3183686789125 74.940105889458209 7.0011404925025991
leaf_count=386 2936 87226 1737 1884 90 984 416 66 141 62 81 28918 1131 331
internal_value=-2.63182e-05 -5.44567e-06 0.00119719 -0.00421907 -0.0129271 0.00032212 0.00396524 0.00492181 0.014132 0.032981 0.0500436 0.00190045 0.0108711 0.0244672
internal_weight=8659.28 8655.67 3263.24 375.014 119.023 255.991 206.732 30.9703 25.2844 14.7646 10.7371 2888.22 130.903 55.9633
internal_count=126389 123453 36227 5461 2177 3284 2300 440 350 209 147 30766 1848 717
cat_boundaries=0 1
cat_threshold=568
is_linear=0
shrinkage=0.05


Tree=109
num_leaves=15
num_cat=1
split_feature=10 5 12 2 6 2 1 0 4 2 7 7 2 3
split_gain=3.44187 2.91889 2.99601 4.71668 7.96299 4.71697 9.13291 10.6311 7.95979 6.81349 8.29498 7.7861 8.10234 4.70808
threshold=13.500000000000002 -1.0499999999999998 0 172.50000000000003 4.2550000000000017 123.50000000000001 54.250000000000007 3.5000000000000004 4.5500000000000007 146.50000000000003 38.945000000000014 39.645000000000017 133.50000000000003 4.5000000000000009
decision_type=8 8 1 10 8 10 8 2 10 10 10 10 10 10
left_child=1 -1 3 5 -5 -3 9 -8 -9 11 -11 -7 13 -13
right_child=-2 2 -4 4 -6 6 7 8 -10 10 -12 12 -14 -15
leaf_value=0.0074243425094251414 -0.050074120249631586 -0.0013067871275544282 0.00065107871457994711 -0.026663994020940204 0.046311073801588332 -0.0081833990033615151 0.12253188692463478 -0.035066816034762333 0.06915300535305656 0.024977221729128238 -0.041444279925773729 -0.028183250446063474 0.088769312211214327 0.055596713746674332
leaf_weight=130.2010412402451 3.4338045783806583 3341.3041641800664 5088.2781638409942 34.199541000416502 4.1970027429051688 11.989628467475997 3.742642369354142 3.5328403920866549 3.8055586805567145 7.2694907607510713 13.30048895254731 3.7007594066672009 6.2399709692690521 3.0662746129091829
leaf_count=678 2936 55071 66477 405 44 134 64 40 82 69 191 39 87 72
internal_value=-2.53649e-05 -5.50804e-06 -0.000118988 -0.00125748 -0.0186873 -0.00106422 0.0132431 0.0539546 0.0189797 0.0033428 -0.0179707 0.0208819 0.0476738 0.00977908
internal_weight=8658.26 8654.83 8524.63 3436.35 38.3965 3397.95 56.6477 11.081 7.3384 45.5666 20.57 24.9966 13.007 6.76703
internal_count=126389 123453 122775 56298 449 55849 778 186 122 592 260 332 198 111
cat_boundaries=0 1
cat_threshold=4
is_linear=0
shrinkage=0.05


Tree=110
num_leaves=15
num_cat=1
split_feature=10 11 6 6 2 1 6 2 6 6 1 6 10 6
split_gain=3.22481 4.91239 9.79625 10.343 9.19869 9.3889 8.38645 5.59237 5.85086 24.4547 7.78756 6.48157 12.7105 17.6663
threshold=10.500000000000002 0 1.6275000000000002 1.8400000000000005 60.500000000000007 56.250000000000007 1.7400000000000002 22.500000000000004 1.0387500000000005 1.0000000000000002 56.750000000000007 0.80500000000000016 11.500000000000002 0.94500000000000017
decision_type=8 9 8 8 10 10 10 10 8 8 10 10 8 10
left_child=-1 2 -2 6 5 -5 -4 8 9 11 -10 -3 13 -13
right_child=1 7 3 4 -6 -7 -8 -9 10 -11 -12 12 -14 -15
leaf_value=6.7747384792303476e-05 -0.03684180398632244 -0.028447054704340113 0.062298299256799798 0.0063529665397082354 0.2430879350623823 0.3018725162213669 0.36352082193912527 -0.043534720293363055 -0.020802427004269305 0.38466834845455805 0.070304193331460568 0.28316207859370274 -0.05028363514592285 -0.050509758861562164
leaf_weight=8579.0206614509225 3.7035607106518 4.564995880005883 0.44313577876891941 5.2878306074999273 0.51070637453813095 0.28316376509610552 0.48284685169346631 14.750105551443992 42.344520999817178 0.45972779404837627 2.4830748382955781 1.0491247423924508 1.3169210181804372 0.63787275319918979
leaf_count=111267 772 934 62 936 64 31 53 3129 8186 80 341 126 334 74
internal_value=-2.44547e-05 -0.0101244 0.0149631 0.0636945 0.039992 0.0213737 0.219369 -0.0142105 -0.00871576 0.0305925 -0.0157559 0.00908628 0.066125 0.156997
internal_weight=8657.34 78.3176 10.7112 7.00768 6.0817 5.57099 0.925983 67.6063 52.8562 8.02864 44.8276 7.56891 3.00392 1.687
internal_count=126389 15122 1918 1146 1031 967 115 13204 10075 1548 8527 1468 534 200
cat_boundaries=0 1
cat_threshold=288
is_linear=0
shrinkage=0.05


Tree=111
num_leaves=15
num_cat=0
split_feature=10 4 1 4 2 2 6 6 6 6 4 1 4 7
split_gain=3.00506 4.63132 7.60358 5.84095 7.55754 5.44683 6.68699 14.1713 6.42851 9.54335 7.67594 5.76968 7.88656 5.36171
threshold=10.500000000000002 8.3666666666666689 56.750000000000007 5.4500000000000011 154.50000000000003 22.500000000000004 1.0387500000000005 1.0050000000000006 0.80500000000000016 0.94500000000000017 6.9000000000000012 55.250000000000007 5.6333333333333337 40.590000000000011
decision_type=8 10 10 8 10 10 8 10 10 10 10 10 8 10
left_child=-1 3 -3 -2 5 6 7 8 -5 10 -10 12 -8 -4
right_child=1 2 13 4 -6 -7 11 -9 9 -11 -12 -13 -14 -15
leaf_value=6.435757060661573e-05 -0.033390733604714382 -0.027215819481064329 0.12552333925081413 -0.018066167967881588 0.24986650456397339 -0.033152572019900073 0.20287583416772006 0.39423401482908821 0.068860843655686788 -0.050454287281656296 0.36094262469744098 0.036693116236247408 -0.024984806800258247 -0.050627210143190174
leaf_weight=8579.340065444354 8.8108286859933269 36.837465967459138 1.4199359727790573 1.5470295585691971 0.33277131913928215 5.8118091794312923 0.39491514884867562 0.33721006638370443 0.41872611036524154 0.47785776690579951 0.4860329192597419 10.32065510493703 9.8839270272292197 0.62088601069990534
leaf_count=111267 1956 7656 197 276 46 1093 79 37 50 75 66 1403 2117 71
internal_value=-2.42959e-05 -0.00981307 -0.0220113 0.00240289 0.0129114 0.0102545 0.0208248 0.0872841 0.0519534 0.130299 0.225766 0.0102851 -0.0162304 0.0719325
internal_weight=8657.04 77.7001 38.8783 38.8218 30.0109 29.6782 23.8664 3.26686 2.92965 1.38262 0.904759 20.5995 10.2788 2.04082
internal_count=126389 15122 7924 7198 5242 5196 4103 504 467 191 116 3599 2196 268
is_linear=0
shrinkage=0.05


Tree=112
num_leaves=15
num_cat=0
split_feature=7 7 7 10 6 3 4 4 7 6 2 7 2 1
split_gain=2.91485 9.37746 8.8906 13.8896 13.3138 11.8309 3.85113 12.3972 9.34797 7.08886 6.66806 5.69061 5.48516 5.01096
threshold=42.522500000000015 42.663333333333348 42.490000000000016 3.5000000000000004 1.7387500000000002 6.5000000000000009 8.1000000000000014 7.4500000000000011 44.236666666666672 2.0050000000000008 57.500000000000007 43.263333333333343 20.500000000000004 55.250000000000007
decision_type=10 10 10 10 10 8 10 10 10 10 8 10 8 10
left_child=2 -2 -1 -4 -5 -6 7 10 9 -9 12 -11 13 -3
right_child=1 6 3 4 5 -7 -8 8 -10 11 -12 -13 -14 -15
leaf_value=3.9389780985549884e-05 -0.034529260718182707 -0.012148895222955034 0.0006246817865013317 -0.014430055220048595 0.28784245635506983 0.082362067823057467 -0.022302628520385788 0.14202285608374585 0.17717237791282889 -0.038858196174163591 0.027336599132163228 0.068349932799856281 -0.023196078118569555 0.021390575764723658
leaf_weight=8499.0478578988113 25.56337446521502 24.210916320094839 6.5887369302799907 1.3027667116839436 1.3215248775668444 1.4907044895226134 18.365561312995851 1.2762514238711435 1.4645431534154338 2.7175227322732098 15.747474286181385 2.2731626796885394 34.712732128216885 20.622300089919008
leaf_count=122330 658 535 44 41 40 92 1083 41 44 120 283 93 630 355
internal_value=-2.38252e-05 -0.00700566 9.67432e-05 0.0456369 0.117708 0.178922 -0.00120952 0.00255061 0.0634427 0.0368648 -0.00238978 0.00997308 -0.00827462 0.00327853
internal_weight=8656.71 146.954 8509.75 10.7037 4.115 2.81223 121.39 103.025 7.73148 6.26694 95.2934 4.99069 79.5459 44.8332
internal_count=126389 3842 122547 217 173 132 3184 2101 298 254 1803 213 1520 890
is_linear=0
shrinkage=0.05


Tree=113
num_leaves=15
num_cat=1
split_feature=0 6 10 2 11 5 0 4 2 8 3 7 1 5
split_gain=2.85544 6.42069 5.25473 4.91998 7.04415 11.8084 12.1212 18.6203 10.8408 8.28324 7.4258 5.9331 5.83635 4.97454
threshold=4.5000000000000009 5.2900000000000009 11.500000000000002 71.500000000000014 0 0.77500000000000013 7.5000000000000009 5.366666666666668 140.50000000000003 3.5000000000000004 3.5000000000000004 37.010000000000012 55.250000000000007 2.1500000000000008
decision_type=2 10 8 10 9 10 2 10 10 2 10 8 10 10
left_child=2 3 -1 -2 13 11 8 -8 9 -7 -10 -6 -12 -5
right_child=1 -3 -4 4 5 6 7 -9 10 -11 12 -13 -14 -15
leaf_value=0.00073858750859368927 -0.00058163652903738146 -0.040251994665183297 -0.026963802540570087 -0.028117347175697645 0.04332280091186138 0.040123386082882545 0.17363799397823323 -0.0014553797790911127 0.0085718061636809659 -0.022224788161171315 0.016366962134044566 -0.017686976311032346 0.1060161193275595 0.0045360735015797966
leaf_weight=5550.0580035282765 2878.4036545586423 10.512291768565772 17.17106030829018 62.123964685248211 4.2413991577923289 6.8105923621333231 2.953828831028658 3.1245828887331299 8.4310618090676162 24.456766403920483 2.7473200422245991 65.907269168936182 5.3524281529244035 14.359680432185995
leaf_count=69304 49343 350 4747 702 39 95 40 69 74 433 72 796 76 249
internal_value=-2.33288e-05 -0.00124235 0.000653145 -0.00110916 -0.00868206 -0.00044175 0.017127 0.083632 0.0086697 -0.00864424 0.0414183 -0.0139981 0.0756084 -0.0194444
internal_weight=8656.65 3089.42 5567.23 3078.91 200.509 124.025 53.8766 6.07841 47.7982 31.2674 16.5308 70.1487 8.09975 76.4836
internal_count=126389 52338 74051 51988 2645 1694 859 109 750 528 222 835 148 951
cat_boundaries=0 1
cat_threshold=1666
is_linear=0
shrinkage=0.05


Tree=114
num_leaves=15
num_cat=1
split_feature=10 11 5 2 0 3 5 2 3 0 6 2 2 6
split_gain=2.74669 5.01142 5.42398 7.64758 12.0747 6.23802 5.25229 4.97562 7.59838 6.9829 7.85188 9.11812 7.59791 6.6904
threshold=1.5000000000000002 0 0.15000000000000005 13.500000000000002 3.5000000000000004 1.5000000000000002 4.9500000000000011 22.500000000000004 10.500000000000002 3.5000000000000004 0.24000000000000007 36.500000000000007 46.500000000000007 2.0816666666666674
decision_type=8 9 8 10 2 8 10 10 10 2 10 10 10 10
left_child=1 -1 3 -3 5 -5 7 8 -4 10 11 -9 13 -11
right_child=-2 2 6 4 -6 -7 -8 9 -10 12 -12 -13 -14 -15
leaf_value=-0.0011031828512996281 -0.000647261653950848 0.014998173938376472 -0.0022236405969863426 0.036917236343058324 -0.0055195853584410273 0.001563695560905612 0.022587964498650116 0.04073986505172808 0.036473909879831262 0.011912048841679354 -0.010688644330314077 -0.010564242361418851 -0.0018188735768879831 0.038816597238122377
leaf_weight=1264.4201193675399 5802.6458876482211 202.28593333438039 731.74241514131427 30.318841964006424 157.37406480312347 21.203179463744164 28.537042900919914 18.534748837351799 12.908886164426802 149.81671146303415 103.51271329075098 16.256325036287308 89.395149767398834 27.320613145828247
leaf_count=5245 114585 833 3028 125 648 86 119 75 53 621 425 66 367 113
internal_value=-2.26715e-05 0.00124739 0.00310498 0.00806875 0.00135859 0.022368 0.00139876 0.00087272 -0.0015528 0.0053342 -0.00378184 0.0167677 0.0100645 0.0160616
internal_weight=8656.27 2853.63 1589.21 411.182 208.896 51.522 1178.02 1149.49 744.651 404.836 138.304 34.7911 266.532 177.137
internal_count=126389 11804 6559 1692 859 211 4867 4748 3081 1667 566 141 1101 734
cat_boundaries=0 1
cat_threshold=738
is_linear=0
shrinkage=0.05


Tree=115
num_leaves=15
num_cat=0
split_feature=10 9 4 2 4 3 6 2 5 4 1 2 1 2
split_gain=2.73851 3.62326 2.75608 5.83571 5.78024 5.66329 5.62972 2.78911 2.78225 5.97534 7.34421 4.36921 7.92515 3.84041
threshold=12.500000000000002 inf 13.366666666666669 39.500000000000007 12.708333333333334 6.5000000000000009 1.9800000000000004 35.500000000000007 7.0500000000000007 1.2916666666666667 56.250000000000007 60.500000000000007 55.250000000000007 34.500000000000007
decision_type=8 8 10 10 10 8 8 8 10 10 8 10 10 10
left_child=2 -2 4 6 8 -6 -4 -7 -1 -10 11 -11 -13 -12
right_child=1 -3 3 -5 5 7 -8 -9 9 10 13 12 -14 -15
leaf_value=9.3688232545405012e-05 -0.037827997410068342 0.072975739019926697 0.039352363564309351 0.048298253153411783 0.030540155308418849 -0.026020671916949713 -0.0206287233062699 -0.071281122821260312 0.050128707574273734 -0.031467804195944742 0.0030045007722368667 0.044006867238728625 -0.044913621079018584 0.07443486762834188
leaf_weight=8539.6826886059716 8.0960221442510356 0.81176107580540602 5.8425460460130143 9.1963029722683114 3.563497960567477 11.980427404632794 11.839092650450768 4.7547228280454865 3.7424120428040615 35.160897342255339 5.3340559497009945 5.8130757182370854 4.4043063991703093 2.9073291691020131
leaf_count=119848 3910 326 111 98 28 317 203 72 28 1045 183 98 56 66
internal_value=-2.16479e-05 -0.0277305 6.90584e-06 0.015993 -4.29555e-05 -0.026693 -0.000809165 -0.0388799 1.99683e-05 -0.010955 -0.0152183 -0.0231043 0.00567679 0.0282031
internal_weight=8653.13 8.90778 8644.22 26.8779 8617.34 20.2986 17.6816 16.7352 8597.04 57.3621 53.6197 45.3783 10.2174 8.24139
internal_count=126389 4236 122153 412 121741 417 314 389 121324 1476 1448 1199 154 249
is_linear=0
shrinkage=0.05


Tree=116
num_leaves=15
num_cat=1
split_feature=6 3 4 2 5 7 7 3 2 6 2 11 5 7
split_gain=2.66059 4.64913 4.00474 3.91723 6.66882 7.89805 5.38519 5.32331 4.19264 3.90711 3.87896 6.09455 5.69276 8.20268
threshold=0.72250000000000025 10.500000000000002 12.29166666666667 224.50000000000003 3.2500000000000004 40.045000000000009 37.790000000000013 4.5000000000000009 209.50000000000003 0.40500000000000008 104.50000000000001 0 0.65000000000000002 38.829166666666673
decision_type=10 10 10 10 8 10 10 8 10 8 10 9 10 10
left_child=1 10 -3 8 5 6 -5 -6 -2 -4 -1 -12 -13 -14
right_child=3 2 9 4 7 -7 -8 -9 -10 -11 11 12 13 -15
leaf_value=0.0017166662948584176 -0.00070936809546147601 -0.029529628292639894 0.12815564365450147 -0.021176823492748569 0.012180143685049894 -0.02924443046503436 0.033664159358163089 0.089698112146970863 -0.032621557630601226 -0.021074981262222785 -0.023049426751245505 -0.0048332463259624986 -0.016475719673492251 0.066287018295773464
leaf_weight=2818.4126599177835 5653.7649965987075 18.495388244744394 0.8311342816450622 5.8776797652244595 4.2216478158370565 11.735032863507511 18.776649000414182 4.6587114618159839 10.311119575984774 0.92872028372948989 31.307152502646204 60.972646820591763 5.0737438552314398 7.3031073008314706
leaf_count=26575 97370 860 70 47 34 123 165 76 111 61 237 523 54 83
internal_value=-2.08563e-05 0.00120026 -0.0226717 -0.000650376 0.0139993 0.00451905 0.0205899 0.0528467 -0.000767462 0.0494028 0.00136568 -0.00808639 0.0012695 0.0323594
internal_weight=8652.67 2943.32 20.2552 5709.35 45.2697 36.3894 24.6543 8.88036 5664.08 1.75985 2923.07 104.657 73.3495 12.3769
internal_count=126389 28463 991 97926 445 335 212 110 97481 131 27472 897 660 137
cat_boundaries=0 1
cat_threshold=1314
is_linear=0
shrinkage=0.05


Tree=117
num_leaves=15
num_cat=0
split_feature=7 5 2 8 9 7 8 6 2 2 7 2 6 7
split_gain=2.63876 4.57005 10.9233 7.96465 9.72373 5.00098 5.44363 5.98768 4.56833 9.74595 5.12937 6.23326 5.49409 4.89005
threshold=39.310000000000009 1.9500000000000002 193.50000000000003 2.5000000000000004 1.0000000180025095e-35 39.290000000000013 4.5000000000000009 1.8400000000000005 16.500000000000004 27.500000000000004 38.690000000000012 21.500000000000004 2.9950000000000006 38.263333333333343
decision_type=8 10 10 2 10 8 2 10 8 10 10 10 10 10
left_child=1 -1 3 4 -3 -5 -7 -8 -6 10 12 -12 -10 -11
right_child=-2 2 -4 5 8 6 7 -9 9 13 11 -13 -14 -15
leaf_value=0.0019079720280143183 -0.00070107110740030604 -0.033821788788241242 0.046112431718271611 -0.0081108492922531503 0.043399114832259465 0.084915374181808043 0.045068763153005197 -0.048555809329251798 -0.051756380862955399 0.055800069518182484 -0.02215521380239828 0.043921324058899494 0.0055875937917613883 0.015514448746284343
leaf_weight=2751.4205485624261 5387.9240609204862 11.445131084648891 10.974361113447229 402.31299128860701 12.372694229357874 2.94076098827645 3.8666361250216141 3.0585659425705671 10.131624591769656 11.250833608210085 6.8278841942665149 7.4781417949125171 7.1069313804619005 22.793887757288758
leaf_count=29005 89339 159 98 6769 163 34 80 67 110 115 91 81 67 211
internal_value=-2.14344e-05 0.00110046 -0.00323428 -0.00431395 0.00921417 -0.00724838 0.0279212 0.00371879 0.015532 0.0102752 -0.00974776 0.0123848 -0.0281152 0.0288277
internal_weight=8651.91 3263.98 512.56 501.586 89.4071 412.179 9.86596 6.9252 77.962 65.5893 31.5446 14.306 17.2386 34.0447
internal_count=126389 37050 8045 7947 997 6950 181 147 838 675 349 172 177 326
is_linear=0
shrinkage=0.05


Tree=118
num_leaves=15
num_cat=2
split_feature=0 11 2 5 4 6 10 6 2 5 4 3 11 4
split_gain=2.57967 5.73447 8.33082 6.6472 5.8949 7.9234 6.74751 12.1684 5.71545 5.02871 6.06232 8.19774 5.41517 5.66222
threshold=6.5000000000000009 0 35.500000000000007 4.0500000000000007 3.5500000000000003 2.6450000000000009 6.5000000000000009 0.70500000000000018 122.50000000000001 -0.14999999999999999 7.5500000000000007 5.5000000000000009 1 4.5500000000000007
decision_type=2 9 10 8 10 10 10 8 10 10 10 8 9 10
left_child=-1 2 -2 -4 5 6 -3 -8 9 -6 12 -12 13 -11
right_child=1 4 3 -5 8 -7 7 -9 -10 10 11 -13 -14 -15
leaf_value=0.00028043494563904844 -0.014637425163510532 0.0028396935615748434 0.020838432761752176 -0.021883289940869799 0.012190930503005034 0.053277149760159674 0.1613754277423336 0.013598303919157482 -0.042692270395146517 0.00091679312792824921 0.030931049648542541 -0.001691345277654158 -0.0018883482659680087 -0.023291798942532475
leaf_weight=7712.6689473442966 177.08471747336444 226.7425461524399 33.533143432287034 12.498728569014927 50.353700385428965 8.5816628294996899 1.8782237614504982 5.3924435437656939 9.1218779258197156 32.652145317872055 24.318487721728161 92.536796715809032 170.61418213369325 92.805282091198023
leaf_count=109412 4031 1750 587 127 454 77 72 267 157 445 314 3732 3055 1909
internal_value=-2.06922e-05 -0.0024964 -0.00929492 0.00923849 -0.000241527 0.00609045 0.00436004 0.0517734 -0.00349833 -0.00272661 -0.00454571 0.00509763 -0.00835179 -0.0157368
internal_weight=8650.78 938.114 223.117 46.0319 714.997 242.595 234.013 7.27067 472.402 463.281 412.927 116.855 296.072 125.457
internal_count=126389 16977 4745 714 12232 2166 2089 339 10066 9909 9455 4046 5409 2354
cat_boundaries=0 1 2
cat_threshold=552 1042
is_linear=0
shrinkage=0.05


Tree=119
num_leaves=15
num_cat=3
split_feature=12 6 6 11 4 7 7 11 8 7 2 5 8 7
split_gain=2.58348 4.46731 4.77535 5.33747 6.44647 5.32688 5.24792 6.08317 8.04271 5.11395 8.17515 6.17469 9.9816 5.2637
threshold=0 2.5050000000000008 2.4612500000000006 1 1.9000000000000001 37.490000000000016 38.310000000000009 2 1.5000000000000002 40.245000000000012 20.500000000000004 -1.3499999999999999 1.5000000000000002 38.222500000000011
decision_type=1 10 10 9 10 8 8 9 2 10 8 10 2 10
left_child=1 2 3 -1 5 -5 -4 -8 -9 10 13 12 -12 -7
right_child=-2 -3 6 4 -6 9 7 8 -10 -11 11 -13 -14 -15
leaf_value=-0.0032562473820504784 0.0006883950107706312 -0.0061969048595029762 0.078487153633645876 -0.030098403323078327 0.002433971588011564 0.046578514779160758 -0.008793126611007139 0.13279549330715687 0.029283781387896259 -0.020998161003965572 -0.0048658995847250253 -0.021013295709105068 0.037002534538537427 0.008127219054082804
leaf_weight=1196.4909909886774 5169.1743473490933 379.27245965506881 3.2055752202868453 20.039623068529181 1513.3400808594888 10.811856896500101 19.591321188258007 2.2124855727888617 12.35963053238811 37.336054088314995 169.20931950729573 50.888482526584994 15.542905777809208 50.343604209716432
leaf_count=19844 68544 10542 56 126 23431 66 353 31 309 278 2075 327 87 320
internal_value=-2.02341e-05 -0.00107153 -0.000448197 -0.00066487 0.00100743 -0.00505957 0.0173176 0.011578 0.0266865 -0.00355787 -0.00136393 -0.00559141 -0.00134358 0.0149251
internal_weight=8649.82 3480.64 3101.37 3064 1867.51 354.172 37.369 34.1634 14.5721 334.132 296.796 235.641 184.752 61.1555
internal_count=126389 57845 47303 46554 26710 3279 749 693 340 3153 2875 2489 2162 386
cat_boundaries=0 1 2 3
cat_threshold=4 1162 312
is_linear=0
shrinkage=0.05


Tree=120
num_leaves=15
num_cat=0
split_feature=7 7 7 4 10 4 4 4 7 6 2 2 7 1
split_gain=2.53768 8.76507 7.66055 11.5366 7.47992 9.44579 3.47642 10.6483 7.0591 8.00272 5.81487 5.06426 5.03486 4.45872
threshold=42.522500000000015 42.663333333333348 42.490000000000016 4.9000000000000012 2.5000000000000004 7.7750000000000012 8.1000000000000014 7.4500000000000011 44.236666666666672 1.7612500000000002 57.500000000000007 20.500000000000004 43.263333333333343 55.250000000000007
decision_type=10 10 10 10 10 10 10 10 10 8 8 10 10 10
left_child=2 -2 -1 -4 -5 -6 7 10 9 -9 11 13 -11 -3
right_child=1 6 3 4 5 -7 -8 8 -10 12 -12 -13 -14 -15
leaf_value=3.7554680215901814e-05 -0.033598522024357709 -0.011436496759212753 -0.01992105083953263 0.01259420922103986 0.17605479194371651 0.01776030573379753 -0.021325858963212162 0.1489630840011007 0.15024291148299546 -0.038824385526338455 0.025268628497152168 -0.022273745554544037 0.05966236615370521 0.020190097744476745
leaf_weight=8492.5151198192616 24.863339077739511 23.902239577902947 4.5379133562673797 2.3785792373819277 2.8308595775160939 1.4127433259272946 17.920680708892178 1.2266461197286829 1.6399839686346238 2.7874549448024473 16.057183644152246 34.056896333466284 2.4280788834439591 20.878354090091307
leaf_count=122330 658 535 48 14 74 81 1083 33 44 126 283 630 95 355
internal_value=-2.01709e-05 -0.00656167 9.19564e-05 0.0414901 0.0835727 0.123357 -0.00100137 0.00253563 0.0576287 0.0340519 -0.00215664 -0.00774247 0.00702588 0.00330898
internal_weight=8649.44 145.761 8503.68 11.1601 6.62218 4.2436 120.898 102.977 8.08216 6.44218 94.8947 78.8375 5.21553 44.7806
internal_count=126389 3842 122547 217 169 155 3184 2101 298 254 1803 1520 221 890
is_linear=0
shrinkage=0.05


Tree=121
num_leaves=15
num_cat=0
split_feature=10 9 0 6 4 2 4 5 0 0 2 0 7 3
split_gain=2.52882 3.2446 2.52417 5.85373 4.62745 4.49438 7.16202 7.30646 9.71276 7.40852 6.45234 10.9319 6.14822 5.12556
threshold=12.500000000000002 inf 4.5000000000000009 5.2900000000000009 13.366666666666669 71.500000000000014 10.225000000000001 0.8500000000000002 7.5000000000000009 8.5000000000000018 221.50000000000003 5.5000000000000009 41.345000000000013 6.5000000000000009
decision_type=8 8 2 10 10 10 8 10 2 2 10 2 10 10
left_child=2 -2 -1 4 5 -4 7 -7 10 13 12 -12 -9 -10
right_child=1 -3 3 -5 -6 6 -8 8 9 -11 11 -13 -14 -15
leaf_value=0.00064328245063465265 -0.037308709697452813 0.064375460967249651 -0.00060428482220309951 -0.039089468398954982 0.039884158006805469 -0.015305926190980751 -0.058677929072162786 -0.01366491022400031 0.11821964261891696 -0.0038858023688967134 0.081076666000296782 -0.02211799714959644 0.036713469081720497 0.031615633950414536
leaf_weight=5561.0559818940237 7.7736063891788927 0.87256152334157366 2864.5385952289216 10.128720965934916 6.9001484336331478 106.56912735686637 6.8363639558665446 56.327949630096555 3.8440728066489083 4.2925909413024783 5.6655452353879792 4.6915570981800556 6.7858026446774593 3.075213638599962
leaf_count=71715 3910 326 47495 305 94 1154 116 853 54 68 55 56 128 60
internal_value=-1.97174e-05 -0.0270469 7.32685e-06 -0.00114104 -0.00101582 -0.00110797 -0.00839173 -0.00659424 0.004369 0.0477163 -0.00224593 0.0343316 -0.00824838 0.0797293
internal_weight=8649.36 8.64617 8640.71 3079.66 3069.53 3062.63 198.088 191.252 84.6827 11.2119 73.4709 10.3571 63.1138 6.91929
internal_count=126389 4236 122153 50438 50133 50039 2544 2428 1274 182 1092 111 981 114
is_linear=0
shrinkage=0.05


Tree=122
num_leaves=15
num_cat=0
split_feature=0 6 4 3 4 6 2 4 10 6 5 5 2 3
split_gain=2.3796 8.80518 6.56469 7.33856 9.1957 6.52667 6.40765 9.54235 6.37626 5.73827 5.00193 4.159 7.7624 14.9005
threshold=7.5000000000000009 1.0775000000000003 2.6333333333333337 4.5000000000000009 9.1000000000000014 2.9225000000000008 97.500000000000014 2.2916666666666674 3.5000000000000004 1.3183333333333336 0.25000000000000006 1.3500000000000003 84.500000000000014 6.5000000000000009
decision_type=2 8 8 10 10 8 8 10 8 10 8 8 8 10
left_child=-1 6 -3 4 -4 9 -2 -8 -9 10 -5 -11 -13 -14
right_child=1 2 3 5 -6 -7 7 8 -10 11 -12 12 13 -15
leaf_value=0.00016329818783891446 0.00098966992160188431 0.018746306260383212 -0.030008793076290799 0.042961851099820821 0.048512897311170637 -0.042655828325459257 -0.016788104486767316 0.083275774936517957 0.0072910470174614023 0.020068331755772259 -0.030770229277860522 -0.010845689831780614 0.15522573162194725 -0.00089029130752025446
leaf_weight=8250.0112585777533 168.88749938987894 17.265654750284739 69.954612398869358 2.564099294890184 3.9385215609800062 10.9151394792716 6.6205229076440473 8.1755291447043383 4.1687128040939578 27.553061785292815 22.348694643471394 49.106607873458415 2.142264427675399 5.3341527743614279
leaf_count=118529 2211 136 1087 82 50 635 45 51 126 791 547 1851 60 188
internal_value=-1.90851e-05 -0.00379041 -0.010797 -0.0134282 -0.0258236 -0.0057932 0.00408414 0.0316414 0.0576153 -0.00210347 -0.0231815 0.00413776 -0.00361963 0.0438426
internal_weight=8648.99 398.975 211.123 193.857 73.8931 119.964 187.852 18.9648 12.3442 109.049 24.9128 84.1361 56.583 7.47642
internal_count=126389 7860 5427 5291 1137 4154 2433 222 177 3519 629 2890 2099 248
is_linear=0
shrinkage=0.05


Tree=123
num_leaves=15
num_cat=1
split_feature=12 2 6 4 6 0 2 4 5 3 4 5 6 7
split_gain=2.38502 4.13223 6.94822 4.72891 4.18602 5.3422 5.46667 5.10542 10.7715 5.8374 5.95006 4.89415 15.7943 4.81677
threshold=0 172.50000000000003 4.2550000000000017 1.3666666666666669 2.5050000000000008 6.5000000000000009 123.50000000000001 6.7750000000000012 -0.44999999999999996 5.5000000000000009 7.366666666666668 5.0500000000000007 1.7387500000000002 36.410000000000011
decision_type=1 10 8 10 10 2 10 10 10 8 8 10 8 10
left_child=1 4 3 -3 5 6 11 -7 -9 10 -10 -1 -13 -11
right_child=-2 2 -4 -5 -6 7 -8 8 9 13 -12 12 -14 -15
leaf_value=-0.00011606886622116114 0.00066203230260013745 0.025137418250031452 0.042454107573250598 -0.03189779806367106 -0.0058630711035382536 -0.013231824886856557 0.017731713763270391 0.12206466359671615 0.1009318166774411 0.087368099388092951 0.011143961496495238 0.15892845740810932 0.0044896992652498037 -0.012188098899563481
leaf_weight=2829.1797362538055 5170.0705848737271 4.1382273612543932 4.3078156315023071 29.841187547601294 371.50531338743167 139.24044380331179 44.205552477564197 1.9180000592023123 2.574839222710577 1.2615856329211954 6.5106553366640592 2.039177902042864 8.7984966402873379 32.868144707172178
leaf_count=42272 68544 26 46 388 10451 2099 576 27 65 30 113 33 260 1459
internal_value=-1.86075e-05 -0.00102921 -0.0173677 -0.0249517 -0.000850365 -0.000243492 0.000283975 -0.00849484 0.00611921 0.000973264 0.0365899 1.23965e-05 0.0335483 -0.00850806
internal_weight=8648.46 3478.39 38.2872 33.9794 3440.1 3068.6 2884.22 184.374 45.1332 43.2152 9.08549 2840.02 10.8377 34.1297
internal_count=126389 57845 460 414 57385 46934 43141 3793 1694 1667 178 42565 293 1489
cat_boundaries=0 1
cat_threshold=4
is_linear=0
shrinkage=0.05


Tree=124
num_leaves=15
num_cat=0
split_feature=10 9 4 4 2 3 6 10 5 4 5 5 7 8
split_gain=2.34374 2.93975 2.34623 5.19277 5.12016 5.10916 4.85585 3.83736 3.41096 2.77848 3.18651 5.54743 5.30935 4.21305
threshold=12.500000000000002 inf 13.366666666666669 12.708333333333334 39.500000000000007 6.5000000000000009 2.6450000000000009 1.5000000000000002 1.5500000000000003 12.100000000000001 1.2750000000000001 0.25000000000000006 37.010000000000012 4.5000000000000009
decision_type=8 8 10 10 10 8 10 8 8 10 10 8 10 2
left_child=2 -2 3 9 6 -5 7 -4 -9 -1 11 -11 -12 -14
right_child=1 -3 4 5 -6 -7 -8 8 -10 10 12 -13 13 -15
leaf_value=-2.7690966004724181e-05 -0.036804426065293591 0.057562344904721376 0.068691929997697312 0.028424862005051441 0.044569882952825435 -0.037394481167792482 -0.032720513654199403 0.052153150216024347 -0.020785687094986297 0.035942779740662976 0.09891185197362512 -0.04536115551254552 -0.025930552561668815 0.035212049669307285
leaf_weight=8567.6260203358252 7.4839642893057299 0.92759055824717496 2.9708242714405104 3.597209308762106 9.3792130695655924 16.346119898371398 7.2087380276061586 2.3123721496667695 5.2240327177569297 3.8696952888276446 2.3680630950257209 4.582481668330729 3.9291603292804185 9.9572223527356982
leaf_count=120724 3910 326 12 28 98 389 137 85 80 93 25 137 102 243
internal_value=-1.80253e-05 -0.0263981 7.65911e-06 -3.85579e-05 0.0146978 -0.0255225 -0.00111705 0.0205653 0.00159391 2.0592e-05 0.0167639 -0.00813744 0.0297124 0.0179117
internal_weight=8647.78 8.41155 8639.37 8612.28 27.0952 19.9433 17.716 10.5072 7.5364 8592.33 24.7066 8.45218 16.2544 13.8864
internal_count=126389 4236 122153 121741 412 417 314 177 165 121324 600 230 370 345
is_linear=0
shrinkage=0.05


Tree=125
num_leaves=15
num_cat=0
split_feature=5 2 7 6 6 7 4 0 6 2 4 4 4 5
split_gain=2.29969 2.90538 2.98637 3.5739 5.71155 3.37344 2.77881 2.39553 7.24554 6.77566 6.69357 6.01201 6.75164 6.58612
threshold=-1.0499999999999998 84.500000000000014 39.422500000000007 0.47749999999999998 1.7400000000000002 37.229166666666679 3.9000000000000004 7.5000000000000009 1.0775000000000003 97.500000000000014 2.2916666666666674 2.6333333333333337 5.9000000000000012 2.9500000000000006
decision_type=8 8 10 10 8 10 10 2 8 8 10 8 10 8
left_child=1 2 5 -4 6 -1 -5 -2 9 -9 -11 -10 -13 -14
right_child=7 -3 3 4 -6 -7 -8 8 11 10 -12 12 13 -15
leaf_value=-0.0095449662971158859 6.511782487021233e-05 -0.018540032179711171 -0.020460364898240518 0.044386457861633692 -0.029380674791820594 0.019477799728974513 0.0074245759016006137 0.00010166172447945869 0.017845868290964975 -0.010559698042498233 0.053112375133724112 -0.023939491884397267 0.00059216705613446947 -0.031973336323323547
leaf_weight=11.896824433002619 8129.4794955997495 10.571180980594361 15.90860518888803 8.4750318024307543 7.1839522095397106 63.208060883509461 12.71243373211473 160.94880759139778 17.389043134171516 6.1797799547784988 12.429723729728719 79.968533120583743 92.337953890732024 18.664000690507237
leaf_count=58 117886 58 78 52 44 318 81 2174 136 43 176 1444 2861 980
internal_value=-1.73345e-05 0.0065838 0.00880844 -0.00149061 0.00914624 0.0148805 0.0222094 -0.000118053 -0.00395671 0.00340434 0.0319684 -0.0103002 -0.0128631 -0.00488344
internal_weight=8647.35 129.956 119.385 44.28 28.3714 75.1049 21.1875 8517.4 387.918 179.558 18.6095 208.36 190.97 111.002
internal_count=126389 689 631 255 177 376 133 125700 7814 2393 219 5421 5285 3841
is_linear=0
shrinkage=0.05


Tree=126
num_leaves=15
num_cat=1
split_feature=7 7 7 3 2 2 2 7 5 7 6 0 11 5
split_gain=2.26325 8.17535 7.02365 9.48179 7.56316 4.63568 10.1203 3.98622 3.9616 11.4643 4.40602 3.51101 3.29882 5.78943
threshold=42.522500000000015 42.663333333333348 42.390000000000015 4.5000000000000009 35.500000000000007 23.500000000000004 19.500000000000004 42.445000000000014 1.3500000000000003 42.490000000000016 1.7550000000000001 3.5000000000000004 0 6.1500000000000012
decision_type=10 10 10 8 10 10 10 10 10 10 10 2 9 10
left_child=2 -2 -1 11 5 6 8 -7 -5 10 -10 -4 13 -3
right_child=1 12 3 4 -6 7 -8 -9 9 -11 -12 -13 -14 -15
leaf_value=-8.571493878062417e-06 -0.032709414129843871 0.01321985025961415 -0.029150595937123165 -0.016996797443897212 0.10622551618051512 -0.064836031328378466 0.12473276068242048 0.030042650225298922 0.097825812738937645 0.13514440176310141 -0.020229892110771742 0.018115268272157908 -0.0086137135197047639 -0.035283861947298989
leaf_weight=8462.5462386517902 24.241713549068663 55.084070162323769 8.9289177474565786 4.2389777191565425 3.804392128775361 2.1411329593393011 2.9861234085983588 2.2921858709305525 0.97295739606488485 2.3458994291722775 4.2107383157708682 7.0163149964064351 58.621329701214563 6.9256372620002358
leaf_count=121724 658 1495 86 79 68 59 91 54 22 76 215 73 1423 266
internal_value=-1.66867e-05 -0.00621357 8.89136e-05 0.0212759 0.0418232 0.0290542 0.0425255 -0.0157803 0.0216665 0.043433 0.00192866 -0.00835239 -0.000889029 0.00671909
internal_weight=8646.36 144.873 8501.48 38.9376 22.9924 19.188 14.7547 4.43332 11.7686 7.5296 5.1837 15.9452 120.631 62.0097
internal_count=126389 3842 122547 823 664 596 483 113 392 313 237 159 3184 1761
cat_boundaries=0 1
cat_threshold=1186
is_linear=0
shrinkage=0.05


end of trees

feature_importances:
人気_num=469
avg5_margin=220
avg5_last3f=174
avg5_ninki=173
days_since_last=157
last_margin=142
場所=129
齢_num=87
斤量_num=83
last_ninki=65
sei=44
n_past_races=23
same_track_as_last=12

parameters:
[boosting: gbdt]
[objective: binary]
[metric: auc]
[tree_learner: serial]
[device_type: cpu]
[data_sample_strategy: bagging]
[data: ]
[valid: ]
[num_iterations: 127]
[learning_rate: 0.05]
[num_leaves: 15]
[num_threads: 0]
[seed: 42]
[deterministic: 0]
[force_col_wise: 0]
[force_row_wise: 0]
[histogram_pool_size: -1]
[max_depth: -1]
[min_data_in_leaf: 50]
[min_sum_hessian_in_leaf: 0.001]
[bagging_fraction: 1]
[pos_bagging_fraction: 1]
[neg_bagging_fraction: 1]
[bagging_freq: 0]
[bagging_seed: 400]
[bagging_by_query: 0]
[feature_fraction: 1]
[feature_fraction_bynode: 1]
[feature_fraction_seed: 30056]
[extra_trees: 0]
[extra_seed: 12879]
[early_stopping_round: 0]
[early_stopping_min_delta: 0]
[first_metric_only: 0]
[max_delta_step: 0]
[lambda_l1: 0]
[lambda_l2: 0]
[linear_lambda: 0]
[min_gain_to_split: 0]
[drop_rate: 0.1]
[max_drop: 50]
[skip_drop: 0.5]
[xgboost_dart_mode: 0]
[uniform_drop: 0]
[drop_seed: 17869]
[top_rate: 0.2]
[other_rate: 0.1]
[min_data_per_group: 100]
[max_cat_threshold: 32]
[cat_l2: 10]
[cat_smooth: 10]
[max_cat_to_onehot: 4]
[top_k: 20]
[monotone_constraints: ]
[monotone_constraints_method: basic]
[monotone_penalty: 0]
[feature_contri: ]
[forcedsplits_filename: ]
[refit_decay_rate: 0.9]
[cegb_tradeoff: 1]
[cegb_penalty_split: 0]
[cegb_penalty_feature_lazy: ]
[cegb_penalty_feature_coupled: ]
[path_smooth: 0]
[interaction_constraints: ]
[verbosity: -1]
[saved_feature_importance_type: 0]
[use_quantized_grad: 0]
[num_grad_quant_bins: 4]
[quant_train_renew_leaf: 0]
[stochastic_rounding: 1]
[linear_tree: 0]
[max_bin: 255]
[max_bin_by_feature: ]
[min_data_in_bin: 3]
[bin_construct_sample_cnt: 200000]
[data_random_seed: 175]
[is_enable_sparse: 1]
[enable_bundle: 1]
[use_missing: 1]
[zero_as_missing: 0]
[feature_pre_filter: 1]
[pre_partition: 0]
[two_round: 0]
[header: 0]
[label_column: ]
[weight_column: ]
[group_column: ]
[ignore_column: ]
[categorical_feature: 11,12]
[forcedbins_filename: ]
[precise_float_parser: 0]
[parser_config_file: ]
[objective_seed: 16083]
[num_class: 1]
[is_unbalance: 0]
[scale_pos_weight: 1]
[sigmoid: 1]
[boost_from_average: 1]
[reg_sqrt: 0]
[alpha: 0.9]
[fair_c: 1]
[poisson_max_delta_step: 0.7]
[tweedie_variance_power: 1.5]
[lambdarank_truncation_level: 30]
[lambdarank_norm: 1]
[label_gain: ]
[lambdarank_position_bias_regularization: 0]
[eval_at: ]
[multi_error_top_k: 1]
[auc_mu_weights: ]
[num_machines: 1]
[local_listen_port: 12400]
[time_out: 120]
[machine_list_filename: ]
[machines: ]
[gpu_platform_id: -1]
[gpu_device_id: -1]
[gpu_device_id_list: ]
[gpu_use_dp: 0]
[num_gpu: 1]

end of parameters

pandas_categorical:[["\u4f50\u8cc0", "\u540d\u53e4\u5c4b", "\u5712\u7530", "\u5927\u4e95", "\u5ddd\u5d0e", "\u6d66\u548c", "\u76db\u5ca1", "\u8239\u6a4b", "\u91d1\u6ca2", "\u9580\u5225", "\u9ad8\u77e5"], ["\u30bb", "\u30bb\u30f3", "\u725d", "\u7261"]]
