tree
version=v4
num_class=1
num_tree_per_iteration=1
label_index=0
max_feature_idx=13
objective=binary sigmoid:1
feature_names=齢 kinryo days_since_last last_ninki avg5_ninki last_margin avg5_margin avg5_last3f n_past_races same_track_as_last 人気 odds_prob 競馬場 性
feature_infos=[2:17] [50:59] [4:539] [1:16] [1:14.4] [0:10] [0:10] [34.780000000000001:50.700000000000003] [0:45] [0:1] [1:16] [0.00078435775997588622:0.87262392762377394] -1:2:1:3:0:10:9:8:4:6:7:5 -1:2:1:0
tree_sizes=1703 1724 1730 1735 1743 1744 1736 1751 1756 1751 1755 1740 1766 1770 1769 1765 1763 1785 1760 1757 1757 1757 1772 1766 1780 1781 1777 1784 1774 1786 1788 1771 1767 1763 1732 1780 1787 1781 1775 1761 1774 1754 1749 1752 1786 1741 1758 1765 1790 1763 1763 1768 1789 1779 1764 1763 1742 1758 1770 1774 1753 1777 1755 1741 1737

Tree=0
num_leaves=15
num_cat=0
split_feature=11 11 11 11 11 11 11 11 6 2 11 7 11 2
split_gain=9191.18 1280.9 1232.29 225.644 225.339 165.287 123.64 51.5782 30.0363 29.488 28.8575 28.3186 28.1102 27.2875
threshold=0.24648519993559781 0.46258001579790081 0.074118841582375236 0.16474010437206152 0.59371655968715387 0.35629628131549979 0.040569872116051932 0.65789419084722767 0.6050000000000002 11.500000000000002 0.12152752303839622 39.345000000000006 0.015766264221547296 129.50000000000003
decision_type=2 2 2 2 2 2 2 2 8 8 2 8 2 10
left_child=2 5 6 10 8 9 12 -6 -3 -2 -4 -7 -1 -13
right_child=1 4 3 -5 7 11 -8 -9 -10 -11 -12 13 -14 -15
leaf_value=-2.2806525443374577 -2.0316458888863416 -2.0395667760528076 -2.2303390983567475 -2.1716625400885143 -1.9011595092594449 -2.0194530625739162 -2.2510681005059201 -1.8162515428523318 -1.9627438534407857 -2.1197505915601855 -2.2097771343130028 -2.0724936843181854 -2.2694549518617544 -1.9594494949508727
leaf_weight=1439.6476984024048 9.9195237755775434 14.747610569000242 467.79771858453751 304.43281817436218 35.815625667572021 54.689055860042572 611.85027182102203 35.727842271327972 92.69926643371582 222.96982645988464 268.61719250679016 82.867526054382324 917.77540773153305 5.7059207558631888
leaf_count=16400 113 168 5329 3468 408 623 6970 407 1056 2540 3060 944 10455 65
internal_value=-2.22829 -2.03761 -2.25468 -2.20787 -1.92751 -2.09 -2.2711 -1.85876 -1.97329 -2.116 -2.22284 -2.04774 -2.27629 -2.06521
internal_weight=4565.26 555.142 4010.12 1040.85 178.99 376.152 2969.27 71.5435 107.447 232.889 736.415 143.263 2357.42 88.5734
internal_count=52006 6324 45682 11857 2039 4285 33825 815 1224 2653 8389 1632 26855 1009
is_linear=0
shrinkage=1


Tree=1
num_leaves=15
num_cat=0
split_feature=11 11 11 11 11 11 11 11 11 7 11 2 8 2
split_gain=7236.34 1110.88 722.014 174.463 141.539 122.621 70.8884 28.5297 25.6164 23.6854 23.6133 19.1867 25.3561 20.8919
threshold=0.23982832208814378 0.074118841582375236 0.41639605593405632 0.16474010437206152 0.59371655968715387 0.040569872116051932 0.31454595768213461 0.015766264221547296 0.12370179133416837 38.945000000000014 0.71086408629136044 11.500000000000002 7.5000000000000009 125.50000000000001
decision_type=2 2 2 2 2 2 2 2 2 10 2 8 2 10
left_child=1 5 6 8 9 7 -2 -1 -3 -4 -6 12 -8 -13
right_child=2 3 4 -5 10 -7 11 -9 -10 -11 -12 13 -14 -15
leaf_value=-0.051958373901955013 0.085821229040084893 -0.0015867285340401564 0.2081350026607956 0.05036728707375239 0.24718470134344722 -0.022052990124836427 0.11232151873531165 -0.040467679310474097 0.018000359510225106 0.17259012844031466 0.3042126009308066 0.12098199366464812 0.30696890635241147 0.18491929941324847
leaf_weight=1379.8581659793854 194.96889260411263 485.2017672508955 80.012138441205025 299.81137847900391 70.682544082403183 600.69834269583225 3.2578359544277182 887.70995803177357 254.46811974048615 113.13645680993795 24.424282364547253 161.0927110761404 3.4395606741309166 13.876998767256735
leaf_count=16400 2040 5533 758 3264 612 6970 32 10455 2856 1078 203 1634 34 137
internal_value=-0.000145117 -0.0260904 0.152342 0.018193 0.2119 -0.042139 0.10676 -0.04746 0.0051518 0.187315 0.26183 0.129232 0.212286 0.126053
internal_weight=4572.64 3907.75 664.891 1039.48 288.255 2868.27 376.636 2267.57 739.67 193.149 95.1068 181.667 6.6974 174.97
internal_count=52006 45478 6528 11653 2651 33825 3877 26855 8389 1836 815 1837 66 1771
is_linear=0
shrinkage=0.05


Tree=2
num_leaves=15
num_cat=0
split_feature=11 11 11 11 11 11 11 11 8 8 7 6 6 11
split_gain=6006.77 916.811 547.904 138.304 111.698 71.32 43.9125 28.863 21.7367 21.2808 18.2503 15.661 15.0588 17.8925
threshold=0.16474010437206152 0.36860267967503046 0.048411493370566251 0.51744453581042638 0.27208150889456173 0.094053101827253779 0.015766264221547296 0.65789419084722767 16.500000000000004 27.500000000000004 38.490000000000016 0.47749999999999998 3.6775000000000002 0.22369434006067981
decision_type=2 2 2 2 2 2 2 2 2 2 8 8 8 2
left_child=2 4 6 10 9 -4 -1 8 -5 12 -3 -6 13 -2
right_child=1 3 5 7 11 -7 -8 -9 -10 -11 -12 -13 -14 -15
leaf_value=-0.051562585556429612 0.036316288324488376 0.16623809406774948 -0.014519966700877174 0.1835305496018278 0.051302124968085588 0.010467422603589998 -0.037802056764630408 0.22163427448588802 0.075520199275110222 0.15001107454435156 0.12917013372844241 0.099419631621495863 0.071865439935907841 0.059597008811714973
leaf_weight=1322.3830252885818 211.24448783695698 39.910519741475582 649.76072564721107 125.60062069445848 18.510850004851818 509.48568624258041 1032.4168001115322 59.145056962966919 4.8374447897076598 5.3364834710955611 197.65663492679596 195.58495113253593 63.678681060671806 135.45061913877726
leaf_count=16400 2210 336 7585 982 177 5724 12505 407 38 55 1704 1864 656 1363
internal_value=-0.000242291 0.104268 -0.031677 0.160813 0.065918 -0.00353808 -0.0455295 0.192662 0.179525 0.0508068 0.135397 0.0952594 0.0495167 0.0454119
internal_weight=4571 1056.96 3514.05 427.15 629.806 1159.25 2354.8 189.583 130.438 415.71 237.567 214.096 410.374 346.695
internal_count=52006 9792 42214 3467 6325 13309 28905 1427 1020 4284 2040 2041 4229 3573
is_linear=0
shrinkage=0.05


Tree=3
num_leaves=15
num_cat=0
split_feature=11 11 11 11 11 11 11 11 8 5 6 11 8 6
split_gain=5138.48 662.251 529.48 109.035 71.6723 64.7809 44.4883 27.7239 15.6508 13.874 12.2744 14.5108 11.4121 14.0535
threshold=0.16474010437206152 0.35629628131549979 0.048411493370566251 0.48486198043646878 0.27208150889456173 0.094053101827253779 0.01636227699523711 0.61404714246845693 27.500000000000004 6.5000000000000009 2.8775000000000004 0.21342686238959366 16.500000000000004 0.53875000000000017
decision_type=2 2 2 2 2 2 2 2 2 10 8 2 2 8
left_child=2 4 6 9 8 -4 -1 12 10 -3 11 -2 13 -5
right_child=1 3 5 7 -6 -7 -8 -9 -10 -11 -12 -13 -14 -15
leaf_value=-0.050996661124126499 0.030526438046505545 0.11110797209655231 -0.013961864477931855 0.10494804367288812 0.082200075043811646 0.0098587918624525733 -0.03683896783511334 0.1773904564007136 0.12662163111384334 0.016895884364401554 0.061131917423017969 0.051436410329784334 0.080578074511959252 0.15185007640157658
leaf_weight=1299.8171896487474 170.62107153236866 227.01561400294304 642.14540727436543 17.923812106251717 205.61515506356955 513.77793779969215 968.20015344768763 98.680911973118782 5.9870929643511763 3.9762182384729376 94.334318108856678 161.51221656799316 6.7862805351614943 146.61576029658318
leaf_count=16810 1735 1804 7585 133 1837 5724 12095 611 55 32 924 1570 51 1040
internal_value=-0.000312203 0.0916798 -0.0309159 0.134705 0.0578974 -0.0033742 -0.0449528 0.15628 0.0463424 0.109486 0.0452154 0.0406947 0.14412 0.146741
internal_weight=4563.01 1139.07 3423.94 500.999 638.07 1155.92 2268.02 270.007 432.455 230.992 426.468 332.133 171.326 164.54
internal_count=52006 9792 42214 3671 6121 13309 28905 1835 4284 1836 4229 3305 1224 1173
is_linear=0
shrinkage=0.05


Tree=4
num_leaves=15
num_cat=0
split_feature=11 11 11 11 11 11 11 11 8 5 7 1 9 4
split_gain=4447.76 511.334 499.999 79.8567 58.8375 57.2026 45.0769 21.2193 13.5259 11.7438 12.7729 12.8209 13.5126 11.7959
threshold=0.16474010437206152 0.048411493370566251 0.35629628131549979 0.48486198043646878 0.094053101827253779 0.25570810250712112 0.015766264221547296 0.65789419084722767 27.500000000000004 0.35000000000000003 37.922500000000007 56.250000000000007 1.0000000180025095e-35 8.6333333333333346
decision_type=2 2 2 2 2 2 2 2 2 10 8 8 10 10
left_child=1 6 5 -4 -3 8 -1 -5 -2 10 -7 -12 -13 -11
right_child=2 4 3 7 -6 9 -8 -9 -10 13 11 12 -14 -15
leaf_value=-0.050796927995313046 0.039553991881502194 -0.013419437397614309 0.096247145508830109 0.12689028066627528 0.009290372565628667 0.0043488274323996027 -0.036342600278268189 0.15769885884902221 0.1125630116952161 0.078319670153844681 0.052446784041056155 0.1477012131215408 0.073210900033062049 0.16809984907731454
leaf_weight=1214.3341302871704 395.97655852138996 634.88562528043985 249.10849238932133 222.28853552043438 517.84437918663025 9.6402285993099195 970.43230094015598 74.661074995994568 6.447147622704505 133.96429713815451 77.496165506541729 7.5380744412541381 31.649420537054539 3.7612717002630225
leaf_count=16400 3822 7585 1836 1428 5724 82 12505 407 54 1138 660 64 269 32
internal_value=-0.000363916 -0.0301607 0.0816519 0.117123 -0.00321744 0.0525892 -0.0443766 0.134636 0.0407237 0.0706728 0.0596626 0.0642326 0.0875398 0.0807716
internal_weight=4550.03 3337.5 1212.53 546.058 1152.73 666.473 2184.77 296.95 402.424 264.049 126.324 116.684 39.1875 137.726
internal_count=52006 42214 9792 3671 13309 6121 28905 1835 3876 2245 1075 993 333 1170
is_linear=0
shrinkage=0.05


Tree=5
num_leaves=15
num_cat=0
split_feature=11 11 11 11 11 11 11 11 10 1 4 2 6 10
split_gain=3885.31 489.624 408.127 81.6374 51.7787 41.762 29.9971 18.2021 12.8821 10.3711 11.4445 9.76613 9.39705 12.044
threshold=0.14528627516509687 0.32597827343463387 0.040569872116051932 0.48486198043646878 0.074118841582375236 0.23982832208814378 0.015448913327325278 0.61404714246845693 4.5000000000000009 56.750000000000007 8.3666666666666689 9.5000000000000018 3.6775000000000002 3.5000000000000004
decision_type=2 2 2 2 2 2 2 2 2 8 10 8 8 2
left_child=2 5 6 -3 8 12 -1 -5 -4 10 11 -7 -2 -14
right_child=1 3 4 7 -6 9 -8 -9 -10 -11 -12 -13 13 -15
leaf_value=-0.050506612817661029 0.028610587195136185 0.083267288281258844 -0.029436756163545796 0.10928618911732985 0.0015796161275355471 0.11311890912055014 -0.037885475893760082 0.13402024689538847 -0.01362550593758245 0.070864509608347767 0.12266140020926125 0.045564456289069175 0.053312924490543173 -0.041885948828005365
leaf_weight=1148.9093026518822 388.76032543927431 343.47663698345423 200.48107099533081 202.74617326259613 633.89227552711964 5.5200524926185599 797.62640360742807 117.48439405858517 360.41360731422901 85.223807483911514 5.2327431216835967 173.67456706613302 66.265386760234833 3.497727930545806
leaf_count=16195 3823 2449 2478 1224 7165 43 10660 611 4492 706 41 1454 629 36
internal_value=-0.00040281 0.0691373 -0.0312152 0.100199 -0.00821153 0.0408253 -0.0453349 0.11836 -0.0192769 0.0564396 0.0497739 0.0476455 0.0316428 0.0485399
internal_weight=4533.2 1391.88 3141.32 663.707 1194.79 728.175 1946.54 320.231 560.895 269.651 184.427 179.195 458.523 69.7631
internal_count=52006 11016 40990 4284 14135 6732 26855 1835 6970 2244 1538 1497 4488 665
is_linear=0
shrinkage=0.05


Tree=6
num_leaves=15
num_cat=0
split_feature=11 11 11 11 11 11 11 11 1 4 1 8 4 7
split_gain=3430.07 396.538 394.754 66.9377 47.7897 34.7593 30.4793 18.6238 11.9066 11.7123 9.90032 12.0282 9.65796 9.42221
threshold=0.14528627516509687 0.040569872116051932 0.32597827343463387 0.46258001579790081 0.078509350263812713 0.22369434006067981 0.015448913327325278 0.59371655968715387 56.750000000000007 3.6333333333333337 54.750000000000007 13.500000000000002 2.4500000000000006 39.710000000000015
decision_type=2 2 2 2 2 2 2 2 8 8 10 2 10 8
left_child=1 6 5 -4 -3 -2 -1 9 -7 -5 -11 13 -6 -12
right_child=2 4 3 7 12 8 -8 -9 -10 10 11 -13 -14 -15
leaf_value=-0.05014128664668397 0.02758282823305204 -0.017710861097691519 0.073315601625644142 0.08643201019801966 -0.0098921872695391933 0.042989094618845952 -0.037185566490165689 0.11691257165012617 0.063009243217988051 0.1440963681705496 0.15751033122334446 0.0467062357152482 0.0057422869676807178 0.098849513631705577
leaf_weight=1100.6387704238296 402.15323477983475 604.15760414302349 329.47225102782249 144.42188130319118 126.04942812770605 240.93742958456278 772.64627102762461 163.14627967774868 107.35818061232567 17.504139855504036 8.7917690873146039 8.6292626857757551 456.54792686551809 30.919952034950256
leaf_count=16195 3876 7585 2245 842 1412 1989 10660 815 867 101 51 52 5138 178
internal_value=-0.000432243 -0.0304715 0.0628164 0.0897422 -0.00785792 0.0375972 -0.0447976 0.104236 0.0491601 0.0944 0.111877 0.10021 0.00235965 0.111836
internal_weight=4513.37 3060.04 1453.33 702.886 1186.75 750.449 1873.29 373.413 348.296 210.267 65.8451 48.341 582.597 39.7117
internal_count=52006 40990 11016 4284 14135 6732 26855 2039 2856 1224 382 281 6550 229
is_linear=0
shrinkage=0.05


Tree=7
num_leaves=15
num_cat=0
split_feature=11 11 11 11 11 11 11 11 10 6 3 11 11 8
split_gain=3043.46 384.954 324.82 56.2113 44.3847 30.9605 29.8798 15.0663 12.7713 10.2171 10.9205 11.9318 9.24989 8.60254
threshold=0.14528627516509687 0.040569872116051932 0.32597827343463387 0.48486198043646878 0.071529914310836204 0.015448913327325278 0.24648519993559781 0.65789419084722767 4.5000000000000009 3.6775000000000002 6.5000000000000009 0.16132900100276074 0.15103294455378127 17.500000000000004
decision_type=2 2 2 2 2 2 2 2 2 8 10 2 2 2
left_child=1 5 6 -4 8 -1 9 13 -3 -2 11 12 -11 -5
right_child=2 4 3 7 -6 -7 -8 -9 -10 10 -12 -13 -14 -15
leaf_value=-0.04978026968602723 0.024535849938470657 -0.029541683902804285 0.067739434768142273 0.090912427219729919 0.00097510908646931873 -0.036484168830864964 0.048280879147521459 0.11315981001023256 -0.012895298853150571 0.055277285329135319 0.13112929555885239 0.049411961555729765 -0.033133040112195242 0.034945375694554408
leaf_weight=1054.3619389459491 426.88053092360497 175.27511928230524 379.91064578294754 261.44165606796741 667.51810558140278 748.73693410307169 266.18031775206327 89.209159702062607 336.29165583103895 4.486919254064559 3.452689290046691 61.609265960752964 8.6850838512182218 7.0511486381292334
leaf_count=16195 3992 2255 2449 1387 7575 10660 2040 407 4305 46 32 533 89 41
internal_value=-0.000454233 -0.0297323 0.0574105 0.0811327 -0.00751736 -0.0442591 0.0347241 0.0953576 -0.0185988 0.0275801 0.0441911 0.0401771 -0.00301689 0.0894426
internal_weight=4491.09 2982.18 1508.91 737.613 1179.08 1803.1 771.295 357.702 511.567 505.114 78.234 74.7813 13.172 268.493
internal_count=52006 40990 11016 4284 14135 26855 6732 1835 6560 4692 700 668 135 1428
is_linear=0
shrinkage=0.05


Tree=8
num_leaves=15
num_cat=0
split_feature=11 11 11 11 11 11 11 11 10 5 4 4 4 6
split_gain=2713 348.661 295.318 53.2383 38.425 31.4371 26.3118 15.2519 12.1461 9.84918 13.2781 9.13075 8.85275 8.26738
threshold=0.12370179133416837 0.31454595768213461 0.040569872116051932 0.46258001579790081 0.19808570952660379 0.015448913327325278 0.071529914310836204 0.59371655968715387 4.5000000000000009 6.5000000000000009 8.5500000000000025 2.7750000000000004 3.6333333333333337 0.3050000000000001
decision_type=2 2 2 2 2 2 2 2 2 10 10 10 8 8
left_child=2 4 5 9 13 -1 8 12 -4 10 -3 -8 -5 -2
right_child=1 3 6 7 -6 -7 11 -9 -10 -11 -12 -13 -14 -15
leaf_value=-0.04942259804456503 -0.018125238828438195 0.059717433684387061 -0.028781614555969615 0.070630274675110974 0.038130600878638718 -0.035781169161038261 -0.014054944859929169 0.096751265526116612 -0.012385836430879364 -0.00080322508591880437 0.13228419845117428 0.0017422103209206634 0.091690269436864036 0.018892038637207592
leaf_weight=1010.0160035677254 15.618833668529986 375.20915333926678 171.01819545030594 158.20394918322563 458.06473311781883 725.86079817265272 118.79821729660034 177.83625759184361 332.71137613803148 6.5708757042884818 6.4114932864904395 397.66902603209019 72.891249895095825 439.98299504816532
leaf_count=16195 154 2366 2255 842 3672 10660 1373 815 4305 43 40 4570 382 4334
internal_value=-0.000470506 0.0489879 -0.0311711 0.0731539 0.0279045 -0.0437184 -0.0098216 0.0857437 -0.0179523 0.0598915 0.0609366 -0.00189146 0.0772729 0.017623
internal_weight=4466.86 1710.79 2756.07 797.123 913.667 1735.88 1020.2 408.931 503.73 388.192 381.621 516.467 231.095 455.602
internal_count=52006 12648 39358 4488 8160 26855 12503 2039 6560 2449 2406 5943 1224 4488
is_linear=0
shrinkage=0.05


Tree=9
num_leaves=15
num_cat=0
split_feature=11 11 11 11 11 11 11 11 10 8 7 5 2 2
split_gain=2434.37 297.273 287.429 58.4686 31.9544 24.715 24.3629 16.1428 11.5364 10.1275 9.45069 9.30099 8.92007 13.2463
threshold=0.12370179133416837 0.28366449056283782 0.040569872116051932 0.44189301962144439 0.010653814425591003 0.16474010437206152 0.071529914310836204 0.65789419084722767 4.5000000000000009 27.500000000000004 38.010000000000012 6.5000000000000009 16.500000000000004 127.50000000000001
decision_type=2 2 2 2 2 2 2 2 2 2 8 10 10 10
left_child=2 5 4 11 -1 -2 8 10 -4 -7 -5 -3 -12 -14
right_child=1 3 6 7 -6 9 -8 -9 -10 -11 12 -13 13 -15
leaf_value=-0.050865055945628269 0.011635604933761834 0.053324681217474995 -0.028026577238958489 0.096402331996790616 -0.036960141194948781 0.02903195539553682 -0.0018005903928290613 0.095987000686162838 -0.011891632607524896 0.083437053078412954 0.079156259860554232 0.0013751118606986205 0.056920614272573514 0.095715737112288646
leaf_weight=747.0863338932395 276.1061340123415 443.86747598648071 166.94896379113197 38.126235067844391 924.43207141011953 561.41741902381182 515.68267740309238 95.080552458763123 329.30046086758375 8.6861900836229307 148.04991243779659 8.7865481674671155 151.93827693164349 25.728819325566292
leaf_count=12505 2856 2798 2255 188 14350 4631 5943 407 4305 61 744 59 775 129
internal_value=-0.000482175 0.0452556 -0.0304426 0.0650666 -0.043175 0.0239142 -0.00941117 0.0776427 -0.0173198 0.0298609 0.072849 0.0523163 0.070092 0.0625387
internal_weight=4441.24 1757.79 2683.45 911.578 1671.52 846.21 1011.93 458.924 496.249 570.104 363.843 452.654 325.717 177.667
internal_count=52006 12648 39358 5100 26855 7548 12503 2243 6560 4692 1836 2857 1648 904
is_linear=0
shrinkage=0.05


Tree=10
num_leaves=15
num_cat=0
split_feature=11 11 11 11 11 11 11 11 10 4 4 8 7 8
split_gain=2190.09 271.567 261.686 52.3519 32.567 23.033 21.273 18.3382 10.9429 9.23814 8.94746 8.39489 8.0434 11.8135
threshold=0.12152752303839622 0.040569872116051932 0.28366449056283782 0.41639605593405632 0.015448913327325278 0.16474010437206152 0.071529914310836204 0.59371655968715387 4.5000000000000009 3.4500000000000006 2.7750000000000004 28.500000000000004 40.663333333333348 4.5000000000000009
decision_type=2 2 2 2 2 2 2 2 2 10 10 2 10 2
left_child=1 4 5 -4 -1 -2 8 9 -3 12 -8 -7 -5 -14
right_child=2 6 3 7 -6 11 10 -9 -10 -11 -12 -13 13 -15
leaf_value=-0.048723773116556734 0.010651635504300426 -0.027276963033023512 0.046026485147507172 0.061675376648332919 -0.034331946780362929 0.027097825309083664 -0.014393536388124382 0.08258926295134339 -0.011412593280998072 0.078808836438664071 0.0016304481896389012 0.082377935352567849 0.06410717179956836 -0.0072826881580730536
leaf_weight=927.99152472987771 297.23269034922123 163.06032902002335 393.61179900169373 258.78737165033817 681.95024468004704 575.34273502975702 112.71211716532707 188.06695547699928 326.05136357992887 75.742677003145218 383.61725908517838 6.9507617205381385 12.497836604714395 10.804781988263128
leaf_count=16195 3060 2255 2449 1324 10660 4646 1322 815 4305 390 4417 46 65 57
internal_value=-0.000490016 -0.0299739 0.0415772 0.0599262 -0.0426276 0.0219768 -0.00930115 0.0699484 -0.0167015 0.0633048 -0.00200846 0.0277577 0.0591418 0.0310057
internal_weight=4414.42 2595.38 1819.04 939.511 1609.94 879.526 985.441 545.9 489.112 357.833 496.329 582.293 282.09 23.3026
internal_count=52006 39154 12852 5100 26855 7752 12299 2651 6560 1836 5739 4692 1446 122
is_linear=0
shrinkage=0.05


Tree=11
num_leaves=15
num_cat=0
split_feature=11 11 11 11 11 11 11 11 10 11 4 7 6 8
split_gain=1975.06 263.905 226.323 38.975 33.2206 27.2413 19.6727 10.6096 10.3661 8.5007 9.63058 8.89753 11.1479 8.97502
threshold=0.12152752303839622 0.040569872116051932 0.31454595768213461 0.51744453581042638 0.010653814425591003 0.19808570952660379 0.071529914310836204 0.71086408629136044 4.5000000000000009 0.41639605593405632 4.2250000000000005 38.945000000000014 1.905 5.5000000000000009
decision_type=2 2 2 2 2 2 2 2 2 2 10 8 10 2
left_child=1 4 5 9 -1 -2 8 -5 -3 -4 11 12 13 -11
right_child=2 6 3 7 -6 -7 -8 -9 -10 10 -12 -13 -14 -15
leaf_value=-0.050309558975123382 0.013919881456455284 -0.026533212881286364 0.043694626571502755 0.067148184303248898 -0.035572675844656128 0.030549176852757078 -0.0019121342409422278 0.092314181676747514 -0.010948589335153176 0.035295654245263888 0.080222785225551207 0.045365083621840246 0.11245607146282791 0.079028374528224796
leaf_weight=684.52612886205316 493.42420757561922 159.34528298676014 312.70071204006672 271.92630364000797 866.48765193298459 491.67997419834137 495.52392955124378 49.504679337143898 322.95676781237125 22.958032786846161 35.574398994445801 144.6154665350914 11.560279592871664 23.991711646318436
leaf_count=12505 4692 2255 1837 1224 14350 3672 5739 203 4305 115 181 749 58 121
internal_value=-0.000494809 -0.0292517 0.0386462 0.0571856 -0.0420767 0.0222198 -0.00890892 0.0710241 -0.0160975 0.0491187 0.0562243 0.0520213 0.0684732 0.0576434
internal_weight=4386.78 2528.84 1857.94 872.832 1551.01 985.104 977.826 321.431 482.302 551.401 238.7 203.125 58.51 46.9497
internal_count=52006 39154 12852 4488 26855 8364 12299 1427 6560 3061 1224 1043 294 236
is_linear=0
shrinkage=0.05


Tree=12
num_leaves=15
num_cat=1
split_feature=11 11 11 11 11 11 11 11 3 13 5 4 4 4
split_gain=1787.38 275.4 173.327 47.0262 30.6488 21.6395 20.3662 13.2447 9.6827 9.28616 9.19648 10.0265 9.01659 8.31462
threshold=0.094053101827253779 0.27208150889456173 0.0305290530726431 0.46258001579790081 0.16474010437206152 0.010653814425591003 0.048411493370566251 0.65789419084722767 4.5000000000000009 0 2.2500000000000004 8.6333333333333346 7.4500000000000011 8.1000000000000014
decision_type=2 2 2 2 2 2 2 2 8 1 8 10 8 8
left_child=2 4 5 10 -2 -1 -4 -5 -8 -10 11 -3 -6 -14
right_child=1 3 6 7 12 -7 8 -9 9 -11 -12 -13 13 -15
leaf_value=-0.050031592335033015 0.0061478674667256993 0.046335462253273306 -0.025058168715826459 0.058076643608285239 0.02042179546159497 -0.037113613712583808 -0.016682379718481952 0.078678428387118943 0.005168411240304694 -0.011925777253746985 0.035172810763850669 0.11431879661259059 0.081772194829561301 0.032603248701968755
leaf_weight=654.6681890450418 541.13628396391869 281.59425340592861 341.8018738925457 355.49863168597221 470.2146342843771 642.20691442489624 269.79977702349424 99.947249889373779 151.26232077181339 167.33811219781637 304.61090344190598 5.5300583243370047 9.9557963609695417 63.046433545649052
leaf_count=12505 5724 1659 5330 1632 3727 11070 3473 407 1951 2161 1780 30 79 478
internal_value=-0.000496818 0.0322317 -0.0318213 0.0505203 0.0145701 -0.0436347 -0.0153512 0.0625977 -0.00971236 -0.00380995 0.0412245 0.0476448 0.02296 0.0393087
internal_weight=4358.61 2131.53 2227.08 1047.18 1084.35 1296.88 930.202 455.446 588.4 318.6 591.735 287.124 543.217 73.0022
internal_count=52006 15516 36490 5508 10008 23575 12915 2039 7585 4112 3469 1689 4284 557
cat_boundaries=0 1
cat_threshold=4
is_linear=0
shrinkage=0.05


Tree=13
num_leaves=15
num_cat=1
split_feature=11 11 11 11 11 11 11 11 11 3 13 7 6 4
split_gain=1624.71 240.182 170.029 43.2635 26.8157 22.0682 19.2253 10.2959 9.59326 8.96605 8.49797 7.91997 15.5803 7.67066
threshold=0.094053101827253779 0.27208150889456173 0.0305290530726431 0.51744453581042638 0.16474010437206152 0.010653814425591003 0.048411493370566251 0.41639605593405632 0.71086408629136044 4.5000000000000009 0 38.490000000000016 1.3050000000000004 7.4500000000000011
decision_type=2 2 2 2 2 2 2 2 2 8 1 8 10 8
left_child=2 4 5 7 -2 -1 -4 -3 -5 -8 -11 12 -9 -6
right_child=1 3 6 8 13 -7 9 11 -10 10 -12 -13 -14 -15
leaf_value=-0.04975600376236268 0.00581154182134184 0.036001661968088461 -0.024339302258967858 0.058380338401838421 0.019118645570563694 -0.036456717681140269 -0.016075170593350445 0.048852449677158523 0.082045886623166461 -0.012495189371649654 0.0039150752219431562 0.044553071340600187 0.11681143999630778 0.036320883383240576
leaf_weight=626.1022774130106 543.7609833329916 485.92516869306564 334.4909669905901 282.15818516910076 476.97156804800034 621.6160524636507 266.08784984797239 29.006991773843765 50.48453164100647 146.07712173461914 171.52327731251717 209.12762278318405 11.891093999147413 74.99318265914917
leaf_count=12505 5724 2857 5330 1224 3727 11070 3473 138 203 1906 2206 1030 56 557
internal_value=-0.000496945 0.0301411 -0.0311127 0.0470076 0.0136923 -0.0431303 -0.0147819 0.0402438 0.061972 -0.00930487 -0.00363266 0.0484884 0.0686115 0.0214558
internal_weight=4330.22 2164.32 2165.9 1068.59 1095.73 1247.72 918.179 735.951 332.643 583.688 317.6 250.026 40.8981 551.965
internal_count=52006 15516 36490 5508 10008 23575 12915 4081 1427 7585 4112 1224 194 4284
cat_boundaries=0 1
cat_threshold=2
is_linear=0
shrinkage=0.05


Tree=14
num_leaves=15
num_cat=1
split_feature=11 11 11 11 11 11 11 11 11 3 13 4 5 7
split_gain=1478.43 210.517 166.594 39.6199 23.518 22.491 18.1235 9.107 9.08252 8.29467 7.78812 7.59566 7.72828 7.10478
threshold=0.094053101827253779 0.27208150889456173 0.0305290530726431 0.51744453581042638 0.16474010437206152 0.010653814425591003 0.048411493370566251 0.41639605593405632 0.71086408629136044 4.5000000000000009 0 4.2250000000000005 6.5000000000000009 38.945000000000014
decision_type=2 2 2 2 2 2 2 2 2 8 1 10 8 10
left_child=2 4 5 7 -2 -1 -4 -3 -5 -8 -11 13 -13 -9
right_child=1 3 6 8 -6 -7 9 11 -10 10 -12 12 -14 -15
leaf_value=-0.049482084172318121 0.0054951438118852275 0.033510018010284047 -0.023627855455762733 0.054642388825615035 0.020075622378622284 -0.035795817868549532 -0.015482697020460699 0.051934151504493625 0.077602636339589665 0.0046771778001904385 -0.011016795918755052 0.078562773164927491 0.0266647372783234 0.033644018140221381
leaf_weight=598.78111043944955 546.25019712001085 495.69100843369961 327.51467328518629 286.27525202929974 560.18223367631435 601.941591296345 262.54872169345617 93.13061797618866 50.699904039502144 152.40542668104172 164.24039194732904 28.815969884395599 9.5508880019187909 123.51144461333752
leaf_count=12505 5724 2857 5330 1224 4284 11070 3473 438 203 1951 2161 136 45 605
internal_value=-0.000495117 0.028233 -0.0304047 0.0438536 0.0128772 -0.0426209 -0.0142273 0.03746 0.0580969 -0.00891158 -0.0034631 0.0451381 0.0656435 0.0415066
internal_weight=4301.54 2194.11 2107.43 1087.68 1106.43 1200.72 906.709 750.7 336.975 579.195 316.646 255.009 38.3669 216.642
internal_count=52006 15516 36490 5508 10008 23575 12915 4081 1427 7585 4112 1224 181 1043
cat_boundaries=0 1
cat_threshold=4
is_linear=0
shrinkage=0.05


Tree=15
num_leaves=15
num_cat=0
split_feature=11 11 11 11 11 11 11 11 3 8 10 11 11 7
split_gain=1346.51 185.285 163.029 37.3571 22.9056 20.6673 17.062 13.4537 7.66654 7.16569 10.8305 14.3049 17.2856 8.04952
threshold=0.094053101827253779 0.27208150889456173 0.0305290530726431 0.59371655968715387 0.010653814425591003 0.16474010437206152 0.048411493370566251 0.41639605593405632 4.5000000000000009 13.500000000000002 5.5000000000000009 0.065504058221510716 0.061201548698365089 38.045000000000009
decision_type=2 2 2 2 2 2 2 2 8 2 2 2 2 8
left_child=2 5 4 7 -1 -2 -4 -3 -8 10 13 12 -12 -10
right_child=1 3 6 -5 -6 -7 8 -9 9 -11 11 -13 -14 -15
leaf_value=-0.049209150170926662 0.005197329846915533 0.031247896977035668 -0.022924361450430412 0.060544296213629445 -0.035130966680010853 0.018804501025068716 -0.014905076700120576 0.043526393010319901 0.043723132797896719 -0.011796386861267022 0.030224460302272677 -0.019502663926464613 0.14256848131897909 -0.0061029705708581196
leaf_weight=572.65810336917639 548.61109879612923 504.75356517732143 320.85905342549086 200.19719563424587 583.14756901934743 567.93944162130356 259.17492143064737 399.80531725287437 8.6409719958901388 138.96649704873562 21.84718465059996 11.340586140751837 4.0602695345878592 130.87919798493385
leaf_count=12505 5724 2857 5330 815 11070 4284 3473 1836 112 1809 291 143 54 1703
internal_value=-0.000491658 0.0264828 -0.0296978 0.0410003 -0.0421062 0.0121187 -0.0136874 0.0366749 -0.00853221 -0.00330097 0.00337772 0.0273307 0.0478312 -0.00301707
internal_weight=4272.88 2221.31 2051.57 1104.76 1155.81 1116.55 895.769 904.559 574.91 315.735 176.768 37.248 25.9075 139.52
internal_count=52006 15516 36490 5508 23575 10008 12915 4693 7585 4112 2303 488 345 1815
is_linear=0
shrinkage=0.05


Tree=16
num_leaves=15
num_cat=1
split_feature=11 11 11 11 11 11 11 12 6 11 2 7 8 6
split_gain=1230.3 199.82 119.545 41.0981 21.2393 16.46 15.4752 11.7572 15.424 10.9354 10.2494 8.48304 8.3872 7.7618
threshold=0.078509350263812713 0.24648519993559781 0.024913302979122937 0.48486198043646878 0.14233850927691286 0.010653814425591003 0.040569872116051932 0 3.8450000000000002 0.65789419084722767 11.500000000000002 40.363333333333344 4.5000000000000009 4.5050000000000008
decision_type=2 2 2 2 2 2 2 1 10 2 8 10 2 8
left_child=2 4 5 10 -2 -1 -4 8 -6 -5 11 -3 -9 -10
right_child=1 3 6 9 7 -7 -8 12 13 -11 -12 -13 -14 -15
leaf_value=-0.048936541112995148 0.0012277652387974861 0.074163491577794477 -0.02654516619977287 0.044929996418448553 0.00036710059881925631 -0.035993809573250594 -0.012386850866761652 0.03102094518072376 0.11456315216141358 0.063660023725414058 0.029059412562951886 0.020570530198155173 0.015231668517971262 0.02617727232876306
leaf_weight=547.68769631162286 570.2334171012044 23.190704643726349 301.59393509849906 334.02464877068996 180.03770446777344 445.44216439127922 535.99349348992109 117.96873942762613 4.3126899302005741 101.64163114130497 772.69416937232018 10.832813426852224 293.01543948054314 5.8576613068580636
leaf_count=12505 6346 122 5535 1428 1471 8815 7585 942 33 407 4309 58 2404 46
internal_value=-0.000487448 0.0229559 -0.0313977 0.036925 0.00814071 -0.0431314 -0.0174849 0.0146977 0.00356382 0.0492997 0.030242 0.0570999 0.0192943 0.0636569
internal_weight=4244.53 2413.81 1830.72 1242.38 1171.43 993.13 837.587 601.192 190.208 435.666 806.718 34.0235 410.984 10.1704
internal_count=52006 17566 34440 6324 11242 21320 13120 4896 1550 1835 4489 180 3346 79
cat_boundaries=0 1
cat_threshold=456
is_linear=0
shrinkage=0.05


Tree=17
num_leaves=15
num_cat=1
split_feature=11 11 11 11 11 11 11 11 10 5 12 6 6 4
split_gain=1125.59 187.487 107.152 32.7967 28.0234 16.7898 12.7687 11.2717 10.3695 8.95747 9.34583 7.73089 10.0144 14.7841
threshold=0.074118841582375236 0.27208150889456173 0.024913302979122937 0.59371655968715387 0.14528627516509687 0.010653814425591003 0.040569872116051932 0.41639605593405632 4.5000000000000009 0.87500000000000011 0 0.90500000000000014 0.84500000000000031 4.7750000000000012
decision_type=2 2 2 2 2 2 2 2 2 10 1 10 8 10
left_child=2 4 5 7 9 -1 -4 -3 -8 10 -2 12 -11 -14
right_child=1 3 6 -5 -6 -7 8 -9 -10 11 -12 -13 13 -15
leaf_value=-0.048663614315836677 0.0042758045508385781 0.02723620659121145 -0.025833678416929191 0.054352287291050849 0.015330106971357726 -0.035342744627195409 -0.022814127669115034 0.038312601219372848 -0.0073360471094981953 0.016426149336545199 -0.012141835128255915 0.0044125645972473253 0.17061988930098779 0.016995259270401686
leaf_weight=523.82526107132435 155.61352069675922 521.23187711834908 294.58576500415802 201.74337647855282 711.65329311788082 431.32653987035155 164.25425306707621 410.6336257904768 317.13709351420403 25.014474980533127 178.95082512497902 274.25540908426046 2.8733558431267729 3.4422011226415634
leaf_count=12505 1748 2857 5535 815 5508 8815 2478 1836 4492 281 2000 3066 32 38
internal_value=-0.000481932 0.021078 -0.0314359 0.0360742 0.00850232 -0.0426482 -0.0176346 0.0321171 -0.0126173 0.000911873 -0.00474073 0.00710051 0.0306302 0.0868891
internal_weight=4216.54 2485.41 1731.13 1133.61 1351.8 955.152 775.977 931.866 481.391 640.15 334.564 305.585 31.33 6.31556
internal_count=52006 18181 33825 5508 12673 21320 12505 4693 6970 7165 3748 3417 351 70
cat_boundaries=0 1
cat_threshold=173
is_linear=0
shrinkage=0.05


Tree=18
num_leaves=15
num_cat=0
split_feature=11 11 11 11 11 11 11 11 10 2 1 7 11 2
split_gain=1031.56 172.837 99.1282 34.8531 19.9532 17.1117 10.9928 10.4337 9.8567 8.65815 7.62717 7.04141 6.94232 6.93142
threshold=0.071529914310836204 0.24648519993559781 0.024913302979122937 0.48486198043646878 0.14233850927691286 0.010653814425591003 0.040569872116051932 0.71086408629136044 4.5000000000000009 11.500000000000002 51.250000000000007 40.363333333333344 0.35629628131549979 12.500000000000002
decision_type=2 2 2 2 2 2 2 2 2 8 8 10 2 8
left_child=2 4 5 9 -2 -1 -4 -5 -8 11 -10 -3 -11 -12
right_child=1 3 6 7 -6 -7 8 -9 10 12 13 -13 -14 -15
leaf_value=-0.048389763849532558 0.00036318630692098167 0.065808456979891641 -0.025126875750192332 0.041159988333466811 0.012929526134547606 -0.034687132649661889 -0.023314802365911047 0.065355830276692561 0.05724839993384695 0.021140077955465797 0.016509073110826136 0.017715588136294615 0.030516717608169763 -0.010760643677277838
leaf_weight=501.02728748694062 650.83658853173256 24.283004820346832 287.9010771587491 391.37433132529259 613.80264285206795 417.84985734149814 144.73885395005345 50.278857186436653 4.4891989827156058 429.28555452823639 25.4943842664361 11.085395291447638 365.44784443080425 271.0242660343647
leaf_count=12505 7371 122 5535 1632 4896 8815 2255 203 64 2540 366 58 1769 3875
internal_value=-0.000476587 0.0195511 -0.0312163 0.0325666 0.00646236 -0.0421586 -0.0175113 0.0439145 -0.0125925 0.026529 -0.00743671 0.0507349 0.0254518 -0.00841602
internal_weight=4188.92 2536.39 1652.52 1271.75 1264.64 918.877 733.648 441.653 445.747 830.102 301.008 35.3684 794.733 296.519
internal_count=52006 18591 33415 6324 12267 21320 12095 1835 6560 4489 4305 180 4309 4241
is_linear=0
shrinkage=0.05


Tree=19
num_leaves=15
num_cat=0
split_feature=11 11 11 11 11 11 11 11 10 2 11 4 0 7
split_gain=945.92 153.552 97.6732 33.0879 17.9778 15.4882 12.1836 11.9161 9.24478 8.09693 12.9283 7.49781 7.43099 7.12872
threshold=0.071529914310836204 0.24648519993559781 0.020638160249435353 0.59371655968715387 0.12370179133416837 0.040569872116051932 0.010653814425591003 0.41639605593405632 4.5000000000000009 127.50000000000001 0.36860267967503046 2.7750000000000004 4.5000000000000009 41.545000000000009
decision_type=2 2 2 2 2 2 2 2 2 10 2 10 2 10
left_child=2 4 6 7 11 -4 -1 9 -7 -3 -11 -2 -12 -13
right_child=1 3 5 -5 -6 8 -8 -9 -10 10 12 13 -14 -15
leaf_value=-0.048114382196302492 -0.012405309300719621 0.02145239305965474 -0.025866308974359417 0.049201976716532786 0.010980612600856957 -0.022611228598980244 -0.035342883950218645 0.033751154965275719 -0.0071131080656857658 0.026475635632595924 0.11997491325680472 0.0042025602408894587 0.045421834336869464 -0.01947210072949658
leaf_weight=479.25133684650064 114.74409149587154 615.39706045389175 380.56195683777332 202.02265878021717 760.46678970754147 141.85499592497945 305.95000835135579 419.72248239815235 299.12513692677021 33.856441408395767 7.0237001031637174 360.31528963148594 6.3770243674516678 34.874441884458065
leaf_count=12505 1373 3416 7585 815 6324 2255 6765 1836 4305 194 33 4166 30 404
internal_value=-0.000469154 0.0184353 -0.0305282 0.0306264 0.00610998 -0.0184762 -0.043138 0.0271593 -0.0120986 0.022984 0.0429288 -0.00115362 0.0844972 0.00211333
internal_weight=4161.54 2554.8 1606.74 1284.4 1270.4 821.542 785.201 1082.38 440.98 662.654 47.2572 509.934 13.4007 395.19
internal_count=52006 18591 33415 6324 12267 14145 19270 5509 6560 3673 257 5943 63 4570
is_linear=0
shrinkage=0.05


Tree=20
num_leaves=15
num_cat=0
split_feature=11 11 11 11 11 11 11 10 4 7 5 0 4 1
split_gain=867.568 136.991 96.2442 25.3252 24.1981 14.7367 12.4291 8.66282 7.43577 7.23832 10.0473 7.35349 8.91131 9.73963
threshold=0.071529914310836204 0.28366449056283782 0.020638160249435353 0.59371655968715387 0.14528627516509687 0.040569872116051932 0.010653814425591003 4.5000000000000009 8.5500000000000025 39.310000000000009 0.62500000000000011 4.5000000000000009 1.2916666666666667 55.500000000000007
decision_type=2 2 2 2 2 2 2 2 10 10 10 2 10 10
left_child=2 4 6 8 -2 -4 -1 -7 9 10 -3 -12 -13 -14
right_child=1 3 5 -5 -6 7 -8 -9 -10 -11 11 12 13 -15
leaf_value=-0.047836901484898775 0.00045090881068334871 0.026135496350257959 -0.025163851078289619 0.046779405816803954 0.013307584361302039 -0.021916696570310788 -0.034697484959753729 -0.0067994916370296941 0.061522791875808738 0.021969388559871749 0.051206803988181407 0.078045875218091837 0.051502256869890933 -0.00049705882498632305
leaf_weight=458.4561350569129 672.5061057433486 311.92877885699272 371.85082221403718 201.86372907459736 802.97193693369627 139.10395033657551 296.30561154335737 297.32299397885799 15.481674939393995 433.63432487845421 86.26520848274231 7.1464453488588324 13.737209811806677 26.141341015696526
leaf_count=12505 7575 1468 7585 815 5916 2255 6765 4305 73 2107 411 33 67 126
internal_value=-0.000461123 0.0173945 -0.0298391 0.030783 0.00744766 -0.0178497 -0.0426786 -0.0116179 0.0271724 0.0265672 0.0310455 0.0425359 0.0266295 0.0174155
internal_weight=4134.72 2571.68 1563.04 1096.2 1475.48 808.278 754.762 436.427 894.335 878.853 445.219 133.29 47.025 39.8786
internal_count=52006 18591 33415 5100 13491 14145 19270 6560 4285 4212 2105 637 226 193
is_linear=0
shrinkage=0.05


Tree=21
num_leaves=15
num_cat=0
split_feature=11 11 11 11 11 11 11 10 6 3 4 1 7 11
split_gain=795.795 122.805 94.9593 28.6718 19.669 14.4996 8.41764 8.10773 6.92978 9.23409 6.82989 6.71353 6.50469 6.40056
threshold=0.071529914310836204 0.24648519993559781 0.01636227699523711 0.51744453581042638 0.040569872116051932 0.12370179133416837 0.71086408629136044 4.5000000000000009 3.6775000000000002 6.5000000000000009 2.7750000000000004 51.250000000000007 41.545000000000009 0.36860267967503046
decision_type=2 2 2 2 2 2 2 2 8 10 10 8 10 2
left_child=2 5 -1 13 -4 10 -5 -6 -7 -10 -2 -9 -12 -3
right_child=1 3 4 6 7 8 -8 11 9 -11 12 -13 -14 -15
leaf_value=-0.044332408934568711 -0.011926223121679895 0.0188916966405871 -0.025892803392912663 0.03632737932487462 -0.021231708476063021 0.0077457456749734756 0.058641640187191736 0.0530637692615629 0.017816808961855297 0.083736802429155696 0.0039545679294445638 -0.0074512161121281437 -0.018815855011408519 0.027088376973775943
leaf_weight=614.13308138027787 113.63063385337591 508.21472565829754 475.1157851330936 300.24851040542126 136.48010100796819 655.24265216290951 49.187163934111595 4.6565091833472243 111.22790060937405 5.5789758116006842 361.67111386358738 290.9520275965333 34.34151167422533 448.21778737008572
leaf_count=16810 1373 2857 10045 1224 2255 5420 203 64 861 43 4166 4241 404 2040
internal_value=-0.000452509 0.0164198 -0.0291498 0.0272112 -0.0188719 0.00542497 0.0394684 -0.0111518 0.00974579 0.0209653 -0.00112058 -0.00649797 0.00197996 0.0227329
internal_weight=4108.9 2587.56 1521.34 1305.87 907.204 1281.69 349.436 432.089 772.05 116.807 509.643 295.609 396.013 956.433
internal_count=52006 18591 33415 6324 16605 12267 1427 6560 6324 904 5943 4305 4570 4897
is_linear=0
shrinkage=0.05


Tree=22
num_leaves=15
num_cat=1
split_feature=11 11 11 11 11 11 12 10 4 8 3 10 2 1
split_gain=730.084 109.956 93.6564 23.5839 19.9317 18.7088 9.44124 7.57798 6.81421 6.73218 12.9716 9.21738 8.19349 8.70838
threshold=0.071529914310836204 0.31454595768213461 0.01636227699523711 0.16474010437206152 0.61404714246845693 0.040569872116051932 0 4.5000000000000009 8.5500000000000025 13.500000000000002 10.500000000000002 5.5000000000000009 33.500000000000007 51.250000000000007
decision_type=2 2 2 2 2 2 1 2 10 2 10 2 8 10
left_child=2 3 -1 -2 8 -4 -5 -7 -3 10 12 -12 13 -9
right_child=1 4 5 6 -6 7 -8 9 -10 -11 11 -13 -14 -15
leaf_value=-0.043925905584786547 0.0013781851028819153 0.024982840996389654 -0.025194456188185468 0.019921285423910917 0.045316545696739971 -0.020556745242928345 0.0082128114585804397 0.095241884177731898 0.061114495092972176 -0.014777483555445853 -0.0082173954900943563 0.12140788605516642 -0.01756894028393749 0.0037864112965243189
leaf_weight=589.45221537724137 809.17892627418041 838.23178136348724 464.15355065837502 334.47533684968948 149.91597796976566 133.97802074253559 456.64152711629868 2.6722006201744071 13.255430892109869 128.80840580910444 2.1781641617417327 3.7026985660195351 56.245103687047958 100.3730353936553
leaf_count=16810 8799 3818 10045 2235 611 2255 3069 36 59 1892 31 53 822 1471
internal_value=-0.000443442 0.0155111 -0.0284604 0.0073799 0.0285052 -0.0182418 0.0135186 -0.010701 0.0255453 -0.00620939 0.00047242 0.073397 -0.0022199 0.00615806
internal_weight=4083.26 2601.7 1481.56 1600.3 1001.4 892.111 791.117 427.958 851.487 293.98 165.171 5.88086 159.29 103.045
internal_count=52006 18591 33415 14103 4488 16605 5304 6560 3877 4305 2413 84 2329 1507
cat_boundaries=0 1
cat_threshold=1840
is_linear=0
shrinkage=0.05


Tree=23
num_leaves=15
num_cat=2
split_feature=11 11 11 11 11 12 11 4 2 12 7 0 11 8
split_gain=673.951 140.285 50.4225 28.6681 19.4073 10.8238 10.0373 9.65021 8.04039 7.72759 7.23399 7.54834 6.96642 6.66087
threshold=0.048411493370566251 0.22369434006067981 0.015766264221547296 0.46258001579790081 0.094053101827253779 0 0.52779018664673127 4.2250000000000005 19.500000000000004 1 40.290000000000013 9.5000000000000018 0.65789419084722767 21.500000000000004
decision_type=2 2 2 2 2 1 2 8 8 1 10 2 2 2
left_child=2 4 -1 -3 9 6 7 -5 -8 10 11 -2 -7 -11
right_child=1 3 -4 5 -6 12 8 -9 -10 13 -12 -13 -14 -15
leaf_value=-0.043880156190615131 -0.0076633851866646343 0.018322718158446671 -0.022869554046912082 -0.010852523858810949 0.005893616982977576 0.035158580798831947 0.058380268187684249 0.041097903820486288 0.019561597290968836 -0.0086199581062056645 0.011399929300964893 0.077362720675551291 0.052068594202076046 -0.030533399264984714
leaf_weight=548.95701710134745 145.64567944407463 946.66362707316875 595.11858642846346 41.444964438676834 925.6323931068182 292.94809119403362 17.631542429327965 11.39750714600086 54.796302393078804 261.40550108626485 97.394749708473682 2.6579147651791564 76.892868250608444 39.981558620929718
leaf_count=16400 2012 5101 12505 175 8376 1203 72 47 223 3622 1356 37 319 558
internal_value=-0.000430874 0.0123348 -0.032951 0.0234216 0.00148095 0.0331707 0.0156714 0.00035258 0.0290115 -0.00598499 0.000781303 -0.00613954 0.0376561 -0.0111568
internal_weight=4058.57 2914.49 1144.08 1441.77 1472.72 495.111 125.27 52.8425 72.4278 547.085 245.698 148.304 369.841 301.387
internal_count=52006 23101 28905 7140 15961 2039 517 222 295 7585 3405 2049 1522 4180
cat_boundaries=0 1 2
cat_threshold=1200 1700
is_linear=0
shrinkage=0.05


Tree=24
num_leaves=15
num_cat=1
split_feature=11 11 11 11 11 11 12 3 5 11 8 7 4 6
split_gain=622.202 125.427 50.1711 26.725 17.9698 11.4096 11.1111 12.2568 11.2898 9.90091 8.97506 7.42265 12.7033 6.64869
threshold=0.048411493370566251 0.22369434006067981 0.015448913327325278 0.41639605593405632 0.12152752303839622 0.65789419084722767 0 4.5000000000000009 0.87500000000000011 0.072793502892965892 29.500000000000004 39.422500000000007 6.6333333333333337 0.3050000000000001
decision_type=2 2 2 2 2 2 1 8 10 2 2 10 8 8
left_child=2 4 -1 10 6 -5 7 11 -8 -10 -3 12 -2 -6
right_child=1 3 -4 5 13 -7 8 -9 9 -11 -12 -13 -14 -15
leaf_value=-0.043632577297685743 0.0019058523474902635 0.015664690295678164 -0.022327885687909062 0.026965134068022586 -0.01907527961148802 0.045579305290874117 -0.01765252405005761 0.011020433255624401 -0.015013314502368095 0.0076511185752403503 0.073938540687158161 -0.01438436736639933 0.10554940987568862 0.0082422435284664041
leaf_weight=519.19862050563097 55.560422517359257 810.55672363936901 590.77444900944829 536.00413417816162 23.048572570085526 97.261782869696617 209.39571629464626 200.5723926872015 78.546391069889069 124.66687507927418 6.661695569753646 116.52393393963575 3.1226238794624797 662.57165072858334
leaf_count=16195 716 4455 12710 2244 197 407 2752 2574 1197 1446 34 1522 42 5515
internal_value=-0.000421143 0.0116757 -0.0322933 0.0221141 0.00140393 0.029824 -0.00374436 0.00251375 -0.00927989 -0.00110918 0.0161397 -0.00708101 0.0074209 0.00732391
internal_weight=4034.47 2924.49 1109.97 1450.48 1474.01 633.266 788.388 375.779 412.609 203.213 817.218 175.207 58.683 685.62
internal_count=52006 23101 28905 7140 15961 2651 10249 4854 5395 2643 4489 2280 758 5712
cat_boundaries=0 1
cat_threshold=1196
is_linear=0
shrinkage=0.05


Tree=25
num_leaves=15
num_cat=2
split_feature=11 11 11 11 11 12 3 5 11 11 11 12 8 7
split_gain=574.364 112.254 50.1594 24.6727 16.1721 10.1159 11.0085 10.4345 9.99679 9.17737 9.00521 8.55678 7.71396 6.77224
threshold=0.048411493370566251 0.22369434006067981 0.010653814425591003 0.59371655968715387 0.12152752303839622 0 4.5000000000000009 0.87500000000000011 0.024913302979122937 0.41639605593405632 0.072793502892965892 1 29.500000000000004 39.422500000000007
decision_type=2 2 2 2 2 1 8 10 2 2 2 1 2 10
left_child=2 4 -1 9 5 6 13 -7 -4 12 -9 -11 -3 -2
right_child=1 3 8 -5 -6 7 -8 10 -10 11 -12 -13 -14 -15
leaf_value=-0.046480281501926769 0.0069928936362269392 0.014762915845018224 -0.029981951588099173 0.03729369778781768 0.0069202164432659004 -0.017024277663250365 0.010372211749832017 -0.014452506968542198 -0.018066734230937281 0.0039700654135736242 0.0072226279610002088 0.02684132294519358 0.067914096636484969 -0.013833409939335734
leaf_weight=372.25884853862226 59.054501470178366 816.89685633778572 338.94669227302074 198.12647390365601 689.19741414487362 206.34608858451247 202.40340757369995 77.540715623646975 366.24603082239628 64.377220571041107 125.43925504386425 372.15467497706413 6.8839198201894751 115.1425779722631
leaf_count=12505 758 4455 8815 815 5712 2752 2574 1197 7585 273 1446 1563 34 1522
internal_value=-0.000411742 0.0110549 -0.0316319 0.0208915 0.00132963 -0.00357289 0.00237847 -0.00888938 -0.0237937 0.018313 -0.00105753 0.0241742 0.0152071 -0.00677309
internal_weight=4011.01 2933.56 1077.45 1458.44 1475.12 785.927 376.6 409.326 705.193 1260.31 202.98 436.532 823.781 174.197
internal_count=52006 23101 28905 7140 15961 10249 4854 5395 16400 6325 2643 1836 4489 2280
cat_boundaries=0 1 2
cat_threshold=1196 1056
is_linear=0
shrinkage=0.05


Tree=26
num_leaves=15
num_cat=1
split_feature=11 11 11 11 11 11 11 8 7 1 7 10 6 13
split_gain=530.313 100.715 50.0176 26.5379 11.5112 10.6737 9.67036 7.1724 6.68059 6.43177 6.07275 6.15246 6.52104 5.68751
threshold=0.048411493370566251 0.19808570952660379 0.010653814425591003 0.41639605593405632 0.094053101827253779 0.65789419084722767 0.024913302979122937 29.500000000000004 40.422500000000007 58.250000000000007 40.445000000000014 2.5000000000000004 0.74500000000000022 0
decision_type=2 2 2 2 2 2 2 2 8 8 8 2 8 1
left_child=2 4 -1 7 8 -5 -4 9 -2 -3 -10 -12 -13 -14
right_child=1 3 6 5 -6 -7 -8 -9 10 -11 11 12 13 -15
leaf_value=-0.046180400803343014 -0.0096889675789432993 0.012965768327663356 -0.029300699265417965 0.024115590747687182 0.0041454166941130889 0.042251373578736651 -0.01745120941499384 0.060938962947314816 0.069874925387284417 0.060780280345390937 -0.054295653348334874 -0.028829504128885811 -0.0049147210827635759 0.012817971561905429
leaf_weight=356.34551946073771 334.08335269987583 959.04251217842102 329.72290769219398 540.14458303153515 791.72704292088747 95.46961385011673 360.35849350690842 7.9716412276029578 3.2207722105085841 7.0851229876279822 4.965453576296567 15.733711056411265 83.218299936503172 99.025290243327618
leaf_count=12505 4685 5430 8815 2244 7356 407 7585 39 45 40 70 222 1189 1374
internal_value=-0.000398167 0.0104763 -0.0309682 0.018892 0.00030577 0.0268396 -0.0231129 0.0137061 -0.0053212 0.0133164 0.00175667 0.000675614 0.00205434 0.00472065
internal_weight=3988.11 2941.69 1046.43 1609.71 1331.97 635.614 690.081 974.099 540.247 966.128 206.164 202.943 197.977 182.244
internal_count=52006 23101 28905 8160 14941 2651 16400 5509 7585 5470 2900 2855 2785 2563
cat_boundaries=0 1
cat_threshold=2
is_linear=0
shrinkage=0.05


Tree=27
num_leaves=15
num_cat=1
split_feature=11 11 11 11 11 11 12 3 5 11 8 7 4 6
split_gain=489.438 90.668 49.8078 19.812 16.3886 9.33825 9.17942 9.84095 9.62871 8.03407 6.75064 6.28063 10.3974 6.56483
threshold=0.048411493370566251 0.24648519993559781 0.010653814425591003 0.59371655968715387 0.12152752303839622 0.024913302979122937 0 4.5000000000000009 0.87500000000000011 0.072793502892965892 8.5000000000000018 39.422500000000007 6.6333333333333337 0.46000000000000008
decision_type=2 2 2 2 2 2 1 8 10 2 2 10 8 8
left_child=2 4 -1 -3 6 -4 7 11 -8 -10 -5 12 13 -2
right_child=1 3 5 10 -6 -7 8 -9 9 -11 -12 -13 -14 -15
leaf_value=-0.045874934990704365 0.060796165438882194 0.016977702018181495 -0.028618443359463119 0.038542762758147858 0.0068226154794751043 -0.016847627364331461 -0.016305253515648203 0.0098564149524593813 -0.013705098240020697 0.0068558179319153922 0.0144620793951494 -0.013238409734427459 0.091632971071312214 -0.0033100083308099586
leaf_weight=341.16697172634304 4.329774744808673 1152.5254396498203 320.93024592846632 160.41999544203281 818.86338748037815 354.75080371275544 202.91937666758895 203.86714939400554 76.233322374522686 126.09838835895061 35.553876608610153 113.66681463271379 3.4077889919280997 51.434630125761032
leaf_count=12505 57 5509 8815 668 6528 7585 2752 2574 1197 1446 147 1522 42 659
internal_value=-0.000388299 0.00992506 -0.0303017 0.0194768 0.00187888 -0.0224384 -0.0032982 0.0023529 -0.00840198 -0.000891 0.034174 -0.00636151 0.00684866 0.00166746
internal_weight=3966.17 2949.32 1016.85 1348.5 1600.82 675.681 781.957 376.706 405.251 202.332 195.974 172.839 59.1722 55.7644
internal_count=52006 23101 28905 6324 16777 16400 10249 4854 5395 2643 815 2280 758 716
cat_boundaries=0 1
cat_threshold=1196
is_linear=0
shrinkage=0.05


Tree=28
num_leaves=15
num_cat=2
split_feature=11 11 11 11 11 11 11 12 6 5 12 7 3 6
split_gain=451.607 81.5743 49.53 20.3377 12.1192 9.00176 8.47801 7.1892 7.9716 6.45543 6.33318 6.8407 6.42346 7.05223
threshold=0.048411493370566251 0.22369434006067981 0.010653814425591003 0.48486198043646878 0.094053101827253779 0.024913302979122937 0.71086408629136044 0 1.6183333333333334 8.5000000000000018 1 40.290000000000013 4.5000000000000009 0.74500000000000022
decision_type=2 2 2 2 2 2 2 1 8 10 1 10 8 10
left_child=2 4 -1 9 10 -4 7 8 -5 -3 11 -2 13 -12
right_child=1 3 5 6 -6 -7 -8 -9 -10 -11 12 -13 -14 -15
leaf_value=-0.045563419297444452 -0.0046301666314471626 0.014206139669734425 -0.02793577654881757 -0.0085335126873377493 0.0045133538476545857 -0.016256329746019368 0.047083063042405865 0.027568744005216462 0.022690942005488449 -0.030418452900133498 -0.041532847470294398 0.015091315074435599 -0.002957214364145833 -0.012037428296226352
leaf_weight=326.69138794764876 118.77295998483896 1023.6097081750631 312.54967596381903 37.847312331199646 942.63954266905785 349.41028102487326 45.493275359272957 318.4798873513937 44.444381654262543 8.1689985394477826 24.017834343016148 69.817248776555061 193.68345201388001 129.71493817865849
leaf_count=12505 1661 5261 8815 155 8376 7585 203 1296 181 44 355 963 2696 1910
internal_value=-0.000378644 0.00940334 -0.0296329 0.0177101 0.00109995 -0.0217709 0.0266283 0.0243063 0.00742769 0.0138528 -0.00490298 0.00253636 -0.00876213 -0.0166455
internal_weight=3945.34 2956.69 988.651 1478.04 1478.65 661.96 446.265 400.772 82.2917 1031.78 536.006 188.59 347.416 153.733
internal_count=52006 23101 28905 7140 15961 16400 1835 1632 336 5305 7585 2624 4961 2265
cat_boundaries=0 1 2
cat_threshold=1072 676
is_linear=0
shrinkage=0.05


Tree=29
num_leaves=15
num_cat=1
split_feature=11 11 11 11 11 11 8 4 12 5 3 7 11 7
split_gain=416.74 73.8985 49.1841 16.2653 15.6275 8.68985 8.96269 8.91318 7.58884 8.41286 7.79993 7.15104 7.1193 6.56005
threshold=0.048411493370566251 0.27208150889456173 0.010653814425591003 0.12370179133416837 0.59371655968715387 0.0305290530726431 31.500000000000004 8.4500000000000011 0 0.87500000000000011 4.5000000000000009 42.445000000000014 0.072793502892965892 36.430000000000014
decision_type=2 2 2 2 2 2 2 8 1 10 10 8 2 8
left_child=2 3 -1 8 13 -4 7 -7 10 -10 -2 -12 -11 -3
right_child=1 4 5 -5 -6 6 -8 -9 9 12 11 -13 -14 -15
leaf_value=-0.045245407980230412 -0.0049431793174458966 -0.031149941003805595 -0.025727569159921304 0.0067525014338574094 0.031392321931548665 -0.011404418228216855 0.054921866309049196 -0.039163390865509629 -0.014921682738357318 -0.012931996774694372 0.0079991062894900558 0.082481132792637551 0.0063708703564071215 0.016243913382867649
leaf_weight=312.88804547861218 192.91392692923546 7.3541090041398993 396.47644327953458 946.18753962218761 193.62470138072968 214.33420392125845 4.6491045393049708 33.42790499329567 204.88596880808473 74.921053197234869 190.51780062913895 3.2780481465160838 131.79935194551945 1017.617789670825
leaf_count=12505 2536 33 11070 7140 815 4511 100 719 2810 1197 2370 42 1498 4660
internal_value=-0.000364985 0.00891727 -0.0289624 0.00231781 0.0183649 -0.0211108 -0.013859 -0.0151496 -0.00293832 -0.00755787 0.00211929 0.00925897 -0.00062501 0.0159039
internal_weight=3924.88 2963.1 961.776 1744.5 1218.6 648.888 252.411 247.762 798.316 411.606 386.71 193.796 206.72 1024.97
internal_count=52006 23101 28905 17593 5508 16400 5330 5230 10453 5505 4948 2412 2695 4693
cat_boundaries=0 1
cat_threshold=1196
is_linear=0
shrinkage=0.05


Tree=30
num_leaves=15
num_cat=1
split_feature=11 11 11 11 11 8 11 12 6 3 4 7 4 8
split_gain=384.386 67.2371 48.7665 19.0616 12.4286 10.1982 8.44547 6.58796 11.0271 10.4538 8.54207 6.67715 6.43307 6.93838
threshold=0.048411493370566251 0.32597827343463387 0.010653814425591003 0.14233850927691286 0.65789419084722767 17.500000000000004 0.024913302979122937 0 3.7550000000000003 4.5000000000000009 6.2250000000000005 41.190000000000012 2.4500000000000006 1.5000000000000002
decision_type=2 2 2 2 2 2 2 1 10 10 8 10 10 2
left_child=2 3 -1 5 -3 12 -4 8 11 -10 -9 -5 -2 -14
right_child=1 4 6 7 -6 -7 -8 10 9 -11 -12 -13 13 -15
leaf_value=-0.044920479927657984 -0.0079928932909733002 0.017315736547225284 -0.026610309378545128 -0.00080203840863651344 0.036643453678294621 -0.011945006302830716 -0.015066084252213683 0.007517193858500866 0.0084569915928023633 0.10429766970695474 0.020633667753959219 -0.048546600239250032 -0.023325697802520612 0.0043367099538269708
leaf_weight=299.72738629207015 164.92984618991613 895.99755337834358 297.37382594496012 208.60593098402023 91.687914207577705 202.43008137494326 339.07395945116878 655.7138511762023 7.0542072951793653 4.7685258537530899 153.11225487291813 7.5893146917223921 23.636036861687899 553.63028942793608
leaf_count=12505 2090 3877 8815 1431 407 2597 7585 4369 46 30 1007 53 297 6897
internal_value=-0.000355422 0.00845277 -0.0282913 0.00314058 0.0191099 -0.00199729 -0.02046 0.00782148 8.9313e-05 0.0471129 0.00987804 -0.00247806 0.000715903 0.00320408
internal_weight=3905.33 2969.16 936.175 1981.47 987.685 944.626 636.448 1036.84 228.018 11.8227 808.826 216.195 742.196 577.266
internal_count=52006 23101 28905 18817 4284 11881 16400 6936 1560 76 5376 1484 9284 7194
cat_boundaries=0 1
cat_threshold=200
is_linear=0
shrinkage=0.05


Tree=31
num_leaves=15
num_cat=2
split_feature=11 11 11 11 11 11 12 6 6 2 5 12 5 6
split_gain=355.375 70.2256 38.0931 19.0845 10.4464 8.38679 6.90815 6.85815 9.92752 6.32778 8.24171 10.5716 11.9541 11.22
threshold=0.040569872116051932 0.19808570952660379 0.010653814425591003 0.44189301962144439 0.078509350263812713 0.71086408629136044 0 5.2562500000000005 4.9387500000000006 22.500000000000004 0.35000000000000003 1 4.5000000000000009 1.5050000000000003
decision_type=2 2 2 2 2 2 1 10 10 10 10 1 10 10
left_child=2 4 -1 -3 -2 6 -5 8 9 -6 -11 12 13 -12
right_child=1 3 -4 5 7 -7 -8 -9 -10 10 11 -13 -14 -15
leaf_value=-0.0445882076698738 -0.0067356542256757999 0.010658714690650106 -0.021858784765867792 0.026761829918985243 -0.00064066538734581136 0.043127804134163651 0.012796716853052626 -0.035784456551744726 0.066518092770413192 -0.0022607654397991685 0.010081095560015622 0.018872316846961664 0.081065608734824782 -0.044578426117374906
leaf_weight=287.18104027211666 476.72763220593333 1099.4948542416096 514.73226080462337 238.29739548265934 615.58067592978477 43.710686132311821 259.00133222341537 11.67352983355522 6.0690517649054518 124.79865803569555 17.822433784604073 168.19819015264511 3.2617926299571982 19.840063199400902
leaf_count=12505 7585 5917 14350 976 5995 203 1064 114 59 1208 170 1638 32 190
internal_value=-0.000345744 0.00736352 -0.0299986 0.0144416 -0.000677964 0.0221297 0.020284 0.0023077 0.00277305 0.0023656 0.00790762 0.0139758 -0.00864715 -0.0187128
internal_weight=3886.39 3084.48 801.913 1640.5 1443.97 541.009 497.299 967.244 955.571 949.502 333.921 209.122 40.9243 37.6625
internal_count=52006 25151 26855 8160 16991 2243 2040 9406 9292 9233 3238 2030 392 360
cat_boundaries=0 1 2
cat_threshold=331 1282
is_linear=0
shrinkage=0.05


Tree=32
num_leaves=15
num_cat=2
split_feature=11 11 11 11 11 11 12 6 8 7 1 12 3 8
split_gain=328.677 63.1449 37.8332 17.6921 9.62733 8.48569 8.40276 9.08631 6.09294 5.98917 6.09765 5.94632 8.31423 9.12656
threshold=0.040569872116051932 0.19808570952660379 0.010653814425591003 0.41639605593405632 0.094053101827253779 0.71086408629136044 0 1.6887500000000002 29.500000000000004 38.010000000000012 53.500000000000007 1 2.5000000000000004 21.500000000000004
decision_type=2 2 2 2 2 2 1 8 2 8 8 1 8 2
left_child=2 4 -1 8 11 6 9 -8 -3 -5 -11 12 -2 -14
right_child=1 3 -4 5 -6 -7 7 -9 -10 10 -12 -13 13 -15
leaf_value=-0.044248200824401514 -0.031984914030295943 0.0092189049781989333 -0.021201171228110573 0.045193935707699764 0.0029992340290456985 0.041669062420049238 0.002181218784874098 0.020191682213311996 0.052083045904887784 -0.022466210101087319 0.024025313590928687 -0.0011487313122085364 -0.0029966727255679774 -0.031952169066263518
leaf_weight=275.22168545983732 41.277162197977304 1001.0464039593935 504.4295540265739 33.498006224632263 804.16228986531496 42.997219443321228 137.53073947131634 142.67965294420719 8.3596884012222272 7.2403344810008994 272.13762338459492 387.67885231599212 177.53609637543559 32.140127040445805
leaf_count=12505 647 5470 14350 137 7356 203 569 589 39 30 1123 5783 2693 512
internal_value=-0.000328538 0.00699476 -0.0293369 0.0136895 -0.000640539 0.0202206 0.0186657 0.0109608 0.0095739 0.0244349 0.0228204 -0.00522372 -0.0110334 -0.0074351
internal_weight=3867.94 3088.28 779.651 1645.49 1442.79 636.084 593.086 280.21 1009.41 312.876 279.378 638.632 250.953 209.676
internal_count=52006 25151 26855 8160 16991 2651 2448 1158 5509 1290 1153 9635 3852 3205
cat_boundaries=0 1 2
cat_threshold=459 27
is_linear=0
shrinkage=0.05


Tree=33
num_leaves=15
num_cat=2
split_feature=11 11 11 11 11 12 6 11 6 6 0 7 12 7
split_gain=303.736 56.8929 37.5191 19.5585 8.02744 7.57622 8.18685 5.98921 6.8113 7.65513 21.588 7.71664 5.72981 8.09119
threshold=0.040569872116051932 0.16474010437206152 0.010653814425591003 0.41639605593405632 0.71086408629136044 0 1.6887500000000002 0.078509350263812713 2.9450000000000007 2.6816666666666671 3.5000000000000004 39.363333333333344 1 40.663333333333348
decision_type=2 2 2 2 2 1 8 2 8 10 2 10 1 10
left_child=2 7 -1 12 5 -5 -7 -2 9 -9 -11 -12 13 -3
right_child=1 3 -4 4 -6 6 -8 8 -10 10 11 -13 -14 -15
leaf_value=-0.043900081058867432 -0.0062082280601590744 0.0043037256691530633 -0.020551203834102166 0.023195935456638974 0.040267596872969991 0.0020717502242617574 0.019162562797878452 0.0021158148160685276 -0.0091633907540796776 0.11421491042042525 0.07744893713297181 -0.010357508228190697 0.010154293740609428 -0.027249290877281597
leaf_weight=263.8230946380645 471.85361602529883 240.08517141640186 494.61772194318473 313.1092482060194 42.287284463644028 137.5571019500494 142.82126125693321 581.92055685073137 134.87574411928654 5.8756474107503918 2.9925201460719135 15.269970066845415 980.72625507414341 22.195859275758266
leaf_count=12505 7585 1418 14350 1290 203 569 589 6111 1410 63 31 159 5590 133
internal_value=-0.000319014 0.00663696 -0.0286731 0.0120866 0.0192197 0.01772 0.0104064 -0.00180523 0.000998755 0.0032603 0.0308514 0.00403059 0.00843806 0.00157352
internal_weight=3850.01 3091.57 758.441 1878.78 635.775 593.488 280.378 1212.79 740.934 606.059 24.1381 18.2625 1243.01 262.281
internal_count=52006 25151 26855 9792 2651 2448 1158 15359 7774 6364 253 190 7141 1551
cat_boundaries=0 1 2
cat_threshold=459 200
is_linear=0
shrinkage=0.05


Tree=34
num_leaves=15
num_cat=0
split_feature=11 11 11 11 11 0 8 11 0 7 1 8 7 7
split_gain=280.675 51.4209 37.1518 15.35 7.97799 6.55311 6.34146 6.1539 7.4036 10.252 7.28965 6.83839 6.33153 6.7331
threshold=0.040569872116051932 0.19808570952660379 0.010653814425591003 0.59371655968715387 0.094053101827253779 9.5000000000000018 9.5000000000000018 0.35629628131549979 5.5000000000000009 37.822500000000012 58.250000000000007 29.500000000000004 36.750000000000007 37.510000000000012
decision_type=2 2 2 2 2 2 2 2 2 8 8 2 8 8
left_child=2 4 -1 5 -2 7 -5 10 12 -10 11 -3 -9 -14
right_child=1 3 -4 6 -6 -7 -8 8 9 -11 -12 -13 13 -15
leaf_value=-0.043543485023982552 -0.0048010612935764736 0.0064655310902322254 -0.019909469203483091 0.029466002853842956 0.0026943398093047088 0.060067673377273145 0.0027787535268616395 -0.031504299250709897 0.04305232974918681 -0.0020628612632033771 0.059353951924636106 0.054863030772521484 0.047730457517726241 0.015996289695510799
leaf_weight=252.9600887466222 633.54338838905096 772.51704593002796 485.27433960698545 161.66661289334297 807.50812066346407 6.6637432873249045 25.814153298735619 6.8095427304506293 14.18017156422138 112.45258940756321 6.686138078570365 7.3683627843856803 17.267566844820976 522.123365432024
leaf_count=12505 9635 4399 14350 705 7356 33 110 29 59 476 36 34 72 2207
internal_value=-0.000305408 0.00630315 -0.0280078 0.01232 -0.000600936 0.0105973 0.0257914 0.0103714 0.0138819 0.00298908 0.00736847 0.00692279 0.0164073 0.0170122
internal_weight=3832.84 3094.6 738.234 1653.55 1441.05 1466.07 187.481 1459.4 672.833 126.633 786.572 779.885 546.2 539.391
internal_count=52006 25151 26855 8160 16991 7345 815 7312 2843 535 4469 4433 2308 2279
is_linear=0
shrinkage=0.05


Tree=35
num_leaves=15
num_cat=1
split_feature=11 11 11 11 11 10 5 2 12 6 10 4 4 6
split_gain=259.273 56.8635 25.6464 16.5159 8.56785 8.2148 6.9605 8.67261 6.85138 8.31312 6.76436 6.63672 6.71488 9.84456
threshold=0.0305290530726431 0.16474010437206152 0.010653814425591003 0.48486198043646878 0.061201548698365089 3.5000000000000004 0.075000000000000025 13.500000000000002 0 1.6275000000000002 8.5000000000000018 8.2916666666666696 9.9000000000000021 1.0450000000000002
decision_type=2 2 2 2 2 2 8 8 1 8 2 10 10 10
left_child=2 4 -1 -3 5 -2 7 -7 9 -5 -4 -12 13 -13
right_child=1 3 10 8 -6 6 -8 -9 -10 -11 11 12 -14 -15
leaf_value=-0.043178070398094438 -0.037677722370852401 0.0083022380280059153 -0.025772952465538096 -0.011444623857460513 3.0421560944867798e-05 0.11267607546433228 -0.0083524505918964997 0.0098167104295171156 0.022312033476553375 0.019337313912839299 -0.017609310444402261 -0.037986911503048316 -0.032669760759008841 0.056474200484367257
leaf_weight=242.6085601747036 23.050207894295454 1447.7839693054557 271.47373112104833 40.826210364699364 932.69241355359554 2.4155984334647629 363.86717840284109 13.51369996368885 351.61374989151955 47.398137763142586 58.788936194032431 3.6701015830040005 5.2845851704478255 11.10131576657295
leaf_count=12505 461 7957 8448 169 10644 49 7221 264 1469 197 1950 123 179 370
internal_value=-0.000295946 0.00529389 -0.0306824 0.0108801 -0.00260153 -0.00869517 -0.00693619 0.0254148 0.0193654 0.00457434 -0.0220286 -0.00913637 0.0156998 0.0330044
internal_weight=3816.09 3223.16 592.927 1887.62 1335.54 402.847 379.796 15.9293 439.838 88.2243 350.319 78.8449 20.056 14.7714
internal_count=52006 28431 23575 9792 18639 7995 7534 313 1835 366 11070 2622 672 493
cat_boundaries=0 1
cat_threshold=1072
is_linear=0
shrinkage=0.05


Tree=36
num_leaves=15
num_cat=1
split_feature=11 11 11 11 11 10 11 12 7 2 11 6 4 5
split_gain=240.338 51.1981 25.4698 15.3619 7.81911 7.78904 7.45926 6.82109 7.40379 7.30574 7.65536 7.99129 6.52744 7.45374
threshold=0.0305290530726431 0.16474010437206152 0.010653814425591003 0.41639605593405632 0.061201548698365089 3.5000000000000004 0.71086408629136044 0 39.010000000000012 63.500000000000007 0.46258001579790081 1.1645833333333335 8.2916666666666696 0.075000000000000025
decision_type=2 2 2 2 2 2 2 1 10 10 2 10 8 8
left_child=2 4 -1 -3 5 -2 7 -5 -9 -10 -11 -12 13 -7
right_child=1 3 -4 6 -6 12 -8 8 9 10 11 -13 -14 -15
leaf_value=-0.042803520882970431 -0.037052126613446243 0.0071169770650115274 -0.021376821455484911 0.020362896389602095 2.8899951661450668e-05 0.031521246003506635 0.037355525214617387 0.018035106425875993 -0.0037890226656421945 -0.021249928134643156 -0.0016317003260292963 0.057555453062874462 -0.022649188146151085 -0.0055610021355409168
leaf_weight=232.74530971422791 22.286922696977854 1258.078378431499 343.21661302819848 313.02017366886139 932.71498922258615 14.173176620155571 40.743784204125404 122.3154860585928 125.89188109338284 7.5402217507362357 8.9013228863477725 15.872024938464163 54.442294094711542 308.86534091085196
leaf_count=12505 461 7141 11070 1290 10644 270 203 502 522 32 37 65 1114 6150
internal_value=-0.000284376 0.00502918 -0.0300353 0.0103157 -0.00247864 -0.00832908 0.0166603 0.0152397 0.00849417 0.00165456 0.0228625 0.0362889 -0.00663323 -0.00393403
internal_weight=3800.81 3224.85 575.962 1892.36 1332.48 399.768 634.285 593.541 280.521 158.205 32.3136 24.7733 377.481 323.039
internal_count=52006 28431 23575 9792 18639 7995 2651 2448 1158 656 134 102 7534 6420
cat_boundaries=0 1
cat_threshold=459
is_linear=0
shrinkage=0.05


Tree=37
num_leaves=15
num_cat=1
split_feature=11 11 11 11 11 10 10 11 12 8 4 5 2 5
split_gain=222.677 46.127 25.261 14.1232 7.22718 8.02958 6.56608 6.3397 6.3969 6.95171 6.17904 8.0276 10.4144 9.82209
threshold=0.0305290530726431 0.16474010437206152 0.010653814425591003 0.59371655968715387 0.071529914310836204 4.5000000000000009 8.5000000000000018 0.35629628131549979 0 27.500000000000004 8.2916666666666696 0.075000000000000025 13.500000000000002 1.3750000000000002
decision_type=2 2 2 2 2 2 2 2 1 2 8 8 8 8
left_child=2 4 -1 7 5 -2 -4 8 -3 -10 11 12 -7 -13
right_child=1 3 6 -5 -6 10 -8 -9 9 -11 -12 13 -14 -15
leaf_value=-0.042419537588820222 -0.017403690562010545 0.010355803757601542 -0.024523336002877458 0.022947621773773425 0.000551723043961002 0.13939130091724125 -0.0078690540692117131 0.012121471839548148 0.0016267764991297088 0.042697620024470813 -0.019073393163881951 -0.011751619066218863 0.018409154841629496 0.0061577605526106317
leaf_weight=223.34813972935081 136.58842862769961 444.56647875905037 259.77567933313549 184.03565591573715 818.49122050777078 2.07304039224982 76.643735578283668 679.54919108748436 577.47514462471008 10.490180358290671 52.920515511184931 145.97759119421244 12.533520504832268 160.9822574108839
leaf_count=12505 2697 2608 8448 815 8799 35 2622 2856 3461 52 1054 2758 224 3072
internal_value=-0.000272724 0.00477903 -0.0293836 0.00978582 -0.00236124 -0.00702637 -0.0207291 0.00837102 0.0059027 0.00232008 -0.0032414 -0.000635911 0.0355796 -0.00235921
internal_weight=3785.45 3225.68 559.768 1896.12 1329.57 511.075 336.419 1712.08 1032.53 587.965 374.487 321.566 14.6066 306.96
internal_count=52006 28431 23575 9792 18639 9840 11070 8977 6121 3513 7143 6089 259 5830
cat_boundaries=0 1
cat_threshold=1840
is_linear=0
shrinkage=0.05


Tree=38
num_leaves=15
num_cat=1
split_feature=11 11 11 11 11 10 10 4 12 5 4 8 2 7
split_gain=206.21 41.5566 25.0135 13.0495 6.68391 7.24356 6.23653 6.20212 6.47455 11.5491 19.8709 8.80693 5.91276 5.82535
threshold=0.0305290530726431 0.16474010437206152 0.010653814425591003 0.51744453581042638 0.061201548698365089 3.5000000000000004 8.5000000000000018 8.2916666666666696 0 0.87500000000000011 9.2916666666666696 11.500000000000002 96.500000000000014 39.690000000000012
decision_type=2 2 2 2 2 2 2 10 1 10 10 2 8 10
left_child=2 4 -1 -3 5 -2 -4 13 -9 -10 11 -11 -5 -8
right_child=1 3 6 12 -6 -7 7 8 9 10 -12 -13 -14 -15
leaf_value=-0.042025843974170134 -0.036119087841046026 0.0073632973372124363 -0.023852660447040271 0.014464810574416363 5.8822101365016912e-05 -0.0060895927111863507 0.0035791383745134887 -0.014336639356508486 -0.0056427610981472712 0.30856719589277115 0.0018132186230761312 0.13082764247743914 0.029931338191349396 -0.029222932125585417
leaf_weight=214.39580757170916 21.222964614629745 1564.1005606725812 253.87804012000561 253.70700788497925 932.18302188813686 373.36649522557855 22.669400129467249 9.217470729723571 4.353960560634734 0.97149621881544623 2.8101735208183527 2.46608766913414 81.690553992986679 33.590862663462758
leaf_count=12505 461 8365 8448 1080 10644 7534 783 314 149 31 97 81 347 1167
internal_value=-0.000263193 0.00453976 -0.0287293 0.00928238 -0.0022501 -0.00770473 -0.0200897 -0.00753251 0.0165202 0.0292661 0.100436 0.181059 0.0182319 -0.0160057
internal_weight=3770.62 3226.27 544.353 1899.5 1326.77 394.589 329.957 76.0795 19.8192 10.6017 6.24776 3.43758 335.398 56.2603
internal_count=52006 28431 23575 9792 18639 7995 11070 2622 672 358 209 112 1427 1950
cat_boundaries=0 1
cat_threshold=1682
is_linear=0
shrinkage=0.05


Tree=39
num_leaves=15
num_cat=0
split_feature=11 11 11 11 11 2 2 6 9 7 10 7 5 10
split_gain=191.049 37.7478 24.6849 11.2846 9.87468 6.89133 7.59032 9.23834 6.95477 6.64181 8.82965 6.29612 6.26892 5.83181
threshold=0.0305290530726431 0.25570810250712112 0.010653814425591003 0.078509350263812713 0.65789419084722767 127.50000000000001 15.500000000000002 1.3275000000000003 1.0000000180025095e-35 39.922500000000007 1.5000000000000002 40.422500000000007 2.2500000000000004 8.5000000000000018
decision_type=2 2 2 2 2 10 10 10 10 10 2 10 8 2
left_child=2 3 -1 -2 5 6 7 9 -9 -3 -11 12 -7 -4
right_child=1 4 13 -5 -6 11 -8 8 -10 10 -12 -13 -14 -15
leaf_value=-0.041622199848747876 -0.0059735760941779861 0.011311104297619279 -0.02318621893628588 0.0023711411828674675 0.027452135339212515 0.030250741641832432 0.0048692882737208128 0.069194404999315701 0.019579918291492835 -0.015639755672023737 0.033434455591596579 0.047422406260099019 0.00064349168948341128 -0.0073365553063824522
leaf_weight=205.86790911853313 581.63912807404995 255.6587088406086 248.26145180128515 1335.1031248122454 83.828256264328957 36.898220077157021 612.12756133079529 7.3252522796392432 197.49790525436401 51.317882314324379 11.159060746431349 20.350181579589844 34.685131743550301 75.743560809642076
leaf_count=12505 10865 1138 8448 11650 407 163 2755 33 894 227 56 90 153 2622
internal_value=-0.000257557 0.0043106 -0.0280834 -0.000161079 0.0108492 0.00971487 0.00864847 0.013072 0.0213543 0.00773972 -0.00687457 0.0228815 0.0159048 -0.019481
internal_weight=3757.46 3227.59 529.873 1916.74 1310.85 1227.02 1135.09 522.959 204.823 318.136 62.4769 91.9335 71.5834 324.005
internal_count=52006 28431 23575 22515 5916 5509 5103 2348 927 1421 283 406 316 11070
is_linear=0
shrinkage=0.05


Tree=40
num_leaves=15
num_cat=2
split_feature=11 11 11 11 12 6 12 10 11 4 1 11 2 7
split_gain=176.755 34.3735 24.3659 12.7623 6.64213 7.89991 6.26953 5.52358 6.089 5.47365 6.26092 10.3963 8.64717 5.51221
threshold=0.0305290530726431 0.14528627516509687 0.010653814425591003 0.41639605593405632 0 1.6183333333333334 1 8.5000000000000018 0.01636227699523711 8.2916666666666696 55.500000000000007 0.025368287756123192 35.500000000000007 39.690000000000012
decision_type=2 2 2 2 1 8 1 2 2 10 10 2 8 10
left_child=2 -2 -1 6 5 -5 -3 8 -4 13 -11 12 -12 -9
right_child=1 3 7 4 -6 -7 -8 9 -10 10 11 -13 -14 -15
leaf_value=-0.041208367343182478 -0.0027030569851977182 0.0080344104917782194 -0.035187485160255591 -0.0094745245686862593 0.016469175937368564 0.014862702011826046 0.0011658975002025544 0.0037799978556868454 -0.017575827651363795 -0.0086324412409131204 0.0083090953325611876 0.19986869365773846 0.17479487990060996 -0.028385896184019061
leaf_weight=197.74497194215655 1180.2916691824794 855.04923497885466 68.258467635139823 64.000125557184219 497.66642783582211 69.612242758274078 561.98572407662868 22.589508939534426 174.65458395332098 11.625373406335713 6.6777378804981691 0.99255182594060887 0.88307834789156903 32.454993365332484
leaf_count=12505 17415 5018 2766 267 2092 292 3347 783 5682 388 228 27 29 1167
internal_value=-0.000249047 0.00409333 -0.0274255 0.00800958 0.0139227 0.00298202 0.00537533 -0.0188584 -0.0225247 -0.00701921 0.0152571 0.0477266 0.0277541 -0.0151855
internal_weight=3744.49 3228.61 515.881 2048.31 631.279 133.612 1417.03 318.136 242.913 75.2232 20.1787 8.55337 7.56082 55.0445
internal_count=52006 28431 23575 11016 2651 559 8365 11070 8448 2622 672 284 257 1950
cat_boundaries=0 1 2
cat_threshold=1072 1590
is_linear=0
shrinkage=0.05


Tree=41
num_leaves=15
num_cat=3
split_feature=11 11 11 11 2 12 7 7 5 3 13 3 11 12
split_gain=163.742 35.867 18.0468 13.3088 7.90733 7.48513 8.23273 6.91331 6.65189 9.54873 6.78327 6.20318 5.61599 6.80153
threshold=0.024913302979122937 0.12370179133416837 0.010653814425591003 0.36860267967503046 133.50000000000003 0 40.045000000000009 39.990000000000016 1.1250000000000002 2.5000000000000004 1 5.5000000000000009 0.048411493370566251 2
decision_type=2 2 2 2 10 1 10 10 8 10 1 10 2 1
left_child=2 12 -1 -3 5 11 7 -7 9 -8 -11 -5 -2 -14
right_child=1 3 -4 4 -6 6 8 -9 -10 10 -12 -13 13 -15
leaf_value=-0.040784171125695504 -0.0097645344857626715 0.0042203331971614744 -0.020149598555415062 0.0040512639504055106 0.029272175882061754 0.016598114589272069 -0.0041874181487075862 0.061442736622098676 -0.0045792932647765556 0.011784603303473281 0.065358492192780324 -0.039899044114281169 0.0030680683204825279 -0.0061670153345501329
leaf_weight=190.00832720194012 298.97550878673792 1405.3876214399934 239.55178546346724 197.0046244263649 62.927341863512993 403.52333517372608 23.210126399993896 8.781212240457533 89.796008706092834 10.879286170005798 12.931327447295189 8.3695097714662534 380.4711070805788 400.16331595182419
leaf_count=12505 7585 9181 8815 836 265 1713 99 37 382 46 54 35 4948 5505
internal_value=-0.00023778 0.00353947 -0.0292769 0.00717095 0.0122439 0.0108237 0.0137756 0.0175532 0.00339861 0.0186341 0.0408801 0.00215524 -0.00393739 -0.00170565
internal_weight=3731.98 3302.42 429.56 2222.81 817.423 754.495 549.121 412.305 136.817 47.0207 23.8106 205.374 1079.61 780.634
internal_count=52006 30686 21320 12648 3467 3202 2331 1750 581 199 100 871 18038 10453
cat_boundaries=0 1 2 3
cat_threshold=1200 4 1196
is_linear=0
shrinkage=0.05


Tree=42
num_leaves=15
num_cat=0
split_feature=11 11 11 11 8 5 11 7 7 10 6 0 0 2
split_gain=151.773 32.4071 17.8375 11.4092 7.02106 8.0974 7.06858 7.68776 11.5531 11.0621 11.2364 7.60864 6.60069 6.59019
threshold=0.024913302979122937 0.14233850927691286 0.010653814425591003 0.59371655968715387 14.500000000000002 0.075000000000000025 0.048411493370566251 41.522500000000015 41.745000000000012 5.5000000000000009 1.9816666666666669 9.5000000000000018 4.5000000000000009 13.500000000000002
decision_type=2 2 2 2 2 10 2 10 10 2 10 2 2 10
left_child=2 4 -1 -3 6 12 7 -2 9 -9 -11 -8 -6 -14
right_child=1 3 -4 -5 5 -7 11 8 -10 10 -12 -13 13 -15
leaf_value=-0.040349441713333441 -0.012564619910001332 0.0060277086310518181 -0.019519372252609322 0.019225601072329197 0.036525320988316637 -0.01077550285828921 0.0017379984666914799 -0.019165266089628662 -0.00175256855610126 0.24135941997769797 0.048499142240793339 0.071207638165049353 0.044946405604937879 -0.012923889811148993
leaf_weight=182.64010964427143 160.04777819663286 1897.5311183482409 235.03874619863927 179.21736569702625 16.543275348842144 375.93989067524672 618.87922542914748 1.5167897827923322 12.887482855468987 1.5325717441737654 1.4890035055577753 3.9667218141257754 6.0338115692138663 26.640175648033619
leaf_count=12505 4069 10405 8815 815 269 6269 7835 40 334 39 38 52 91 430
internal_value=-0.000230142 0.00336171 -0.0286278 0.00716665 -0.00308631 -0.0082788 -0.000327878 -0.00913082 0.022407 0.0910121 0.14632 0.00218043 0.010792 -0.00223715
internal_weight=3719.9 3302.23 417.679 2076.75 1225.48 425.157 800.32 177.474 17.4258 4.53837 3.02158 622.846 49.2173 32.674
internal_count=52006 30686 21320 11220 19466 7059 12407 4520 451 117 77 7887 790 521
is_linear=0
shrinkage=0.05


Tree=43
num_leaves=15
num_cat=3
split_feature=11 11 11 11 2 11 7 12 7 6 8 7 12 12
split_gain=140.604 29.3452 17.6016 11.7054 7.14899 7.22091 6.64337 7.982 7.2487 7.15449 7.32359 8.94556 6.30814 6.12756
threshold=0.024913302979122937 0.12152752303839622 0.010653814425591003 0.36860267967503046 133.50000000000003 0.71086408629136044 40.045000000000009 0 39.990000000000016 2.3354166666666671 2.5000000000000004 39.322500000000012 1 2
decision_type=2 2 2 2 10 2 10 1 10 10 2 10 1 1
left_child=2 13 -1 -3 5 6 7 -5 9 -9 -11 -12 -8 -2
right_child=1 3 -4 4 -6 -7 12 8 -10 10 11 -13 -14 -15
leaf_value=-0.039904044544031049 -0.0095699272915992957 0.0036924709783747638 -0.018897726138424543 -0.00021863933697794286 0.027400446065025331 0.032093245427696468 -0.0083378784222970393 0.016613466717947563 0.059647602709558316 0.031954219916788894 0.0068599571610494627 -0.039159225132186122 0.009622182199423698 -0.0011834520672068735
leaf_weight=175.62324595637619 302.87524514272809 1432.8518584892154 230.7431346680969 124.07224133610725 62.800674960017204 34.780036345124245 91.811898589134216 355.06922124326229 8.88693058490753 11.961660489439963 25.468809306621552 18.040110051631927 84.078677847981453 749.86872946284711
leaf_count=12505 5290 9385 8815 521 265 186 387 1485 37 50 106 76 354 12544
internal_value=-0.000223184 0.00319171 -0.0279762 0.00641575 0.011192 0.00984229 0.00876653 0.0114999 0.014623 0.0140046 -0.00269505 -0.012221 0.000320352 -0.00369839
internal_weight=3708.93 3302.57 406.366 2249.82 816.97 754.17 719.39 543.499 419.427 410.54 55.4706 43.5089 175.891 1052.74
internal_count=52006 30686 21320 12852 3467 3202 3016 2275 1754 1717 232 182 741 17834
cat_boundaries=0 1 2 3
cat_threshold=1072 1678 19
is_linear=0
shrinkage=0.05


Tree=44
num_leaves=15
num_cat=1
split_feature=11 11 11 11 11 7 7 2 0 12 5 11 0 4
split_gain=130.488 30.2512 13.0764 10.6436 6.68694 6.44841 8.50857 7.26863 6.99822 6.28849 7.36081 6.94158 9.06272 8.83733
threshold=0.020638160249435353 0.12152752303839622 0.0067179747379379614 0.35629628131549979 0.71086408629136044 38.010000000000012 36.430000000000014 13.500000000000002 5.5000000000000009 0 6.5000000000000009 0.097940507294933241 4.5000000000000009 6.6333333333333337
decision_type=2 2 2 2 2 8 10 10 2 1 10 2 2 10
left_child=2 9 -1 -3 5 6 -5 -8 -7 10 11 12 -2 -13
right_child=1 3 -4 4 -6 8 7 -9 -10 -11 -12 13 -14 -15
leaf_value=-0.043924289633540003 0.0078343617190737135 0.0033805416282341053 -0.022968626015441411 -0.029498114495699581 0.031162071008218752 0.010354760610260486 -0.014173441937791218 0.033652605006747417 -0.0021634913339786317 -0.0066974771901141096 -0.043042330747128085 0.009293745837166292 -0.0094750123247036699 0.06019785988222176
leaf_weight=110.78125890344381 148.25824829190969 1389.8383265212178 226.94816928822547 7.0845040380954734 37.288859128952026 606.89587397873402 9.0425645112991315 65.419639468193054 136.81357280910015 723.52163625694811 9.158459182828663 62.207741156220436 154.34342117421329 9.8804092407226545
leaf_count=8200 2774 9181 11070 30 203 2551 38 273 576 13264 159 669 2917 101
internal_value=-0.000216506 0.00276156 -0.0298425 0.00608825 0.0104512 0.00951543 0.0228629 0.0278447 0.00805189 -0.00400491 0.00121322 0.00232733 -0.000994367 0.0162707
internal_weight=3697.48 3359.75 337.729 2252.38 862.545 825.256 81.5467 74.4622 743.709 1107.37 383.848 374.69 302.602 72.0882
internal_count=52006 32736 19270 12852 3671 3468 341 311 3127 19884 6620 6461 5691 770
cat_boundaries=0 1
cat_threshold=1192
is_linear=0
shrinkage=0.05


Tree=45
num_leaves=15
num_cat=0
split_feature=11 11 11 11 11 4 8 5 2 6 0 4 6 11
split_gain=121.104 27.3167 13.0103 9.79737 6.02476 6.99599 7.33833 5.90668 9.61003 11.06 8.99513 15.5221 17.2856 5.80996
threshold=0.020638160249435353 0.12152752303839622 0.0067179747379379614 0.61404714246845693 0.048411493370566251 2.2250000000000005 17.500000000000004 0.15000000000000005 12.500000000000002 1.2050000000000003 3.5000000000000004 5.5500000000000007 1.2550000000000003 0.051885874783887821
decision_type=2 2 2 2 2 8 2 8 10 10 2 10 10 2
left_child=2 4 -1 -3 7 13 -7 8 9 -2 11 12 -10 -6
right_child=1 3 -4 -5 5 6 -8 -9 10 -11 -12 -13 -14 -15
leaf_value=-0.04359877636568369 0.20019674657796577 0.0049712273989994116 -0.022316829679323129 0.01925012835011115 0.054100900368045005 0.0031022689466277675 -0.0090500944508227193 -0.01126564590316695 0.037854286080008986 -0.0093751502336679501 -0.010304665029632055 -0.031270653079911753 0.28831010349679503 -0.01951728739641212
leaf_weight=106.14551063627005 1.3845095224678545 2127.5596835166216 222.024807786569 127.32160480320454 2.7936746478080741 522.7411789111793 162.95164281502366 318.6524932552129 1.6653089635074168 1.1545160971581934 22.730110540986061 2.399133337661624 1.1749780047684906 65.893402688205242
leaf_count=8200 33 12241 11070 611 49 7001 2279 8810 43 27 624 66 32 920
internal_value=-0.000209965 0.00262285 -0.0292004 0.00577748 -0.00382305 -0.00130964 0.000214317 -0.0092534 0.0117639 0.104903 0.0033089 0.0623685 0.141464 -0.0165231
internal_weight=3686.59 3358.42 328.17 2254.88 1103.54 754.38 685.693 349.161 30.5086 2.53903 27.9695 5.23942 2.84029 68.6871
internal_count=52006 32736 19270 12852 19884 10249 9280 9635 825 60 765 141 75 969
is_linear=0
shrinkage=0.05


Tree=46
num_leaves=15
num_cat=0
split_feature=11 11 11 11 11 10 4 4 8 6 6 4 6 7
split_gain=112.334 24.9366 12.9246 8.6895 7.89869 5.89044 11.25 5.80894 5.49918 6.57378 6.15771 5.71013 16.5969 14.4225
threshold=0.020638160249435353 0.19808570952660379 0.0067179747379379614 0.048411493370566251 0.65789419084722767 4.5000000000000009 1.9000000000000001 9.9000000000000021 19.500000000000004 0.20500000000000004 2.5050000000000003 5.4500000000000011 0.34500000000000008 38.310000000000009
decision_type=2 2 2 2 2 2 8 10 2 8 10 10 8 10
left_child=2 3 -1 5 7 6 -2 -3 9 -5 -10 -11 -13 -14
right_child=1 4 -4 8 -6 -7 -8 -9 10 11 -12 12 13 -15
leaf_value=-0.043263807820048371 0.13367415789249834 0.0058170890279639845 -0.021670178899665833 -0.02546566212205072 0.022236921300510977 -0.0063871350418316375 -0.02994541770958651 0.047830539837114439 -0.011872499879889229 -0.00027952616932325327 0.014668888634379904 0.10452928744159176 0.038135455869090305 0.0024158880734686844
leaf_weight=101.73095595091581 1.0768611375242461 1593.3593069911003 217.3387165106833 22.520268630236387 78.922292277216911 302.16283728927374 43.018935753032565 8.2700614184141141 154.44308865442872 837.84938641265035 25.454812400043011 4.3723967298865309 31.782282687723637 254.97572127729654
leaf_count=8200 29 7714 11070 246 407 8433 1173 39 1883 9142 304 52 357 2957
internal_value=-0.000203645 0.00249007 -0.028555 -0.00182223 0.00679495 -0.00887841 -0.0259497 0.00603403 1.28752e-05 0.001283 -0.008117 0.00181657 0.00784895 0.0063748
internal_weight=3677.28 3358.21 319.07 1677.66 1680.55 346.259 44.0958 1601.63 1331.4 1151.5 179.898 1128.98 291.13 286.758
internal_count=52006 32736 19270 24576 8160 9635 1202 7753 14941 12754 2187 12508 3366 3314
is_linear=0
shrinkage=0.05


Tree=47
num_leaves=15
num_cat=2
split_feature=11 11 11 11 2 7 12 12 5 6 4 0 4 2
split_gain=104.816 27.2979 10.3648 8.45656 5.83697 7.40212 7.93087 7.01552 5.45116 8.36599 5.16523 4.99513 8.0477 7.94539
threshold=0.01636227699523711 0.094053101827253779 0.35629628131549979 0.0047500096736150148 133.50000000000003 40.045000000000009 0 1 1.1250000000000002 2.1275000000000004 5.366666666666668 9.5000000000000018 7.4500000000000011 25.500000000000004
decision_type=2 2 2 2 10 10 1 1 10 10 10 2 8 10
left_child=3 11 -3 -1 5 6 -4 -7 9 -9 -5 -2 13 -13
right_child=1 2 4 10 -6 7 -8 8 -10 -11 -12 12 -14 -15
leaf_value=-0.047454325367436406 -0.0057179525267752468 0.002443234779372765 -0.0045393721616780354 -0.040959997876913734 0.023610393042622396 -0.0090660306755106865 0.012797595259403709 0.0081239296990317563 -0.0065448383290209553 0.051169377708438761 -0.021448704283642379 0.084011490134945646 -0.052662481135339716 -0.017893738499630042
leaf_weight=63.392725391313434 906.240926919505 1643.2127162069082 75.070502355694771 45.017294899560511 65.09315237402916 101.85089586675167 527.1945144534111 44.825368583202362 32.201829567551613 15.086666494607924 137.60182657372206 5.8223171904683078 2.4155531302094468 2.8486003968864679
leaf_count=5330 19437 11845 317 2640 276 435 2252 190 137 64 8840 119 62 62
internal_value=-0.000197072 0.00206926 0.00477198 -0.0317202 0.00921471 0.00803784 0.0107737 -0.000457124 0.00906221 0.0189634 -0.0262584 -0.00530986 0.0280486 0.0505332
internal_weight=3667.87 3421.86 2504.54 246.012 861.323 796.23 602.265 193.965 92.1139 59.912 182.619 917.327 11.0865 8.67092
internal_count=52006 35196 15516 16810 3671 3395 2569 826 391 254 11480 19680 243 181
cat_boundaries=0 1 2
cat_threshold=48 1678
is_linear=0
shrinkage=0.05


Tree=48
num_leaves=15
num_cat=1
split_feature=11 11 11 11 4 5 11 6 6 2 2 12 1 0
split_gain=97.5459 24.8506 10.4198 8.48681 6.08739 11.5469 7.38359 6.63407 10.0616 7.64842 8.70705 9.94202 9.09583 8.041
threshold=0.01636227699523711 0.078509350263812713 0.35629628131549979 0.0047500096736150148 2.9000000000000004 0.87500000000000011 0.096008223130134976 1.031666666666667 0.84500000000000031 209.50000000000003 23.500000000000004 0 55.500000000000007 7.5000000000000009
decision_type=2 2 2 2 8 10 2 8 10 10 10 1 10 2
left_child=3 -2 4 -1 5 -3 -7 8 -6 10 11 -9 13 -13
right_child=1 2 -4 -5 7 6 -8 9 -10 -11 -12 12 -14 -15
leaf_value=-0.047276449659041139 -0.0060620965483206106 -0.008160092148374095 0.0087550836540905407 -0.025603316275193834 0.0040823797943341468 -0.026466838573721341 0.008712269743044938 0.0060615859465625354 0.023238071755599252 -0.03750534965646244 0.010245937673363043 4.0793878696132871e-05 -0.013861751370015883 0.060373776454064533
leaf_weight=60.522247236222029 751.94725716300309 335.1153924651444 861.16497740149498 178.05650972761214 209.31717926263809 16.009370751678944 218.2988381460309 296.96644440293312 101.93295568972826 12.141465902328489 256.93235196173191 165.82371716201305 188.51698806136847 5.7128188610076895
leaf_count=5330 17630 2356 3671 11480 1689 210 1496 2344 813 91 2037 1315 1498 46
internal_value=-0.000190177 0.00196626 0.00422902 -0.0311013 0.00207175 -0.00220646 0.00630862 0.00404057 0.0103558 0.0019181 0.00244182 -0.000610032 -0.0061113 0.00205011
internal_weight=3658.46 3419.88 2667.93 238.579 1806.77 569.424 234.308 1237.34 311.25 926.094 913.952 657.02 360.054 171.537
internal_count=52006 35196 17566 16810 13895 4062 1706 9833 2502 7331 7240 5203 2859 1361
cat_boundaries=0 1
cat_threshold=563
is_linear=0
shrinkage=0.05


Tree=49
num_leaves=15
num_cat=1
split_feature=11 11 11 11 12 4 11 5 7 0 10 6 7 0
split_gain=90.731 22.4661 9.47284 8.50605 5.9296 5.21454 5.02389 5.1202 5.37932 5.13323 4.90654 9.99372 24.2005 4.87162
threshold=0.01636227699523711 0.078509350263812713 0.41639605593405632 0.0047500096736150148 0 5.366666666666668 0.65789419084722767 2.2500000000000004 37.822500000000012 5.5000000000000009 5.5000000000000009 1.9200000000000004 40.210000000000015 4.5000000000000009
decision_type=2 2 2 2 1 10 2 8 10 2 2 10 10 2
left_child=3 -2 -3 -1 6 -5 7 8 -4 -10 11 12 -7 -6
right_child=1 2 4 5 13 10 -8 -9 9 -11 -12 -13 -14 -15
leaf_value=-0.0470933169460113 -0.0057912237512657144 0.0023672562463829816 0.062350376233011574 -0.040236322280878374 0.0085553141714426201 -0.051008998897133277 0.031533965699127274 0.0070765243505288124 0.024208316517397504 -0.0066466010427429362 -0.021380344546849353 -0.051013483963742071 0.39147717493082229 -0.0045606696214915109
leaf_weight=57.788838613778353 747.8689826913178 2045.4356461055577 7.494733363389968 42.220204467885196 223.44331705570221 0.68202838860452109 39.34727618098259 165.44349613785744 68.963400155305862 16.754671916365623 128.99983430560678 1.2394837914034722 0.56497785449028015 103.63148690760136
leaf_count=5330 17630 14915 31 2640 943 37 210 679 281 68 8707 66 30 439
internal_value=-0.000183075 0.00186842 0.00401347 -0.0304765 0.00940037 -0.0249483 0.0144056 0.0123569 0.021729 0.0181773 -0.0200394 0.04953 0.149467 0.00426908
internal_weight=3649.88 3418.38 2670.51 231.495 625.078 173.707 298.004 258.656 93.2128 85.7181 131.486 2.48649 1.24701 327.075
internal_count=52006 35196 17566 16810 2651 11480 1269 1059 380 349 8840 133 67 1382
cat_boundaries=0 1
cat_threshold=331
is_linear=0
shrinkage=0.05


Tree=50
num_leaves=15
num_cat=0
split_feature=11 11 11 11 10 4 4 11 5 4 6 0 6 7
split_gain=84.4245 21.1003 9.84358 7.94662 6.35655 5.86868 7.71642 5.74502 5.03372 7.81014 9.91954 6.79108 4.99257 6.96235
threshold=0.015766264221547296 0.061201548698365089 0.32597827343463387 0.0047500096736150148 3.5000000000000004 8.5500000000000025 7.7750000000000012 0.71086408629136044 0.075000000000000025 5.9000000000000012 0.39500000000000007 3.5000000000000004 0.20500000000000004 39.363333333333344
decision_type=2 2 2 2 2 10 10 2 8 10 8 2 8 10
left_child=3 4 12 -1 -2 6 7 -4 9 10 -6 -12 13 -3
right_child=1 2 5 -5 8 -7 -8 -9 -10 -11 11 -13 -14 -15
leaf_value=-0.046904598683984597 -0.034802032676193383 -0.036917601095007531 0.0067567783273921921 -0.024904275413114182 0.15612526603188059 0.039342371221422638 -0.035347613104355038 0.027352242199335616 -0.0070869198513999745 -0.013888607931160363 0.10401856459138115 0.0068810494167750053 0.0017455811473733231 0.0027903904972968255
leaf_weight=55.186105957254767 19.916593320667744 20.180477987974882 933.97108574211597 160.18532957602292 1.6727034524083144 14.264608576893805 10.621030688285826 35.133881479501724 525.12060782313347 11.619398633018134 2.2343083377927551 9.241808317601679 1817.5925947129726 24.370663717389107
leaf_count=5330 477 156 3976 11070 35 60 45 203 14084 297 54 223 15795 201
internal_value=-0.000176718 0.00173217 0.00348483 -0.0305416 -0.00705302 0.00750249 0.0070389 0.00750345 -0.00604797 0.0159792 0.0423729 0.0257929 0.00134025 -0.0151963
internal_weight=3641.31 3425.94 2856.13 215.371 569.805 993.991 979.726 969.105 549.889 24.7682 13.1488 11.4761 1862.14 44.5511
internal_count=52006 35606 20436 16400 15170 4284 4224 4179 14693 609 312 277 16152 357
is_linear=0
shrinkage=0.05


Tree=51
num_leaves=15
num_cat=2
split_feature=11 11 11 11 12 1 7 1 11 2 7 12 7 3
split_gain=78.5009 19.2215 7.95289 7.40928 8.54064 8.22768 5.49821 5.21323 4.78961 7.85293 5.67039 8.75379 6.778 11.2577
threshold=0.015766264221547296 0.094053101827253779 0.0047500096736150148 0.46258001579790081 0 54.750000000000007 37.822500000000012 54.750000000000007 0.040569872116051932 274.50000000000006 40.422500000000007 1 40.610000000000014 2.5000000000000004
decision_type=2 2 2 2 1 10 8 10 2 10 10 1 10 10
left_child=2 8 -1 -3 5 -5 7 -6 9 -2 -10 -12 13 -13
right_child=1 3 -4 4 6 -7 -8 -9 10 -11 11 12 -14 -15
leaf_value=-0.046709975163210016 -0.01010178283646678 0.0025917561038824133 -0.02425189629983553 0.034692795719135985 -0.01015394390020713 0.011363702605528634 -0.0033303856538756532 0.043479216084994353 -0.0054094324457148639 0.11993193173514052 -0.0086597428706407416 0.11105934438917967 0.0076839446048064574 0.021133126383735712
leaf_weight=52.707918789237738 309.50375588983297 2037.6532213538885 156.36800330784172 44.128492668271065 6.9779080599546459 263.28283099830151 147.38111260533333 12.919984415173529 400.09068810194731 1.1654452122747887 71.841554909944534 4.2463402561843422 105.55254573747516 19.291973397135735
leaf_count=5330 10417 13477 11070 189 30 1138 624 58 6440 38 1174 68 1657 296
internal_value=-0.000170553 0.00164559 -0.0299136 0.00390232 0.00952804 0.014249 3.47273e-07 0.0246708 -0.00457325 -0.00961397 -0.0019677 0.00488537 0.0121529 0.0373559
internal_weight=3633.11 3424.04 209.076 2512.34 474.69 307.411 167.279 19.8979 911.692 310.669 601.023 200.932 129.091 23.5383
internal_count=52006 35606 16400 15516 2039 1327 712 88 20090 10455 9635 3195 2021 364
cat_boundaries=0 1 2
cat_threshold=839 51
is_linear=0
shrinkage=0.05


Tree=52
num_leaves=15
num_cat=1
split_feature=11 11 11 11 11 2 8 6 4 4 1 0 4 12
split_gain=72.9478 17.4885 7.94806 6.49838 6.43758 6.42691 5.32477 6.71362 6.66014 7.60839 6.77885 5.26256 10.6181 6.39998
threshold=0.015766264221547296 0.14528627516509687 0.0047500096736150148 0.71086408629136044 0.040569872116051932 274.50000000000006 19.500000000000004 2.5050000000000003 2.4500000000000006 2.5500000000000003 55.500000000000007 5.5000000000000009 6.2250000000000005 0
decision_type=2 2 2 2 2 10 2 10 10 10 10 2 8 1
left_child=2 4 -1 11 5 -2 8 -8 -6 10 -10 -3 13 -13
right_child=1 3 -4 -5 6 -7 7 -9 9 -11 -12 12 -14 -15
leaf_value=-0.046509131345849719 -0.0096904264049462799 0.0054150855457304383 -0.023601745036950506 0.026003126105899933 -0.0081322967058137831 0.10158338025065683 -0.013600228197504319 0.016228121073913523 0.12038325220155362 0.0022311814045735743 0.010287881419822646 0.0025769715005487187 0.015181516217958985 -0.010649466783172695
leaf_weight=50.348439505323768 306.58617561683059 1598.5890581011772 152.735331306234 34.379818335175514 177.71736196428537 1.3031617496162642 135.74789607897401 21.908741611987352 2.5732499286532393 700.65207820013165 3.0617550313472748 170.08783069252968 84.399069897830486 185.3222384378314
leaf_count=5330 10417 8429 11070 203 2397 38 1970 315 38 9375 40 905 461 1018
internal_value=-0.00016567 0.00156205 -0.0292809 0.0044461 -0.00286757 -0.00921945 -0.000990109 -0.00945513 0.000519575 0.00269658 0.0605634 0.00408252 -0.000760991 -0.00454685
internal_weight=3625.41 3422.33 203.084 2072.78 1349.55 307.889 1041.66 157.657 884.004 706.287 5.635 2038.4 439.809 355.41
internal_count=52006 35606 16400 11016 24590 10455 14135 2285 11850 9453 78 10813 2384 1923
cat_boundaries=0 1
cat_threshold=1409
is_linear=0
shrinkage=0.05


Tree=53
num_leaves=15
num_cat=1
split_feature=11 11 11 1 11 10 5 12 4 5 2 6 4 7
split_gain=67.7497 16.0201 7.93205 7.36337 7.39397 6.26747 7.80974 7.24393 11.3271 27.7386 11.5778 7.43004 6.21748 10.8878
threshold=0.015766264221547296 0.071529914310836204 0.0047500096736150148 51.250000000000007 0.36860267967503046 4.5000000000000009 1.8750000000000002 0 3.1000000000000005 0.62500000000000011 15.500000000000002 3.4450000000000007 6.366666666666668 38.122500000000009
decision_type=2 2 2 8 2 2 10 1 8 10 10 10 10 8
left_child=2 5 -1 -3 -5 6 7 8 9 -2 -11 12 -9 -14
right_child=1 3 -4 4 -6 -7 -8 11 -10 10 -12 -13 13 -15
leaf_value=-0.046301749546007902 -0.017453674502570495 -0.028446594762502799 -0.022954575352144235 0.0016932463669146625 0.0073869590378475153 -0.0030272528260309271 -0.033713797015456758 -0.032253267862669507 -0.0020431294103920392 0.088903310846708106 0.27731443965833275 0.096722885669322342 0.12521112080144767 -0.0099449657169975898
leaf_weight=48.102083662524819 4.2689631432294837 18.292790189385414 149.27858131099492 1922.5014121308923 810.62350066006184 535.05867381952703 39.715004602447152 41.767095852643251 29.617510037496686 1.7660567555576565 1.5146665740758178 1.3392424285411824 1.6846496965736122 12.901680290699005
leaf_count=5330 95 144 11070 14988 3459 14008 899 932 651 38 31 30 35 296
internal_value=-0.000160989 0.00148238 -0.0286443 0.00317035 0.00338196 -0.00545319 -0.0150985 -0.00730482 0.00937146 0.0665641 0.17589 -0.0167664 -0.0224387 0.0056649
internal_weight=3618.43 3421.05 197.381 2751.42 2733.12 669.634 134.575 94.8599 37.1672 7.54969 3.28072 57.6927 56.3534 14.5863
internal_count=52006 35606 16400 18591 18447 17015 3007 2108 815 164 69 1293 1263 331
cat_boundaries=0 1
cat_threshold=1952
is_linear=0
shrinkage=0.05


Tree=54
num_leaves=15
num_cat=0
split_feature=11 11 11 11 10 4 4 4 11 7 10 7 11 2
split_gain=62.888 14.7422 7.9048 7.10387 6.07867 5.17914 7.07228 4.89193 4.80385 4.72639 4.68499 8.76251 7.21445 8.97223
threshold=0.015766264221547296 0.061201548698365089 0.0047500096736150148 0.32597827343463387 3.5000000000000004 8.5500000000000025 7.7750000000000012 5.366666666666668 0.71086408629136044 38.810000000000009 8.5000000000000018 37.590000000000011 0.023080160616871691 16.500000000000004
decision_type=2 2 2 2 2 10 10 10 2 10 2 8 2 10
left_child=2 4 -1 -3 -2 6 8 -4 -5 10 -6 -12 -13 -14
right_child=1 3 7 5 9 -7 -8 -9 -10 -11 11 12 13 -15
leaf_value=-0.046087501633496279 -0.033835123044857439 0.0010398491540686645 -0.038955487515886483 0.0056124772640792422 -0.017561495978937813 0.036182172553640479 -0.034793853167888827 -0.017278077085247954 0.024819637862623228 -0.0027344493396705472 0.14112313887772129 -0.051424870902027769 0.16418932043034168 -0.0073554143201995329
leaf_weight=45.963524943217635 18.987077398225665 1868.5189910791814 33.895809043198824 934.77737894654274 97.667502459138632 14.265892326831816 10.594111725687979 112.09359457809478 33.728499695658684 432.87002230249345 1.2960610147565574 3.4615311380475768 1.1571522094309332 2.2333840299397707
leaf_count=5330 477 16152 2485 3976 2576 60 45 8585 203 11849 42 129 35 62
internal_value=-0.000156241 0.00140698 -0.0280044 0.00285619 -0.00603009 0.00627272 0.00583693 -0.0223111 0.00628137 -0.00505005 -0.0145227 0.021902 -0.000648596 0.0511909
internal_weight=3611.51 3419.56 191.953 2861.88 557.673 993.366 979.1 145.989 968.506 538.686 105.816 8.14813 6.85207 3.39054
internal_count=52006 35606 16400 20436 15170 4284 4224 11070 4179 14693 2844 268 226 97
is_linear=0
shrinkage=0.05


Tree=55
num_leaves=15
num_cat=0
split_feature=11 11 11 11 4 4 4 10 4 7 10 6 11 0
split_gain=58.3737 13.9121 7.65324 7.14962 5.06167 4.6717 6.39943 4.48278 9.30617 6.52637 4.45408 7.83957 4.44336 4.42038
threshold=0.015448913327325278 0.048411493370566251 0.0047500096736150148 0.32597827343463387 5.366666666666668 8.5500000000000025 7.7750000000000012 4.5000000000000009 1.9000000000000001 37.790000000000013 5.5000000000000009 1.9200000000000004 0.71086408629136044 4.5000000000000009
decision_type=2 2 2 2 10 10 10 2 8 8 2 10 2 2
left_child=2 7 -1 -3 -4 6 12 8 -2 -10 11 -6 13 -5
right_child=1 3 4 5 10 -7 -8 -9 9 -11 -12 -13 -14 -15
leaf_value=-0.045866075514285981 0.11417340995882573 0.00078108291178061932 -0.039578259342729939 0.0076218140445797194 0.15992821747507935 0.034361671669133891 -0.03317115522178523 -0.0056181612197922469 0.099841915030882189 -0.030233492375979439 -0.018082121737422515 -0.050818124867866389 0.023931060654569399 0.00017468982652899345
leaf_weight=43.927670335397124 1.2013473939150561 2025.456359308213 31.416370941326022 647.31934727728367 0.94787904806434997 14.270466178655623 10.557678639888762 361.41192198172212 0.98854592256247897 39.349786914885044 105.74469608999789 0.82565611507743597 33.244373112916946 287.87708909809589
leaf_count=5330 30 18817 2418 2753 51 60 45 11465 29 1186 8342 54 203 1223
internal_value=-0.000150681 0.00132026 -0.0276746 0.00248509 -0.021923 0.00595987 0.00554587 -0.00740608 -0.0229617 -0.0270458 -0.0167642 0.0618168 0.00596795 0.0053294
internal_weight=3604.54 3421.68 182.862 3018.73 138.935 993.269 978.998 402.952 41.5397 40.3383 107.518 1.77354 968.441 935.196
internal_count=52006 35811 16195 23101 10865 4284 4224 12710 1245 1215 8447 105 4179 3976
is_linear=0
shrinkage=0.05


Tree=56
num_leaves=15
num_cat=0
split_feature=11 11 11 6 6 2 7 4 2 10 11 1 10 7
split_gain=54.1669 12.0911 8.25507 5.89028 5.75795 12.8034 9.70784 5.68715 5.17772 5.163 11.9921 11.2288 6.45076 9.13612
threshold=0.01636227699523711 0.16474010437206152 0.0047500096736150148 2.4050000000000007 2.3183333333333338 33.500000000000007 39.990000000000016 9.9000000000000021 38.500000000000007 8.5000000000000018 0.012861775262997952 53.500000000000007 5.5000000000000009 40.290000000000013
decision_type=2 2 2 8 8 8 10 10 10 2 2 8 2 10
left_child=2 -2 -1 4 8 6 -6 -3 9 12 -11 -12 13 -4
right_child=1 7 3 -5 5 -7 -8 -9 -10 10 11 -13 -14 -15
leaf_value=-0.045637152061307022 -0.0020973202524820485 0.0037125815758031078 -0.050913592587072246 -0.035914068601885493 0.17408153667927606 0.31470604619854581 -0.050703980422818623 0.040602117910252006 -0.046642727491512451 -0.013696325377880831 0.21106477886254665 0.030814804155295666 -0.02888728834179391 0.14840179916534488
leaf_weight=41.989670060575008 1477.045330086723 1919.3038637340069 1.0629839822649949 43.923641238361597 0.66732715722173441 0.41029513534158457 1.7139381067827342 10.505071491003035 12.179384595714508 36.563094894401729 0.95395416021346768 9.1649744268506765 41.122935372404754 1.2522316304966805
leaf_count=5330 25404 9740 64 3477 54 29 136 52 930 3254 50 476 2951 59
internal_value=-0.000145205 0.00130744 -0.0260554 -0.0205376 -0.0141109 0.0567382 0.01229 0.00391339 -0.0160442 -0.0119089 -0.000364531 0.0478077 -0.0243154 0.0568902
internal_weight=3597.86 3406.85 191.004 149.015 105.091 2.79156 2.38127 1929.81 102.3 90.1202 46.682 10.1189 43.4382 2.31522
internal_count=52006 35196 16810 11480 8003 219 190 9792 7784 6854 3780 526 3074 123
is_linear=0
shrinkage=0.05


Tree=57
num_leaves=15
num_cat=0
split_feature=11 11 11 11 7 0 4 0 3 8 5 8 2 7
split_gain=50.2794 12.0903 7.54042 6.39558 5.37938 5.07015 9.89351 9.5402 7.66687 9.52895 7.38262 7.25972 7.78928 6.72424
threshold=0.015448913327325278 0.048411493370566251 0.0047500096736150148 0.51744453581042638 36.430000000000014 5.5000000000000009 6.2250000000000005 9.5000000000000018 7.5000000000000009 20.500000000000004 2.7500000000000004 19.500000000000004 40.500000000000007 40.663333333333348
decision_type=2 2 2 2 8 2 8 2 10 2 10 2 10 10
left_child=2 -2 -1 4 -3 11 7 -7 -8 13 -11 -6 -13 -10
right_child=1 3 -4 -5 5 6 8 -9 9 10 -12 12 -14 -15
leaf_value=-0.04540042032086776 -0.006985007509336289 -0.028359037548132512 -0.020682177770581532 0.0089693700724304531 0.0036715189386708758 -0.0068214545415791611 0.017534721930321222 0.040349837683406775 -0.0079739306014036237 0.04246269621220234 -0.033120533672042034 -0.010070034855382073 0.055652378396825658 -0.05701961169527129
leaf_weight=40.144887790083885 399.31289014406502 15.01837397739291 133.30192792229354 318.87818658351898 1909.5757610425353 471.55845249444246 95.102541025727987 10.967998232692478 27.346311904489994 13.375602129846813 4.2595725059509268 139.85504036769271 4.6584435962140551 9.3874610438942891
leaf_count=5330 12710 105 10865 1427 14799 3815 843 97 271 144 34 1438 40 88
internal_value=-0.000140726 0.00119147 -0.0264033 0.00227259 0.001482 0.00164885 -0.00226742 -0.00574923 0.00897264 -0.0060042 0.0242064 0.0028538 -0.00795145 -0.0205077
internal_weight=3592.74 3419.3 173.447 3019.98 2701.11 2686.09 631.998 482.526 149.471 54.3689 17.6352 2054.09 144.513 36.7338
internal_count=52006 35811 16195 23101 21674 21569 5292 3912 1380 537 178 16277 1478 359
is_linear=0
shrinkage=0.05


Tree=58
num_leaves=15
num_cat=1
split_feature=11 11 11 12 2 7 10 7 3 10 11 7 3 8
split_gain=46.9623 15.3325 6.01421 7.68531 7.12502 6.59179 5.75012 6.65351 13.611 6.76009 5.89363 4.76762 8.091 15.3955
threshold=0.010653814425591003 0.046907112848875304 0.59371655968715387 0 101.50000000000001 36.430000000000014 8.5000000000000018 38.090000000000011 9.5000000000000018 9.5000000000000018 0.01636227699523711 40.690000000000012 9.5000000000000018 13.500000000000002
decision_type=2 2 2 1 10 8 2 8 8 2 2 8 10 2
left_child=-1 6 5 -4 -5 -3 10 8 9 -8 11 -2 -13 -14
right_child=1 2 3 4 -6 -7 7 -9 -10 -11 -12 12 13 -15
leaf_value=-0.032726876942131777 -0.040064125233507497 -0.030871369523315706 0.021891901160422906 -0.0053916746907586161 0.033801790014535753 0.0017709993381133399 0.080043907548369125 0.0013019506522164367 0.24466041876948796 -0.051414955667251863 -0.0079013918168716127 -0.021656406860134769 0.21280455976247642 -0.022770562372665129
leaf_weight=107.22850826010108 27.757131340913475 15.550236284732817 74.996443599462509 78.534261226654053 13.604476541280745 2857.4841164313257 2.2804168798029418 60.794146552681923 0.84404673613607872 1.7122105583548544 328.0208250656724 15.393599770963194 1.1377296699210995 1.7764306599274275
leaf_count=12505 1671 108 369 377 69 22588 88 2613 34 72 10417 923 68 104
internal_value=-0.00013576 0.000868496 0.0021307 0.011351 0.000356618 0.00159432 -0.00785833 0.00579234 0.0622339 0.0236687 -0.0102532 -0.0270004 -0.00719402 0.0692013
internal_weight=3587.11 3479.89 3040.17 167.135 92.1387 2873.03 439.717 65.6308 4.83667 3.99263 374.086 46.0649 18.3078 2.91416
internal_count=52006 39501 23511 815 446 22696 15990 2807 194 160 13183 2766 1095 172
cat_boundaries=0 1
cat_threshold=1283
is_linear=0
shrinkage=0.05


Tree=59
num_leaves=15
num_cat=1
split_feature=11 11 11 10 7 2 2 11 2 12 7 6 7 5
split_gain=43.815 14.0223 6.10217 5.58801 6.15657 7.4289 5.02926 5.40126 4.98491 6.97775 5.97861 7.15287 6.60145 6.76726
threshold=0.010653814425591003 0.040569872116051932 0.28366449056283782 8.5000000000000018 37.590000000000011 20.500000000000004 11.500000000000002 0.01636227699523711 16.500000000000004 0 39.922500000000007 0.85500000000000032 39.790000000000013 1.6250000000000002
decision_type=2 2 2 2 8 10 10 2 10 1 10 10 10 8
left_child=-1 3 -3 6 5 -5 -2 -8 10 -10 11 -4 -13 -14
right_child=1 2 8 4 -6 -7 7 -9 9 -11 -12 12 13 -15
leaf_value=-0.032133456172917012 -0.031632655621400968 0.00020385494217151025 0.0056474840320672485 -0.004914143752740005 0.0020083734671717864 0.18113853326030904 -0.02613948186981048 -0.0063198324074416768 -0.010051554622133875 0.0040205817616753205 -0.00021381006609357906 0.016591040920660403 0.08633586498966811 0.016599476695892231
leaf_weight=103.83515753224492 27.807090033777058 1956.6339251026511 206.02009215950966 1.0726201552897685 61.903905209153891 1.073494918644428 40.452820631675422 228.79379107430577 94.867539495229721 554.36271312832832 142.81941781938076 148.73421628773212 7.1885241121053669 6.741183429956437
leaf_count=12505 1110 20051 908 41 2689 38 2489 7983 416 2437 627 650 32 30
internal_value=-0.000128143 0.000827242 0.0019077 -0.00850022 0.00489471 0.0881501 -0.0113884 -0.00929763 0.00477984 0.00187142 0.00847138 0.0118358 0.0196736 0.0525874
internal_weight=3582.31 3478.47 3117.37 361.104 64.05 2.14612 297.054 269.247 1160.73 649.23 511.503 368.684 162.664 13.9297
internal_count=52006 39501 25151 14350 2768 79 11582 10472 5100 2853 2247 1620 712 62
cat_boundaries=0 1
cat_threshold=288
is_linear=0
shrinkage=0.05


Tree=60
num_leaves=15
num_cat=1
split_feature=11 11 11 10 4 8 4 5 13 5 6 11 7 7
split_gain=40.8471 12.7435 5.63353 5.11013 5.47509 7.42833 8.2729 12.4191 8.90364 10.5362 8.66341 7.91365 5.95874 5.88102
threshold=0.010653814425591003 0.040569872116051932 0.65789419084722767 8.5000000000000018 8.2916666666666696 21.500000000000004 9.9000000000000021 0.87500000000000011 0 2.2500000000000004 2.2316666666666669 0.023477455407746848 41.010000000000012 37.190000000000012
decision_type=2 2 2 2 10 2 8 10 1 10 10 2 10 8
left_child=-1 3 -3 -2 13 6 7 11 10 -10 -9 -6 -7 -5
right_child=1 2 -4 4 5 12 -8 8 9 -11 -12 -13 -14 -15
leaf_value=-0.031532501885953058 -0.010941400697382926 0.0014828603158590803 0.015585482044543573 0.12674559431600854 -0.03426138334788064 -0.051345025721392525 -0.019943739093264488 -0.019540504860397306 0.27077394417579087 0.073375625807651182 0.15964734164496641 0.14744808282834726 0.077228842147122112 -0.0067038174147496955
leaf_weight=100.60605982877314 293.86967874038965 3045.6711622215807 72.500002026557922 0.84067213535308738 2.9498202279210095 3.9664521273225537 3.193617520853878 1.568437257781625 1.5510517507791521 1.1981758195906875 1.1835702098906038 0.75192133523523796 1.1660464424639938 45.989664513617754
leaf_count=12505 11582 24744 407 30 132 165 143 62 56 41 43 21 46 2029
internal_value=-0.000124265 0.000784681 0.00181076 -0.00814671 0.00461407 0.0284506 0.0493941 0.0734557 0.121101 0.184743 0.0575237 0.0026486 -0.0221345 -0.00430821
internal_weight=3577.01 3476.4 3118.17 358.229 64.3594 17.5291 12.3966 9.20298 5.50124 2.74923 2.75201 3.70174 5.1325 46.8303
internal_count=52006 39501 25151 14350 2768 709 498 355 202 97 105 153 211 2059
cat_boundaries=0 1
cat_threshold=2
is_linear=0
shrinkage=0.05


Tree=61
num_leaves=15
num_cat=1
split_feature=11 11 11 12 6 6 4 4 8 10 4 7 11 8
split_gain=38.0583 11.6996 5.15668 5.10802 4.53857 4.96517 4.56019 5.03225 4.52892 4.40031 9.85427 6.63202 4.37212 4.21197
threshold=0.010653814425591003 0.046907112848875304 0.41639605593405632 0 1.6887500000000002 4.335416666666668 3.1000000000000005 2.4500000000000006 16.500000000000004 4.5000000000000009 1.9000000000000001 37.822500000000012 0.59371655968715387 24.500000000000004
decision_type=2 2 2 1 8 10 10 10 2 2 8 8 2 2
left_child=13 9 -3 -4 8 6 7 12 -5 10 -2 -12 -6 -1
right_child=1 2 3 4 5 -7 -8 -9 -10 -11 11 -13 -14 -15
leaf_value=-0.035605034813243057 0.11935083316049147 0.00079740850665591416 0.010552933486071982 -0.0026240734543975168 0.0021782971829134219 -0.02540716284468619 0.028585635122166025 -0.022264453662352055 -0.040684611068877802 -0.0054460635993628589 0.09853941511274894 -0.032351032949174088 0.023008758507590082 -0.0078580339987227923
leaf_weight=81.081073025707155 1.1636467184871424 2426.5876675508916 293.15412700176239 152.28964534401894 74.73812897503376 10.869301170110701 26.135433509945869 14.322788655757902 8.2388448417186719 395.37582600396127 0.99647681415080924 33.587580308318138 37.997254386544228 16.452312375418842
leaf_count=10394 27 20860 1269 645 303 46 109 60 34 14846 28 1089 185 2111
internal_value=-0.000120482 0.000743987 0.00183569 0.00591421 0.0013578 0.00724797 0.00956489 0.00565239 -0.00457746 -0.00696497 -0.0237643 -0.0285797 0.00919917 -0.0309246
internal_weight=3572.99 3475.46 3044.33 617.746 324.591 164.063 153.194 127.058 160.528 431.124 35.7477 34.5841 112.735 97.5334
internal_count=52006 39501 23511 2651 1382 703 657 548 679 15990 1144 1117 488 12505
cat_boundaries=0 1
cat_threshold=331
is_linear=0
shrinkage=0.05


Tree=62
num_leaves=15
num_cat=2
split_feature=11 11 11 2 2 6 11 0 8 5 6 13 12 6
split_gain=35.4503 10.6873 5.10443 5.95604 7.27488 6.10993 6.79676 5.48637 7.76474 5.84485 5.34198 10.4332 5.06136 5.64826
threshold=0.010653814425591003 0.040569872116051932 0.25570810250712112 104.50000000000001 16.500000000000004 1.3275000000000003 0.71086408629136044 4.5000000000000009 1.5000000000000002 2.2500000000000004 2.0950000000000002 0 1 1.0645833333333334
decision_type=2 2 2 10 10 10 2 2 2 8 10 1 1 10
left_child=-1 -2 -3 4 5 6 12 8 9 -5 -10 -12 13 -4
right_child=1 2 3 7 -6 -7 -8 -9 10 -11 11 -13 -14 -15
leaf_value=-0.030311329431911012 -0.0075329490567555245 -8.8235553782909325e-05 0.011964278017213129 0.021500052320690334 -0.00093925021413975333 0.013225643674884472 0.045375792162336386 0.0012428408288527812 0.020691809915388701 -0.039860912809233547 0.010853240846467493 0.085336858931437526 -0.0039563321939579781 -0.016008669528696656
leaf_weight=94.614553896710277 353.35868214163929 1801.5119446702302 139.67373363673687 7.7592102289199802 605.26785588264465 230.10891236364841 9.1176182925701124 49.651760250329971 43.876616984605789 7.7642563879489908 8.4297963380813599 10.630168497562408 185.23473183810711 20.723358452320099
leaf_count=12505 14350 19235 616 34 2719 1034 59 224 197 35 37 48 821 92
internal_value=-0.000114255 0.000708375 0.00164183 0.00400615 0.00290346 0.00688027 0.00276434 0.0142498 0.0224809 -0.0091904 0.0302928 0.0523944 0.00164027 0.00786012
internal_weight=3567.72 3473.11 3119.75 1318.24 1190.13 584.858 354.749 128.112 78.46 15.5235 62.9366 19.06 345.632 160.397
internal_count=52006 39501 25151 5916 5341 2622 1588 575 351 69 282 85 1529 708
cat_boundaries=0 1 2
cat_threshold=2 1380
is_linear=0
shrinkage=0.05


Tree=63
num_leaves=15
num_cat=2
split_feature=11 11 2 10 12 5 11 6 4 13 0 5 2 7
split_gain=32.9935 9.72445 5.89976 5.62272 5.04651 15.0762 12.1519 10.0223 18.1294 10.3805 8.71667 7.61847 5.30325 9.8492
threshold=0.010653814425591003 0.037109707622361328 274.50000000000006 8.5000000000000018 0 1.3750000000000002 0.024397962430317912 1.0450000000000002 8.1000000000000014 1 3.5000000000000004 2.2500000000000004 19.500000000000004 41.790000000000013
decision_type=2 2 10 2 1 10 2 10 10 1 2 8 10 8
left_child=-1 2 3 -2 5 6 -5 -7 10 -10 -9 12 13 -6
right_child=1 -3 -4 4 11 7 -8 8 9 -11 -12 -13 -14 -15
leaf_value=-0.029691222647132566 -0.011411651657819898 0.0015133371375150688 0.096805471939636872 -0.032658574998382692 0.015585236860550026 0.25215097841976336 0.10894101359388758 0.1852983152844353 0.061562315809053164 0.28830393445126307 -0.0141145310016295 -0.036820330346003689 -0.016703115859220425 0.16698895580897374
leaf_weight=91.832421537023038 254.08675269410014 3152.7090347316116 1.3458477221429337 8.0952996630221623 17.188823450356729 0.82347441650926967 1.8640498090535391 0.63394879736006249 0.88462928310036659 1.1755499169230463 4.0422604810446501 13.836108339950441 12.999123359099029 1.1457575727254141
leaf_count=12505 10551 26176 45 379 740 35 53 28 35 39 187 618 562 53
internal_value=-0.000110031 0.000672638 -0.00765902 -0.00810284 0.0053082 0.0218073 -0.00615597 0.0874924 0.0673641 0.190942 0.0129197 -0.00484604 0.00772634 0.0250467
internal_weight=3562.66 3470.83 318.122 316.776 62.689 17.5192 9.95935 7.55986 6.73639 2.06018 4.67621 45.1698 31.3337 18.3346
internal_count=52006 39501 13325 13280 2729 756 432 324 289 74 215 1973 1355 793
cat_boundaries=0 1 2
cat_threshold=84 2
is_linear=0
shrinkage=0.05


Tree=64
num_leaves=15
num_cat=0
split_feature=11 11 1 4 11 8 0 5 5 6 8 6 7 0
split_gain=30.6852 9.15928 5.39335 4.9239 4.45758 6.50031 13.7832 13.0575 6.25863 20.2656 4.36753 5.78747 8.43999 5.7751
threshold=0.010653814425591003 0.094053101827253779 51.250000000000007 9.9000000000000021 0.0047500096736150148 29.500000000000004 7.5000000000000009 0.87500000000000011 2.2500000000000004 1.7449999999999999 21.500000000000004 3.2050000000000005 40.263333333333343 5.5000000000000009
decision_type=2 2 8 10 2 2 2 8 10 10 2 10 8 2
left_child=4 10 -3 -4 -1 -6 8 -8 -7 -10 -2 -12 -13 -14
right_child=1 2 3 -5 5 6 7 -9 9 -11 11 12 13 -15
leaf_value=-0.044037735689480939 -0.0021856634739797704 -0.027062650131378777 0.0022087948510712118 0.029371936593567793 -0.025179322728298356 -0.050419405306821666 0.52519475140893634 0.072120551965044202 0.4403365859300119 -0.050418838613616568 -0.01472473856559633 0.14763779697477955 0.049239854204371866 -0.03851687912752931
leaf_weight=31.92139342520386 812.27733074780554 15.639800839126108 2493.1655237078667 16.795987650752068 53.514253699686378 2.1006709141656756 0.26058743149042118 0.4080134560354054 0.30565026775002468 0.67477789195254445 124.338872901164 1.2496210839599342 3.9232203420251617 3.5904363924637437
leaf_count=5330 20173 111 15294 111 6721 255 31 49 37 82 3562 39 104 107
internal_value=-0.000107337 0.000636743 0.00220817 0.00239056 -0.029066 -0.0207201 0.0429203 0.248706 -0.00173545 0.102575 -0.00356137 -0.0119568 0.027316 0.00730488
internal_weight=3560.17 3470.98 2525.6 2509.96 89.1853 57.264 3.7497 0.668601 3.0811 0.980428 945.379 133.102 8.76328 7.51366
internal_count=52006 39501 15516 15405 12505 7175 454 80 374 119 23985 3812 250 211
is_linear=0
shrinkage=0.05


end of trees

feature_importances:
odds_prob=420
avg5_last3f=73
avg5_ninki=68
avg5_margin=61
days_since_last=45
競馬場=44
n_past_races=43
人気=43
last_margin=40
齢=24
last_ninki=20
kinryo=19
性=8
same_track_as_last=2

parameters:
[boosting: gbdt]
[objective: binary]
[metric: auc]
[tree_learner: serial]
[device_type: cpu]
[data_sample_strategy: bagging]
[data: ]
[valid: ]
[num_iterations: 65]
[learning_rate: 0.05]
[num_leaves: 15]
[num_threads: 0]
[seed: 0]
[deterministic: 0]
[force_col_wise: 0]
[force_row_wise: 0]
[histogram_pool_size: -1]
[max_depth: -1]
[min_data_in_leaf: 30]
[min_sum_hessian_in_leaf: 0.001]
[bagging_fraction: 1]
[pos_bagging_fraction: 1]
[neg_bagging_fraction: 1]
[bagging_freq: 0]
[bagging_seed: 3]
[bagging_by_query: 0]
[feature_fraction: 1]
[feature_fraction_bynode: 1]
[feature_fraction_seed: 2]
[extra_trees: 0]
[extra_seed: 6]
[early_stopping_round: 0]
[early_stopping_min_delta: 0]
[first_metric_only: 0]
[max_delta_step: 0]
[lambda_l1: 0]
[lambda_l2: 0]
[linear_lambda: 0]
[min_gain_to_split: 0]
[drop_rate: 0.1]
[max_drop: 50]
[skip_drop: 0.5]
[xgboost_dart_mode: 0]
[uniform_drop: 0]
[drop_seed: 4]
[top_rate: 0.2]
[other_rate: 0.1]
[min_data_per_group: 100]
[max_cat_threshold: 32]
[cat_l2: 10]
[cat_smooth: 10]
[max_cat_to_onehot: 4]
[top_k: 20]
[monotone_constraints: ]
[monotone_constraints_method: basic]
[monotone_penalty: 0]
[feature_contri: ]
[forcedsplits_filename: ]
[refit_decay_rate: 0.9]
[cegb_tradeoff: 1]
[cegb_penalty_split: 0]
[cegb_penalty_feature_lazy: ]
[cegb_penalty_feature_coupled: ]
[path_smooth: 0]
[interaction_constraints: ]
[verbosity: -1]
[saved_feature_importance_type: 0]
[use_quantized_grad: 0]
[num_grad_quant_bins: 4]
[quant_train_renew_leaf: 0]
[stochastic_rounding: 1]
[linear_tree: 0]
[max_bin: 255]
[max_bin_by_feature: ]
[min_data_in_bin: 3]
[bin_construct_sample_cnt: 200000]
[data_random_seed: 1]
[is_enable_sparse: 1]
[enable_bundle: 1]
[use_missing: 1]
[zero_as_missing: 0]
[feature_pre_filter: 1]
[pre_partition: 0]
[two_round: 0]
[header: 0]
[label_column: ]
[weight_column: ]
[group_column: ]
[ignore_column: ]
[categorical_feature: 12,13]
[forcedbins_filename: ]
[precise_float_parser: 0]
[parser_config_file: ]
[objective_seed: 5]
[num_class: 1]
[is_unbalance: 0]
[scale_pos_weight: 1]
[sigmoid: 1]
[boost_from_average: 1]
[reg_sqrt: 0]
[alpha: 0.9]
[fair_c: 1]
[poisson_max_delta_step: 0.7]
[tweedie_variance_power: 1.5]
[lambdarank_truncation_level: 30]
[lambdarank_norm: 1]
[label_gain: ]
[lambdarank_position_bias_regularization: 0]
[eval_at: ]
[multi_error_top_k: 1]
[auc_mu_weights: ]
[num_machines: 1]
[local_listen_port: 12400]
[time_out: 120]
[machine_list_filename: ]
[machines: ]
[gpu_platform_id: -1]
[gpu_device_id: -1]
[gpu_device_id_list: ]
[gpu_use_dp: 0]
[num_gpu: 1]

end of parameters

pandas_categorical:[["\u4f50\u8cc0", "\u540d\u53e4\u5c4b", "\u5712\u7530", "\u5927\u4e95", "\u5ddd\u5d0e", "\u6d66\u548c", "\u76db\u5ca1", "\u8239\u6a4b", "\u91d1\u6ca2", "\u9580\u5225", "\u9ad8\u77e5"], ["\u30bb", "\u725d", "\u7261"]]
