tree
version=v4
num_class=1
num_tree_per_iteration=1
label_index=0
max_feature_idx=12
objective=binary sigmoid:1
feature_names=齢_num 斤量_num days_since_last last_ninki avg5_ninki last_margin avg5_margin avg5_last3f n_past_races same_track_as_last 人気_num 場所 性_cat
feature_infos=[2:12] [50:59] [4:496] [0:16] [0:16] [0:10] [0:10] [34.5:52.5] [0:5] [0:1] [0:16] -1:0:1:3:2 -1:2:1:0
tree_sizes=1706 1757 1761 1754 1759 1744 1745 1771 1763 1763 1772 1744 1749 1754 1782 1757 1759 1736 1771 1760 1741 1741 1769 1741 1764 1776 1758 1747 1752 1780 1744 1764 1753 1780 1748 1781 1759 1779 1769 1772 1766 1757 1751 1753 1757 1769 1742 1761 1776 1741 1763 1763 1777 1771 1771

Tree=0
num_leaves=15
num_cat=1
split_feature=10 10 10 4 10 10 12 7 6 6 2 0 7 4
split_gain=8534.33 1850.22 255.657 213.189 153.877 57.0354 54.2254 59.2458 45.5935 41.2502 39.4748 26.264 25.3613 23.6872
threshold=1.5000000000000002 3.5000000000000004 6.5000000000000009 1.6333333333333335 2.5000000000000004 4.5000000000000009 0 37.855000000000011 0.25500000000000006 0.74500000000000022 39.500000000000007 4.5000000000000009 39.190000000000012 1.2250000000000003
decision_type=8 8 8 10 10 10 1 8 10 10 10 2 8 8
left_child=3 4 5 6 -2 -3 -1 -8 10 11 -5 12 13 -9
right_child=1 2 -4 8 -6 -7 7 9 -10 -11 -12 -13 -14 -15
leaf_value=-2.2153491523741069 -2.3039298521503762 -2.3465534577588696 -2.3725196900764565 -2.1853798519890071 -2.3297076022332317 -2.3601607339620223 -2.1262734351380281 -2.1136087761766027 -2.2415107473393214 -2.2188636913642505 -2.2669112925085728 -2.2077804723241683 -2.179369142110378 -2.2020790626978339
leaf_weight=65.711690030992031 416.78617492318153 416.94586311280727 2270.9257446676493 25.150889866054062 416.8660190179944 827.34451045095921 15.170378014445303 11.25801736861467 185.63752043992281 31.21904107183218 6.7867480590939513 21.398217409849167 53.016478955745697 3.592984266579152
leaf_count=823 5220 5222 28442 315 5221 10362 190 141 2325 391 85 268 664 45
internal_value=-2.34454 -2.357 -2.36653 -2.21523 -2.31682 -2.3556 -2.19298 -2.18215 -2.23581 -2.18918 -2.20271 -2.1788 -2.16966 -2.13501
internal_weight=4767.81 4348.87 3515.22 418.942 833.652 1244.29 201.367 135.655 217.575 120.485 31.9376 89.2657 67.8675 14.851
internal_count=59714 54467 44026 5247 10441 15584 2522 1699 2725 1509 400 1118 850 186
cat_boundaries=0 1
cat_threshold=2
is_linear=0
shrinkage=1


Tree=1
num_leaves=15
num_cat=1
split_feature=10 10 10 4 10 10 12 7 6 2 6 1 8 10
split_gain=7280.34 1750.76 253.189 143.508 134.967 54.9743 34.7742 35.1531 31.6078 26.9331 26.4262 20.7409 19.6355 18.3779
threshold=1.5000000000000002 3.5000000000000004 6.5000000000000009 1.6333333333333335 2.5000000000000004 4.5000000000000009 0 37.855000000000011 0.25500000000000006 39.500000000000007 0.74500000000000022 55.250000000000007 4.5000000000000009 9.5000000000000018
decision_type=8 8 8 10 10 10 1 8 10 10 10 10 2 8
left_child=3 4 5 6 12 -3 -1 -8 9 -5 -9 -11 -2 -4
right_child=1 2 13 8 -6 -7 7 10 -10 11 -12 -13 -14 -15
leaf_value=0.11261372924528563 0.043007741921726052 -0.0019524122617735869 -0.025103073843462057 0.13539269088746855 0.014213824942595411 -0.015347959105150284 0.17703130373810269 0.14020622955860265 0.091754702586476139 0.0083728650354518395 0.10986527768100399 0.11207741038428345 0.029756035746392871 -0.030564456000322364
leaf_weight=73.001611657440662 270.77625691890717 416.2551094442606 1130.7086431458592 28.619553409516811 421.99238716065884 816.73775620758533 18.090331926941872 102.12841284275055 201.93105395883322 2.8928336650133124 34.584608256816864 4.3392504975199699 160.15424951910973 1088.2670850232244
leaf_count=823 3280 5222 14493 315 5221 10362 190 1118 2325 34 391 51 1940 13949
internal_value=-2.71618e-05 -0.0122153 -0.0217251 0.112666 0.0262734 -0.0108257 0.129682 0.137731 0.0963634 0.122322 0.132531 0.0705956 0.0380828 -0.0277815
internal_weight=4770.48 4304.89 3451.97 465.588 852.923 1232.99 227.805 154.803 237.783 35.8516 136.713 7.23208 430.931 2218.98
internal_count=59714 54467 44026 5247 10441 15584 2522 1699 2725 400 1509 85 5220 28442
cat_boundaries=0 1
cat_threshold=2
is_linear=0
shrinkage=0.03


Tree=2
num_leaves=15
num_cat=1
split_feature=10 10 10 4 10 10 8 2 12 7 4 10 2 5
split_gain=6491.14 1080.35 663.855 103.257 102.158 56.3757 26.6157 28.8695 23.9874 23.2584 20.4117 18.5527 17.6588 17.3406
threshold=2.5000000000000004 1.5000000000000002 4.5000000000000009 1.7750000000000001 6.5000000000000009 3.5000000000000004 3.5000000000000004 13.500000000000002 0 37.855000000000011 1.1000000000000003 9.5000000000000018 76.500000000000014 2.7500000000000004
decision_type=8 10 8 10 8 10 2 10 1 8 10 8 8 8
left_child=1 3 5 8 -4 -2 7 -5 -1 -10 -11 -6 -7 -9
right_child=2 -3 4 6 11 12 -8 13 9 10 -12 -13 -14 -15
leaf_value=0.099558253392151297 0.013624892299130017 0.035792810377781696 -0.015081029537917456 0.16348251416240347 -0.024871460616221981 -0.0052034689855130437 0.076531921782488174 0.082863698083063361 0.14793478584847378 0.12134726345394459 0.096499356493891505 -0.030422755438506029 0.0096687774817580223 0.10677354089548906
leaf_weight=82.646754041314125 426.94849227368832 444.5235151052475 806.41580352187157 5.4790864661335936 1107.3556430339813 323.18839512765408 129.77152466773987 64.688533768057823 22.067807331681252 117.31165088713169 39.864714331924915 1060.9488436281681 92.396386787295341 47.231701992452145
leaf_count=853 5221 5220 10362 57 14493 4061 1385 686 204 1158 409 13949 1161 495
internal_value=-4.91803e-05 0.0699641 -0.0175391 0.0998031 -0.0241973 0.00596865 0.0858953 0.0962455 0.112929 0.119094 0.115045 -0.0275877 -0.00189694 0.0929539
internal_weight=4770.84 953.585 3817.25 509.062 2974.72 842.533 247.171 117.399 261.891 179.244 157.176 2168.3 415.585 111.92
internal_count=59714 10467 49247 5247 38804 10443 2623 1238 2624 1771 1567 28442 5222 1181
cat_boundaries=0 1
cat_threshold=2
is_linear=0
shrinkage=0.03


Tree=3
num_leaves=15
num_cat=1
split_feature=10 10 10 10 4 10 8 2 12 10 2 8 5 4
split_gain=5856.15 864.473 643.837 101.749 78.3503 52.268 22.8909 20.4474 19.2069 18.731 16.5785 16.3628 16.0467 22.9335
threshold=2.5000000000000004 1.5000000000000002 4.5000000000000009 6.5000000000000009 1.9000000000000001 3.5000000000000004 3.5000000000000004 13.500000000000002 0 9.5000000000000018 76.500000000000014 4.5000000000000009 3.7500000000000004 1.1000000000000003
decision_type=8 10 8 8 10 10 2 10 1 8 8 2 8 8
left_child=1 4 5 -4 8 -2 7 -6 -1 -5 -7 -3 -10 -14
right_child=2 11 3 9 6 10 -8 -9 12 -11 -12 -13 13 -15
leaf_value=0.088677556160893442 0.01306719026508712 0.038052616583960266 -0.014815951028098288 -0.024639544296835052 0.13958811557795778 -0.0050694417742469314 0.068590764343701718 0.083771608340819856 0.090624028883119878 -0.03028242698631739 0.0093030628779310707 0.026296899109924096 0.12673667400010549 0.10194869817552084
leaf_weight=90.942466951906681 431.74051937460899 288.6629456281662 796.3720129430294 1084.5907088890672 6.2117790877819052 321.80220973491669 130.1079807728529 120.32142904400826 50.464137449860573 1034.2924166843295 93.136231899261475 168.91940519213676 50.210487872362137 101.48976883292198
leaf_count=870 5221 3280 10362 14493 57 4061 1308 1181 469 13949 1161 1940 438 924
internal_value=-6.74426e-05 0.0641749 -0.0172696 -0.023958 0.0895299 0.00575983 0.0774264 0.0865118 0.100128 -0.027394 -0.00184342 0.0337129 0.105278 0.110153
internal_weight=4769.26 1007.33 3761.93 2915.26 549.748 846.679 256.641 126.533 293.107 2118.88 414.938 457.582 202.164 151.7
internal_count=59714 10467 49247 38804 5247 10443 2546 1238 2701 28442 5222 5220 1831 1362
cat_boundaries=0 1
cat_threshold=2
is_linear=0
shrinkage=0.03


Tree=4
num_leaves=15
num_cat=1
split_feature=10 10 10 10 4 10 10 6 2 12 8 2 7 6
split_gain=5312.37 705.608 624.345 101.318 60.899 48.4903 18.9123 18.1749 16.0171 14.7309 14.2059 12.8664 20.0806 16.9019
threshold=2.5000000000000004 1.5000000000000002 4.5000000000000009 6.5000000000000009 1.9000000000000001 3.5000000000000004 9.5000000000000018 0.25500000000000006 221.50000000000003 0 4.5000000000000009 21.500000000000004 37.490000000000016 0.47250000000000009
decision_type=8 10 8 8 10 10 8 10 10 1 2 10 10 10
left_child=1 4 5 -4 9 -2 -5 -6 -7 -1 -3 12 -9 -13
right_child=2 10 3 6 7 8 -8 11 -10 -11 -12 13 -14 -15
leaf_value=0.080373629764595736 0.012538499135962057 0.035785076956992075 -0.014552780153603354 -0.024407253546632285 0.088654806206622472 -0.002294327007236733 -0.030143325671831478 0.1159343553440027 0.067381076837147419 0.094411680500089384 0.024965459150247196 0.020814772651610629 0.05383784924351355 0.07456211327359942
leaf_weight=97.224917873740196 436.37430338561535 297.60350406169891 786.59974502027035 1062.4026106595993 42.86469030380249 411.31750670075417 1008.2865799516439 4.9976223260164252 2.990987889468669 218.39673530310392 172.53329813480377 5.4663021117448798 75.37898600846529 143.56665331125259
leaf_count=870 5221 3280 10362 14493 378 5185 13949 47 37 1831 1940 52 711 1358
internal_value=-8.27662e-05 0.0592107 -0.0170016 -0.0237185 0.0811194 0.00555944 -0.0272003 0.0707236 -0.00179132 0.0900874 0.0318144 0.0673732 0.0576989 0.0725907
internal_weight=4766 1058.03 3707.97 2857.29 587.896 850.683 2070.69 272.274 414.308 315.622 470.137 229.41 80.3766 149.033
internal_count=59714 10467 49247 38804 5247 10443 28442 2546 5222 2701 5220 2168 758 1410
cat_boundaries=0 1
cat_threshold=2
is_linear=0
shrinkage=0.03


Tree=5
num_leaves=15
num_cat=0
split_feature=10 10 10 10 4 10 10 4 6 7 2 7 2 6
split_gain=4841.16 605.359 585.446 100.862 48.9964 45.0126 19.096 17.1271 20.1321 18.8782 15.4281 14.6047 16.7402 14.4591
threshold=2.5000000000000004 4.5000000000000009 1.5000000000000002 6.5000000000000009 1.6333333333333335 3.5000000000000004 9.5000000000000018 5.5500000000000007 3.5050000000000003 40.590000000000011 76.500000000000014 39.12916666666667 119.50000000000001 0.74500000000000022
decision_type=8 8 10 8 10 10 8 10 8 10 8 8 10 10
left_child=2 5 4 -3 11 -2 -5 9 -9 -6 -7 -1 13 -13
right_child=1 3 -4 6 7 10 -8 8 -10 -11 -12 12 -14 -15
leaf_value=0.091440369721115522 0.012036807779185903 -0.014291571238251239 0.03007537008997084 -0.024174523354306546 0.071734221881168028 -0.0048788220928358784 -0.030005311266220303 0.039807410918158738 0.11400228248888142 0.050170179449920506 0.0089545916020748514 0.080200714159341172 0.13068075241232627 0.059514631683985485
leaf_weight=106.45798522233963 440.85552363097668 777.09266911447048 482.20614790916443 1040.779902331531 225.90160972625017 319.84834611415863 982.92010919004679 34.766494035720825 3.6356203183531752 43.587855152785778 93.850271329283714 166.96169772744179 5.2513327151536933 37.183451794087887
leaf_count=833 5221 10362 5220 14493 1995 4061 13949 312 32 386 1161 1337 43 309
internal_value=-9.57292e-05 -0.0167351 0.0549001 -0.0234787 0.0740916 0.00536701 -0.0270066 0.0655754 0.0468316 0.0682464 -0.00174062 0.082393 0.0777934 0.0764329
internal_weight=4761.3 3655.35 1105.95 2800.79 623.746 854.554 2023.7 307.892 38.4021 269.489 413.699 315.854 209.396 204.145
internal_count=59714 49247 10467 38804 5247 10443 28442 2725 344 2381 5222 2522 1689 1646
is_linear=0
shrinkage=0.03


Tree=6
num_leaves=15
num_cat=0
split_feature=10 10 10 10 10 4 10 2 4 6 7 4 6 6
split_gain=4428.84 586.862 492.525 100.381 41.8081 40.1614 19.2816 14.4874 14.0911 16.2899 15.3989 13.9067 12.394 18.7658
threshold=2.5000000000000004 4.5000000000000009 1.5000000000000002 6.5000000000000009 3.5000000000000004 1.6333333333333335 9.5000000000000018 76.500000000000014 5.5500000000000007 3.5050000000000003 40.590000000000011 4.7083333333333348 0.75500000000000023 0.84500000000000031
decision_type=8 8 10 8 10 10 8 8 10 8 10 8 10 10
left_child=2 4 5 -3 -2 -1 -5 -6 10 -10 12 -12 -7 -14
right_child=1 3 -4 6 7 8 -8 -9 9 -11 11 -13 13 -15
leaf_value=0.075410121415247749 0.011560279909837871 -0.014032381846815338 0.028476548170536228 -0.023941294479862305 -0.0047519114684275851 0.075388766184876402 -0.029868250158301971 0.0086212813620936534 0.037475562356189936 0.10168115226507561 0.040715223813416676 0.091786102139191722 0.011234564147809026 0.063176742104232575
leaf_weight=334.44041790813208 445.18962603807449 767.8443001806736 493.81790980696678 1019.7112458720803 318.55886147916317 82.331438571214676 958.18178015947342 94.543493650853634 35.805377170443535 3.9486540183424941 39.766068413853645 5.4572039470076552 6.5341079607605925 149.19164035469294
leaf_count=2522 5221 10362 5220 14493 4061 674 13949 1161 312 32 339 47 56 1265
internal_value=-0.000106789 -0.0164703 0.0511177 -0.0232386 0.0051822 0.0681231 -0.0268126 -0.00169129 0.0605787 0.0438529 0.062926 0.0468781 0.0659745 0.0609973
internal_weight=4755.32 3604.03 1151.29 2745.74 858.292 657.475 1977.89 413.102 323.034 39.754 283.28 45.2233 238.057 155.726
internal_count=59714 49247 10467 38804 10443 5247 28442 5222 2725 344 2381 386 1995 1321
is_linear=0
shrinkage=0.03


Tree=7
num_leaves=15
num_cat=1
split_feature=10 10 10 10 10 4 10 8 2 2 5 1 8 12
split_gain=4065.13 568.839 419.341 99.872 38.8524 33.7146 19.4684 13.8658 13.8213 13.5769 12.0359 11.9032 11.8678 11.3841
threshold=2.5000000000000004 4.5000000000000009 1.5000000000000002 6.5000000000000009 3.5000000000000004 1.9000000000000001 9.5000000000000018 3.5000000000000004 221.50000000000003 13.500000000000002 0.87500000000000011 56.750000000000007 4.5000000000000009 0
decision_type=8 8 10 8 10 10 8 2 10 10 10 10 2 1
left_child=2 4 5 -3 11 -1 -5 9 10 -7 -6 -2 13 -4
right_child=1 3 12 6 8 7 -8 -9 -10 -11 -12 -13 -14 -15
leaf_value=0.06906450465252871 0.0097686459127859365 -0.013775269720182188 0.035669178462532133 -0.023707521524387171 0.0021125328250794257 0.10034310566783287 -0.029732004142582431 0.049469041255840528 0.060407823981958771 0.060029710924174542 -0.0083682594719390532 0.028916191883309204 0.020937146257826413 0.024319892462343996
leaf_weight=374.78208918869495 417.96551316976547 758.84838478267193 174.28373447805643 999.18508728593588 243.65767700970173 7.9192513376474372 934.06016076356173 157.86371470242739 3.2055736035108557 148.65820222347975 165.65811594575644 31.416271068155766 184.37870040535927 146.32795878499746
leaf_count=2701 4856 10362 1783 14493 3073 57 13949 1308 37 1181 2112 365 1940 1497
internal_value=-0.000116225 -0.016207 0.0477701 -0.0229981 0.00500463 0.0629869 -0.0266183 0.0557431 -0.00164329 0.0620687 -0.00212925 0.0111073 0.0270017 0.0304893
internal_weight=4748.21 3554 1194.21 2692.09 861.903 689.223 1933.25 314.441 412.521 156.577 409.316 449.382 504.99 320.612
internal_count=59714 49247 10467 38804 10443 5247 28442 2546 5222 1238 5185 5221 5220 3280
cat_boundaries=0 1
cat_threshold=4
is_linear=0
shrinkage=0.03


Tree=8
num_leaves=15
num_cat=1
split_feature=10 10 10 10 10 4 10 12 2 7 6 5 0 9
split_gain=3742.08 551.266 360.777 99.3349 36.1242 28.7934 19.656 17.4316 13.2637 12.1987 12.8211 14.9416 12.1611 11.7998
threshold=2.5000000000000004 4.5000000000000009 1.5000000000000002 6.5000000000000009 3.5000000000000004 2.1000000000000005 9.5000000000000018 0 76.500000000000014 37.910000000000011 0.96458333333333346 0.35000000000000003 4.5000000000000009 1.0000000180025095e-35
decision_type=8 8 10 8 10 10 8 1 8 8 10 8 2 8
left_child=2 4 5 -3 -2 7 -5 13 -6 -9 12 -12 -11 -1
right_child=1 3 -4 6 8 -7 -8 9 -10 10 11 -13 -14 -15
leaf_value=0.026578402620741889 0.01067583495173439 -0.013520286848981168 0.025636894673673017 -0.02347315312276578 -0.0045522529825051646 0.050553872265967831 -0.029596454020544897 0.081474288933103226 0.0082079486365211618 0.072858032322280594 0.0023883166648448321 0.05754042947455032 0.055128172050270166 0.057071588992341812
leaf_weight=12.497693598270414 453.43961122632027 750.09882389008999 515.73899464309216 979.1904124841094 316.54767447710037 260.58219246566296 910.54350712150335 45.01425614207983 95.413331836462021 147.84584710001945 4.7174929678440085 70.328765004873276 45.543601632118225 132.5957937091589
leaf_count=92 5221 10362 5220 14493 4061 2041 13949 293 1161 992 35 515 314 965
internal_value=-0.000124278 -0.0159453 0.0447847 -0.0227572 0.00483359 0.058517 -0.0264236 0.0630423 -0.00159689 0.0670219 0.0645984 0.0540735 0.0686826 0.054445
internal_weight=4740.1 3505.23 1234.86 2639.83 865.401 719.126 1889.73 458.543 411.961 313.45 268.436 75.0463 193.389 145.093
internal_count=59714 49247 10467 38804 10443 5247 28442 3206 5222 2149 1856 550 1306 1057
cat_boundaries=0 1
cat_threshold=2
is_linear=0
shrinkage=0.03


Tree=9
num_leaves=15
num_cat=1
split_feature=10 10 10 10 10 4 10 2 2 0 2 12 7 5
split_gain=3468.76 638.221 231.768 54.0891 40.358 25.3098 19.8439 12.4582 10.7778 12.3316 20.1219 12.5044 12.2815 11.5913
threshold=3.5000000000000004 1.5000000000000002 6.5000000000000009 2.5000000000000004 4.5000000000000009 1.6333333333333335 9.5000000000000018 76.500000000000014 35.500000000000007 5.5000000000000009 52.500000000000007 0 41.010000000000012 0.87500000000000011
decision_type=8 10 8 10 10 10 8 8 8 2 8 1 10 10
left_child=1 5 4 8 7 -1 -4 -2 -3 11 13 12 -10 -11
right_child=2 3 6 -5 -6 -7 -8 -9 9 10 -12 -13 -14 -15
leaf_value=0.059972411604977488 -0.0044326577603929331 0.021027922251206192 -0.023238153810804615 0.010265364372734311 -0.013267493620695844 0.048926467912261185 -0.02946147599957517 0.0079075755253217844 0.043704832180101148 0.022208856275399671 0.00013939076884991736 0.024348709916556348 -0.0043489491266742427 0.092245814655973798
leaf_weight=383.18380407989025 315.35398706048727 327.54694528132677 959.71566747128963 457.36257324367762 741.58944126963615 364.07166757434607 887.62038713693619 96.056529588997364 83.503570690751076 4.8180018290877324 25.583143956959248 75.752172328531742 5.0778112262487403 3.8074704557657242
leaf_count=2522 4061 3261 14493 5221 10362 2725 13949 1161 821 48 253 749 50 38
internal_value=-0.000131141 0.0336911 -0.0196411 0.0178111 -0.009087 0.0545907 -0.0262284 -0.00155145 0.024371 0.0298863 0.0134993 0.0332975 0.0409502 0.0531247
internal_weight=4731.04 1730.71 3000.34 983.452 1153 747.255 1847.34 411.411 526.089 198.542 34.2086 164.334 88.5814 8.62547
internal_count=59714 15688 44026 10441 15584 5247 28442 5222 5220 1959 339 1620 871 86
cat_boundaries=0 1
cat_threshold=4
is_linear=0
shrinkage=0.03


Tree=10
num_leaves=15
num_cat=1
split_feature=10 10 10 10 10 4 10 12 2 5 1 7 6 5
split_gain=3236.35 562.007 228.87 48.8508 38.7603 22.2011 20.0313 14.524 12.0159 11.0741 10.5677 10.1685 10.4094 13.5478
threshold=3.5000000000000004 1.5000000000000002 6.5000000000000009 2.5000000000000004 4.5000000000000009 2.1000000000000005 9.5000000000000018 0 221.50000000000003 0.87500000000000011 56.750000000000007 37.910000000000011 0.35500000000000004 0.35000000000000003
decision_type=8 10 8 10 10 10 8 1 10 10 10 8 10 8
left_child=1 5 4 -3 8 7 -4 -1 9 -2 -5 -9 -13 -14
right_child=2 3 6 10 -6 -7 -8 11 -10 -11 -12 12 13 -15
leaf_value=0.047349082014296204 0.002073935811400968 0.023191598037146356 -0.023002489688681235 0.0086195125597065252 -0.013016941437130614 0.044336087789496478 -0.029326946186068948 0.071068371059654259 0.054586819816906648 -0.0080154515784451787 0.026311901127497529 0.060771458106567956 0.016921804010897643 0.052485223841379533
leaf_weight=156.14050035178661 243.88865998387337 536.06493294239044 940.74994613975286 428.45457112789154 733.31444670259953 278.97030733525753 865.279212821275 48.862024828791618 3.4083619564771643 163.57729218900204 32.703484855592251 178.3056987375021 10.658743813633917 100.92659103870392
leaf_count=1057 3073 5220 14493 4856 10362 2041 13949 293 37 2112 365 1103 73 680
internal_value=-0.000137059 0.0319201 -0.0193817 0.0170331 -0.00888385 0.051104 -0.0260326 0.054919 -0.00150724 -0.00197645 0.00987419 0.0584082 0.0562743 0.0490882
internal_weight=4721.3 1771.09 2950.22 997.223 1144.19 773.864 1806.03 494.894 410.874 407.466 461.158 338.753 289.891 111.585
internal_count=59714 15688 44026 10441 15584 5247 28442 3206 5222 5185 5221 2149 1856 753
cat_boundaries=0 1
cat_threshold=2
is_linear=0
shrinkage=0.03


Tree=11
num_leaves=15
num_cat=0
split_feature=10 10 10 10 10 10 6 5 1 0 6 6 2 4
split_gain=3023.81 497.928 225.922 44.2301 37.21 20.2179 20.0524 12.1618 19.0042 12.8554 16.6275 21.8707 11.399 11.3702
threshold=3.5000000000000004 1.5000000000000002 6.5000000000000009 2.5000000000000004 4.5000000000000009 9.5000000000000018 0.70500000000000018 1.3750000000000002 54.750000000000007 2.5000000000000004 1.4183333333333337 1.2050000000000003 76.500000000000014 2.3666666666666671
decision_type=8 10 8 10 10 8 10 8 10 2 10 8 8 8
left_child=1 6 4 -3 12 -4 13 -8 9 -9 11 -11 -2 -1
right_child=2 3 5 -5 -6 -7 7 8 -10 10 -12 -13 -14 -15
leaf_value=0.058245211225038167 -0.004243994048822218 0.022094110348610724 -0.022766132646255786 0.0095008681988729814 -0.01276868983520215 -0.02919275018152695 0.035673969817672575 0.064068958043103932 0.053247881563322164 0.033051608616720594 0.02247388708225748 0.093390962583254536 0.0075301322782527959 0.048228689391682442
leaf_weight=179.64533375203609 313.48465447127819 545.66146544367075 922.28191045671701 464.83073304593563 725.26781836152077 843.50834422186017 132.05907809734344 12.809843346476553 158.16778908669949 17.298699662089351 55.071550965309143 7.8641223013401023 96.871437162160873 235.96518862247467
leaf_count=1096 4061 5220 14493 5221 10362 13949 923 87 1075 121 383 55 1161 1507
internal_value=-0.000142035 0.0302943 -0.0191227 0.0163012 -0.00868394 -0.0258361 0.047994 0.0430446 0.0469192 0.036161 0.0317054 0.0519094 -0.00146451 0.0525583
internal_weight=4710.79 1809.37 2901.41 1010.49 1135.62 1765.79 798.882 383.271 251.212 93.0442 80.2344 25.1628 410.356 415.611
internal_count=59714 15688 44026 10441 15584 28442 5247 2644 1721 646 559 176 5222 2603
is_linear=0
shrinkage=0.03


Tree=12
num_leaves=15
num_cat=0
split_feature=10 10 10 10 10 10 4 2 5 8 1 7 7 4
split_gain=2828.59 443.352 222.927 40.1252 35.7098 20.4031 18.6996 10.709 10.2503 9.5726 9.5127 9.54552 26.4488 9.27935
threshold=3.5000000000000004 1.5000000000000002 6.5000000000000009 2.5000000000000004 4.5000000000000009 9.5000000000000018 1.6333333333333335 76.500000000000014 0.87500000000000011 4.5000000000000009 56.750000000000007 40.463333333333345 39.590000000000011 5.5500000000000007
decision_type=8 10 8 10 10 8 10 8 8 2 10 10 10 10
left_child=1 6 4 9 7 -4 -1 8 -2 -3 -5 12 -12 -8
right_child=2 3 5 10 -6 -7 13 -9 -10 -11 11 -13 -14 -15
leaf_value=0.049587955544941165 0.0023063073599909572 0.024044897475954868 -0.02252906039643544 0.007955352953964873 -0.012522789382277915 -0.029058777996205782 0.042236018964484506 0.007258825329658684 -0.0087187940055553723 0.015852011917981985 0.016136419072746828 -0.018644904649868586 0.086710595942877652 0.028230725647905214
leaf_weight=422.98718130588531 129.97552564740181 353.33082817494869 904.30070830509067 434.7328537106514 717.44392043352127 822.2961413860321 351.13249219954014 97.46807824075222 182.40456808358431 201.57475627958775 23.602008819580082 4.056595265865325 5.9926975518465033 48.452181041240692
leaf_count=2522 1676 3280 14493 4856 10362 13949 2381 1161 2385 1940 256 44 65 344
internal_value=-0.000146312 0.028793 -0.0188639 0.0156109 -0.00848713 -0.0256389 0.0451916 -0.00142267 -0.00413146 0.0210688 0.00914485 0.0245116 0.0304271 0.0405378
internal_weight=4699.75 1845.86 2853.89 1023.29 1127.29 1726.6 822.572 409.848 312.38 554.906 468.384 33.6513 29.5947 399.585
internal_count=59714 15688 44026 10441 15584 28442 5247 5222 4061 5220 5221 365 321 2725
is_linear=0
shrinkage=0.03


Tree=13
num_leaves=15
num_cat=0
split_feature=10 10 10 10 10 10 5 1 6 8 2 4 5 1
split_gain=2648.89 396.66 219.883 36.4781 34.2553 20.5864 17.2482 13.0806 13.7709 12.1133 10.5121 10.3421 9.7918 9.29862
threshold=3.5000000000000004 1.5000000000000002 6.5000000000000009 2.5000000000000004 4.5000000000000009 9.5000000000000018 0.15000000000000005 55.250000000000007 3.5050000000000003 1.5000000000000002 221.50000000000003 5.5500000000000007 0.87500000000000011 58.250000000000007
decision_type=8 10 8 10 10 8 10 10 10 2 10 10 10 8
left_child=1 6 4 -3 10 -4 7 8 11 -8 12 -1 -2 -11
right_child=2 3 5 -5 -6 -7 9 -9 -10 13 -12 -13 -14 -15
leaf_value=0.043085894816646354 0.0019459770628605228 0.020109049011335301 -0.0222912576751788 0.0088036976450019244 -0.012279292465664312 -0.028924917719733476 0.047387811739177076 0.050515431737584465 -0.010834422685920652 0.035897412550321237 0.049656574898035002 0.0073279823930575373 -0.007579269743549253 0.012264407599229425
leaf_weight=194.13529382646084 244.6893327459693 563.80245938897133 886.79543357715011 471.82842828333378 709.83719430863857 801.63106828927994 86.784677445888519 282.21861459314823 4.584944248199462 253.73350225389004 3.5999224856495848 7.563176065683364 161.06462129205465 15.92422606050968
leaf_count=1187 3073 5220 14493 5221 10362 13949 555 1654 30 1661 37 53 2112 107
internal_value=-0.000149912 0.0274034 -0.0186055 0.0149584 -0.00829361 -0.0254408 0.0426571 0.0463184 0.0405764 0.0376392 -0.00138226 0.0417451 -0.00183508 0.0345018
internal_weight=4688.19 1880.58 2807.62 1035.63 1119.19 1688.43 844.944 488.502 206.283 356.442 409.354 201.698 405.754 269.658
internal_count=59714 15688 44026 10441 15584 28442 5247 2924 1270 2323 5222 1240 5185 1768
is_linear=0
shrinkage=0.03


Tree=14
num_leaves=15
num_cat=1
split_feature=10 10 10 10 10 10 4 2 6 9 2 2 6 12
split_gain=2483.08 356.383 216.793 33.2127 32.8479 20.7671 15.7744 9.86484 10.4596 9.71297 9.03795 8.82543 10.3591 20.7768
threshold=3.5000000000000004 1.5000000000000002 6.5000000000000009 2.5000000000000004 4.5000000000000009 9.5000000000000018 1.6333333333333335 136.50000000000003 0.47750000000000009 1.0000000180025095e-35 219.50000000000003 35.500000000000007 0.56833333333333347 0
decision_type=8 10 8 10 10 8 10 10 10 10 10 10 10 1
left_child=1 6 4 11 7 -4 -1 8 -2 -9 -5 12 13 -3
right_child=2 3 5 10 -6 -7 -8 9 -10 -11 -12 -13 -14 -15
leaf_value=0.044283506327939946 0.0059824657533064773 0.0319873589675033 -0.022052715166205866 0.0081105651633609447 -0.012038253654422196 -0.028791064345149595 0.036182482026744511 -0.023196858946655172 -0.0050983598044043984 0.038484823288449085 0.054960356818048589 0.026567431288007509 0.013712633478425827 0.011267682338759697
leaf_weight=445.76399716734886 103.97963277995586 100.31285277754068 869.75528814643621 471.4205255061388 702.44192697107792 781.50164087116718 420.30107536911964 2.980149365961549 291.88124107569456 10.032570496201515 3.7352932766079894 116.76180686056614 278.32650456577539 76.983600579202175
leaf_count=2522 1272 899 14493 5180 10362 13949 2725 34 3802 114 41 1061 2561 699
internal_value=-0.000152873 0.0261136 -0.0183474 0.0143418 -0.00810325 -0.0252418 0.0403521 -0.00134293 -0.00218779 0.0243586 0.00847886 0.0192088 0.017323 0.0229907
internal_weight=4676.18 1913.61 2762.57 1047.54 1111.32 1651.26 866.065 408.874 395.861 13.0127 475.156 572.385 455.623 177.296
internal_count=59714 15688 44026 10441 15584 28442 5247 5222 5074 148 5221 5220 4159 1598
cat_boundaries=0 1
cat_threshold=4
is_linear=0
shrinkage=0.03


Tree=15
num_leaves=15
num_cat=0
split_feature=10 10 10 10 10 10 5 7 1 2 5 6 2 6
split_gain=2329.7 321.419 213.656 31.4849 30.2874 20.945 14.8567 14.0516 11.0717 9.25248 9.31456 8.99442 8.62732 9.1187
threshold=3.5000000000000004 1.5000000000000002 6.5000000000000009 4.5000000000000009 2.5000000000000004 9.5000000000000018 4.5000000000000009 39.190000000000012 57.250000000000007 76.500000000000014 0.87500000000000011 1.0950000000000004 125.50000000000001 0.75500000000000023
decision_type=8 10 8 10 10 8 8 8 8 8 8 8 10 10
left_child=1 6 3 9 -3 -4 8 -8 12 10 -2 -9 13 -1
right_child=2 4 5 -5 -6 -7 7 11 -10 -11 -12 -13 -14 -15
leaf_value=0.041006762403810876 0.0022564740646421051 0.018362473869650155 -0.021813424511204538 -0.011799717143782447 0.0081680367662439555 -0.028657118498896333 0.048654640559611918 0.023227236409130828 0.013479589469461855 0.0066924187565710952 -0.0082842506446186015 0.039731431029208022 0.053566834319757638 0.030709333471619946
leaf_weight=114.40546257793903 130.14406655728817 580.65139271318913 853.16963585838675 695.25286862254143 478.37801600247622 761.89637507125735 171.91552469134331 33.202565148472786 22.457780539989471 98.725010685622692 179.53740975260735 283.21277357637882 21.608963653445244 239.24910336732864
leaf_count=687 1676 5220 14493 10362 5221 13949 969 199 144 1161 2385 1611 131 1506
internal_value=-0.000155341 0.0249124 -0.0180897 -0.00791616 0.0137575 -0.0250419 0.0382449 0.0417507 0.0339404 -0.00130497 -0.0038545 0.0379996 0.0351649 0.0340405
internal_weight=4663.81 1945.08 2718.73 1103.66 1059.03 1615.07 886.052 488.331 397.721 408.406 309.681 316.415 375.264 353.655
internal_count=59714 15688 44026 15584 10441 28442 5247 2779 2468 5222 4061 1810 2324 2193
is_linear=0
shrinkage=0.03


Tree=16
num_leaves=15
num_cat=0
split_feature=10 10 10 10 10 10 4 2 5 1 7 7 6 5
split_gain=2187.55 290.885 210.479 30.1687 27.6638 21.1192 13.6995 8.90767 8.54632 8.46615 8.54334 21.8789 8.33989 8.80067
threshold=3.5000000000000004 1.5000000000000002 6.5000000000000009 4.5000000000000009 2.5000000000000004 9.5000000000000018 1.6333333333333335 221.50000000000003 0.87500000000000011 56.750000000000007 40.463333333333345 39.590000000000011 4.0708333333333337 5.5000000000000009
decision_type=8 10 8 10 10 8 10 10 10 10 10 10 10 10
left_child=1 6 3 7 -3 -4 -1 8 -2 12 11 -11 -6 -14
right_child=2 4 5 -5 9 -7 -8 -9 -10 10 -12 -13 13 -15
leaf_value=0.039894887244815422 0.001805823804272578 0.017566597406672543 -0.021573392016623002 -0.011563737011480143 0.0059478703825410076 -0.028522974686253123 0.032509287081872153 0.044240633284929158 -0.007129325178146931 0.014386972404968718 -0.018742490470943316 0.076158777126894034 0.044534681019654729 -0.00031148666239620086
leaf_weight=465.84218196570873 245.57238814234734 588.62491188943386 837.02794853970408 688.26469226181507 429.74905733764172 742.80394272133708 439.08610044419765 3.8346143811941138 158.54102805256844 24.390970587730411 4.0773800611495963 6.545233041048049 10.390105672180654 6.3422823026776305
leaf_count=2522 3073 5220 14493 10362 4674 13949 2725 37 2112 256 44 65 113 69
internal_value=-0.000157289 0.0237913 -0.0178325 -0.00773216 0.0132041 -0.0248409 0.0363113 -0.00126777 -0.0016996 0.00787091 0.0220763 0.0274562 0.00675691 0.0275361
internal_weight=4651.09 1975.05 2676.04 1096.21 1070.12 1579.83 904.928 407.948 404.113 481.495 35.0136 30.9362 446.481 16.7324
internal_count=59714 15688 44026 15584 10441 28442 5247 5222 5185 5221 365 321 4856 182
is_linear=0
shrinkage=0.03


Tree=17
num_leaves=15
num_cat=0
split_feature=10 10 10 10 10 10 6 6 0 1 7 4 2 7
split_gain=2055.54 264.086 207.26 28.8972 25.3105 21.2895 12.9584 18.2172 10.7042 9.46525 11.6811 9.07193 8.89271 8.75198
threshold=3.5000000000000004 1.5000000000000002 6.5000000000000009 4.5000000000000009 2.5000000000000004 9.5000000000000018 0.75500000000000023 0.995 5.5000000000000009 55.250000000000007 37.910000000000011 2.3666666666666671 47.500000000000007 37.610000000000014
decision_type=8 10 8 10 10 8 10 10 2 10 10 8 10 8
left_child=1 6 3 -2 -3 -4 8 -8 11 -9 -11 -1 -12 -10
right_child=2 4 5 -5 -6 -7 7 9 13 10 12 -13 -14 -15
leaf_value=0.044377476244772299 -0.0012315697476124273 0.016816523944893781 -0.02133261669186284 -0.011330360315148037 0.0075852914258983349 -0.028388537616530707 0.011262440179225361 0.027312463063414626 0.051211411044817919 0.057323931606584187 0.031538600356606897 0.035656774317772692 0.049571562591454919 0.02306745848550781
leaf_weight=193.61752218008041 407.50196003168821 596.31284599006176 821.31991397961974 681.47222529351711 484.51127555221319 724.21311958134174 39.745527312159538 166.39810061454773 11.744410037994383 22.524462938308716 153.59401269257069 240.98118570446968 29.308046758174896 64.883434027433395
leaf_count=1024 5222 5220 14493 10362 5221 13949 245 1011 62 124 918 1329 172 362
internal_value=-0.000158861 0.0227421 -0.0175758 -0.00755132 0.0126784 -0.0246389 0.0345293 0.0305672 0.0377191 0.0326308 0.0369386 0.0395419 0.0344282 0.027381
internal_weight=4638.13 2003.62 2634.51 1088.97 1080.82 1545.53 922.797 411.57 511.227 371.825 205.427 434.599 182.902 76.6278
internal_count=59714 15688 44026 15584 10441 28442 5247 2470 2777 2225 1214 2353 1090 424
is_linear=0
shrinkage=0.03


Tree=18
num_leaves=15
num_cat=1
split_feature=10 10 10 10 10 10 5 12 4 2 1 2 6 9
split_gain=1932.79 240.473 204.012 27.6729 23.1824 21.4552 12.259 12.9636 10.8612 9.96931 9.37463 8.56136 9.21526 8.72849
threshold=3.5000000000000004 1.5000000000000002 6.5000000000000009 4.5000000000000009 2.5000000000000004 9.5000000000000018 4.5000000000000009 0 1.1000000000000003 58.500000000000007 57.250000000000007 136.50000000000003 0.47750000000000009 1.0000000180025095e-35
decision_type=8 10 8 10 10 8 8 1 8 10 8 10 10 10
left_child=1 6 3 11 -3 -4 10 8 9 -8 -1 12 -2 -13
right_child=2 4 5 -5 -6 -7 7 -9 -10 -11 -12 13 -14 -15
leaf_value=0.030171206996508475 0.0056165617590994013 0.016108620374000279 -0.021091112520527189 -0.011099626323229465 0.0073129743660182893 -0.028253715665373668 0.054525382147061034 0.029985001169730262 0.036504757812197558 0.028193633363166517 0.010667998490776872 -0.023128376856948046 -0.004766205855355774 0.035192298623321211
leaf_weight=397.88902102410793 104.87740859389305 603.72668035328388 806.03521996736526 674.87029512226582 487.43130034208298 706.11268141120672 64.505359351634979 199.84408976137638 237.69813632965088 16.187851831316948 23.490710467100143 2.9621766582131359 288.76300788670778 10.483704291284084
leaf_count=2324 1272 5220 14493 10362 5221 13949 315 1111 1274 79 144 34 3802 114
internal_value=-0.00015999 0.0217593 -0.0173193 -0.00737333 0.0121795 -0.0244358 0.0328841 0.035974 0.0397331 0.049243 0.029084 -0.00119586 -0.00199993 0.022344
internal_weight=4624.88 2030.77 2594.1 1081.96 1091.16 1512.15 939.615 518.235 318.391 80.6932 421.38 407.086 393.64 13.4459
internal_count=59714 15688 44026 15584 10441 28442 5247 2779 1668 394 2468 5222 5074 148
cat_boundaries=0 1
cat_threshold=4
is_linear=0
shrinkage=0.03


Tree=19
num_leaves=15
num_cat=0
split_feature=10 10 10 10 10 10 4 2 5 2 6 1 4 8
split_gain=1818.47 219.547 200.715 26.486 21.6159 21.2603 11.3592 7.99837 8.47144 7.80365 8.42433 8.91786 8.18167 7.72582
threshold=3.5000000000000004 1.5000000000000002 6.5000000000000009 4.5000000000000009 9.5000000000000018 2.5000000000000004 1.9000000000000001 76.500000000000014 0.87500000000000011 219.50000000000003 0.40500000000000008 56.750000000000007 2.3666666666666671 4.5000000000000009
decision_type=8 10 8 10 8 10 10 8 8 10 8 10 8 2
left_child=1 6 3 7 -4 13 -1 8 -2 10 -7 -12 -13 -3
right_child=2 5 4 -5 -6 9 -8 -9 -10 -11 11 12 -14 -15
leaf_value=0.034328609838393545 0.0022457395626408398 0.017979323942626309 -0.020848894525328693 -0.010871584840036983 -0.028118417419955771 -0.0069863605492825488 0.02775632886671852 0.0062156527880941745 -0.0078398713945229664 0.048776493832348104 0.0066475966806254193 0.056998000905880267 0.016321595213080388 0.010957835212356498
leaf_weight=523.64704741537571 130.17992189526558 389.92141041904688 791.16387823596597 668.45403796434402 688.49161182716489 37.322167448699474 431.87549617886543 99.799391038715839 176.68391396850348 4.0012878626584998 415.48841927945614 5.2857423871755591 28.160600781440735 220.95594287663698
leaf_count=2701 1676 3280 14493 10362 13949 398 2546 1161 2385 41 4443 53 286 1940
internal_value=-0.000160786 0.0208359 -0.0170637 -0.0071989 -0.0242314 0.0117052 0.0313581 -0.00116192 -0.00356128 0.00705205 0.00670871 0.00784725 0.02275 0.0154396
internal_weight=4611.43 2056.66 2554.77 1075.12 1479.66 1101.14 955.523 406.663 306.864 490.258 486.257 448.935 33.4463 610.877
internal_count=59714 15688 44026 15584 28442 10441 5247 5222 4061 5221 5180 4782 339 5220
is_linear=0
shrinkage=0.03


Tree=20
num_leaves=15
num_cat=0
split_feature=10 10 10 10 10 10 6 5 1 0 6 6 2 6
split_gain=1711.78 200.878 197.386 25.3422 21.7711 19.5248 10.9693 7.88313 12.1985 9.21229 12.464 15.6219 7.73844 8.35719
threshold=3.5000000000000004 1.5000000000000002 6.5000000000000009 4.5000000000000009 9.5000000000000018 2.5000000000000004 0.70500000000000018 1.3750000000000002 54.750000000000007 2.5000000000000004 1.4183333333333337 1.2050000000000003 136.50000000000003 0.55500000000000027
decision_type=8 10 8 10 8 10 10 8 10 2 10 10 10 10
left_child=1 6 3 12 -4 -3 -1 -8 9 -9 11 -11 13 -2
right_child=2 5 4 -5 -6 -7 7 8 -10 10 -12 -13 -14 -15
leaf_value=0.03299119002553328 0.0047572849613894495 0.014806832641802341 -0.020605982372013731 -0.010646272212956177 -0.027982549048984 0.0068012580988684353 0.021188022489574462 0.042868930798985024 0.033983924494521631 0.019188031610970921 0.010718167524889405 0.065173073675577245 0.020990061308198235 -0.0047806554243610333
leaf_weight=506.10367511212826 118.387661062181 617.76236883550882 776.69590051844716 662.21851283311844 671.33899837359786 492.99188638478518 158.94242353737354 15.680784761905668 193.61074782907963 20.771533548831943 65.768302485346794 9.7789817750453931 13.75363154709339 274.10891357064247
leaf_count=2603 1437 5220 14493 10362 13949 5221 923 87 1075 121 383 55 148 3637
internal_value=-0.000161303 0.019966 -0.0168087 -0.00702752 -0.0240259 0.0112537 0.0299357 0.026607 0.0294253 0.0215449 0.0180734 0.0339075 -0.00112868 -0.00190375
internal_weight=4597.91 2081.41 2516.5 1068.47 1448.03 1110.75 970.656 464.553 305.61 112 96.3188 30.5505 406.25 392.497
internal_count=59714 15688 44026 15584 28442 10441 5247 2644 1721 646 559 176 5222 5074
is_linear=0
shrinkage=0.03


Tree=21
num_leaves=15
num_cat=0
split_feature=10 10 10 10 10 10 4 6 6 6 5 6 0 2
split_gain=1612.14 194.025 184.2 24.2393 21.9202 17.9475 10.5755 9.70444 9.2843 16.099 9.8641 10.6942 8.4872 8.5371
threshold=3.5000000000000004 6.5000000000000009 1.5000000000000002 4.5000000000000009 9.5000000000000018 2.5000000000000004 5.5500000000000007 3.5050000000000003 0.75500000000000023 0.87750000000000006 0.15000000000000005 3.6550000000000007 5.5000000000000009 38.500000000000007
decision_type=8 8 10 10 8 10 10 8 10 10 10 10 2 8
left_child=2 3 6 -2 -3 -4 8 -8 12 -10 11 -11 13 -1
right_child=1 4 5 -5 -6 -7 7 -9 9 10 -12 -13 -14 -15
leaf_value=0.037988997428869381 -0.0010963583551856539 -0.020362398858043741 0.014207190206001299 -0.010423726644971302 -0.027846028660281269 0.006561408328311133 0.011976284067224513 0.052752510258472995 0.0019028825198844307 0.037799824532552123 0.024226139101166808 0.0060292721250381981 0.02284616134490083 0.029723238025990945
leaf_weight=209.7920928299427 405.84776495397091 762.62162249162793 624.41721566021442 656.15893314778805 654.644032523036 495.64132571965456 51.644130423665047 5.8476880192756644 23.633372768759727 102.39720432460308 260.67559024691582 10.51455284655094 78.058904573321342 242.38624964654446
leaf_count=1067 5222 14493 5220 10362 13949 5221 312 32 137 558 1464 58 404 1215
internal_value=-0.00016154 -0.0165543 0.0191458 -0.00685926 -0.0238191 0.0108238 0.0286093 0.0161238 0.0293833 0.0259154 0.0274344 0.0348413 0.0319812 0.0335582
internal_weight=4584.28 2479.27 2105.01 1062.01 1417.27 1120.06 984.95 57.4918 927.458 397.221 373.587 112.912 530.237 452.178
internal_count=59714 44026 15688 15584 28442 10441 5247 344 4903 2217 2080 616 2686 2282
is_linear=0
shrinkage=0.03


Tree=22
num_leaves=15
num_cat=1
split_feature=10 10 10 10 10 10 4 2 6 12 1 6 0 7
split_gain=1518.97 190.644 169.263 23.1797 22.0629 16.5151 9.82252 7.30454 8.39511 17.1515 9.22932 7.90066 7.664 11.2123
threshold=3.5000000000000004 6.5000000000000009 1.5000000000000002 4.5000000000000009 9.5000000000000018 2.5000000000000004 1.6333333333333335 35.500000000000007 0.56833333333333347 0 53.500000000000007 0.10500000000000002 3.5000000000000004 40.763333333333343
decision_type=8 8 10 10 8 10 10 10 10 1 8 8 2 8
left_child=2 3 6 -2 -3 7 -1 8 9 -4 -10 -11 13 -9
right_child=1 4 5 -5 -6 -7 -8 12 10 11 -12 -13 -14 -15
leaf_value=0.030263823313783165 -0.0010644487611494507 -0.020118178606236513 0.024561158451031854 -0.010203987185587267 -0.027708770337025006 0.006331286896990319 0.024310340780771992 0.038660176157243278 0.047519097813724577 -0.029158419807949736 0.0081847732300079634 0.0089949806322945618 0.014921592978903678 0.0011148073589861919
leaf_weight=513.11297336220741 405.47904535382986 748.93132584169507 111.62510067969561 650.27074393630028 638.39611360430717 498.20667558908463 485.32225826382637 32.962064556777477 5.4665452390909186 5.2055111974477759 299.93638774007559 79.2632846981287 87.235427804291248 9.1444995552301389
leaf_count=2522 5222 14493 899 10362 13949 5221 2725 267 46 43 2515 656 719 75
internal_value=-0.000161504 -0.0163005 0.0183715 -0.00669379 -0.0236111 0.0104141 0.0273699 0.0136385 0.0119991 0.0168431 0.00888884 0.00664372 0.0199951 0.0305063
internal_weight=4570.56 2443.08 2127.48 1055.75 1387.33 1129.05 998.435 630.839 501.497 196.094 305.403 84.4688 129.342 42.1066
internal_count=59714 44026 15688 15584 28442 10441 5247 5220 4159 1598 2561 699 1061 342
cat_boundaries=0 1
cat_threshold=4
is_linear=0
shrinkage=0.03


Tree=23
num_leaves=15
num_cat=0
split_feature=10 10 10 10 10 10 4 6 1 6 7 7 6 2
split_gain=1431.72 187.235 155.805 22.1986 22.1588 15.209 9.40725 8.66667 8.66216 13.7356 15.2458 11.9887 9.57959 12.096
threshold=3.5000000000000004 6.5000000000000009 1.5000000000000002 9.5000000000000018 4.5000000000000009 2.5000000000000004 5.5500000000000007 3.5050000000000003 55.250000000000007 2.0550000000000002 41.190000000000012 38.110000000000014 1.4183333333333337 38.500000000000007
decision_type=8 8 10 8 10 10 10 8 10 8 10 8 10 8
left_child=2 4 6 -3 -2 -4 8 -8 12 -10 11 -11 13 -1
right_child=1 3 5 -5 -6 -7 7 -9 9 10 -12 -13 -14 -15
leaf_value=0.032415494385535086 -0.0010334416799245394 -0.019873352148602422 0.013097968279978257 -0.027570695283556677 -0.0099870878198542908 0.00611040945246234 0.010652030036482553 0.048482888799489081 0.024678755198173658 0.048695539948737737 0.072559517765336506 0.030270109044383084 0.016150455673716483 0.020374407516170367
leaf_weight=151.28480459749699 405.12129276990891 735.61567018926144 637.02046689391136 622.58469291031361 644.54939022660255 500.69071917235851 52.731109797954559 6.0783019214868537 272.32822392880917 37.094563409686089 9.0319142490625364 221.9122422337532 111.7428725361824 149.0713522285223
leaf_count=796 5222 14493 5220 13949 10362 5221 312 32 1430 172 48 1087 618 752
internal_value=-0.000161288 -0.0160474 0.0176386 -0.0234017 -0.00653142 0.0100228 0.0262065 0.0145621 0.0269255 0.0294239 0.034245 0.032909 0.0236494 0.0264393
internal_weight=4556.86 2407.87 2148.99 1358.2 1049.67 1137.71 1011.28 58.8094 952.466 540.367 268.039 259.007 412.099 300.356
internal_count=59714 44026 15688 28442 15584 10441 5247 344 4903 2737 1307 1259 2166 1548
is_linear=0
shrinkage=0.03


Tree=24
num_leaves=15
num_cat=1
split_feature=10 10 10 10 10 8 2 2 12 4 0 7 4 5
split_gain=1350 183.802 143.677 22.3268 21.1756 14.1419 13.5085 11.3057 11.0531 8.96879 8.76689 12.9244 17.621 8.76672
threshold=3.5000000000000004 6.5000000000000009 1.5000000000000002 9.5000000000000018 4.5000000000000009 4.5000000000000009 40.500000000000007 42.500000000000007 0 1.6333333333333335 3.5000000000000004 40.763333333333343 6.4500000000000011 0.35000000000000003
decision_type=8 8 10 8 10 2 10 10 1 10 2 10 10 10
left_child=2 4 9 -3 -2 6 8 -8 -4 -1 11 12 13 -10
right_child=1 3 5 -5 -6 -7 7 -9 10 -11 -12 -13 -14 -15
leaf_value=0.027849599746004171 -0.0010033114344037521 -0.019627956170143103 0.0055489875834130713 -0.027431719018914464 -0.0097730572937426916 0.0054654826069031985 0.060010008251472485 0.01962893576181949 0.015886048161236642 0.02223054442198957 0.0098398825739242808 0.00067218964359779681 0.080426614903185228 0.033575534199878798
leaf_weight=525.39325977861881 404.77420604228973 722.66536914557219 238.69030019640923 607.1994815543294 638.99035564810038 444.81102228164673 6.6573820933699599 99.529422096908092 83.601256616413593 497.95210428535938 204.68071366846561 27.322033949196339 4.7020096257328978 36.103328570723534
leaf_count=2522 5222 14493 2179 13949 10362 4151 59 881 732 2725 1826 248 43 322
internal_value=-0.000160822 -0.0157952 0.0169451 -0.0231911 -0.00637213 0.0096498 0.0123038 0.0221606 0.010545 0.0251154 0.0138909 0.0193557 0.023459 0.0212213
internal_weight=4543.07 2373.63 2169.44 1329.86 1043.76 1146.1 701.286 106.187 595.1 1023.35 356.409 151.729 124.407 119.705
internal_count=59714 44026 15688 28442 15584 10441 6290 940 5350 5247 3171 1345 1097 1054
cat_boundaries=0 1
cat_threshold=2
is_linear=0
shrinkage=0.03


Tree=25
num_leaves=15
num_cat=1
split_feature=10 10 10 10 2 10 10 10 5 3 6 9 8 12
split_gain=1275.61 210.628 93.7597 38.1859 13.3098 10.8922 10.7098 10.6583 8.56706 8.76539 12.2112 11.4931 8.47074 8.00664
threshold=4.5000000000000009 1.5000000000000002 7.5000000000000009 2.5000000000000004 219.50000000000003 3.5000000000000004 9.5000000000000018 5.5000000000000009 0.15000000000000005 1.5000000000000002 3.3354166666666671 1.0000000180025095e-35 1.5000000000000002 0
decision_type=8 10 8 10 10 10 8 10 10 8 10 10 2 1
left_child=1 8 7 -3 5 -5 -4 -2 9 10 11 -1 -10 -11
right_child=2 3 6 4 -6 -7 -8 -9 12 13 -12 -13 -14 -15
leaf_value=0.012112100535372722 -0.0069805165050401893 0.012198244294405428 -0.021201126443890338 0.0052595130121287801 0.040073635325168548 -0.001373892286363641 -0.02729177216692296 -0.013847497017016775 0.028235892734246301 0.027322100869406129 -0.011226846582523309 0.034300493603322282 0.018506219801135253 0.018318831234771984
leaf_weight=23.398578450083733 318.87360425665975 647.54613717645407 462.94512506574392 502.47301792353392 8.4824457690119726 400.24433851242065 592.23024261370301 561.8418858088553 106.6114826053381 209.21405579149723 6.0262527316808692 205.82854136824608 329.20659871399403 154.58217798173428
leaf_count=113 5215 5220 9449 5180 79 5184 13949 10191 555 1013 31 981 1768 786
internal_value=-0.000160264 0.0135942 -0.0185878 0.00662823 0.00266988 0.00231841 -0.0246196 -0.0113612 0.0240865 0.0264147 0.0309274 0.0320356 0.0208863 0.0234965
internal_weight=4529.5 2593.61 1935.89 1558.75 911.2 902.717 1055.18 880.715 1034.87 599.05 235.253 229.227 435.818 363.796
internal_count=59714 20910 38804 15663 10443 10364 23398 15406 5247 2924 1125 1094 2323 1799
cat_boundaries=0 1
cat_threshold=4
is_linear=0
shrinkage=0.03


Tree=26
num_leaves=15
num_cat=0
split_feature=10 10 10 10 2 10 10 10 4 7 1 6 1 1
split_gain=1208.73 194.772 92.8273 35.3821 12.0943 10.806 10.3246 10.1979 8.24748 8.11606 12.2629 7.68309 7.85501 7.59897
threshold=4.5000000000000009 1.5000000000000002 7.5000000000000009 2.5000000000000004 219.50000000000003 9.5000000000000018 5.5000000000000009 3.5000000000000004 5.5500000000000007 39.963333333333345 56.250000000000007 0.40500000000000008 56.750000000000007 55.250000000000007
decision_type=8 10 8 10 10 8 10 10 10 10 8 8 10 10
left_child=1 8 6 -3 7 -4 -2 11 13 10 -10 -5 -13 -1
right_child=2 3 5 4 -6 -7 -8 -9 9 -11 -12 12 -14 -15
leaf_value=0.020760708958797849 -0.0068129649146880236 0.01172900632665669 -0.020966371845667228 -0.0078258923154026772 0.037702370659410782 -0.02715077331818927 -0.013599692056456433 -0.001334220002323528 -0.0078216636132278621 0.023787888168694434 0.038096629132423773 0.0050305515338048366 0.019781925283413986 0.026079367972070572
leaf_weight=426.01979832351208 316.9438817165792 653.16117545217276 454.21750020980835 38.355910018086433 8.7413498312234861 577.66699898615479 555.02138473466039 399.78786397725344 24.897361710667614 29.176616951823235 6.6278017759323111 431.050697311759 35.136308312416077 558.98964308202267
leaf_count=2166 5215 5220 9449 398 79 13949 10191 5184 140 166 38 4443 339 2737
internal_value=-0.000159453 0.0130917 -0.0183391 0.00639778 0.00258411 -0.0244285 -0.0111328 0.00224466 0.0231176 0.0123853 0.00183213 0.00508047 0.00614236 0.023779
internal_weight=4515.79 2611.94 1903.85 1566.23 913.072 1031.88 871.965 904.331 1045.71 60.7018 31.5252 504.543 466.187 985.009
internal_count=59714 20910 38804 15663 10443 23398 15406 10364 5247 344 178 5180 4782 4903
is_linear=0
shrinkage=0.03


Tree=27
num_leaves=15
num_cat=0
split_feature=10 10 10 10 0 2 10 10 6 10 5 6 6 7
split_gain=1145.55 180.277 91.8583 32.8058 11.1641 13.0904 10.8987 9.99606 8.11012 7.82619 7.54604 6.54972 7.22449 6.70408
threshold=4.5000000000000009 1.5000000000000002 7.5000000000000009 2.5000000000000004 6.5000000000000009 219.50000000000003 9.5000000000000018 5.5000000000000009 0.70500000000000018 3.5000000000000004 0.87500000000000011 0.995 0.75500000000000023 37.910000000000011
decision_type=8 10 8 10 2 10 8 10 10 10 8 10 10 10
left_child=1 8 7 -3 5 9 -4 -2 -1 -5 -7 12 -10 -13
right_child=2 3 6 4 -6 10 -8 -9 11 -11 -12 13 -14 -15
leaf_value=0.024723437984278045 -0.0066484901736606414 0.011282026057656148 -0.020730675615590513 0.0057738844171857737 -0.007792135920696372 0.0077591541601161685 -0.027008657640925207 -0.013353636694238009 0.021870217273088965 -0.00013131995158535004 0.065480288891101052 0.031797858056620026 0.0036237390877560012 0.019632460486833064
leaf_weight=549.61426740884781 315.06993521004915 658.58296958357096 445.72937797755003 461.26468136161566 85.926214702427387 3.5440196320414517 563.49982553347945 548.39226783066988 34.540810704231262 359.34159949421883 4.7981679961085328 45.648872882127762 44.937200725078583 381.36733934283257
leaf_count=2603 5215 5220 9449 4719 989 31 13949 10191 174 4662 42 226 245 1999
internal_value=-0.000158521 0.0126119 -0.0180902 0.00617645 0.00250115 0.00356812 -0.024236 -0.010907 0.0221997 0.00318801 0.0409586 0.0194612 0.0115536 0.020933
internal_weight=4502.26 2629.57 1872.69 1573.46 914.875 828.948 1009.23 863.462 1056.11 820.606 8.34219 506.494 79.478 427.016
internal_count=59714 20910 38804 15663 10443 9454 23398 15406 5247 9381 73 2644 419 2225
is_linear=0
shrinkage=0.03


Tree=28
num_leaves=15
num_cat=0
split_feature=10 10 10 10 10 0 2 10 4 10 5 7 2 7
split_gain=1085.86 167.07 90.8534 30.4361 10.9876 10.5201 11.8741 9.67298 7.81035 7.3121 6.51917 6.48847 8.38613 7.08986
threshold=4.5000000000000009 1.5000000000000002 7.5000000000000009 2.5000000000000004 9.5000000000000018 6.5000000000000009 219.50000000000003 5.5000000000000009 1.6333333333333335 3.5000000000000004 0.87500000000000011 39.110000000000014 119.50000000000001 39.745000000000012
decision_type=8 10 8 10 8 2 10 10 10 10 8 8 10 8
left_child=1 8 7 -3 -4 6 9 -2 11 -5 -8 -1 13 -13
right_child=2 3 4 5 -6 -7 10 -9 -10 -11 -12 12 -14 -15
leaf_value=0.028443819577260072 -0.0064870803449786699 0.010855913841572279 -0.020494062942113311 0.0055751231797062832 -0.026865352874651582 -0.007606613204465415 0.0074829152594267211 -0.013109398875282745 0.018702127235166458 -0.00012739489448917605 0.060510801874271221 0.010981750376032438 0.049644625687667754 0.022619429971058289
leaf_weight=183.07368436455727 313.25021054595709 663.81886970251799 437.47480952367187 463.34575784951448 549.71905693784356 85.389531031250954 3.564290210604665 541.94952148944139 520.10845297574997 359.30239669978619 5.0326643586158761 55.980943396687508 9.2945285439491254 297.44059729576111
leaf_count=831 5215 5220 9449 4719 13949 989 31 10191 2725 4662 42 262 43 1386
internal_value=-0.000157437 0.0121541 -0.0178413 0.00596378 -0.0240419 0.00242094 0.00345101 -0.0106837 0.0213328 0.00308447 0.0385255 0.0238397 0.0215158 0.0207761
internal_weight=4488.75 2646.35 1842.39 1580.45 987.194 916.635 831.245 855.2 1065.9 822.648 8.59695 545.79 362.716 353.422
internal_count=59714 20910 38804 15663 23398 10443 9454 15406 5247 9381 73 2522 1691 1648
is_linear=0
shrinkage=0.03


Tree=29
num_leaves=15
num_cat=1
split_feature=10 10 10 10 10 0 2 10 12 6 7 10 6 7
split_gain=1029.43 154.993 89.8134 28.2534 11.0726 9.91338 10.8007 9.3555 7.52788 10.0523 9.75857 6.83347 6.19331 8.12298
threshold=4.5000000000000009 1.5000000000000002 7.5000000000000009 2.5000000000000004 9.5000000000000018 6.5000000000000009 219.50000000000003 5.5000000000000009 0 2.4275000000000007 39.190000000000012 3.5000000000000004 0.40500000000000008 38.210000000000015
decision_type=8 10 8 10 8 2 10 10 1 8 8 10 8 10
left_child=1 8 7 -3 -4 6 11 -2 -1 -10 -11 12 13 -5
right_child=2 3 4 5 -6 -7 -8 -9 9 10 -12 -13 -14 -15
leaf_value=0.017010161737727129 -0.0063287155709907698 0.010449393099790146 -0.020256568732797742 0.022429390976307466 -0.026720791779419006 -0.0074244587273544415 0.036324899750492183 -0.012867048596682794 0.018938434751344855 0.03363190449989463 0.022613056122887953 -0.00012358674704671623 0.0063795101444062696 -0.013719704730005831
leaf_weight=364.99444319307804 311.48321181535721 668.87586523592472 429.44795160368085 6.9549485668539992 536.31518377363682 84.867988795042038 8.8386411443352682 535.68826440349221 375.15231697261333 105.66101598739624 229.35309834778309 359.26438462734222 429.80527474731207 28.600989691913128
leaf_count=1840 5215 5220 9449 72 13949 989 73 10191 1870 476 1061 4662 4351 296
internal_value=-0.000156213 0.0117169 -0.0175924 0.00575946 -0.0238463 0.0023435 0.00333812 -0.0104631 0.0205117 0.0223113 0.0260883 0.00298456 0.00538409 -0.00664873
internal_weight=4475.3 2662.37 1812.93 1587.21 965.763 918.332 833.464 847.171 1075.16 710.166 335.014 824.626 465.361 35.5559
internal_count=59714 20910 38804 15663 23398 10443 9454 15406 5247 3407 1537 9381 4719 368
cat_boundaries=0 1
cat_threshold=2
is_linear=0
shrinkage=0.03


Tree=30
num_leaves=15
num_cat=0
split_feature=10 10 10 10 10 0 2 10 0 1 9 4 2 6
split_gain=976.067 143.929 88.7394 26.242 11.1534 9.3416 9.84963 9.04378 7.29301 9.73149 8.9767 8.66644 7.59815 8.93516
threshold=4.5000000000000009 1.5000000000000002 7.5000000000000009 2.5000000000000004 9.5000000000000018 6.5000000000000009 219.50000000000003 5.5000000000000009 4.5000000000000009 55.250000000000007 1.0000000180025095e-35 1.7750000000000001 41.500000000000007 1.1683333333333337
decision_type=8 10 8 10 8 2 10 10 2 10 8 8 10 10
left_child=1 8 7 -3 -4 6 -5 -2 9 -1 -11 -10 -12 -14
right_child=2 3 4 5 -6 -7 -8 -9 11 10 12 -13 13 -15
leaf_value=0.017749446314412977 -0.0061733812007205204 0.010061290065029685 -0.020018228070548229 0.0028879416716233721 -0.026574909016190768 -0.0072456586859340148 0.034321209351041146 -0.012626652282225419 0.023114582576668142 0.011296778254706577 0.024407468789876478 0.012872944147102289 0.027673771506196362 0.054432063941594618
leaf_weight=347.30133765935898 309.76746253669262 673.7606360539794 421.642996173352 826.5410061404109 523.27885250747204 84.361190013587475 9.0703365877270681 529.60371036827564 108.87428316473961 40.676380410790443 303.328364610672 234.57533296942711 31.814850106835365 17.359486043453217
leaf_count=1704 5215 5220 9449 9381 13949 989 73 10191 499 200 1420 1192 147 85
internal_value=-0.000154889 0.011299 -0.0173436 0.00556301 -0.0236492 0.00226861 0.00322914 -0.0102451 0.0197328 0.0214087 0.024641 0.0161196 0.0261809 0.03712
internal_weight=4461.96 2677.66 1784.29 1593.73 944.922 919.973 835.611 839.371 1083.93 740.48 393.179 343.45 352.503 49.1743
internal_count=59714 20910 38804 15663 23398 10443 9454 15406 5247 3556 1852 1691 1652 232
is_linear=0
shrinkage=0.03


Tree=31
num_leaves=15
num_cat=0
split_feature=10 10 10 10 10 0 2 10 6 10 6 2 2 6
split_gain=925.558 133.758 87.6322 24.3862 11.2298 8.80301 9.00022 8.73796 7.28645 6.3731 6.07175 6.12579 6.46677 6.80854
threshold=4.5000000000000009 1.5000000000000002 7.5000000000000009 2.5000000000000004 9.5000000000000018 6.5000000000000009 219.50000000000003 5.5000000000000009 0.70500000000000018 3.5000000000000004 0.55500000000000027 18.500000000000004 15.500000000000002 0.40500000000000008
decision_type=8 10 8 10 8 2 10 10 10 10 10 8 10 8
left_child=1 8 7 -3 -4 6 9 -2 -1 -5 11 12 13 -11
right_child=2 3 4 5 -6 -7 -8 -9 -10 10 -12 -13 -14 -15
leaf_value=0.021349085743701358 -0.0060210625299016215 0.0096905218787199082 -0.019779079872960334 0.0051018947749983112 -0.026427646226267372 -0.0070701962922312678 0.03248504175290113 -0.012388275119432263 0.016444905861103334 -0.012429649101503145 -0.0028072311924094567 0.003282748531862298 0.063418654697990462 0.043405395681955561
leaf_weight=567.28430566191673 308.10150565579534 678.47961908578873 414.05434639006853 468.36278207600117 510.60086549818516 83.868741855025291 9.2920262739062292 523.69114949181676 525.00285124778748 4.4115539565682393 249.05478873103857 99.960851714015007 3.1180379018187523 3.5449977442622185
leaf_count=2603 5215 5220 9449 4719 13949 989 73 10191 2644 56 3317 1203 40 46
internal_value=-0.000153452 0.0108988 -0.0170949 0.00537407 -0.0234505 0.00219636 0.00312405 -0.0100298 0.0189919 0.00279474 -0.000206138 0.00562817 0.0267983 0.0124473
internal_weight=4448.83 2692.38 1756.45 1600.09 924.655 921.614 837.745 831.793 1092.29 828.453 360.09 111.035 11.0746 7.95655
internal_count=59714 20910 38804 15663 23398 10443 9454 15406 5247 9381 4662 1345 142 102
is_linear=0
shrinkage=0.03


Tree=32
num_leaves=15
num_cat=0
split_feature=10 10 10 10 10 10 0 2 4 6 5 1 7 10
split_gain=877.744 124.396 86.4932 22.6737 11.3016 8.4382 8.29513 8.23918 6.99638 7.27367 6.56122 9.9884 8.18928 5.96188
threshold=4.5000000000000009 1.5000000000000002 7.5000000000000009 2.5000000000000004 9.5000000000000018 5.5000000000000009 6.5000000000000009 219.50000000000003 5.5500000000000007 3.5050000000000003 4.5000000000000009 51.500000000000007 39.190000000000012 3.5000000000000004
decision_type=8 10 8 10 8 10 2 10 10 8 8 10 8 10
left_child=1 8 5 -3 -4 -2 7 13 10 -10 11 -1 -12 -5
right_child=2 3 4 6 -6 -7 -8 -9 9 -11 12 -13 -14 -15
leaf_value=-0.0043148668004287464 -0.0058717309448773 0.0093360927867250903 -0.019539168232601361 0.004928985398691319 -0.026278938668706571 -0.012151980800646738 -0.006898049071398407 0.030796130921957248 0.0052257060091611459 0.038340744703735989 0.025729467925313942 0.017120797317284532 0.01834023568548012 -0.00020079103280583335
leaf_weight=20.507352247834206 306.483961828053 683.0389269143343 406.67651101201773 470.22029586136341 498.27218099683523 517.94606093689799 83.390265211462975 9.5042164325714094 57.431757688522339 6.662073850631713 208.97888144850731 425.44184610247612 381.24497570097446 360.02639948576689
leaf_count=106 5215 5220 9449 4719 13949 10191 989 73 312 32 947 2096 1754 4662
internal_value=-0.000151955 0.0105156 -0.0168464 0.00519232 -0.0232501 -0.00981728 0.00212631 0.00302246 0.0182865 0.00866777 0.0188815 0.0161351 0.0209565 0.00270452
internal_weight=4435.83 2706.45 1729.38 1606.18 904.949 824.43 923.141 839.751 1100.27 64.0938 1036.17 445.949 590.224 830.247
internal_count=59714 20910 38804 15663 23398 15406 10443 9454 5247 344 4903 2202 2701 9381
is_linear=0
shrinkage=0.03


Tree=33
num_leaves=15
num_cat=1
split_feature=10 10 10 10 8 10 2 2 12 10 6 0 7 4
split_gain=832.484 115.799 85.3235 21.1007 11.8817 11.3685 11.1303 9.65557 9.56845 8.1446 8.06167 7.31667 11.0649 14.5267
threshold=4.5000000000000009 1.5000000000000002 7.5000000000000009 3.5000000000000004 4.5000000000000009 9.5000000000000018 40.500000000000007 42.500000000000007 0 5.5000000000000009 0.10500000000000002 3.5000000000000004 40.763333333333343 6.4500000000000011
decision_type=8 10 8 10 2 8 10 10 1 10 8 2 10 10
left_child=1 -1 9 4 6 -4 8 -8 10 -2 -3 12 13 -10
right_child=2 3 5 -5 -6 -7 7 -9 11 -11 -12 -13 -14 -15
leaf_value=0.01761655159977172 -0.0057253685374832174 -0.027007218940038664 -0.019298540908227992 -0.00092103621203406345 0.0032530242458743714 -0.026128734447668639 0.051471760338705097 0.0157197057414173 0.017289316911942663 -0.011917831589995837 0.0042147717350418511 0.0072036767546505027 -0.0012668781607414622 0.068359989808737587
leaf_weight=1107.7196951657534 304.91345170885324 7.6779629364609709 399.50399879738688 403.64444537460804 466.99358523637056 486.28401707485318 7.2633704319596282 106.24309397488832 127.60712441802025 512.36392463371158 243.18590199202299 215.60035553574562 28.629706740379333 5.2175969481468192
leaf_count=5247 5215 66 9449 5222 4151 13949 59 881 1054 10191 2113 1826 248 43
internal_value=-0.000150339 0.0101489 -0.0165982 0.00501761 0.00700128 -0.0230482 0.00936216 0.0180075 0.00779937 -0.00960752 0.00325919 0.0108201 0.0156493 0.0192955
internal_weight=4422.85 2719.78 1703.07 1612.06 1208.42 885.788 741.425 113.506 627.919 817.277 250.864 377.055 161.454 132.825
internal_count=59714 20910 38804 15663 10441 23398 6290 940 5350 15406 2179 3171 1345 1097
cat_boundaries=0 1
cat_threshold=2
is_linear=0
shrinkage=0.03


Tree=34
num_leaves=15
num_cat=0
split_feature=10 10 10 10 10 10 0 2 4 8 2 1 7 2
split_gain=789.562 107.831 84.1244 20.242 11.4305 7.85729 7.75142 7.48584 6.7445 5.65276 8.48157 5.63034 14.0738 5.7524
threshold=4.5000000000000009 1.5000000000000002 7.5000000000000009 2.5000000000000004 9.5000000000000018 5.5000000000000009 6.5000000000000009 219.50000000000003 1.9000000000000001 3.5000000000000004 12.500000000000002 53.500000000000007 39.410000000000011 35.500000000000007
decision_type=8 10 8 10 8 10 2 10 10 2 10 8 8 8
left_child=1 8 5 11 -4 -2 7 -5 -1 10 -10 12 -3 -13
right_child=2 3 4 6 -6 -7 -8 -9 9 -11 -12 13 -14 -15
leaf_value=0.019112792318257507 -0.0055819511387869914 0.060274755359329225 -0.019057250774345308 0.0025073607952164484 -0.025976976026207112 -0.011685891210266336 -0.0067909759467843145 0.028953458264527106 0.047025591250858659 0.011273925269174404 0.016575147633618125 0.0061944518555670037 -0.0045775950042295926 0.011872921790200526
leaf_weight=605.90583544969559 303.38867366313934 6.2553930431604359 392.53160010650754 834.1831027045846 474.6276437677443 506.94039116054773 83.08538843691349 9.7455036565661413 8.5180767029523832 255.07338577508926 245.5505156069994 418.11806218326092 5.8077827095985421 260.64413724839687
leaf_count=2701 5215 47 9449 9381 13949 10191 989 73 39 1308 1199 3201 44 1928
internal_value=-0.000148756 0.00979603 -0.0163503 0.00484882 -0.0228447 -0.00940056 0.001952 0.00281275 0.016974 0.0144287 0.017596 0.00873604 0.0290518 0.00837498
internal_weight=4410.38 2732.89 1677.49 1617.84 867.159 810.329 927.014 843.929 1115.05 509.142 254.069 690.825 12.0632 678.762
internal_count=59714 20910 38804 15663 23398 15406 10443 9454 5247 2546 1238 5220 91 5129
is_linear=0
shrinkage=0.03


Tree=35
num_leaves=15
num_cat=1
split_feature=10 10 10 10 10 8 2 12 2 6 10 7 4 2
split_gain=748.93 100.515 82.8972 18.9918 11.4872 10.7922 9.90576 8.85869 8.51245 7.65619 7.57635 7.16644 8.14924 16.0999
threshold=4.5000000000000009 1.5000000000000002 7.5000000000000009 3.5000000000000004 9.5000000000000018 4.5000000000000009 40.500000000000007 0 42.500000000000007 0.10500000000000002 5.5000000000000009 40.290000000000013 7.2250000000000005 23.500000000000004
decision_type=8 10 8 10 8 2 10 1 10 8 10 10 10 8
left_child=1 -1 10 5 -4 6 7 9 -8 -3 -2 -7 -13 -14
right_child=2 3 4 -5 -6 11 8 -9 -10 -11 -12 12 13 -15
leaf_value=0.016364365077694999 -0.0054414520715472658 -0.026783286631481339 -0.01881535222214371 -0.00095095833608985257 -0.025823614085439806 0.0052957677491667597 0.047613752359730283 0.010200767415794577 0.014708077142645697 0.0038744703287362618 -0.011456216044106486 -0.0057915616540767274 -0.0072145256845080616 0.053533306698948763
leaf_weight=1121.7824887037277 301.90832605585456 7.5573517456650725 385.7540700994432 403.96197783946991 463.29464289546013 338.54297040402889 7.5710024237632743 381.45856080204248 108.1032045930624 244.97724708914757 501.67120504751801 114.77847407758236 9.9322797358036059 6.4935727640986434
leaf_count=5247 5215 66 9449 5222 13949 2971 59 3171 881 2113 10191 1028 91 61
internal_value=-0.000147018 0.00945867 -0.0161029 0.00468671 -0.0226395 0.00655434 0.00878842 0.0073154 0.0168618 0.00295701 -0.00919644 0.00298898 -0.00296317 0.0168007
internal_weight=4397.79 2745.16 1652.63 1623.38 849.049 1219.41 749.667 633.993 115.674 252.535 803.58 469.747 131.204 16.4259
internal_count=59714 20910 38804 15663 23398 10441 6290 5350 940 2179 15406 4151 1180 152
cat_boundaries=0 1
cat_threshold=2
is_linear=0
shrinkage=0.03


Tree=36
num_leaves=15
num_cat=0
split_feature=10 10 10 10 10 10 0 2 4 0 1 7 7 9
split_gain=710.384 93.7159 81.6435 18.1062 11.5385 7.30186 7.28173 6.81595 6.47839 8.21731 5.76073 5.71915 6.2636 5.51193
threshold=4.5000000000000009 1.5000000000000002 7.5000000000000009 2.5000000000000004 9.5000000000000018 5.5000000000000009 6.5000000000000009 219.50000000000003 1.6333333333333335 4.5000000000000009 55.250000000000007 42.277500000000011 38.345000000000013 1.0000000180025095e-35
decision_type=8 10 8 10 8 10 2 10 8 2 8 10 8 8
left_child=1 8 5 -3 -4 -2 7 -5 -1 10 11 12 -10 -12
right_child=2 3 4 6 -6 -7 -8 -9 9 -11 13 -13 -14 -15
leaf_value=0.019220501317244634 -0.0053038457513216661 0.0081822748720609701 -0.018572901121489373 0.002326639932943879 -0.02566859515432221 -0.011228863920465829 -0.0066996014958877054 0.027273180294197962 0.00068196882278839875 0.0098058590598144226 0.0069338627864708987 -0.016072973711359222 0.015528956116905353 0.020640520761309754
leaf_weight=342.7232675999403 300.47114610671997 698.11560034006834 379.16633993759751 837.86417220532894 452.27670020610094 496.55218790471554 82.82266541570425 9.9744237586855871 29.123752668499947 251.47887068986893 29.390009880065918 5.9435472935438147 209.78606612980366 259.96220016479492
leaf_count=1502 5215 5220 9449 9381 13949 10191 989 73 141 1224 145 30 996 1209
internal_value=-0.000145303 0.00913383 -0.015856 0.00453023 -0.0224327 -0.00899518 0.00179073 0.00262012 0.0157788 0.0142775 0.0163825 0.0129959 0.0137191 0.0192483
internal_weight=4385.65 2757.18 1628.47 1628.78 831.443 797.023 930.661 847.839 1128.41 785.684 534.206 244.853 238.91 289.352
internal_count=59714 20910 38804 15663 23398 15406 10443 9454 5247 3745 2521 1167 1137 1354
is_linear=0
shrinkage=0.03


Tree=37
num_leaves=15
num_cat=1
split_feature=10 10 10 10 10 8 2 12 2 6 10 0 2 0
split_gain=673.877 87.4576 80.3646 17.1142 11.5842 9.91007 9.0071 8.1709 7.57292 7.29414 7.19733 7.19673 7.00562 6.71298
threshold=4.5000000000000009 1.5000000000000002 7.5000000000000009 3.5000000000000004 9.5000000000000018 4.5000000000000009 40.500000000000007 0 42.500000000000007 0.10500000000000002 6.5000000000000009 3.5000000000000004 10.500000000000002 3.5000000000000004
decision_type=8 10 8 10 8 2 10 1 10 8 10 2 8 2
left_child=1 -1 10 5 -4 6 7 9 -8 -3 11 -2 -9 -14
right_child=2 3 4 -5 -6 -7 8 12 -10 -11 -12 -13 13 -15
leaf_value=0.015222235681627746 -0.011894782963123513 -0.026571039655086535 -0.018329964494898838 -0.0009752675810752085 -0.025511874571936578 0.0027306699055508199 0.044368939570790723 0.047381817839895736 0.013863429974573878 0.0035705625962789162 -0.013469123558255018 -0.0047210773744142866 0.013751865245695917 0.00571538940654427
leaf_weight=1134.4705618321896 186.10765837132931 7.4438854157924643 372.76344638317823 404.2150474563241 441.56565733999014 472.45840226858854 7.8479738160967818 4.3707309067249289 109.70033659040928 246.59619650244713 215.75240935385227 388.79513619095087 164.56928030401468 216.75873629003763
leaf_count=5247 3353 66 9449 5222 13949 4151 59 37 881 2113 5044 7009 1335 1799
internal_value=-0.000143422 0.00882301 -0.0156096 0.00437999 -0.0222243 0.00614025 0.00826742 0.00686496 0.0159001 0.00268735 -0.0087968 -0.00704335 0.00961654 0.00918368
internal_weight=4373.42 2768.43 1604.98 1633.96 814.329 1229.75 757.287 639.739 117.548 254.04 790.655 574.903 385.699 381.328
internal_count=59714 20910 38804 15663 23398 10441 6290 5350 940 2179 15406 10362 3171 3134
cat_boundaries=0 1
cat_threshold=2
is_linear=0
shrinkage=0.03


Tree=38
num_leaves=15
num_cat=0
split_feature=10 10 10 10 10 10 6 7 7 10 7 2 0 6
split_gain=639.236 81.6283 79.0599 16.2138 11.6242 6.96185 7.22405 8.99283 8.58069 7.22961 18.8819 14.0674 6.81527 6.38758
threshold=4.5000000000000009 1.5000000000000002 7.5000000000000009 2.5000000000000004 9.5000000000000018 6.5000000000000009 1.3050000000000004 40.163333333333348 40.663333333333348 5.5000000000000009 40.610000000000014 17.500000000000004 6.5000000000000009 0.70500000000000018
decision_type=8 10 8 10 8 10 10 10 10 10 8 10 2 10
left_child=1 13 5 -3 -4 6 -2 -8 9 11 -11 -9 -5 -1
right_child=2 3 4 12 -6 -7 7 8 -10 10 -12 -13 -14 -15
leaf_value=0.016855289536253124 -0.0098742850958182648 0.0076694396645596219 -0.018086603989475272 0.0024403484010034554 -0.025353411045239086 -0.013228854013588484 -0.0088496451526514225 -0.018780136912123685 -0.0027223658562677872 -0.0076489351623244229 0.090003267609690324 0.041533732954857801 -0.0065895898317130585 0.01236225369502207
leaf_weight=590.02383372187614 319.13430897518992 704.97442249208689 366.54056699946523 851.50526851415634 431.15351182967424 213.12117585539818 123.81077705696225 4.5599800907075432 88.530981201678514 18.637126240879301 1.970478456467389 14.699699677526949 82.513365678489208 550.44234718382359
leaf_count=2603 5782 5220 9449 9454 13949 5044 2246 80 1609 350 37 258 989 2644
internal_value=-0.000141583 0.0085235 -0.015364 0.00423492 -0.0220143 -0.00860151 -0.00687542 -0.00308079 0.00248195 0.0140389 0.00168847 0.0272536 0.00164262 0.0146867
internal_weight=4361.62 2779.46 1582.16 1638.99 797.694 784.465 571.343 252.209 128.398 39.8673 20.6076 19.2597 934.019 1140.47
internal_count=59714 20910 38804 15663 23398 15406 10362 4580 2334 725 387 338 10443 5247
is_linear=0
shrinkage=0.03


Tree=39
num_leaves=15
num_cat=1
split_feature=10 10 10 10 10 8 2 12 0 7 1 6 3 10
split_gain=606.42 77.7259 76.2426 15.4316 11.6582 9.11642 8.26065 7.54659 7.0049 10.0508 6.95554 12.8164 6.8682 6.78206
threshold=4.5000000000000009 7.5000000000000009 1.5000000000000002 3.5000000000000004 9.5000000000000018 4.5000000000000009 40.500000000000007 0 5.5000000000000009 36.810000000000009 54.250000000000007 1.7550000000000001 7.5000000000000009 5.5000000000000009
decision_type=8 8 10 10 8 2 10 1 2 8 10 8 10 10
left_child=2 13 -1 5 -3 6 7 8 9 -4 12 -12 -11 -2
right_child=1 4 3 -5 -6 -7 -8 -9 -10 10 11 -13 -14 -15
leaf_value=0.014175877750909787 -0.0048312508043950927 -0.017842888567180786 0.05291343935617452 -0.00099317543355962701 -0.025193157781886862 0.0024916708703458549 0.015036899163479292 0.0090697538186037124 -0.011118005009298052 0.0009642074050482596 -0.01501542125708474 0.048219423725927545 0.027450797738892415 -0.010600890351505
leaf_weight=1146.0320626348257 295.62629856541753 360.49291455000639 3.7570214867591849 404.41626107692719 421.03252102807164 474.99250593781471 119.27157687395811 389.72994908690453 30.255273759365082 199.76696262508631 4.535352393984792 7.9257598444819459 9.2177386954426748 482.84154179319739
leaf_count=5247 5215 9449 32 5222 13949 4151 940 3171 259 1698 39 66 85 10191
internal_value=-0.000139754 -0.0151194 0.00823623 0.00409537 -0.0218027 0.00575569 0.00778377 0.00644293 0.00243541 0.00425627 0.00343076 0.0252044 0.00213246 -0.00840985
internal_weight=4349.89 1559.99 2789.9 1643.87 781.525 1239.45 764.46 645.188 255.458 225.203 221.446 12.4611 208.985 778.468
internal_count=59714 38804 20910 15663 23398 10441 6290 5350 2179 1920 1888 105 1783 15406
cat_boundaries=0 1
cat_threshold=2
is_linear=0
shrinkage=0.03


Tree=40
num_leaves=15
num_cat=2
split_feature=10 10 10 10 10 12 10 0 2 12 6 7 2 4
split_gain=575.245 76.3817 71.2306 14.5496 11.7311 7.69207 6.64773 7.04782 6.41978 6.2222 8.50661 8.55755 6.18821 11.2011
threshold=4.5000000000000009 7.5000000000000009 1.5000000000000002 2.5000000000000004 10.500000000000002 0 6.5000000000000009 3.5000000000000004 25.500000000000004 1 2.4275000000000007 38.510000000000012 13.500000000000002 6.9000000000000012
decision_type=8 8 10 10 8 1 10 2 8 1 8 8 10 8
left_child=2 6 9 -4 5 -3 7 -2 -5 -1 -11 -12 13 -7
right_child=1 4 3 8 -6 12 -8 -9 -10 10 11 -13 -14 -15
leaf_value=0.010618867820357028 -0.011388438027397167 -0.022697958180239765 0.0071952374522132306 -0.001304139685682707 -0.026365383951478572 0.028177873539561804 -0.01279696302522727 -0.0042146490279848306 0.0036996512758706458 0.012287053060502458 0.027956427177543493 0.016325267625976553 -0.017317856052483108 -0.011705634653853788
leaf_weight=392.62726809084415 181.92716038227081 227.23642469197512 711.40819764137268 411.05004063248634 288.50569340586662 7.5831741839647284 208.53651487827301 382.16966095194221 526.12874192744493 403.09047259390354 71.167944476008415 284.5784719735384 203.90576080232859 38.57987093180418
leaf_count=1840 3353 6482 5220 4695 9787 213 5044 7009 5748 1870 300 1237 5814 1102
internal_value=-0.00013785 -0.0148752 0.00795937 0.00396047 -0.0215895 -0.0187028 -0.00822021 -0.00652827 0.00150497 0.0136847 0.015271 0.0186521 -0.0150724 -0.005154
internal_weight=4338.5 1538.44 2800.05 1648.59 765.811 477.305 772.633 564.097 937.179 1151.46 758.837 355.746 250.069 46.163
internal_count=59714 38804 20910 15663 23398 13611 15406 10362 10443 5247 3407 1537 7129 1315
cat_boundaries=0 1 2
cat_threshold=2 2
is_linear=0
shrinkage=0.03


Tree=41
num_leaves=15
num_cat=2
split_feature=10 10 10 10 10 8 12 2 12 2 4 2 2 2
split_gain=545.707 75.0173 66.6046 13.9346 11.7754 8.35787 7.63155 7.53188 6.9988 8.84763 7.79204 11.4152 10.4892 6.67183
threshold=4.5000000000000009 7.5000000000000009 1.5000000000000002 3.5000000000000004 10.500000000000002 4.5000000000000009 0 40.500000000000007 1 10.500000000000002 2.4500000000000006 14.500000000000002 18.500000000000004 42.500000000000007
decision_type=8 8 10 10 8 2 1 10 1 8 10 8 8 10
left_child=2 -2 -1 5 6 7 -3 8 9 -4 11 -11 -13 -9
right_child=1 4 3 -5 -6 -7 -8 13 -10 10 -12 12 -14 -15
leaf_value=0.013216840214815225 -0.0080337065337536973 -0.022492531566416101 0.052797813327603985 -0.0010078229105288346 -0.026226102052865803 0.0022783391476833966 -0.014829610109486762 0.040294818537345102 0.0026522487232303583 0.046372474428110794 0.0031368279033302127 -0.018482636792769666 0.012388680567404418 0.01230041818892485
leaf_weight=1156.3817707151175 766.96150281280279 222.50429240427911 4.0846501737833014 404.57646979391575 281.44366856478155 477.26590935885906 246.60549577698112 8.2206268310546857 296.62275858968496 8.4350045621395093 147.22670575976372 10.470784887671469 183.47976659238338 112.76488336920738
leaf_count=5247 15406 6482 33 5222 9787 4151 7129 59 2509 67 1215 80 1446 881
internal_value=-0.00013587 -0.0146321 0.00769401 0.00383077 -0.0213748 0.00539863 -0.0184642 0.0073294 0.00605072 0.00890079 0.00838792 0.0122079 0.010722 0.0142026
internal_weight=4327.04 1517.51 2809.53 1653.15 750.553 1248.57 469.11 771.305 650.32 353.697 349.612 202.386 193.951 120.986
internal_count=59714 38804 20910 15663 23398 10441 13611 6290 5350 2841 2808 1593 1526 940
cat_boundaries=0 1 2
cat_threshold=2 4
is_linear=0
shrinkage=0.03


Tree=42
num_leaves=15
num_cat=0
split_feature=10 10 10 10 10 4 10 6 5 7 1 4 0 6
split_gain=517.69 89.9573 42.8398 17.8295 10.3199 8.17906 7.234 6.25551 8.03629 7.41058 6.1304 6.06513 7.44518 6.0328
threshold=5.5000000000000009 2.5000000000000004 8.5000000000000018 1.5000000000000002 3.5000000000000004 9.9000000000000021 11.500000000000002 4.0708333333333337 5.5000000000000009 41.010000000000012 56.750000000000007 1.6333333333333335 4.5000000000000009 3.3354166666666671
decision_type=8 10 8 10 10 10 8 10 10 8 10 8 2 10
left_child=1 3 5 11 7 -2 -4 10 9 -9 13 -1 -13 -3
right_child=2 4 6 -5 -6 -7 -8 8 -10 -11 -12 12 -14 -15
leaf_value=0.01606004282185116 -0.010590158973572739 0.0021317990310635226 -0.020597332963598509 0.0067499922328490281 -0.0023789573664352785 -0.023369548526869812 -0.027963823118854612 0.05143970773125156 -0.0054217180552740673 0.0040943855533038965 0.013935683710479312 0.013311968762531556 0.0071488373007924889 -0.01922354900852196
leaf_weight=350.87940017879009 597.95146412402391 464.30307935923338 385.740178886801 717.51451980322599 694.85402173921466 48.748665794730186 174.14072121307254 8.0554145127534866 7.3497201800346366 4.7180269882082948 39.135610491037369 550.93185892701149 259.49633121490479 12.218818165361879
leaf_count=1502 13844 4555 12343 5220 10437 1195 6207 75 71 45 356 2521 1224 119
internal_value=-0.000133908 0.00633826 -0.0168132 0.010468 3.33996e-05 -0.0115535 -0.0228885 0.00316199 0.0195714 0.0339521 0.00252162 0.0127651 0.0113386 0.00158421
internal_weight=4316.04 3109.46 1206.58 1878.82 1230.63 646.7 559.881 535.781 20.1232 12.7734 515.658 1161.31 810.428 476.522
internal_count=59714 26125 33589 10467 15658 15039 18550 5221 191 120 5030 5247 3745 4674
is_linear=0
shrinkage=0.03


Tree=43
num_leaves=15
num_cat=0
split_feature=10 10 10 10 10 4 10 5 3 6 9 8 6 6
split_gain=492.546 84.071 42.3602 16.7393 9.7024 8.02926 7.29425 5.94116 6.63621 10.1163 9.35965 6.62976 5.91078 7.9559
threshold=5.5000000000000009 2.5000000000000004 8.5000000000000018 1.5000000000000002 3.5000000000000004 9.9000000000000021 11.500000000000002 0.15000000000000005 1.5000000000000002 3.3354166666666671 1.0000000180025095e-35 1.5000000000000002 1.1683333333333337 1.4550000000000003
decision_type=8 10 8 10 10 10 8 10 8 10 10 2 8 8
left_child=1 3 5 7 -3 -2 -4 8 9 10 -1 -9 -12 -14
right_child=2 4 6 -5 -6 -7 -8 11 -10 -11 12 -13 13 -15
leaf_value=0.0017865592580500408 -0.010373210838358581 0.0030589949790645805 -0.020373938390442194 0.006517545349802336 -0.0023123371721252397 -0.023165311057967642 -0.027860955800301478 0.015942400684591775 0.011784818241116976 -0.018286932508613012 0.014181713491398087 0.0078720602458170908 0.04883054250325275 0.022358728700155622
leaf_weight=25.93925516307354 592.23122296482325 537.07160077989101 378.38252233341336 720.76100528240204 693.44880704581738 47.718741144984961 169.6086835898459 121.25252296030521 408.05193287134171 6.7711096704006186 79.358137577772141 374.77838057279587 11.03094871342182 138.64154173433781
leaf_count=113 13844 5221 12343 5220 10437 1195 6207 555 1799 31 346 1768 49 586
internal_value=-0.000131881 0.00613249 -0.0165693 0.0101115 3.20286e-05 -0.0113271 -0.0226912 0.0123334 0.0141764 0.0179049 0.018866 0.00984482 0.0208004 0.0243097
internal_weight=4305.05 3117.11 1187.94 1886.58 1230.52 639.95 547.991 1165.82 669.793 261.741 254.97 496.031 229.031 149.672
internal_count=59714 26125 33589 10467 15658 15039 18550 5247 2924 1125 1094 2323 981 635
is_linear=0
shrinkage=0.03


Tree=44
num_leaves=15
num_cat=0
split_feature=10 10 10 10 10 10 4 10 6 5 7 7 7 2
split_gain=468.601 78.5946 41.8614 16.5209 17.1502 9.1242 7.87827 7.35212 5.76486 7.10298 5.93952 5.60883 5.59024 9.2326
threshold=5.5000000000000009 2.5000000000000004 8.5000000000000018 1.0000000180025095e-35 1.5000000000000002 3.5000000000000004 9.9000000000000021 11.500000000000002 4.4050000000000011 5.5000000000000009 41.090000000000011 41.010000000000012 36.670000000000009 24.500000000000004
decision_type=8 10 8 10 10 10 10 8 10 10 10 8 8 8
left_child=1 3 6 -1 -5 8 -2 12 -3 11 -11 -10 13 -4
right_child=2 5 7 4 -6 -7 -8 -9 9 10 -12 -13 -14 -15
leaf_value=-0.042258867041193679 -0.010158773184464953 0.0023972975545547824 0.099740309533442234 0.012174338440870057 0.0062941725819508935 -0.0022474545641812996 -0.022959530579754549 -0.027756932427658861 0.050607010989592242 -0.033969166852695055 0.024384130169889461 0.005391318524715024 -0.020416928398996451 -0.030959260931588888
leaf_weight=5.47696928679943 586.67566023021936 521.19773235917091 0.91788131929933903 1164.5606666207314 723.90097228437662 692.08514306694269 46.717244017869234 165.20359056070447 7.0531351640820512 3.1960182413458815 3.0853994861245155 3.7989984825253496 369.28039446845651 1.0348340068012476
leaf_count=27 13844 5061 30 5220 5220 10437 1195 6207 63 31 30 36 12278 35
internal_value=-0.000129787 0.00593428 -0.0163256 0.00976941 0.0099203 3.09851e-05 -0.0111029 -0.0224921 0.00296017 0.0200827 -0.00530633 0.0347784 -0.0201492 0.0304766
internal_weight=4294.18 3124.36 1169.83 1893.94 1888.46 1230.42 633.393 536.437 538.331 17.1336 6.28142 10.8521 371.233 1.95272
internal_count=59714 26125 33589 10467 10440 15658 15039 18550 5221 160 61 99 12343 65
is_linear=0
shrinkage=0.03


Tree=45
num_leaves=15
num_cat=0
split_feature=10 10 10 10 10 10 4 10 1 6 7 7 7 0
split_gain=445.787 73.4857 41.3454 15.7073 16.0967 8.57916 7.72624 7.40706 5.45295 10.6825 8.99029 8.22107 6.77512 7.03058
threshold=5.5000000000000009 2.5000000000000004 8.5000000000000018 1.0000000180025095e-35 1.5000000000000002 3.5000000000000004 9.9000000000000021 11.500000000000002 55.250000000000007 2.0550000000000002 41.190000000000012 38.110000000000014 40.545000000000009 4.5000000000000009
decision_type=8 10 8 10 10 10 10 8 10 8 10 8 10 2
left_child=1 3 6 -1 8 -3 -2 -4 -5 12 11 -11 13 -10
right_child=2 5 7 4 -6 -7 -8 -9 9 10 -12 -13 -14 -15
leaf_value=-0.041758713440707779 -0.0099468903436035101 0.0028643383714322792 -0.019923466250915199 0.0094500106412837188 0.0060794438829753095 -0.0021842721940274245 -0.022752202437004817 -0.027651691566323914 0.015462497554873521 0.028715196932583127 0.041948131172280294 0.014499478814733888 -0.00074177241246775258 0.0060213126022138101
leaf_weight=5.3777914494276038 581.28019626066089 539.54747058451176 364.2917242795229 513.53338189423084 726.93818839639425 690.76183064654469 45.743452329188585 160.92210086993873 172.40879118442535 42.612489134073257 13.033136263489721 260.04151980578899 46.581202626228333 120.6729476749897
leaf_count=27 13844 5221 12343 2334 5220 10437 1195 6207 773 176 59 1113 215 550
internal_value=-0.000127771 0.00574262 -0.0160821 0.00943954 0.00958477 2.97768e-05 -0.0108811 -0.0222913 0.0117648 0.0135786 0.0175516 0.016501 0.00988606 0.0115752
internal_weight=4283.75 3131.51 1152.24 1901.2 1895.82 1230.31 627.024 525.214 1168.88 655.35 315.687 302.654 339.663 293.082
internal_count=59714 26125 33589 10467 10440 15658 15039 18550 5220 2886 1348 1289 1538 1323
is_linear=0
shrinkage=0.03


Tree=46
num_leaves=15
num_cat=0
split_feature=10 10 10 10 10 4 10 6 6 0 7 7 7 5
split_gain=424.06 68.739 40.8104 13.878 8.06832 7.57331 7.45974 5.69892 10.5862 6.43488 5.92863 5.4569 5.44227 9.78067
threshold=5.5000000000000009 2.5000000000000004 8.5000000000000018 1.5000000000000002 3.5000000000000004 9.9000000000000021 11.500000000000002 0.75500000000000023 0.995 5.5000000000000009 37.610000000000014 36.410000000000011 37.910000000000011 1.6250000000000002
decision_type=8 10 8 10 10 10 8 10 10 2 8 8 10 8
left_child=1 3 5 7 -3 -2 11 9 -9 -1 -11 -4 13 -10
right_child=2 4 6 -5 -6 -7 -8 8 12 10 -12 -13 -14 -15
leaf_value=0.014288340334267657 -0.009737607619375423 0.002772236275277134 0.044299851501770002 0.0058729560815970871 -0.0021227510946864076 -0.02254331998983795 -0.027545176642521683 -0.004207444756798232 0.00085433015697245678 0.023532089676858457 0.0027565309584768969 -0.019910892638672146 0.009115715274090672 0.028773028082831855
leaf_weight=549.04950262606144 576.04042829573154 540.73039377480745 1.1951626315712918 729.87623119354248 689.47768785431981 44.796661820262671 156.76096575334668 50.644648745656013 16.918835625052452 14.557314082980154 81.977094262838364 356.34684245288372 430.92537344992161 33.964677467942238
leaf_count=2353 13844 5221 39 5220 10437 1195 6207 245 77 62 362 12304 1999 149
internal_value=-0.00012567 0.00555821 -0.0158389 0.00912353 2.88105e-05 -0.0106616 -0.0220886 0.0111375 0.00883989 0.0130325 0.00588947 -0.0196963 0.0102113 0.01949
internal_weight=4273.26 3138.12 1135.14 1907.91 1230.21 620.837 514.303 1178.04 532.454 645.584 96.5344 357.542 481.809 50.8835
internal_count=59714 26125 33589 10467 15658 15039 18550 5247 2470 2777 424 12343 2225 226
is_linear=0
shrinkage=0.03


Tree=47
num_leaves=15
num_cat=0
split_feature=10 10 10 10 10 10 4 4 7 1 0 2 5 5
split_gain=403.365 64.3168 40.2589 13.0484 7.58807 7.50942 7.41964 5.51087 6.70638 9.98905 5.77663 5.42057 10.4123 6.5717
threshold=5.5000000000000009 2.5000000000000004 8.5000000000000018 1.5000000000000002 3.5000000000000004 11.500000000000002 9.9000000000000021 5.5500000000000007 39.963333333333345 56.250000000000007 3.5000000000000004 38.500000000000007 3.2500000000000004 6.5000000000000009
decision_type=8 10 8 10 10 8 10 10 10 8 2 10 10 10
left_child=1 3 6 7 -3 -4 -2 -1 9 -9 -10 13 -13 -6
right_child=2 4 5 -5 11 -7 -8 8 10 -11 -12 12 -14 -15
leaf_value=0.011283435359962887 -0.0095309627047633801 0.0026832917480145127 -0.01946797393062363 0.0056743268076142441 -0.0027234788233071734 -0.027437328999094866 -0.022332885968444818 -0.014614276562115357 0.032580061713632501 0.023867722095346031 0.0046435914492705278 0.00095414120943071597 0.031650501077536558 -0.026563456859025388
leaf_weight=1111.793628141284 570.95199530944228 541.87685906141996 350.98584617674351 732.71856309473515 578.97438327968121 152.71697113104165 43.876180540770292 28.39578515291214 9.1399516165256482 7.721746787428855 24.566473618149757 87.438532158732414 11.221590384840963 10.59707175567746
leaf_count=4903 13844 5221 12343 5220 8840 6207 1195 140 44 38 122 1262 167 168
internal_value=-0.00012356 0.00538028 -0.0155961 0.00881962 2.78772e-05 -0.0218842 -0.0104446 0.01077 0.00259472 -0.00638702 0.0122189 -0.00206285 0.00444554 -0.00315198
internal_weight=4262.98 3144.44 1118.53 1914.34 1230.11 503.703 614.828 1181.62 69.824 36.1175 33.7064 688.232 98.6601 589.571
internal_count=59714 26125 33589 10467 15658 18550 15039 5247 344 178 166 10437 1429 9008
is_linear=0
shrinkage=0.03


Tree=48
num_leaves=15
num_cat=1
split_feature=10 10 10 10 10 4 10 12 6 7 1 7 7 6
split_gain=383.638 60.1867 39.6908 12.2631 7.55635 7.26536 7.13775 5.4244 7.08795 7.39261 5.39364 6.72871 16.0871 5.48168
threshold=5.5000000000000009 2.5000000000000004 8.5000000000000018 1.5000000000000002 11.500000000000002 9.9000000000000021 3.5000000000000004 0 2.4275000000000007 39.190000000000012 56.750000000000007 40.463333333333345 39.590000000000011 4.0708333333333337
decision_type=8 10 8 10 8 10 10 1 8 8 10 10 10 10
left_child=1 3 5 7 -4 -2 10 -1 -9 -10 13 12 -12 -3
right_child=2 6 4 -5 -6 -7 -8 8 9 -11 11 -13 -14 -15
leaf_value=0.0075990114224863039 -0.0093269936373772348 0.0011074097651482015 -0.019238476009925096 0.0054831987056690379 -0.027328096916734757 -0.022120907986146562 -0.0020049306538772542 0.0091986388340715083 0.021252102544339027 0.0120432490264075 0.0068014670964988595 -0.021065069378666295 0.054970777601353674 0.017212067477192391
leaf_weight=405.26243375241756 566.01070260629058 482.17253032326698 344.61460132151842 735.46850247681141 148.78699541464448 42.981329455971718 687.01915198192 415.43539193272591 114.29201209545135 250.22626782953739 28.399763390421867 4.6156213879585257 7.9970088899135581 19.803115725517273
leaf_count=1840 13844 4674 12343 5220 6207 1195 10437 1870 476 1061 256 44 65 182
internal_value=-0.000121495 0.00520811 -0.0153538 0.00852625 -0.0216779 -0.01023 2.67664e-05 0.0104146 0.0118775 0.0149306 0.00259738 0.0130578 0.0173851 0.00174274
internal_weight=4253.09 3150.69 1102.39 1920.68 493.402 608.992 1230.01 1185.22 779.954 364.518 542.988 41.0124 36.3968 501.976
internal_count=59714 26125 33589 10467 18550 15039 15658 5247 3407 1537 5221 365 321 4856
cat_boundaries=0 1
cat_threshold=2
is_linear=0
shrinkage=0.03


Tree=49
num_leaves=15
num_cat=0
split_feature=10 10 10 10 10 4 10 7 2 6 6 0 7 5
split_gain=364.851 56.3443 39.1073 11.5341 7.6002 7.11064 6.71156 5.39569 8.27018 5.26352 9.7528 5.96222 5.46377 5.21344
threshold=5.5000000000000009 2.5000000000000004 8.5000000000000018 1.5000000000000002 11.500000000000002 9.9000000000000021 3.5000000000000004 36.670000000000009 24.500000000000004 0.75500000000000023 0.995 5.5000000000000009 37.610000000000014 1.3750000000000002
decision_type=8 10 8 10 8 10 10 8 8 10 10 2 8 10
left_child=1 3 5 9 7 -2 -3 8 -4 11 13 -1 -13 -11
right_child=2 6 4 -5 -6 -7 -8 -9 -10 10 -12 12 -14 -15
leaf_value=0.013092319515030048 -0.0091257325924068069 0.0025139110109050501 0.092985184930424486 0.005299234397035754 -0.02721742322355401 -0.02190739244427382 -0.0019481618568037084 -0.019295542129126101 -0.030900435084954672 -0.0096494394529246415 0.0091846264887420221 0.021898979397752087 0.0020353865495973552 0.013676222304556325
leaf_weight=553.50001767277718 561.21244620904326 544.03977835923433 0.96742719598114368 738.129250690341 144.96799794584513 42.111446164548397 685.84561047330499 336.48505797982216 0.97247052937746059 39.935542330145836 486.85698044300079 14.680392816662787 82.507488191127777 10.998965010046957
leaf_count=2353 13844 5221 30 5220 6207 1195 10437 12278 35 193 2225 62 362 52
internal_value=-0.000119414 0.00504222 -0.015112 0.00824465 -0.0214699 -0.0100179 2.5636e-05 -0.0190079 0.0308813 0.010074 0.0078779 0.011889 0.00503582 -0.00461242
internal_weight=4243.21 3156.49 1086.72 1926.61 483.393 603.324 1229.89 338.425 1.9399 1188.48 537.791 650.688 97.1879 50.9345
internal_count=59714 26125 33589 10467 18550 15039 15658 12343 65 5247 2470 2777 424 245
is_linear=0
shrinkage=0.03


Tree=50
num_leaves=15
num_cat=0
split_feature=10 10 10 10 10 4 10 1 6 7 7 2 2 2
split_gain=346.958 52.7549 38.5108 10.8495 7.64032 6.95564 6.31248 5.14825 9.29778 6.91565 7.33631 7.30135 6.40484 6.42369
threshold=5.5000000000000009 2.5000000000000004 8.5000000000000018 1.5000000000000002 11.500000000000002 9.9000000000000021 3.5000000000000004 55.250000000000007 2.0550000000000002 41.190000000000012 38.110000000000014 28.500000000000004 38.500000000000007 21.500000000000004
decision_type=8 10 8 10 8 10 10 10 8 10 8 10 10 10
left_child=1 3 5 7 -4 -2 -3 12 -9 10 -10 -11 13 -1
right_child=2 6 4 -5 -6 -7 -8 8 9 11 -12 -13 -14 -15
leaf_value=0.0057322465415373704 -0.0089272128997126225 0.0024337529651313372 -0.01877668162418689 0.0051221134907406783 -0.027105253622471362 -0.021692354973954588 -0.0018929085132209163 0.0080843709952944792 0.025721880684583871 0.014233916933204005 0.012367609996007544 0.057904109201773454 6.4287476313646175e-05 0.013038931951903674
leaf_weight=242.46405184268951 556.55322688817978 545.08329264819622 332.41587443090975 740.70390316843987 141.25700743496418 41.26588044129312 684.70686731860042 346.09884729981422 43.063871204853058 6.9250829964876157 263.96273392438889 6.8579881340265274 86.536692932248116 195.68789513409138
leaf_count=1072 13844 5221 12343 5220 6207 1195 10437 1545 176 31 1115 30 390 888
internal_value=-0.000117321 0.00488202 -0.0148709 0.00797334 -0.0212604 -0.00980836 2.48096e-05 0.00974568 0.0114947 0.0151739 0.0142407 0.0359627 0.00752253 0.00899557
internal_weight=4233.58 3162.09 1071.49 1932.3 473.673 597.819 1229.79 1191.6 666.909 320.81 307.027 13.7831 524.689 438.152
internal_count=59714 26125 33589 10467 18550 15039 15658 5247 2897 1352 1291 61 2350 1960
is_linear=0
shrinkage=0.03


Tree=51
num_leaves=15
num_cat=0
split_feature=10 10 10 10 10 3 2 4 10 0 2 4 8 4
split_gain=329.907 49.4033 37.9118 10.2062 9.79939 6.44045 6.45084 13.0734 6.10968 6.25212 6.00319 5.55044 5.17909 5.03778
threshold=5.5000000000000009 2.5000000000000004 9.5000000000000018 1.5000000000000002 7.5000000000000009 5.5000000000000009 140.50000000000003 4.366666666666668 4.5000000000000009 6.5000000000000009 219.50000000000003 1.4500000000000002 3.5000000000000004 5.5500000000000007
decision_type=8 10 8 10 10 10 10 10 10 2 10 10 2 10
left_child=1 3 4 13 -2 6 -6 -8 9 10 -3 -10 -12 -1
right_child=2 8 -4 -5 5 -7 7 -9 11 -11 12 -13 -14 -15
leaf_value=0.0099177400159120386 -0.0079672318891729019 0.0016677397122930484 -0.023199951876535389 0.004951536168825813 -0.0099685742668141949 -0.018054271375065083 -0.031051140593172388 0.10314503134291192 -0.013574951329333363 -0.0066919219306862069 0.0037482931966801589 -0.0020274108984151312 0.046201692701472168 0.0016611350274520684
leaf_weight=1123.8997076451778 432.35300944745541 850.92870851606131 322.73097584024072 743.19539768993855 95.393306594341993 203.60633115842938 1.2736277431249612 1.3415617085993288 44.344126608222723 82.694201923906803 5.2512020319700223 241.38226902484894 5.0961293131113052 70.692106038331985
leaf_count=4903 10191 9381 13949 5220 2954 6414 39 42 814 989 37 4401 36 344
internal_value=-0.000115197 0.00472724 -0.0146305 0.00771185 -0.0108625 -0.0150128 -0.00869422 0.0377899 2.40115e-05 0.00118741 0.00194393 -0.00381956 0.0246569 0.00942914
internal_weight=4224.18 3167.48 1056.7 1937.79 733.968 301.615 98.0085 2.61519 1229.7 943.97 861.276 285.726 10.3473 1194.59
internal_count=59714 26125 33589 10467 19640 9449 3035 81 15658 10443 9454 5215 73 5247
is_linear=0
shrinkage=0.03


Tree=52
num_leaves=15
num_cat=1
split_feature=10 10 10 10 10 4 6 1 6 4 12 10 2 6
split_gain=313.668 46.2715 37.4155 9.59895 9.56156 8.34611 5.95264 8.41939 8.59672 8.8313 6.45262 5.76503 5.62871 5.54487
threshold=5.5000000000000009 2.5000000000000004 9.5000000000000018 1.5000000000000002 6.5000000000000009 9.9000000000000021 1.7387500000000002 56.250000000000007 2.0050000000000003 6.291666666666667 0 3.5000000000000004 21.500000000000004 2.6550000000000007
decision_type=8 10 8 10 10 10 10 8 8 10 1 10 10 10
left_child=1 3 4 -1 6 13 -2 -8 10 -10 -9 -3 -11 -6
right_child=2 11 -4 -5 5 -7 7 8 9 12 -12 -13 -14 -15
leaf_value=0.0091231645244876456 -0.0088937839285384828 0.0023194150495057598 -0.023014887404638459 0.0047872177296100866 -0.010294630217037401 -0.024257172035066193 -0.003565747599257341 0.02461136028290184 -0.019891686275079055 -0.0017542446781141474 0.10171175208732053 -0.001814532315930886 0.063872609161488736 -0.019984177809962114
leaf_weight=1197.5687648504972 169.33940608426929 546.56005167961121 315.67339451238513 745.60659420490265 367.75739377364516 53.526267500594258 59.984471473842859 2.1356421671807766 5.1331744380295277 2.0132953710854053 1.8006139919161772 683.01932755112648 2.8289836756885052 62.133172122761607
leaf_count=5247 3585 5221 13949 5220 10894 1747 1268 45 108 43 38 10437 60 1852
internal_value=-0.000113177 0.00457752 -0.0143913 0.00745944 -0.010645 -0.013086 -0.00579355 0.0013109 0.022338 0.00752399 0.0598804 2.30477e-05 0.0365866 -0.0116951
internal_weight=4215.08 3172.75 1042.33 1943.18 726.652 483.417 243.236 73.8962 13.9117 9.97545 3.93626 1229.58 4.84228 429.891
internal_count=59714 26125 33589 10467 19640 14493 5147 1562 294 211 83 15658 103 12746
cat_boundaries=0 1
cat_threshold=4
is_linear=0
shrinkage=0.03


Tree=53
num_leaves=15
num_cat=0
split_feature=10 10 10 10 10 4 6 7 7 4 0 7 4 3
split_gain=298.217 61.5174 20.7383 12.2618 9.02668 8.22981 7.36623 9.28709 8.55349 6.66387 6.54212 6.16478 9.70223 7.71304
threshold=6.5000000000000009 2.5000000000000004 9.5000000000000018 4.5000000000000009 1.5000000000000002 9.9000000000000021 1.3050000000000004 40.163333333333348 40.663333333333348 9.3666666666666689 3.5000000000000004 40.345000000000013 7.9000000000000012 6.5000000000000009
decision_type=8 10 8 10 10 10 10 10 10 10 2 10 10 8
left_child=1 4 5 -3 -1 -2 10 -8 9 -9 -5 -12 -13 -14
right_child=2 3 -4 6 -6 -7 7 8 -10 -11 11 12 13 -15
leaf_value=0.0088275890428684348 -0.01147032215650372 0.001132766868993074 -0.022827767695513361 -0.014758569493554342 0.0046288891416451832 -0.024078953251806142 -0.0067242177754634905 0.013745329630189323 -0.00018517471790728288 0.064504058516997351 -0.002092943522020334 -0.021310630705300575 0.068665669026167067 -0.00041385489351394178
leaf_weight=1200.4917278885841 425.24216411821544 945.17972850054502 308.81718261726201 85.030737049877644 747.94020575284958 52.323010988533497 114.05070587620139 34.947127405554056 81.823938559740782 2.4939284473657599 161.0218714736402 37.451167825609446 1.7947234101593466 7.6778764538466939
leaf_count=5247 12746 10443 13949 1691 5220 1747 2246 676 1609 49 3166 733 37 155
internal_value=-0.000111196 0.00371924 -0.0167694 -0.000910754 0.00721584 -0.0128517 -0.00458076 -0.000603582 0.00524946 0.0171263 -0.00774804 -0.00488137 -0.01445 0.0126743
internal_weight=4206.29 3419.9 786.382 1471.47 1948.43 477.565 526.292 233.316 119.265 37.4411 292.976 207.946 46.9238 9.4726
internal_count=59714 31272 28442 20805 10467 14493 10362 4580 2334 725 5782 4091 925 192
is_linear=0
shrinkage=0.03


Tree=54
num_leaves=15
num_cat=1
split_feature=10 10 10 10 4 6 7 0 6 6 4 6 7 12
split_gain=284.341 57.6682 20.5478 11.5889 8.71085 10.4693 8.74946 9.829 9.50342 8.44941 8.11103 7.53272 7.14145 7.15519
threshold=6.5000000000000009 2.5000000000000004 9.5000000000000018 4.5000000000000009 1.1000000000000003 1.1050000000000002 40.510000000000012 4.5000000000000009 3.9387500000000006 3.8266666666666675 9.9000000000000021 0.86458333333333348 36.810000000000009 0
decision_type=8 10 8 10 8 8 10 2 8 10 10 10 8 1
left_child=1 4 10 -3 5 11 7 -6 -8 -9 -2 -1 -7 -14
right_child=2 3 -4 -5 6 12 8 9 -10 -11 -12 -13 13 -15
leaf_value=0.0072318446351276964 -0.01124748105729997 0.0010977853692679216 -0.022638600278182836 -0.0044630915601485237 0.0089089768228751299 0.042292745927171201 -0.0010528103958629752 0.0041703936523157809 0.01666306163597632 -0.027011695030751987 -0.023898839008324482 -0.016458833000580184 0.018657442258131766 0.0059568651835937951
leaf_weight=68.814424410462379 420.72648351639509 946.02639312297106 302.1568091288209 524.16338217630982 929.02706794440746 8.7449784874916059 226.31499868631363 484.79391072690487 30.982770696282387 7.9491682201623908 51.153561124578118 14.650960743427275 123.1272227615118 59.077494263648987
leaf_count=326 12746 10443 13949 10362 4939 39 1329 2710 167 43 1747 72 554 288
internal_value=-0.000109255 0.00360327 -0.0165303 -0.000884821 0.006981 0.0119364 0.00617113 0.00709239 0.00108046 0.00366735 -0.0126189 0.00307334 0.0158105 0.0145394
internal_weight=4197.71 3423.67 774.037 1470.19 1953.48 274.415 1679.07 1421.77 257.298 492.743 471.88 83.4654 190.95 182.205
internal_count=59714 31272 28442 20805 10467 1279 9188 7692 1496 2753 14493 398 881 842
cat_boundaries=0 1
cat_threshold=4
is_linear=0
shrinkage=0.03


end of trees

feature_importances:
人気_num=334
days_since_last=80
avg5_margin=80
avg5_ninki=63
avg5_last3f=62
齢_num=33
last_margin=31
斤量_num=29
性_cat=26
n_past_races=20
same_track_as_last=7
last_ninki=5

parameters:
[boosting: gbdt]
[objective: binary]
[metric: auc]
[tree_learner: serial]
[device_type: cpu]
[data_sample_strategy: bagging]
[data: ]
[valid: ]
[num_iterations: 55]
[learning_rate: 0.03]
[num_leaves: 15]
[num_threads: 0]
[seed: 42]
[deterministic: 0]
[force_col_wise: 0]
[force_row_wise: 0]
[histogram_pool_size: -1]
[max_depth: -1]
[min_data_in_leaf: 30]
[min_sum_hessian_in_leaf: 0.001]
[bagging_fraction: 1]
[pos_bagging_fraction: 1]
[neg_bagging_fraction: 1]
[bagging_freq: 0]
[bagging_seed: 400]
[bagging_by_query: 0]
[feature_fraction: 1]
[feature_fraction_bynode: 1]
[feature_fraction_seed: 30056]
[extra_trees: 0]
[extra_seed: 12879]
[early_stopping_round: 0]
[early_stopping_min_delta: 0]
[first_metric_only: 0]
[max_delta_step: 0]
[lambda_l1: 0]
[lambda_l2: 0]
[linear_lambda: 0]
[min_gain_to_split: 0]
[drop_rate: 0.1]
[max_drop: 50]
[skip_drop: 0.5]
[xgboost_dart_mode: 0]
[uniform_drop: 0]
[drop_seed: 17869]
[top_rate: 0.2]
[other_rate: 0.1]
[min_data_per_group: 100]
[max_cat_threshold: 32]
[cat_l2: 10]
[cat_smooth: 10]
[max_cat_to_onehot: 4]
[top_k: 20]
[monotone_constraints: ]
[monotone_constraints_method: basic]
[monotone_penalty: 0]
[feature_contri: ]
[forcedsplits_filename: ]
[refit_decay_rate: 0.9]
[cegb_tradeoff: 1]
[cegb_penalty_split: 0]
[cegb_penalty_feature_lazy: ]
[cegb_penalty_feature_coupled: ]
[path_smooth: 0]
[interaction_constraints: ]
[verbosity: -1]
[saved_feature_importance_type: 0]
[use_quantized_grad: 0]
[num_grad_quant_bins: 4]
[quant_train_renew_leaf: 0]
[stochastic_rounding: 1]
[linear_tree: 0]
[max_bin: 255]
[max_bin_by_feature: ]
[min_data_in_bin: 3]
[bin_construct_sample_cnt: 200000]
[data_random_seed: 175]
[is_enable_sparse: 1]
[enable_bundle: 1]
[use_missing: 1]
[zero_as_missing: 0]
[feature_pre_filter: 1]
[pre_partition: 0]
[two_round: 0]
[header: 0]
[label_column: ]
[weight_column: ]
[group_column: ]
[ignore_column: ]
[categorical_feature: 11,12]
[forcedbins_filename: ]
[precise_float_parser: 0]
[parser_config_file: ]
[objective_seed: 16083]
[num_class: 1]
[is_unbalance: 0]
[scale_pos_weight: 1]
[sigmoid: 1]
[boost_from_average: 1]
[reg_sqrt: 0]
[alpha: 0.9]
[fair_c: 1]
[poisson_max_delta_step: 0.7]
[tweedie_variance_power: 1.5]
[lambdarank_truncation_level: 30]
[lambdarank_norm: 1]
[label_gain: ]
[lambdarank_position_bias_regularization: 0]
[eval_at: ]
[multi_error_top_k: 1]
[auc_mu_weights: ]
[num_machines: 1]
[local_listen_port: 12400]
[time_out: 120]
[machine_list_filename: ]
[machines: ]
[gpu_platform_id: -1]
[gpu_device_id: -1]
[gpu_device_id_list: ]
[gpu_use_dp: 0]
[num_gpu: 1]

end of parameters

pandas_categorical:[["\u5927\u4e95", "\u5ddd\u5d0e", "\u6d66\u548c", "\u8239\u6a4b"], ["\u30bb\u30f3", "\u725d", "\u7261"]]
