rank,top3_rank,race_id,馬番,waku,horse_name,sei,rei,kinryo,jockey,odds,ninki,p_win,p_top3,corner_gain,avg5_ninki,avg5_margin,avg5_last3f,days_since_last,n_past_races,same_track_as_last,data_quality_ok,odds_pending,date,track,race_num,race_name,post_time,distance,surface,grade,weather,baba_condition
1,1,202630100101,6,6,レイスプリント,牡,2,56.0,笹川翼,1.1,1.0,0.7720065094276488,0.8743377264402188,0.0,1.0,0.6000000000000001,40.75,14.0,2.0,1.0,True,False,2026-10-01,門別,1,2歳 未勝利,14:15,1600.0,ダ,未格付,,−
2,2,202630100101,1,1,カームリン,牝,2,55.0,桑村真,8.8,2.0,0.08034264596415303,0.47346569048752835,0.6,5.2,1.1,40.04,7.0,5.0,1.0,True,False,2026-10-01,門別,1,2歳 未勝利,14:15,1600.0,ダ,未格付,,−
3,4,202630100101,7,7,ハリヤード,牡,2,56.0,望月洵,20.0,4.0,0.036532488069156925,0.31227834202596116,0.8,9.8,2.2800000000000002,40.7,7.0,5.0,1.0,True,False,2026-10-01,門別,1,2歳 未勝利,14:15,1600.0,ダ,未格付,,−
4,3,202630100101,2,2,ステラマームード,牝,2,55.0,亀井洋,18.0,3.0,0.0316239363072768,0.3851128713487211,0.75,3.25,1.475,39.65,14.0,4.0,1.0,True,False,2026-10-01,門別,1,2歳 未勝利,14:15,1600.0,ダ,未格付,,−
5,5,202630100101,3,3,ミラヴィー,牡,2,53.0,小川悠,26.5,5.0,0.03125989079723474,0.2525008794768331,-1.8,4.4,1.92,41.58,7.0,5.0,1.0,True,False,2026-10-01,門別,1,2歳 未勝利,14:15,1600.0,ダ,未格付,,−
6,6,202630100101,4,4,ナガイアイダ,牡,2,56.0,金山昇,36.2,6.0,0.024117264717264837,0.17196632452070695,-0.4,7.6,1.78,41.14,35.0,5.0,1.0,True,False,2026-10-01,門別,1,2歳 未勝利,14:15,1600.0,ダ,未格付,,−
7,7,202630100101,5,5,フトウフクツ,牝,2,54.0,藤田凌,38.8,7.0,0.024117264717264837,0.15189764564476982,-0.25,6.0,1.55,40.15,21.0,4.0,1.0,True,False,2026-10-01,門別,1,2歳 未勝利,14:15,1600.0,ダ,未格付,,−
1,1,202630100102,12,8,マルホ,牝,2,55.0,岩橋勇,2.0,1.0,0.3831557604757125,0.7143963761097967,0.0,5.0,1.7666666666666666,40.233333333333334,7.0,3.0,1.0,True,False,2026-10-01,門別,2,2歳 未勝利,14:45,1000.0,ダ,未格付,,−
2,2,202630100102,9,7,ミライヘノヒロイン,牝,2,55.0,落合玄,5.8,2.0,0.11772651228689657,0.5323447484779328,-0.3333333333333333,5.333333333333333,1.5999999999999999,40.53333333333333,14.0,3.0,1.0,True,False,2026-10-01,門別,2,2歳 未勝利,14:45,1000.0,ダ,未格付,,−
3,4,202630100102,8,6,リコーツェッペリン,牡,2,56.0,山本咲,8.4,4.0,0.10612905480846632,0.3905972309822375,-0.4,5.2,1.2399999999999998,40.06,7.0,5.0,1.0,True,False,2026-10-01,門別,2,2歳 未勝利,14:45,1000.0,ダ,未格付,,−
4,3,202630100102,10,7,スキップストーン,牡,2,56.0,笹川翼,8.3,3.0,0.0962000951104361,0.4400600635472051,0.6,6.6,0.8,39.019999999999996,7.0,5.0,1.0,True,False,2026-10-01,門別,2,2歳 未勝利,14:45,1000.0,ダ,未格付,,−
5,5,202630100102,2,2,ジャムリスチール,牝,2,55.0,石川倭,10.4,5.0,0.07533510036333574,0.32478410711386313,-0.2,7.2,1.4200000000000002,38.260000000000005,35.0,5.0,1.0,True,False,2026-10-01,門別,2,2歳 未勝利,14:45,1000.0,ダ,未格付,,−
6,7,202630100102,4,4,ドリームインハート,牝,2,55.0,小野楓,16.2,7.0,0.06611790063963106,0.23779340839157662,-0.4,6.8,2.04,39.8,7.0,5.0,1.0,True,False,2026-10-01,門別,2,2歳 未勝利,14:45,1000.0,ダ,未格付,,−
7,6,202630100102,6,5,キュピタス,牡,2,56.0,亀井洋,12.4,6.0,0.06355995557433114,0.2872897197963807,0.8,9.8,2.08,39.22,7.0,5.0,1.0,True,False,2026-10-01,門別,2,2歳 未勝利,14:45,1000.0,ダ,未格付,,−
8,8,202630100102,1,1,バリサンダー,牡,2,56.0,渡辺竜,26.1,8.0,0.03126605412973182,0.18476344913356213,-1.0,6.6,2.04,38.86,7.0,5.0,1.0,True,False,2026-10-01,門別,2,2歳 未勝利,14:45,1000.0,ダ,未格付,,−
9,9,202630100102,7,6,ハナノコルンルン,牝,2,54.0,藤田凌,40.3,9.0,0.025026152370076247,0.151958564892337,0.0,7.0,1.9666666666666668,39.5,21.0,3.0,1.0,True,False,2026-10-01,門別,2,2歳 未勝利,14:45,1000.0,ダ,未格付,,−
10,10,202630100102,3,3,ヴィルボニータ,牝,2,52.0,小川悠,57.5,10.0,0.021080958844712606,0.1142730287852838,-0.6,7.4,2.3,38.82,7.0,5.0,1.0,True,False,2026-10-01,門別,2,2歳 未勝利,14:45,1000.0,ダ,未格付,,−
11,12,202630100102,5,5,モーニングヒカル,牡,2,56.0,宮内勇,155.5,12.0,0.007201227698334944,0.049516781574112406,-0.2,7.2,3.4200000000000004,39.239999999999995,14.0,5.0,1.0,True,False,2026-10-01,門別,2,2歳 未勝利,14:45,1000.0,ダ,未格付,,−
12,11,202630100102,11,8,カンノンロイヤル,牡,2,56.0,若杉朝,139.2,11.0,0.007201227698334944,0.057408970671227744,0.0,11.5,4.65,39.400000000000006,,2.0,1.0,True,False,2026-10-01,門別,2,2歳 未勝利,14:45,1000.0,ダ,未格付,,−
1,1,202630100103,9,7,アジーザム,牝,3,55.0,金山昇,3.6,1.0,0.203279270738118,0.647959164369293,1.0,11.0,1.34,36.64,35.0,5.0,0.0,True,False,2026-10-01,門別,3,3歳以上 C4ー2,15:15,1000.0,ダ,未格付,,−
2,2,202630100103,1,1,ラングロワブリッジ,牝,3,55.0,亀井洋,5.8,2.0,0.12372110562762145,0.5954253453520729,-0.3333333333333333,10.0,2.5,36.96666666666667,49.0,3.0,0.0,True,False,2026-10-01,門別,3,3歳以上 C4ー2,15:15,1000.0,ダ,未格付,,−
3,4,202630100103,3,3,サコクノクインビー,牝,3,55.0,松井伸,8.1,4.0,0.10387467598455519,0.3976040211389734,-0.2,5.4,2.02,40.14,63.0,5.0,0.0,True,False,2026-10-01,門別,3,3歳以上 C4ー2,15:15,1000.0,ダ,未格付,,−
4,3,202630100103,5,5,ゴーゴーエイミー,牝,3,55.0,岩橋勇,7.3,3.0,0.10308675866410531,0.43612849450574476,-3.5,8.75,3.7249999999999996,40.4,28.0,4.0,0.0,True,False,2026-10-01,門別,3,3歳以上 C4ー2,15:15,1000.0,ダ,未格付,,−
5,5,202630100103,6,5,オセロ,牡,4,54.0,小川悠,8.5,5.0,0.10262299709737291,0.34550588778866415,1.2,5.2,0.76,37.9,7.0,5.0,1.0,True,False,2026-10-01,門別,3,3歳以上 C4ー2,15:15,1000.0,ダ,未格付,,−
6,8,202630100103,11,8,サンヨウコイノボリ,牝,3,55.0,桑村真,13.1,8.0,0.07247642406328256,0.2202129347032309,0.2,7.0,1.22,39.22,7.0,5.0,1.0,True,False,2026-10-01,門別,3,3歳以上 C4ー2,15:15,1000.0,ダ,未格付,,−
7,6,202630100103,4,4,ユイガネーシャ,牡,3,57.0,落合玄,12.1,6.0,0.06512869631798084,0.2858452284898855,0.4,4.4,0.54,38.46,7.0,5.0,1.0,True,False,2026-10-01,門別,3,3歳以上 C4ー2,15:15,1000.0,ダ,未格付,,−
8,7,202630100103,10,7,フリーダムスタイル,牝,3,54.0,藤田凌,12.2,7.0,0.0638943216956514,0.23779340839157662,0.2,5.6,1.16,37.42,7.0,5.0,1.0,True,False,2026-10-01,門別,3,3歳以上 C4ー2,15:15,1000.0,ダ,未格付,,−
9,9,202630100103,12,8,カネトシセレスト,牡,6,57.0,黒澤愛,16.2,9.0,0.06284846895180027,0.21949224492398314,0.4,4.2,1.0,39.0,21.0,5.0,1.0,True,False,2026-10-01,門別,3,3歳以上 C4ー2,15:15,1000.0,ダ,未格付,,−
10,10,202630100103,2,2,グリース,牝,3,55.0,石川倭,19.2,10.0,0.04902445912297341,0.19620435085892174,0.2,4.2,1.2200000000000002,38.92,7.0,5.0,1.0,True,False,2026-10-01,門別,3,3歳以上 C4ー2,15:15,1000.0,ダ,未格付,,−
11,12,202630100103,7,6,ハシレオザキサン,牝,3,55.0,小野楓,28.2,11.0,0.028676720551007253,0.16425497651715065,-0.4,7.0,2.12,38.980000000000004,21.0,5.0,1.0,True,False,2026-10-01,門別,3,3歳以上 C4ー2,15:15,1000.0,ダ,未格付,,−
12,11,202630100103,8,6,マイニオサラスタス,牝,3,55.0,若杉朝,35.8,12.0,0.02136610118553136,0.1709255855321929,-2.2,10.6,2.04,37.78,7.0,5.0,1.0,True,False,2026-10-01,門別,3,3歳以上 C4ー2,15:15,1000.0,ダ,未格付,,−
1,1,202630100104,2,2,レディーココ,牝,2,55.0,落合玄,3.0,1.0,0.22020496048385424,0.6293663126626983,0.5,2.5,0.05,37.849999999999994,21.0,2.0,1.0,True,False,2026-10-01,門別,4,2歳 3組,15:50,1000.0,ダ,未格付,,−
2,2,202630100104,6,5,ベイビーノンチャン,牝,2,55.0,石川倭,5.2,2.0,0.13680065527510554,0.5454397738097582,-0.2,2.6,0.9800000000000001,38.86,7.0,5.0,1.0,True,False,2026-10-01,門別,4,2歳 3組,15:50,1000.0,ダ,未格付,,−
3,3,202630100104,1,1,サザンザバロン,牡,2,56.0,服部茂,7.7,3.0,0.09711450522497969,0.4447800066558623,0.2,2.8,0.8,39.04,14.0,5.0,1.0,True,False,2026-10-01,門別,4,2歳 3組,15:50,1000.0,ダ,未格付,,−
4,5,202630100104,12,8,ペトロパッション,牡,2,53.0,小川悠,9.2,5.0,0.09404396903584279,0.3290996977807654,0.6,5.8,0.96,37.94,7.0,5.0,1.0,True,False,2026-10-01,門別,4,2歳 3組,15:50,1000.0,ダ,未格付,,−
5,8,202630100104,3,3,スダレ,牡,2,56.0,桑村真,13.9,8.0,0.0920456939927827,0.21949224492398314,0.4,4.4,0.9,38.8,7.0,5.0,1.0,True,False,2026-10-01,門別,4,2歳 3組,15:50,1000.0,ダ,未格付,,−
6,8,202630100104,5,5,ダスティミラー,牝,2,55.0,小野楓,14.5,9.0,0.08642277399814317,0.21949224492398314,0.2,3.2,1.02,38.44,14.0,5.0,1.0,True,False,2026-10-01,門別,4,2歳 3組,15:50,1000.0,ダ,未格付,,−
7,6,202630100104,4,4,リュウノマッスル,牡,2,56.0,宮内勇,10.9,6.0,0.08029823089848918,0.31110616034668614,-0.2,7.0,2.8,41.0,7.0,5.0,1.0,True,False,2026-10-01,門別,4,2歳 3組,15:50,1000.0,ダ,未格付,,−
8,4,202630100104,7,6,ウィルアイガー,牡,2,56.0,望月洵,8.7,4.0,0.07041736176876359,0.3567339370599916,0.6,2.2,1.2200000000000002,39.839999999999996,21.0,5.0,1.0,True,False,2026-10-01,門別,4,2歳 3組,15:50,1000.0,ダ,未格付,,−
9,7,202630100104,9,7,エレシュトゥ,牝,2,55.0,岩橋勇,11.7,7.0,0.06347227543313771,0.23248072213944776,-0.6666666666666666,3.0,1.0666666666666667,38.43333333333333,35.0,3.0,1.0,True,False,2026-10-01,門別,4,2歳 3組,15:50,1000.0,ダ,未格付,,−
10,10,202630100104,8,6,コンバットパトリ,牡,2,56.0,松井伸,42.3,10.0,0.0252001591079291,0.14132724619798123,0.75,6.75,1.1,38.725,14.0,4.0,1.0,True,False,2026-10-01,門別,4,2歳 3組,15:50,1000.0,ダ,未格付,,−
11,12,202630100104,11,8,ワクワク,牝,2,55.0,阿部龍,58.7,12.0,0.01701929314359589,0.10673119420423642,0.6,4.4,1.6800000000000002,39.3,21.0,5.0,1.0,True,False,2026-10-01,門別,4,2歳 3組,15:50,1000.0,ダ,未格付,,−
12,10,202630100104,10,7,オギフシノネガイ,牝,2,55.0,亀井洋,54.1,11.0,0.016960121637376372,0.14132724619798123,-0.4,7.0,2.1,40.28,14.0,5.0,1.0,True,False,2026-10-01,門別,4,2歳 3組,15:50,1000.0,ダ,未格付,,−
1,1,202630100105,7,7,ヤマノリッキー,牡,2,56.0,宮内勇,2.5,1.0,0.3516341924129673,0.6696658303538996,-0.2,4.6,0.9400000000000001,39.42,7.0,5.0,1.0,True,False,2026-10-01,門別,5,2歳 3組,16:25,1200.0,ダ,未格付,,−
2,2,202630100105,6,6,カスケードループ,牝,2,55.0,渡辺竜,5.7,2.0,0.12299639136525692,0.5454397738097582,-0.25,3.5,0.6,39.3,7.0,4.0,1.0,True,False,2026-10-01,門別,5,2歳 3組,16:25,1200.0,ダ,未格付,,−
3,4,202630100105,1,1,スペシャルプリンス,牡,2,56.0,落合玄,6.3,4.0,0.12020778267290665,0.4391231160073879,0.0,1.0,1.1666666666666667,39.4,35.0,3.0,1.0,True,False,2026-10-01,門別,5,2歳 3組,16:25,1200.0,ダ,未格付,,−
4,3,202630100105,4,4,アルフォンシーナ,牝,2,55.0,小野楓,6.0,3.0,0.11995824264547192,0.49563348163424836,0.4,3.2,0.36,38.3,14.0,5.0,1.0,True,False,2026-10-01,門別,5,2歳 3組,16:25,1200.0,ダ,未格付,,−
5,5,202630100105,8,8,プロメッサヘーザ,牝,2,55.0,金山昇,8.3,5.0,0.09819403456153726,0.34580542684677723,0.0,7.0,0.7333333333333334,38.6,7.0,3.0,1.0,True,False,2026-10-01,門別,5,2歳 3組,16:25,1200.0,ダ,未格付,,−
6,6,202630100105,3,3,コスモバラス,牡,2,56.0,岩橋勇,10.8,6.0,0.07093461325189668,0.31020633934476666,0.2,5.6,1.2,40.1,7.0,5.0,1.0,True,False,2026-10-01,門別,5,2歳 3組,16:25,1200.0,ダ,未格付,,−
7,7,202630100105,2,2,エイシンブリス,牝,2,55.0,山本咲,11.3,7.0,0.06518490307060301,0.23651519691282546,0.2,2.6,1.1199999999999999,39.7,14.0,5.0,1.0,True,False,2026-10-01,門別,5,2歳 3組,16:25,1200.0,ダ,未格付,,−
8,8,202630100105,5,5,ピタゴラ,牡,2,56.0,桑村真,18.5,8.0,0.05088984001936019,0.19620435085892174,-2.0,6.0,2.1399999999999997,40.1,7.0,5.0,1.0,True,False,2026-10-01,門別,5,2歳 3組,16:25,1200.0,ダ,未格付,,−
1,1,202630100106,9,7,サラサゴーサイン,牡,3,57.0,服部茂,2.8,1.0,0.3105770006545703,0.6485040455780092,-0.6,2.6,0.5599999999999999,37.480000000000004,7.0,5.0,1.0,True,False,2026-10-01,門別,6,3歳以上 C3ー2 C4ー1,16:55,1000.0,ダ,C三,,−
2,2,202630100106,4,4,エクセレンウイナー,牡,4,57.0,阿部龍,3.2,2.0,0.21652161325837607,0.5940414207127435,0.2,1.4,0.12000000000000002,38.519999999999996,21.0,5.0,1.0,True,False,2026-10-01,門別,6,3歳以上 C3ー2 C4ー1,16:55,1000.0,ダ,C三,,−
3,3,202630100106,7,6,イソダ,牝,3,55.0,石川倭,4.5,3.0,0.16316018156892553,0.5360642544220503,-0.2,2.0,1.02,39.54,7.0,5.0,1.0,True,False,2026-10-01,門別,6,3歳以上 C3ー2 C4ー1,16:55,1000.0,ダ,C三,,−
4,4,202630100106,2,2,メイショウクツカケ,牡,4,54.0,渡辺準,8.0,4.0,0.10049665527041371,0.41012598958143937,-0.8,3.8,1.2,38.64,14.0,5.0,1.0,True,False,2026-10-01,門別,6,3歳以上 C3ー2 C4ー1,16:55,1000.0,ダ,C三,,−
5,5,202630100106,8,7,サクラカレント,牝,8,55.0,岩橋勇,13.5,5.0,0.06343552115923702,0.31036942825380864,0.4,5.8,0.9,37.72,7.0,5.0,1.0,True,False,2026-10-01,門別,6,3歳以上 C3ー2 C4ー1,16:55,1000.0,ダ,C三,,−
6,6,202630100106,5,5,ペンタフェリーチェ,牝,3,55.0,宮内勇,18.9,6.0,0.04801839017056105,0.25417523202274245,-0.6,7.4,1.64,39.339999999999996,7.0,5.0,1.0,True,False,2026-10-01,門別,6,3歳以上 C3ー2 C4ー1,16:55,1000.0,ダ,C三,,−
7,7,202630100106,1,1,ルナエルフ,牝,6,55.0,小野楓,25.0,7.0,0.029185034024602916,0.20001163541525,0.2,5.0,1.06,38.239999999999995,,5.0,1.0,True,False,2026-10-01,門別,6,3歳以上 C3ー2 C4ー1,16:55,1000.0,ダ,C三,,−
8,9,202630100106,6,6,シュヴィル,牡,6,57.0,亀井洋,65.5,10.0,0.023469180441503684,0.10673119420423642,0.0,8.8,1.7600000000000002,38.4,7.0,5.0,1.0,True,False,2026-10-01,門別,6,3歳以上 C3ー2 C4ー1,16:55,1000.0,ダ,C三,,−
9,8,202630100106,11,8,ゼファーバローズ,牡,6,54.0,小川悠,36.8,8.0,0.022696444219274158,0.151117543784368,-0.8,6.8,4.4799999999999995,41.160000000000004,21.0,5.0,1.0,True,False,2026-10-01,門別,6,3歳以上 C3ー2 C4ー1,16:55,1000.0,ダ,C三,,−
10,9,202630100106,10,8,オールスパイス,牝,4,55.0,松井伸,57.5,9.0,0.017245847356777817,0.10673119420423642,-0.4,9.6,1.9599999999999997,39.239999999999995,7.0,5.0,1.0,True,False,2026-10-01,門別,6,3歳以上 C3ー2 C4ー1,16:55,1000.0,ダ,C三,,−
11,11,202630100106,3,3,ディアレストゥラヴ,牝,6,55.0,黒澤愛,195.0,11.0,0.00519413187575767,0.041332549868833494,0.0,8.8,2.04,37.760000000000005,7.0,5.0,1.0,True,False,2026-10-01,門別,6,3歳以上 C3ー2 C4ー1,16:55,1000.0,ダ,C三,,−
1,1,202630100107,10,7,クイーンズパーク,牝,3,55.0,石川倭,1.4,1.0,0.5637034114558462,0.8230820555235944,0.0,4.25,0.44999999999999996,36.775,28.0,4.0,1.0,True,False,2026-10-01,門別,7,そうべつりんごまつり賞(C3),17:30,1000.0,ダ,C三,,−
2,2,202630100107,8,6,ルナノーヴァ,牡,3,57.0,落合玄,3.4,2.0,0.21175285197807642,0.6129537255931694,1.0,5.6,0.76,39.279999999999994,7.0,5.0,1.0,True,False,2026-10-01,門別,7,そうべつりんごまつり賞(C3),17:30,1000.0,ダ,C三,,−
3,3,202630100107,3,3,クインズタンポポ,牝,3,54.0,藤田凌,8.1,3.0,0.08856493310410431,0.4146253626262225,-0.2,2.2,0.5,38.760000000000005,7.0,5.0,1.0,True,False,2026-10-01,門別,7,そうべつりんごまつり賞(C3),17:30,1000.0,ダ,C三,,−
4,4,202630100107,4,4,スティールスピネル,牝,3,55.0,阿部龍,21.0,4.0,0.04738185841444588,0.2801389377008158,0.6,2.4,0.68,37.12,21.0,5.0,1.0,True,False,2026-10-01,門別,7,そうべつりんごまつり賞(C3),17:30,1000.0,ダ,C三,,−
5,5,202630100107,11,8,フィカスリラータ,牝,3,55.0,桑村真,27.4,5.0,0.033100348715440556,0.23192520981758835,0.6,6.6,0.8400000000000001,38.72,7.0,5.0,1.0,True,False,2026-10-01,門別,7,そうべつりんごまつり賞(C3),17:30,1000.0,ダ,C三,,−
6,6,202630100107,9,7,ティファニジェンヌ,牝,5,55.0,亀井洋,53.1,6.0,0.014946611919877997,0.16018435171019055,0.0,5.4,1.06,39.26,14.0,5.0,1.0,True,False,2026-10-01,門別,7,そうべつりんごまつり賞(C3),17:30,1000.0,ダ,C三,,−
7,7,202630100107,7,6,ニシノココ,牝,5,55.0,笹川翼,92.7,7.0,0.008075256312083027,0.08917424541437227,0.6,8.0,0.82,37.68,7.0,5.0,1.0,True,False,2026-10-01,門別,7,そうべつりんごまつり賞(C3),17:30,1000.0,ダ,C三,,−
8,9,202630100107,6,5,ウーロン,牝,5,55.0,山本咲,152.3,9.0,0.007694825788140678,0.052007562272801865,-0.6,6.4,1.3199999999999998,38.82,7.0,5.0,1.0,True,False,2026-10-01,門別,7,そうべつりんごまつり賞(C3),17:30,1000.0,ダ,C三,,−
9,8,202630100107,2,2,ヤマノプリティー,牝,8,52.0,小川悠,134.0,8.0,0.007579697426843285,0.06096876851308471,0.4,6.4,1.0,38.4,7.0,5.0,1.0,True,False,2026-10-01,門別,7,そうべつりんごまつり賞(C3),17:30,1000.0,ダ,C三,,−
10,10,202630100107,1,1,ヴィクターアーク,牝,6,55.0,黒澤愛,584.2,12.0,0.00573340162838055,0.040308006818386415,0.0,8.4,3.2,38.7,14.0,5.0,1.0,True,False,2026-10-01,門別,7,そうべつりんごまつり賞(C3),17:30,1000.0,ダ,C三,,−
11,10,202630100107,5,5,テナチュール,牝,7,55.0,若杉朝,230.0,11.0,0.00573340162838055,0.040308006818386415,0.2,6.4,0.8400000000000001,37.96,7.0,5.0,1.0,True,False,2026-10-01,門別,7,そうべつりんごまつり賞(C3),17:30,1000.0,ダ,C三,,−
12,10,202630100107,12,8,ミラージュフルール,牝,6,55.0,松井伸,202.3,10.0,0.00573340162838055,0.040308006818386415,0.2,7.4,1.58,38.12,7.0,5.0,1.0,True,False,2026-10-01,門別,7,そうべつりんごまつり賞(C3),17:30,1000.0,ダ,C三,,−
1,1,202630100108,5,5,スズノボンライミー,牝,3,55.0,宮内勇,1.6,1.0,0.5747468384037228,0.8252488686306962,-0.4,9.0,1.54,36.94,7.0,5.0,1.0,True,False,2026-10-01,門別,8,とままえななつぼし賞(C3),18:00,1200.0,ダ,C三,,−
2,2,202630100108,8,7,ベアブルージュ,牡,3,57.0,望月洵,3.3,2.0,0.1913474243472848,0.5940414207127435,0.5,6.0,1.24,30.839999999999996,21.0,5.0,1.0,True,False,2026-10-01,門別,8,とままえななつぼし賞(C3),18:00,1200.0,ダ,C三,,−
3,3,202630100108,4,4,ジェイソンバローズ,セ,3,57.0,笹川翼,10.1,3.0,0.06797047297765718,0.4285818874252942,0.6,2.6,0.6799999999999999,39.339999999999996,14.0,5.0,1.0,True,False,2026-10-01,門別,8,とままえななつぼし賞(C3),18:00,1200.0,ダ,C三,,−
4,4,202630100108,9,8,ブリスフルイヤー,牝,3,55.0,落合玄,15.2,4.0,0.04978377743222181,0.3235419313634723,-0.4,4.0,1.72,41.02,14.0,5.0,1.0,True,False,2026-10-01,門別,8,とままえななつぼし賞(C3),18:00,1200.0,ダ,C三,,−
5,6,202630100108,7,7,スターゲイザー,牡,3,57.0,松井伸,26.0,6.0,0.03051254590140018,0.2150538519778908,0.0,10.2,3.28,40.86,7.0,5.0,1.0,True,False,2026-10-01,門別,8,とままえななつぼし賞(C3),18:00,1200.0,ダ,C三,,−
6,5,202630100108,2,2,トニーオーシャンズ,牡,3,57.0,桑村真,25.5,5.0,0.02868316075480544,0.2535498440161601,-0.2,5.8,1.6800000000000002,39.160000000000004,7.0,5.0,1.0,True,False,2026-10-01,門別,8,とままえななつぼし賞(C3),18:00,1200.0,ダ,C三,,−
7,7,202630100108,10,8,リコーニック,セ,8,57.0,山本咲,29.8,7.0,0.025201894012127295,0.17602601133355067,0.0,2.0,0.5,39.459999999999994,14.0,5.0,1.0,True,False,2026-10-01,門別,8,とままえななつぼし賞(C3),18:00,1200.0,ダ,C三,,−
8,8,202630100108,1,1,メレサンク,牝,4,55.0,石川倭,36.3,8.0,0.021513759881791224,0.14704066620075673,1.2,4.0,0.78,38.12,7.0,5.0,1.0,True,False,2026-10-01,門別,8,とままえななつぼし賞(C3),18:00,1200.0,ダ,C三,,−
9,9,202630100108,3,3,チャンピオンホース,牡,3,57.0,黒澤愛,377.4,10.0,0.005120063144494723,0.040308006818386415,0.8,7.8,2.5,39.38,14.0,5.0,1.0,True,False,2026-10-01,門別,8,とままえななつぼし賞(C3),18:00,1200.0,ダ,C三,,−
10,9,202630100108,6,6,サクラストリーム,牡,6,54.0,渡辺準,207.3,9.0,0.005120063144494723,0.040308006818386415,0.2,8.6,0.74,39.42,21.0,5.0,1.0,True,False,2026-10-01,門別,8,とままえななつぼし賞(C3),18:00,1200.0,ダ,C三,,−
1,2,202630100109,6,6,ホウオウアーネスト,牡,4,57.0,落合玄,3.1,1.0,0.2964520000552907,0.613138037249505,0.8,2.6,0.4,38.36,7.0,5.0,1.0,True,False,2026-10-01,門別,9,サイアーライン特別(C1),18:35,1500.0,ダ,C一,,−
2,1,202630100109,7,7,ベルバロン,牡,3,57.0,望月洵,3.5,2.0,0.20903191441776262,0.614271094577671,1.4,1.0,-0.5599999999999999,38.44,7.0,5.0,1.0,True,False,2026-10-01,門別,9,サイアーライン特別(C1),18:35,1500.0,ダ,C一,,−
3,3,202630100109,4,4,マナスカイ,牡,3,57.0,桑村真,5.6,3.0,0.11905182346446705,0.5035948099055173,1.6,2.8,0.18,40.760000000000005,7.0,5.0,1.0,True,False,2026-10-01,門別,9,サイアーライン特別(C1),18:35,1500.0,ダ,C一,,−
4,4,202630100109,3,3,ヤマニンエラマ,牡,3,57.0,渡辺竜,7.7,4.0,0.1019652487691803,0.4102699071053519,0.6,2.8,0.78,39.56,14.0,5.0,1.0,True,False,2026-10-01,門別,9,サイアーライン特別(C1),18:35,1500.0,ダ,C一,,−
5,5,202630100109,5,5,ブルーコスモス,牝,3,55.0,阿部龍,8.1,5.0,0.09904381148037533,0.37336583454196787,-0.4,3.0,1.8199999999999998,43.480000000000004,14.0,5.0,1.0,True,False,2026-10-01,門別,9,サイアーライン特別(C1),18:35,1500.0,ダ,C一,,−
6,6,202630100109,8,8,ヤマニントゥルシー,牡,5,54.0,小川悠,8.6,6.0,0.09228035140115243,0.3128538227002503,-0.2,4.8,0.54,40.56,7.0,5.0,1.0,True,False,2026-10-01,門別,9,サイアーライン特別(C1),18:35,1500.0,ダ,C一,,−
7,7,202630100109,2,2,ロスカキック,牝,3,56.0,石川倭,21.7,7.0,0.03254087038742309,0.20576048127063618,0.0,4.8,1.42,38.6,7.0,5.0,1.0,True,False,2026-10-01,門別,9,サイアーライン特別(C1),18:35,1500.0,ダ,C一,,−
8,8,202630100109,9,8,キタサンモンドー,牡,4,57.0,小野楓,32.4,8.0,0.02574874715156992,0.14704066620075673,-1.2,4.2,1.2200000000000002,39.8,21.0,5.0,1.0,True,False,2026-10-01,門別,9,サイアーライン特別(C1),18:35,1500.0,ダ,C一,,−
9,9,202630100109,1,1,アースチャン,牝,4,55.0,若杉朝,57.8,9.0,0.02388523287277876,0.1139368774863765,1.4,8.6,1.44,42.239999999999995,14.0,5.0,0.0,True,False,2026-10-01,門別,9,サイアーライン特別(C1),18:35,1500.0,ダ,C一,,−
1,1,202630100110,2,2,スキャボロフェアー,牡,3,57.0,渡辺竜,3.2,1.0,0.2605198233945287,0.6107712307688975,1.4,2.0,0.48,39.08,7.0,5.0,1.0,True,False,2026-10-01,門別,10,グランシャリオドリーム67(C1),19:10,1700.0,ダ,C一,,−
2,2,202630100110,10,7,テレマコス,牡,3,57.0,笹川翼,3.6,2.0,0.17318287811202188,0.5987806817030286,1.25,1.25,-0.275,38.225,14.0,4.0,1.0,True,False,2026-10-01,門別,10,グランシャリオドリーム67(C1),19:10,1700.0,ダ,C一,,−
3,3,202630100110,8,6,ニューアライブ,牡,3,57.0,石川倭,5.7,3.0,0.11747417007524405,0.5034683846526838,0.0,7.6,3.16,39.519999999999996,28.0,5.0,0.0,True,False,2026-10-01,門別,10,グランシャリオドリーム67(C1),19:10,1700.0,ダ,C一,,−
4,7,202630100110,5,5,ブレイキンアウェイ,牡,3,58.0,桑村真,14.4,7.0,0.08669471317050231,0.23651519691282546,1.4,2.4,0.42000000000000004,39.44,7.0,5.0,1.0,True,False,2026-10-01,門別,10,グランシャリオドリーム67(C1),19:10,1700.0,ダ,C一,,−
5,4,202630100110,9,7,ジャストグレース,牡,3,57.0,小野楓,10.4,4.0,0.08355028285039821,0.372520976802115,1.0,7.6,1.6599999999999997,39.120000000000005,21.0,5.0,0.0,True,False,2026-10-01,門別,10,グランシャリオドリーム67(C1),19:10,1700.0,ダ,C一,,−
6,5,202630100110,7,6,アヴェルス,牡,3,57.0,望月洵,12.5,5.0,0.06907402111811474,0.31136023345314456,0.4,3.4,0.41999999999999993,40.58,7.0,5.0,1.0,True,False,2026-10-01,門別,10,グランシャリオドリーム67(C1),19:10,1700.0,ダ,C一,,−
7,6,202630100110,1,1,ルパピヨンブラン,牝,3,55.0,阿部龍,13.5,6.0,0.06166764274157355,0.2872897197963807,1.0,5.0,1.3800000000000001,39.239999999999995,7.0,5.0,1.0,True,False,2026-10-01,門別,10,グランシャリオドリーム67(C1),19:10,1700.0,ダ,C一,,−
8,8,202630100110,11,8,アンミックス,牝,3,55.0,宮内勇,14.7,8.0,0.06166764274157355,0.21949224492398314,-0.6,4.6,2.12,40.2,7.0,5.0,1.0,True,False,2026-10-01,門別,10,グランシャリオドリーム67(C1),19:10,1700.0,ダ,C一,,−
9,9,202630100110,3,3,カムイノウタゲ,牡,4,57.0,亀井洋,20.8,9.0,0.03415863613432668,0.18864387371186428,1.6,7.8,1.5,39.3,,5.0,1.0,True,False,2026-10-01,門別,10,グランシャリオドリーム67(C1),19:10,1700.0,ダ,C一,,−
10,10,202630100110,4,4,リムショット,牡,5,54.0,渡辺準,32.5,10.0,0.02498386253906789,0.14704066620075673,0.2,2.4,1.08,39.839999999999996,7.0,5.0,1.0,True,False,2026-10-01,門別,10,グランシャリオドリーム67(C1),19:10,1700.0,ダ,C一,,−
11,11,202630100110,12,8,シロカーク,牡,4,56.0,藤田凌,62.5,11.0,0.021702448855975002,0.10232838804983287,0.6,8.6,4.38,41.64,,5.0,1.0,True,False,2026-10-01,門別,10,グランシャリオドリーム67(C1),19:10,1700.0,ダ,C一,,−
12,12,202630100110,6,5,エポカデルソーレ,牡,4,57.0,金山昇,288.9,12.0,0.005323878266673478,0.040308006818386415,0.4,8.0,2.0,38.519999999999996,7.0,5.0,1.0,True,False,2026-10-01,門別,10,グランシャリオドリーム67(C1),19:10,1700.0,ダ,C一,,−
1,1,202630100111,11,8,モンタルチーノ,牡,4,57.0,服部茂,1.5,1.0,0.5040954328052096,0.8206369734855634,-0.2,1.8,0.7,35.67999999999999,7.0,5.0,1.0,True,False,2026-10-01,門別,11,JAバンクよりぞう特別(B3),19:50,1200.0,ダ,B三,,−
2,2,202630100111,12,8,クインズメレンゲ,牝,4,55.0,小野楓,7.1,2.0,0.10020681982231466,0.4741164518245478,-0.4,5.0,0.9800000000000001,38.28,21.0,5.0,1.0,True,False,2026-10-01,門別,11,JAバンクよりぞう特別(B3),19:50,1200.0,ダ,B三,,−
3,3,202630100111,2,2,スターオブムーラン,牝,3,56.0,岩橋勇,9.2,3.0,0.07778382653883521,0.4131670231784495,1.6,2.0,0.33999999999999997,39.48,21.0,5.0,1.0,True,False,2026-10-01,門別,11,JAバンクよりぞう特別(B3),19:50,1200.0,ダ,B三,,−
4,4,202630100111,6,5,ファインキック,牡,3,54.0,小川悠,11.1,4.0,0.07379959462873435,0.37618022846722005,1.0,4.8,1.7600000000000002,38.980000000000004,7.0,5.0,1.0,True,False,2026-10-01,門別,11,JAバンクよりぞう特別(B3),19:50,1200.0,ダ,B三,,−
5,5,202630100111,8,6,サウンドロックス,牡,5,57.0,渡辺竜,16.7,5.0,0.07220805962356704,0.30604253583723956,-0.8,5.4,1.1400000000000001,40.4,7.0,5.0,1.0,True,False,2026-10-01,門別,11,JAバンクよりぞう特別(B3),19:50,1200.0,ダ,B三,,−
6,7,202630100111,10,7,グレートスティック,牡,3,57.0,石川倭,19.1,7.0,0.06199157196543602,0.2112106745793586,0.4,4.8,0.5,37.239999999999995,21.0,5.0,1.0,True,False,2026-10-01,門別,11,JAバンクよりぞう特別(B3),19:50,1200.0,ダ,B三,,−
7,6,202630100111,4,4,ハニーベリー,牝,6,56.0,松井伸,17.0,6.0,0.05566254916555687,0.26014630980876097,-0.4,5.8,0.6399999999999999,38.96,21.0,5.0,1.0,True,False,2026-10-01,門別,11,JAバンクよりぞう特別(B3),19:50,1200.0,ダ,B三,,−
8,9,202630100111,5,5,ズンガリプテルス,牡,6,57.0,山本咲,59.3,9.0,0.020621610547192044,0.10673119420423642,0.8,6.4,1.1400000000000001,37.739999999999995,7.0,5.0,1.0,True,False,2026-10-01,門別,11,JAバンクよりぞう特別(B3),19:50,1200.0,ダ,B三,,−
9,8,202630100111,7,6,マジカルレイズ,牡,5,57.0,宮内勇,54.1,8.0,0.014496645139062807,0.14132724619798123,-1.4,8.6,2.96,39.46,,5.0,1.0,True,False,2026-10-01,門別,11,JAバンクよりぞう特別(B3),19:50,1200.0,ダ,B三,,−
10,10,202630100111,9,7,ジャスパーシャイン,牡,9,57.0,桑村真,88.2,10.0,0.007874272822198958,0.08318180043768308,0.2,8.0,2.46,37.68,7.0,5.0,1.0,True,False,2026-10-01,門別,11,JAバンクよりぞう特別(B3),19:50,1200.0,ダ,B三,,−
11,12,202630100111,1,1,コスモレンブランサ,牝,6,55.0,坂下秀,761.6,12.0,0.005629808470946186,0.040308006818386415,-0.6,10.0,2.66,38.019999999999996,7.0,5.0,1.0,True,False,2026-10-01,門別,11,JAバンクよりぞう特別(B3),19:50,1200.0,ダ,B三,,−
12,11,202630100111,3,3,パープルビューティ,牝,5,55.0,黒澤愛,182.6,11.0,0.005629808470946186,0.04532924038338713,-0.8,8.2,1.6600000000000001,38.96,7.0,5.0,1.0,True,False,2026-10-01,門別,11,JAバンクよりぞう特別(B3),19:50,1200.0,ダ,B三,,−
1,1,202630100112,14,8,セルアウトクラウド,牝,2,55.0,落合玄,1.6,1.0,0.4633166286630864,0.8206369734855634,0.0,1.3333333333333333,-1.4666666666666668,37.63333333333333,35.0,3.0,1.0,True,False,2026-10-01,門別,12,ネクストスター門別〔H1〕(イスラボニー 重賞,20:30,1200.0,ダ,未格付,,−
2,2,202630100112,8,5,ダブルゲーム,牡,2,56.0,桑村真,8.2,2.0,0.08803796495041921,0.4603705983325535,-0.6666666666666666,1.6666666666666667,-0.36666666666666664,39.13333333333333,49.0,3.0,1.0,True,False,2026-10-01,門別,12,ネクストスター門別〔H1〕(イスラボニー 重賞,20:30,1200.0,ダ,未格付,,−
3,4,202630100112,10,6,エイシンスクルド,牝,2,55.0,宮内勇,16.9,4.0,0.07880885137590525,0.31898038230402104,0.4,1.8,-0.18,37.54,7.0,5.0,1.0,True,False,2026-10-01,門別,12,ネクストスター門別〔H1〕(イスラボニー 重賞,20:30,1200.0,ダ,未格付,,−
4,6,202630100112,2,2,ミラクルヴェリテ,牝,2,55.0,石川倭,18.2,6.0,0.060546044023237544,0.26552910864668494,1.3333333333333333,3.6666666666666665,1.2666666666666666,38.233333333333334,21.0,3.0,1.0,True,False,2026-10-01,門別,12,ネクストスター門別〔H1〕(イスラボニー 重賞,20:30,1200.0,ダ,未格付,,−
5,3,202630100112,9,6,アペリティーヴォ,牡,2,56.0,望月洵,10.7,3.0,0.058980113747815144,0.4076604385955864,0.0,2.0,-0.03333333333333333,39.03333333333333,21.0,3.0,1.0,True,False,2026-10-01,門別,12,ネクストスター門別〔H1〕(イスラボニー 重賞,20:30,1200.0,ダ,未格付,,−
6,7,202630100112,13,8,カリムパッション,牡,2,56.0,笹川翼,18.2,7.0,0.04803886066531851,0.21742720639662277,-0.3333333333333333,2.3333333333333335,0.46666666666666673,39.833333333333336,28.0,3.0,1.0,True,False,2026-10-01,門別,12,ネクストスター門別〔H1〕(イスラボニー 重賞,20:30,1200.0,ダ,未格付,,−
7,5,202630100112,4,3,コパノシチリア,牡,2,56.0,阿部龍,17.2,5.0,0.04514032385355209,0.30728571461235366,0.0,3.8,0.07999999999999997,38.32,35.0,5.0,0.0,True,False,2026-10-01,門別,12,ネクストスター門別〔H1〕(イスラボニー 重賞,20:30,1200.0,ダ,未格付,,−
8,8,202630100112,6,4,マッドシークレット,牡,2,56.0,服部茂,24.1,9.0,0.04146403745238408,0.18476344913356213,1.4,4.0,0.52,37.82,28.0,5.0,1.0,True,False,2026-10-01,門別,12,ネクストスター門別〔H1〕(イスラボニー 重賞,20:30,1200.0,ダ,未格付,,−
9,9,202630100112,3,3,ラビリンスティアラ,牝,2,55.0,山本政,19.8,8.0,0.029959057455218485,0.17808393291079816,0.2,4.0,0.09999999999999998,38.48,28.0,5.0,0.0,True,False,2026-10-01,門別,12,ネクストスター門別〔H1〕(イスラボニー 重賞,20:30,1200.0,ダ,未格付,,−
10,11,202630100112,5,4,クラプロスパー,牝,2,55.0,山本聡,30.8,10.0,0.028391672734925568,0.17121144147663764,0.6,3.8,0.45999999999999996,38.519999999999996,35.0,5.0,1.0,True,False,2026-10-01,門別,12,ネクストスター門別〔H1〕(イスラボニー 重賞,20:30,1200.0,ダ,未格付,,−
11,12,202630100112,11,7,リコーリベレーター,牡,2,56.0,渡辺竜,41.7,11.0,0.0238527409395287,0.14132280508426565,0.5,2.0,-0.6,39.0,21.0,2.0,1.0,True,False,2026-10-01,門別,12,ネクストスター門別〔H1〕(イスラボニー 重賞,20:30,1200.0,ダ,未格付,,−
12,10,202630100112,7,5,スターオブヴェイズ,牡,2,56.0,金山昇,50.9,12.0,0.020098284109091032,0.17162130395410008,1.0,4.8,0.52,37.14,7.0,5.0,1.0,True,False,2026-10-01,門別,12,ネクストスター門別〔H1〕(イスラボニー 重賞,20:30,1200.0,ダ,未格付,,−
13,13,202630100112,1,1,ドリームパッション,牡,2,56.0,岩橋勇,86.3,13.0,0.006894358105099155,0.08496282984212034,1.0,1.75,-0.024999999999999994,38.375,14.0,4.0,1.0,True,False,2026-10-01,門別,12,ネクストスター門別〔H1〕(イスラボニー 重賞,20:30,1200.0,ダ,未格付,,−
14,14,202630100112,12,7,リュウノアキレス,牡,2,56.0,山本咲,131.1,14.0,0.006471061924418949,0.05965792095771807,-0.4,3.8,0.5599999999999999,38.519999999999996,21.0,5.0,1.0,True,False,2026-10-01,門別,12,ネクストスター門別〔H1〕(イスラボニー 重賞,20:30,1200.0,ダ,未格付,,−
1,1,202643100101,3,3,ヒューザー,牡,3,56.0,野畑凌,2.1,1.0,0.437756210041015,0.7211724288090735,-0.8,11.2,1.4,36.660000000000004,56.0,5.0,0.0,True,False,2026-10-01,船橋,1,3歳六,14:30,1200.0,ダ,未格付,,−
2,2,202643100101,8,6,テリオスヒナ,牝,3,54.0,篠谷葵,2.7,2.0,0.238764557145724,0.7161810563204134,1.0,4.6,0.2,38.7,35.0,5.0,0.0,True,False,2026-10-01,船橋,1,3歳六,14:30,1200.0,ダ,未格付,,−
3,3,202643100101,9,7,プリンセスジュリ,牝,3,54.0,本田正,7.0,3.0,0.10274143260887127,0.44716976550284854,0.0,2.5,1.2,41.25,28.0,2.0,1.0,True,False,2026-10-01,船橋,1,3歳六,14:30,1200.0,ダ,未格付,,−
4,4,202643100101,10,7,サキノクローバー,牡,3,56.0,矢野貴,8.3,4.0,0.09056938539731442,0.3469355223607363,0.3333333333333333,2.3333333333333335,2.0,41.333333333333336,28.0,3.0,1.0,True,False,2026-10-01,船橋,1,3歳六,14:30,1200.0,ダ,未格付,,−
5,5,202643100101,7,6,エムワンシゲル,牡,3,56.0,山口達,36.4,5.0,0.031176373370715015,0.18184497907051714,0.0,4.5,4.75,42.1,322.0,2.0,1.0,True,False,2026-10-01,船橋,1,3歳六,14:30,1200.0,ダ,未格付,,−
6,6,202643100101,11,8,アイディンラヴァー,牝,3,54.0,笠野雄,37.2,6.0,0.02333198282123044,0.16984773085947966,-0.6,4.2,3.0,42.62,140.0,5.0,1.0,True,False,2026-10-01,船橋,1,3歳六,14:30,1200.0,ダ,未格付,,−
7,8,202643100101,5,5,ミツゲツ,牝,3,51.0,菅原吏,42.0,7.0,0.021661665166627438,0.14021611994382074,2.0,6.4,1.94,41.62,28.0,5.0,1.0,True,False,2026-10-01,船橋,1,3歳六,14:30,1200.0,ダ,未格付,,−
8,7,202643100101,12,8,キャッスルギフト,セ,3,56.0,小杉亮,50.8,8.0,0.018036370138214533,0.1411315666315052,-1.4,5.4,2.54,40.94,175.0,5.0,1.0,True,False,2026-10-01,船橋,1,3歳六,14:30,1200.0,ダ,未格付,,−
9,9,202643100101,4,4,フォロミーアロング,牡,3,56.0,西啓太,70.1,9.0,0.015227826667627972,0.09151036711003627,0.4,6.2,2.2,41.44,28.0,5.0,1.0,True,False,2026-10-01,船橋,1,3歳六,14:30,1200.0,ダ,未格付,,−
10,10,202643100101,1,1,レッドリリー,牝,3,54.0,野澤憲,131.0,11.0,0.006911398880886655,0.06391295937891647,-0.8,8.0,2.46,42.14,28.0,5.0,1.0,True,False,2026-10-01,船橋,1,3歳六,14:30,1200.0,ダ,未格付,,−
11,11,202643100101,2,2,ユウユウスター,牡,3,56.0,佐野遥,129.4,10.0,0.006911398880886655,0.06096876851308471,-0.4,7.0,2.58,40.78,28.0,5.0,1.0,True,False,2026-10-01,船橋,1,3歳六,14:30,1200.0,ダ,未格付,,−
12,12,202643100101,6,5,オールインアリス,牝,3,52.0,山本大,133.6,12.0,0.006911398880886655,0.05965792095771807,-1.0,8.8,2.7,40.46,112.0,5.0,1.0,True,False,2026-10-01,船橋,1,3歳六,14:30,1200.0,ダ,未格付,,−
1,1,202643100102,7,7,エミーズデザイア,牝,2,2.0,山本大,12.9,7.0,1.0,0.6925168445106,,,,,,,,True,False,2026-10-01,船橋,2,ローズデビュー(2歳),15:00,1000.0,ダ,未格付,,−
1,1,202643100103,6,6,アメリカンメロディ,牝,2,2.0,仲野光,9.0,6.0,1.0,0.7466424668585074,,,,,,,,True,False,2026-10-01,船橋,3,ローズデビュー(2歳),15:30,1500.0,ダ,未格付,,−
1,1,202643100104,9,7,タイセイスタナー,牝,3,54.0,澤田龍,1.5,1.0,0.542675823194459,0.8108219040786004,-0.2,5.4,1.72,38.2,28.0,5.0,1.0,True,False,2026-10-01,船橋,4,3歳五,16:05,1200.0,ダ,未格付,,−
2,2,202643100104,3,3,レオセラフィム,牝,3,54.0,實川純,5.9,2.0,0.11695343131530889,0.4561540815219576,-1.0,5.5,1.2,41.25,28.0,2.0,1.0,True,False,2026-10-01,船橋,4,3歳五,16:05,1200.0,ダ,未格付,,−
3,3,202643100104,2,2,メロウアンバー,牡,3,56.0,和田譲,9.8,3.0,0.09489111087552067,0.41529620282047414,-1.0,4.0,1.48,39.67999999999999,42.0,5.0,0.0,True,False,2026-10-01,船橋,4,3歳五,16:05,1200.0,ダ,未格付,,−
4,4,202643100104,12,8,サラサチャーミング,牝,3,54.0,伊藤裕,12.8,4.0,0.056470990774937786,0.3234213567534501,0.2,7.0,2.12,39.44,14.0,5.0,0.0,True,False,2026-10-01,船橋,4,3歳五,16:05,1200.0,ダ,未格付,,−
5,5,202643100104,10,7,ストックテイキング,牝,3,54.0,張田昂,17.9,5.0,0.04944602637861324,0.3074730219905049,-0.6,5.6,2.6599999999999997,41.519999999999996,28.0,5.0,1.0,True,False,2026-10-01,船橋,4,3歳五,16:05,1200.0,ダ,未格付,,−
6,6,202643100104,4,4,ルゼンチ,牡,3,56.0,野畑凌,24.1,6.0,0.0320059266032786,0.21152527374527053,0.8,6.6,2.7,42.0,98.0,5.0,0.0,True,False,2026-10-01,船橋,4,3歳五,16:05,1200.0,ダ,未格付,,−
7,7,202643100104,8,6,シェナスーパー,牡,3,56.0,岡村健,25.3,7.0,0.031130022193868793,0.20440349969233396,0.8,6.2,1.44,39.7,28.0,5.0,1.0,True,False,2026-10-01,船橋,4,3歳五,16:05,1200.0,ダ,未格付,,−
8,8,202643100104,1,1,アンジェロピッコロ,牝,3,52.0,山本大,48.7,8.0,0.022000235790997864,0.14132724619798123,-1.0,6.8,1.98,41.32000000000001,28.0,5.0,1.0,True,False,2026-10-01,船橋,4,3歳五,16:05,1200.0,ダ,未格付,,−
9,10,202643100104,6,5,グリーンアンシェル,牝,3,54.0,西啓太,69.7,10.0,0.019820685202735368,0.09780096312467787,-1.0,8.8,2.7,42.0,28.0,5.0,1.0,True,False,2026-10-01,船橋,4,3歳五,16:05,1200.0,ダ,未格付,,−
10,9,202643100104,5,5,エムワンワークス,牡,3,56.0,山口達,51.8,9.0,0.0196489917695711,0.1356729083082126,2.2,6.2,1.48,39.6,28.0,5.0,1.0,True,False,2026-10-01,船橋,4,3歳五,16:05,1200.0,ダ,未格付,,−
11,12,202643100104,7,6,ピタカゲ,牡,3,56.0,本橋孝,95.1,12.0,0.007478377950354356,0.0805492574475777,0.8,6.8,2.8,40.339999999999996,28.0,5.0,1.0,True,False,2026-10-01,船橋,4,3歳五,16:05,1200.0,ダ,未格付,,−
12,11,202643100104,11,8,ルーチェアバンティ,牡,3,56.0,庄司大,78.6,11.0,0.007478377950354356,0.08653615456218162,-1.4,8.4,3.44,41.4,28.0,5.0,1.0,True,False,2026-10-01,船橋,4,3歳五,16:05,1200.0,ダ,未格付,,−
1,1,202643100105,3,3,デルマオペラ,牡,4,56.0,矢野貴,1.4,1.0,0.5105080667729738,0.807161559685981,0.2,1.4,0.0,39.12,84.0,5.0,1.0,True,False,2026-10-01,船橋,5,馬い!淡路玉ねぎしまにしき記念(C3),16:35,1200.0,ダ,C三,,−
2,2,202643100105,2,2,フェアリーランド,牝,7,52.0,山本大,7.7,2.0,0.1035132351984329,0.4300775624728309,0.6,2.0,0.32,39.42,28.0,5.0,1.0,True,False,2026-10-01,船橋,5,馬い!淡路玉ねぎしまにしき記念(C3),16:35,1200.0,ダ,C三,,−
3,3,202643100105,5,5,プレストエメリ,牝,4,53.0,所蛍,10.4,3.0,0.09056753561119898,0.3832206257595465,2.4,3.8,0.66,39.54,273.0,5.0,0.0,True,False,2026-10-01,船橋,5,馬い!淡路玉ねぎしまにしき記念(C3),16:35,1200.0,ダ,C三,,−
4,6,202643100105,10,7,ニホンピロカミーノ,牡,4,56.0,田中涼,15.1,6.0,0.06978694101520021,0.2622429116990651,0.2,4.0,1.72,40.64,98.0,5.0,0.0,True,False,2026-10-01,船橋,5,馬い!淡路玉ねぎしまにしき記念(C3),16:35,1200.0,ダ,C三,,−
5,5,202643100105,7,6,ミュージシエンヌ,牝,4,54.0,澤田龍,14.5,5.0,0.06641954589217369,0.3099697349757135,0.4,4.0,0.8,39.94,28.0,5.0,1.0,True,False,2026-10-01,船橋,5,馬い!淡路玉ねぎしまにしき記念(C3),16:35,1200.0,ダ,C三,,−
6,4,202643100105,8,6,パープルライダー,牡,4,56.0,岡村健,14.4,4.0,0.055286933865354215,0.3218281716347405,-1.2,5.6,1.44,40.28,28.0,5.0,1.0,True,False,2026-10-01,船橋,5,馬い!淡路玉ねぎしまにしき記念(C3),16:35,1200.0,ダ,C三,,−
7,7,202643100105,9,7,マリノテレージア,牝,4,54.0,濱田達,19.7,7.0,0.034772940803273436,0.20893960513523502,0.4,4.4,1.44,40.06,28.0,5.0,1.0,True,False,2026-10-01,船橋,5,馬い!淡路玉ねぎしまにしき記念(C3),16:35,1200.0,ダ,C三,,−
8,8,202643100105,1,1,ルジュウェール,牡,4,56.0,池谷匠,36.2,8.0,0.026069310181190408,0.14704066620075673,1.8,5.4,1.2,42.0,14.0,5.0,0.0,True,False,2026-10-01,船橋,5,馬い!淡路玉ねぎしまにしき記念(C3),16:35,1200.0,ダ,C三,,−
9,9,202643100105,12,8,モズミラクル,牝,4,54.0,西村栄,55.6,9.0,0.01924806475966358,0.11663507248440869,0.0,8.75,2.0,40.025,28.0,4.0,1.0,True,False,2026-10-01,船橋,5,馬い!淡路玉ねぎしまにしき記念(C3),16:35,1200.0,ダ,C三,,−
10,10,202643100105,6,5,エコロルキナ,牝,4,54.0,木間塚,100.7,11.0,0.008108347311289923,0.07748982605199185,-3.8,9.8,2.58,41.92,,5.0,0.0,True,False,2026-10-01,船橋,5,馬い!淡路玉ねぎしまにしき記念(C3),16:35,1200.0,ダ,C三,,−
11,10,202643100105,11,8,スクラマサクス,牡,5,56.0,小杉亮,100.3,10.0,0.008108347311289923,0.07748982605199185,0.4,8.6,2.4400000000000004,40.339999999999996,28.0,5.0,1.0,True,False,2026-10-01,船橋,5,馬い!淡路玉ねぎしまにしき記念(C3),16:35,1200.0,ダ,C三,,−
12,12,202643100105,4,4,ウインディポイント,牝,4,54.0,西啓太,141.8,12.0,0.0076107312779588815,0.057602930853864955,-1.4,8.8,2.58,39.8,224.0,5.0,1.0,True,False,2026-10-01,船橋,5,馬い!淡路玉ねぎしまにしき記念(C3),16:35,1200.0,ダ,C三,,−
1,1,202643100106,5,5,プレシャストップ,牡,4,56.0,山中悠,2.1,1.0,0.3738578383940147,0.672482918279533,0.2,1.4,0.62,39.58,49.0,5.0,1.0,True,False,2026-10-01,船橋,6,オパールスプリント(C3),17:05,1200.0,ダ,C三,,−
2,2,202643100106,1,1,ゴームズ,牝,4,54.0,藤本現,5.0,2.0,0.13714213889930219,0.4716453181765446,-0.8,2.2,0.5599999999999999,40.88,14.0,5.0,0.0,True,False,2026-10-01,船橋,6,オパールスプリント(C3),17:05,1200.0,ダ,C三,,−
3,3,202643100106,9,7,ダンガリー,牡,5,56.0,小杉亮,5.9,3.0,0.12630185248164835,0.4544819092914576,1.0,2.6,0.54,38.7,112.0,5.0,1.0,True,False,2026-10-01,船橋,6,オパールスプリント(C3),17:05,1200.0,ダ,C三,,−
4,4,202643100106,11,8,マサノプレジオーソ,牡,4,56.0,西啓太,13.1,4.0,0.06828762327801069,0.3218281716347405,-0.8,4.2,1.52,40.62,28.0,5.0,1.0,True,False,2026-10-01,船橋,6,オパールスプリント(C3),17:05,1200.0,ダ,C三,,−
5,6,202643100106,3,3,シンキングファーザ,牡,6,54.0,山本大,14.0,6.0,0.06773029263567094,0.26053581063077363,1.4,3.6,1.72,41.14,112.0,5.0,1.0,True,False,2026-10-01,船橋,6,オパールスプリント(C3),17:05,1200.0,ダ,C三,,−
6,5,202643100106,7,6,ゲットジェロウス,牡,4,56.0,川島正,13.5,5.0,0.06484625773009621,0.2932260287556032,-0.6,4.6,1.6600000000000001,39.540000000000006,112.0,5.0,1.0,True,False,2026-10-01,船橋,6,オパールスプリント(C3),17:05,1200.0,ダ,C三,,−
7,7,202643100106,8,6,レイワエポック,牝,4,54.0,本橋孝,16.9,7.0,0.05353980506000836,0.21763199241478434,-0.4,6.6,1.8,39.78,28.0,5.0,1.0,True,False,2026-10-01,船橋,6,オパールスプリント(C3),17:05,1200.0,ダ,C三,,−
8,8,202643100106,6,5,セイダンシング,牡,7,56.0,高橋利,23.9,8.0,0.032259635588121345,0.18476344913356213,1.8,7.4,1.44,39.14,,5.0,0.0,True,False,2026-10-01,船橋,6,オパールスプリント(C3),17:05,1200.0,ダ,C三,,−
9,9,202643100106,4,4,フェアリオンアイス,牝,4,54.0,中山遥,30.6,9.0,0.029414181582293565,0.15766981598199534,1.4,6.8,1.7399999999999998,40.8,28.0,5.0,1.0,True,False,2026-10-01,船橋,6,オパールスプリント(C3),17:05,1200.0,ダ,C三,,−
10,10,202643100106,2,2,マイリトルロマンス,牝,4,54.0,庄司大,49.3,10.0,0.02414479081302485,0.13948614403775528,-0.2,7.2,2.2800000000000002,39.62,14.0,5.0,0.0,True,False,2026-10-01,船橋,6,オパールスプリント(C3),17:05,1200.0,ダ,C三,,−
11,11,202643100106,10,7,ウインコンパス,牡,4,56.0,西村栄,71.1,11.0,0.016701603085651908,0.09151036711003627,-0.2,8.2,2.2199999999999998,40.1,28.0,5.0,1.0,True,False,2026-10-01,船橋,6,オパールスプリント(C3),17:05,1200.0,ダ,C三,,−
12,12,202643100106,12,8,ソウ,牡,5,56.0,實川純,192.8,12.0,0.0057739804521569505,0.044759481814466914,-0.4,9.8,3.66,42.019999999999996,28.0,5.0,1.0,True,False,2026-10-01,船橋,6,オパールスプリント(C3),17:05,1200.0,ダ,C三,,−
1,1,202643100107,6,5,フルールマジック,牝,2,54.0,矢野貴,2.2,1.0,0.351005546579269,0.6622286506701837,0.0,2.6666666666666665,0.19999999999999998,40.13333333333333,28.0,3.0,1.0,True,False,2026-10-01,船橋,7,マキバスナイパー・メモリアル(2歳),17:40,1500.0,ダ,未格付,,−
2,2,202643100107,1,1,ヴェネラブルサマー,牝,2,54.0,篠谷葵,4.0,2.0,0.19194796452817947,0.5517781865846887,0.25,4.5,1.0250000000000001,38.325,28.0,4.0,0.0,True,False,2026-10-01,船橋,7,マキバスナイパー・メモリアル(2歳),17:40,1500.0,ダ,未格付,,−
3,3,202643100107,7,6,ララブロッサム,牝,2,54.0,川島正,5.0,3.0,0.13632216419173512,0.5177219116023667,1.0,1.6666666666666667,0.26666666666666666,39.699999999999996,28.0,3.0,1.0,True,False,2026-10-01,船橋,7,マキバスナイパー・メモリアル(2歳),17:40,1500.0,ダ,未格付,,−
4,4,202643100107,3,3,オペルクリカリア,牝,2,54.0,和田譲,8.1,4.0,0.11774422063651777,0.4203637316162191,0.5,2.5,0.4,40.5,28.0,2.0,1.0,True,False,2026-10-01,船橋,7,マキバスナイパー・メモリアル(2歳),17:40,1500.0,ダ,未格付,,−
5,5,202643100107,4,4,コパノハクシュウ,牝,2,54.0,達城龍,11.1,5.0,0.08537429342754412,0.3292894104045605,0.0,4.666666666666667,1.1666666666666667,39.9,28.0,3.0,1.0,True,False,2026-10-01,船橋,7,マキバスナイパー・メモリアル(2歳),17:40,1500.0,ダ,未格付,,−
6,6,202643100107,2,2,ラストハニー,牝,2,54.0,岡村健,19.7,6.0,0.0352695958146263,0.24115126350171665,-0.6,4.6,1.5,40.28,14.0,5.0,0.0,True,False,2026-10-01,船橋,7,マキバスナイパー・メモリアル(2歳),17:40,1500.0,ダ,未格付,,−
7,7,202643100107,5,5,シャムホロイムア,牝,2,51.0,菅原吏,29.8,7.0,0.028599023745632977,0.16928004849289255,-0.2,6.8,2.1599999999999997,41.32,28.0,5.0,1.0,True,False,2026-10-01,船橋,7,マキバスナイパー・メモリアル(2歳),17:40,1500.0,ダ,未格付,,−
8,8,202643100107,9,7,マオノスカイ,牝,2,54.0,小杉亮,40.3,8.0,0.024194203524657166,0.14132724619798123,-0.25,7.5,2.85,41.75,28.0,4.0,1.0,True,False,2026-10-01,船橋,7,マキバスナイパー・メモリアル(2歳),17:40,1500.0,ダ,未格付,,−
9,9,202643100107,12,8,フユナナベース,牝,2,51.0,沖響主,95.3,9.0,0.008224157226497398,0.07419307757164152,0.0,8.5,4.6,41.1,28.0,2.0,1.0,True,False,2026-10-01,船橋,7,マキバスナイパー・メモリアル(2歳),17:40,1500.0,ダ,未格付,,−
10,10,202643100107,8,6,フルーツポンチ,牝,2,54.0,中山遥,126.5,10.0,0.007719433842134943,0.05965792095771807,-0.6666666666666666,6.0,2.766666666666667,40.6,28.0,3.0,1.0,True,False,2026-10-01,船橋,7,マキバスナイパー・メモリアル(2歳),17:40,1500.0,ダ,未格付,,−
11,11,202643100107,11,8,サンダーミキチャン,牝,2,54.0,庄司大,141.8,11.0,0.007719433842134943,0.058900027158084546,0.4,7.8,3.02,41.08,28.0,5.0,1.0,True,False,2026-10-01,船橋,7,マキバスナイパー・メモリアル(2歳),17:40,1500.0,ダ,未格付,,−
12,12,202643100107,10,7,クシナダヒメ,牝,2,54.0,野澤憲,276.8,12.0,0.005879962641070715,0.040308006818386415,0.0,7.5,2.55,41.15,28.0,4.0,1.0,True,False,2026-10-01,船橋,7,マキバスナイパー・メモリアル(2歳),17:40,1500.0,ダ,未格付,,−
1,1,202643100108,1,1,ルーラーオブダート,牡,5,56.0,保園翔,4.0,1.0,0.1821736462660977,0.4891747771274191,-0.8,4.6,1.04,40.68,28.0,5.0,1.0,True,False,2026-10-01,船橋,8,てんびん座特別(B3),18:15,1600.0,ダ,B三,,−
2,2,202643100108,6,6,プレストエマ,牝,4,54.0,山中悠,4.8,2.0,0.17507416687964603,0.4795907328983227,0.0,5.4,0.7,40.26,28.0,5.0,1.0,True,False,2026-10-01,船橋,8,てんびん座特別(B3),18:15,1600.0,ダ,B三,,−
3,3,202643100108,5,5,ストゥディア,牡,3,55.0,木間塚,5.4,3.0,0.1439436066062172,0.47185394913923856,-1.2,5.8,1.02,40.019999999999996,28.0,5.0,1.0,True,False,2026-10-01,船橋,8,てんびん座特別(B3),18:15,1600.0,ダ,B三,,−
4,4,202643100108,2,2,マシュー,牡,5,56.0,和田譲,5.5,4.0,0.14102817101174508,0.4583890583418825,0.8,3.6,1.02,40.3,84.0,5.0,1.0,True,False,2026-10-01,船橋,8,てんびん座特別(B3),18:15,1600.0,ダ,B三,,−
5,5,202643100108,9,8,クレフェノー,セ,5,56.0,西啓太,5.7,5.0,0.1256085983273084,0.42208176674763137,0.8,4.8,0.8,39.480000000000004,28.0,5.0,1.0,True,False,2026-10-01,船橋,8,てんびん座特別(B3),18:15,1600.0,ダ,B三,,−
6,6,202643100108,10,8,オンザスクエア,牝,4,54.0,Ｆ．ゴ,7.1,6.0,0.11837196420345687,0.33878604150799685,-0.4,6.2,1.7600000000000002,39.260000000000005,28.0,5.0,1.0,True,False,2026-10-01,船橋,8,てんびん座特別(B3),18:15,1600.0,ダ,B三,,−
7,8,202643100108,8,7,キングオブカズ,牡,8,56.0,小杉亮,45.9,10.0,0.03664187924510571,0.14132724619798123,1.4,9.6,1.6400000000000001,39.779999999999994,28.0,5.0,1.0,True,False,2026-10-01,船橋,8,てんびん座特別(B3),18:15,1600.0,ダ,B三,,−
8,7,202643100108,4,4,ジョセフィーナ,牝,5,54.0,高橋利,26.3,7.0,0.028408541320597967,0.18287842622712647,1.4,9.2,0.82,39.56,14.0,5.0,0.0,True,False,2026-10-01,船橋,8,てんびん座特別(B3),18:15,1600.0,ダ,B三,,−
9,8,202643100108,7,7,アナザーメイト,牝,4,51.0,沖響主,43.8,9.0,0.024937195725257457,0.14132724619798123,-1.0,10.0,2.44,40.339999999999996,28.0,5.0,1.0,True,False,2026-10-01,船橋,8,てんびん座特別(B3),18:15,1600.0,ダ,B三,,−
10,8,202643100108,3,3,ガーベランクイーン,牝,6,54.0,岡村健,41.0,8.0,0.023812230414567637,0.14132724619798123,0.6,9.2,1.38,39.019999999999996,49.0,5.0,1.0,True,False,2026-10-01,船橋,8,てんびん座特別(B3),18:15,1600.0,ダ,B三,,−
1,1,202643100109,9,8,デザーヴ,牡,4,56.0,本田正,2.4,1.0,0.3221449078653485,0.6774447052858882,0.0,1.2,-0.42000000000000004,38.92,28.0,5.0,1.0,True,False,2026-10-01,船橋,9,オクトーバースプリント(B2),18:50,1200.0,ダ,B二,,−
2,2,202643100109,2,2,ファストレーン,牡,5,56.0,矢野貴,3.5,2.0,0.20659086131035842,0.554956910619932,1.0,1.4,0.62,37.54,28.0,5.0,1.0,True,False,2026-10-01,船橋,9,オクトーバースプリント(B2),18:50,1200.0,ダ,B二,,−
3,3,202643100109,7,7,マイレレイ,牡,7,56.0,Ｆ．ゴ,4.6,3.0,0.15964726674355323,0.4657218817071979,0.0,2.0,-0.09999999999999999,38.35,28.0,5.0,1.0,True,False,2026-10-01,船橋,9,オクトーバースプリント(B2),18:50,1200.0,ダ,B二,,−
4,4,202643100109,1,1,エムティワイザー,牡,4,56.0,古岡勇,10.3,4.0,0.0840628372530604,0.3636097872669391,0.2,3.6,0.36,39.94,28.0,5.0,1.0,True,False,2026-10-01,船橋,9,オクトーバースプリント(B2),18:50,1200.0,ダ,B二,,−
5,5,202643100109,6,6,エコロレオナ,牝,4,54.0,中山遥,14.2,5.0,0.06946798533157811,0.28041681322183076,0.4,4.8,1.12,38.28,,5.0,0.0,True,False,2026-10-01,船橋,9,オクトーバースプリント(B2),18:50,1200.0,ダ,B二,,−
6,6,202643100109,4,4,エイシンスコッティ,セ,7,53.0,菅原吏,18.6,6.0,0.05227942842948826,0.24497031554507093,0.4,6.6,0.68,38.46,28.0,5.0,1.0,True,False,2026-10-01,船橋,9,オクトーバースプリント(B2),18:50,1200.0,ダ,B二,,−
7,9,202643100109,3,3,ポッドレオ,牡,5,56.0,野畑凌,45.1,9.0,0.034833639329890455,0.14132724619798123,0.8,7.4,0.96,37.38,14.0,5.0,0.0,True,False,2026-10-01,船橋,9,オクトーバースプリント(B2),18:50,1200.0,ダ,B二,,−
8,7,202643100109,5,5,フミバレンタイン,牝,7,54.0,岡村健,26.1,7.0,0.033875820989791416,0.18596722522235784,1.25,5.5,0.8,37.8,175.0,4.0,1.0,True,False,2026-10-01,船橋,9,オクトーバースプリント(B2),18:50,1200.0,ダ,B二,,−
9,8,202643100109,8,7,レイデルマール,セ,8,56.0,山口達,29.2,8.0,0.02904189301905183,0.16425497651715065,0.4,8.0,1.26,37.56,84.0,5.0,1.0,True,False,2026-10-01,船橋,9,オクトーバースプリント(B2),18:50,1200.0,ダ,B二,,−
10,10,202643100109,10,8,エメラルアポロン,牡,7,56.0,本橋孝,145.5,10.0,0.008055359727879375,0.057602930853864955,-0.75,10.75,1.72,31.080000000000002,28.0,5.0,1.0,True,False,2026-10-01,船橋,9,オクトーバースプリント(B2),18:50,1200.0,ダ,B二,,−
1,1,202643100110,6,4,マーシャルアン,牡,3,56.0,Ｆ．ゴ,3.6,1.0,0.2088129256499788,0.539185090594816,-1.0,11.2,2.2,37.760000000000005,28.0,5.0,1.0,True,False,2026-10-01,船橋,10,爽籟ダッシュ(C1C2),19:25,1000.0,ダ,C一,,−
2,2,202643100110,1,1,オールトソリス,牡,5,55.0,本田正,4.9,2.0,0.1397519620335274,0.4760972633995308,0.4,1.0,0.31999999999999995,39.519999999999996,28.0,5.0,1.0,True,False,2026-10-01,船橋,10,爽籟ダッシュ(C1C2),19:25,1000.0,ダ,C一,,−
3,3,202643100110,12,7,ミホノキセキ,牝,5,52.0,菅原吏,5.1,3.0,0.13668644445414216,0.46379078606712953,-0.6,3.2,0.62,39.239999999999995,140.0,5.0,1.0,True,False,2026-10-01,船橋,10,爽籟ダッシュ(C1C2),19:25,1000.0,ダ,C一,,−
4,4,202643100110,3,3,テイオームサシ,牡,4,57.0,野畑凌,7.8,4.0,0.1166363195999269,0.39897597907837573,0.0,6.2,2.0,39.519999999999996,63.0,5.0,0.0,True,False,2026-10-01,船橋,10,爽籟ダッシュ(C1C2),19:25,1000.0,ダ,C一,,−
5,5,202643100110,9,6,レトロブーム,牝,4,55.0,實川純,9.7,5.0,0.09117879145069319,0.3133742159208908,0.6,3.2,0.12000000000000002,38.28,49.0,5.0,1.0,True,False,2026-10-01,船橋,10,爽籟ダッシュ(C1C2),19:25,1000.0,ダ,C一,,−
6,6,202643100110,11,7,ロードサミット,牡,6,55.0,西啓太,10.1,6.0,0.08074558562219034,0.26202457594916695,0.6,2.4,0.33999999999999997,35.839999999999996,91.0,5.0,0.0,True,False,2026-10-01,船橋,10,爽籟ダッシュ(C1C2),19:25,1000.0,ダ,C一,,−
7,8,202643100110,5,4,タイセイガナール,牡,3,56.0,篠谷葵,19.0,8.0,0.05208379387071688,0.19620435085892174,1.2,7.2,1.8399999999999999,39.78,28.0,5.0,1.0,True,False,2026-10-01,船橋,10,爽籟ダッシュ(C1C2),19:25,1000.0,ダ,C一,,−
8,7,202643100110,14,8,ブライティアブエナ,牝,5,52.0,沖響主,16.9,7.0,0.052015061602643915,0.21440536803101837,-1.8,7.8,1.56,39.519999999999996,28.0,5.0,1.0,True,False,2026-10-01,船橋,10,爽籟ダッシュ(C1C2),19:25,1000.0,ダ,C一,,−
9,10,202643100110,10,6,ハローマイラブリー,牝,6,55.0,藤本現,32.8,10.0,0.03341810331986296,0.14704066620075673,-0.8,6.4,1.1199999999999999,38.2,14.0,5.0,0.0,True,False,2026-10-01,船橋,10,爽籟ダッシュ(C1C2),19:25,1000.0,ダ,C一,,−
10,9,202643100110,2,2,スズノライン,牝,5,53.0,山本大,22.0,9.0,0.03302539107442331,0.17276833094616603,0.4,4.8,0.96,38.1,196.0,5.0,1.0,True,False,2026-10-01,船橋,10,爽籟ダッシュ(C1C2),19:25,1000.0,ダ,C一,,−
11,12,202643100110,8,5,モンテジュエル,牝,7,53.0,木間塚,64.8,12.0,0.02231721229730833,0.10673119420423642,0.4,6.8,1.54,38.06,28.0,5.0,1.0,True,False,2026-10-01,船橋,10,爽籟ダッシュ(C1C2),19:25,1000.0,ダ,C一,,−
12,11,202643100110,7,5,ヴェルデヴェント,牝,7,55.0,岡村健,52.8,11.0,0.01702171815845608,0.1339539920759703,0.4,6.4,1.1800000000000002,38.480000000000004,140.0,5.0,1.0,True,False,2026-10-01,船橋,10,爽籟ダッシュ(C1C2),19:25,1000.0,ダ,C一,,−
13,14,202643100110,4,3,アイリーナ,牝,3,54.0,西村栄,102.6,14.0,0.008153345433064823,0.07748982605199185,-0.6,8.8,1.48,38.9,28.0,5.0,1.0,True,False,2026-10-01,船橋,10,爽籟ダッシュ(C1C2),19:25,1000.0,ダ,C一,,−
14,13,202643100110,13,8,ミスサン,牝,5,55.0,櫻井光,86.7,13.0,0.008153345433064823,0.08318180043768308,-0.8,9.2,1.42,38.6,14.0,5.0,0.0,True,False,2026-10-01,船橋,10,爽籟ダッシュ(C1C2),19:25,1000.0,ダ,C一,,−
1,1,202643100111,1,1,ロンギングフォユー,牝,3,55.0,荻野極,2.6,1.0,0.26963156254062026,0.6464377688724976,0.25,2.75,-0.17500000000000004,37.75,105.0,4.0,0.0,True,False,2026-10-01,船橋,11,マリーンカップ Jpn3,20:05,1800.0,ダ,未格付,,−
2,2,202643100111,8,7,ジュワネング,牝,3,55.0,岩田康,3.2,2.0,0.24816095346846676,0.5420936215652573,-0.4,3.8,0.21999999999999997,38.160000000000004,98.0,5.0,0.0,True,False,2026-10-01,船橋,11,マリーンカップ Jpn3,20:05,1800.0,ダ,未格付,,−
3,3,202643100111,4,4,ペンダント,牝,3,55.0,岩田望,3.8,3.0,0.19664831328070248,0.5360801782583674,1.6,4.0,0.34,37.46,28.0,5.0,0.0,True,False,2026-10-01,船橋,11,マリーンカップ Jpn3,20:05,1800.0,ダ,未格付,,−
4,4,202643100111,9,8,タマモフリージア,牝,3,55.0,田口貫,6.4,4.0,0.12660324544877574,0.4457328504466905,1.4,3.4,0.9200000000000002,39.239999999999995,77.0,5.0,0.0,True,False,2026-10-01,船橋,11,マリーンカップ Jpn3,20:05,1800.0,ダ,未格付,,−
5,5,202643100111,7,7,ヘスペリス,牝,3,55.0,御神本,15.5,5.0,0.08525713876538754,0.25211707651198856,0.75,2.25,-0.28,31.24,147.0,5.0,0.0,True,False,2026-10-01,船橋,11,マリーンカップ Jpn3,20:05,1800.0,ダ,未格付,,−
6,6,202643100111,6,6,ナーサリーテイル,牝,3,55.0,矢野貴,19.7,6.0,0.036701183509112854,0.2364008572434874,1.8,3.6,1.54,39.96,98.0,5.0,0.0,True,False,2026-10-01,船橋,11,マリーンカップ Jpn3,20:05,1800.0,ダ,未格付,,−
7,7,202643100111,5,5,ラップトップ,牝,3,55.0,中山遥,73.8,7.0,0.014719086530705763,0.09944659736778169,2.0,5.2,1.1,37.62,28.0,5.0,1.0,True,False,2026-10-01,船橋,11,マリーンカップ Jpn3,20:05,1800.0,ダ,未格付,,−
8,9,202643100111,2,2,アップタウン,牝,3,55.0,木間塚,153.3,9.0,0.008211841903248022,0.052007562272801865,0.0,5.8,1.4200000000000002,39.44,28.0,5.0,1.0,True,False,2026-10-01,船橋,11,マリーンカップ Jpn3,20:05,1800.0,ダ,未格付,,−
9,8,202643100111,10,8,カトレアノクターン,牝,3,55.0,和田譲,94.9,8.0,0.007948045095163728,0.07915950561959738,0.6,4.8,1.7600000000000002,39.739999999999995,14.0,5.0,0.0,True,False,2026-10-01,船橋,11,マリーンカップ Jpn3,20:05,1800.0,ダ,未格付,,−
10,10,202643100111,3,3,コンシェルディー,牝,3,55.0,臼井健,221.5,10.0,0.006118629457816789,0.040308006818386415,0.0,7.0,2.5,41.019999999999996,28.0,5.0,1.0,True,False,2026-10-01,船橋,11,マリーンカップ Jpn3,20:05,1800.0,ダ,未格付,,−
1,1,202643100112,8,7,シミズミナト,牡,4,56.0,御神本,1.8,1.0,0.4008834276767178,0.7132281650252049,0.8,2.0,-0.06000000000000001,39.44,28.0,5.0,1.0,True,False,2026-10-01,船橋,12,金木犀特別(B1),20:50,1700.0,ダ,B一,,−
2,2,202643100112,4,4,マキシマムパワー,牡,4,56.0,藤本現,5.7,2.0,0.14128410442427716,0.4648040098690071,2.6,4.4,0.9,40.3,28.0,5.0,1.0,True,False,2026-10-01,船橋,12,金木犀特別(B1),20:50,1700.0,ダ,B一,,−
3,3,202643100112,2,2,プラズマ,牡,5,56.0,本橋孝,7.7,3.0,0.11050320918021522,0.42847977635337153,4.2,5.4,0.48,38.46,28.0,5.0,1.0,True,False,2026-10-01,船橋,12,金木犀特別(B1),20:50,1700.0,ダ,B一,,−
4,4,202643100112,5,5,タカラライナー,牡,7,56.0,本田正,8.6,4.0,0.09259564419984866,0.37811812539391293,-0.4,6.8,1.34,39.56,28.0,5.0,1.0,True,False,2026-10-01,船橋,12,金木犀特別(B1),20:50,1700.0,ダ,B一,,−
5,5,202643100112,3,3,エレクトリックブギ,牡,5,54.0,山本大,13.8,5.0,0.07703502076782752,0.31194336789817234,1.0,9.8,1.08,37.519999999999996,28.0,5.0,1.0,True,False,2026-10-01,船橋,12,金木犀特別(B1),20:50,1700.0,ダ,B一,,−
6,7,202643100112,6,6,リヴェルベロ,牝,4,54.0,木間塚,18.0,7.0,0.04890125807618516,0.21792844368585673,-0.4,6.4,1.3800000000000001,39.64,21.0,5.0,0.0,True,False,2026-10-01,船橋,12,金木犀特別(B1),20:50,1700.0,ダ,B一,,−
7,6,202643100112,1,1,ナショナルモール,セ,7,56.0,和田譲,18.0,6.0,0.046351210346560964,0.2568124980829073,-1.8,9.8,1.6599999999999997,41.18,28.0,5.0,1.0,True,False,2026-10-01,船橋,12,金木犀特別(B1),20:50,1700.0,ダ,B一,,−
8,8,202643100112,10,8,カレンアルカンタラ,牡,6,56.0,山中悠,22.6,8.0,0.03205663592041023,0.18476344913356213,-2.4,5.6,2.6399999999999997,41.82,28.0,5.0,1.0,True,False,2026-10-01,船橋,12,金木犀特別(B1),20:50,1700.0,ダ,B一,,−
9,9,202643100112,9,8,ヤギリケハヤ,牡,4,56.0,實川純,36.9,10.0,0.025692436792383408,0.1530848588575308,-0.4,11.0,1.6600000000000001,38.94,28.0,5.0,1.0,True,False,2026-10-01,船橋,12,金木犀特別(B1),20:50,1700.0,ダ,B一,,−
10,9,202643100112,7,7,ヒロシゲジャック,牡,7,56.0,笠野雄,33.5,9.0,0.02469705261557374,0.1530848588575308,0.6,7.8,1.44,41.839999999999996,21.0,5.0,0.0,True,False,2026-10-01,船橋,12,金木犀特別(B1),20:50,1700.0,ダ,B一,,−
1,2,202648100101,2,2,ランドオブファイア,牡,4,57.0,山田祥,1.9,1.0,0.42404485621556187,0.675453609906611,3.2,1.6,0.02,39.519999999999996,196.0,5.0,1.0,True,False,2026-10-01,名古屋,1,C4組,12:20,1500.0,ダ,未格付,晴,稍
2,1,202648100101,4,4,ウィルマッチ,牝,4,53.0,近藤颯,2.3,2.0,0.3194143660394927,0.7387618896348528,-0.6,6.6,1.5,41.18,7.0,5.0,1.0,True,False,2026-10-01,名古屋,1,C4組,12:20,1500.0,ダ,未格付,晴,稍
3,3,202648100101,12,8,カムイパパイヤ,牝,5,53.0,木之前,4.6,3.0,0.1659682426473816,0.49368103420473475,-1.6,6.8,1.2799999999999998,40.54,7.0,5.0,1.0,True,False,2026-10-01,名古屋,1,C4組,12:20,1500.0,ダ,未格付,晴,稍
4,5,202648100101,11,8,ソブリンルーラー,セ,6,57.0,友森翔,23.2,5.0,0.027693917630787497,0.2546598736170231,0.6,10.4,2.7399999999999998,40.339999999999996,7.0,5.0,1.0,True,False,2026-10-01,名古屋,1,C4組,12:20,1500.0,ダ,未格付,晴,稍
5,4,202648100101,7,6,セルリアンドロップ,牡,4,57.0,丸山真,23.2,4.0,0.026183481663552926,0.27991145199082695,-0.8,5.0,1.04,41.1,7.0,5.0,1.0,True,False,2026-10-01,名古屋,1,C4組,12:20,1500.0,ダ,未格付,晴,稍
6,8,202648100101,1,1,ノヴァエスペランサ,牡,4,57.0,大畑雅,,,0.0052421622576033665,0.08910439851121407,-0.2,4.0,1.98,41.56,7.0,5.0,1.0,True,False,2026-10-01,名古屋,1,C4組,12:20,1500.0,ダ,未格付,晴,稍
7,11,202648100101,3,3,マンノミューズ,牝,4,55.0,丸野勝,,,0.0052421622576033665,0.08900656933107091,-1.4,3.0,1.28,39.88,21.0,5.0,1.0,True,False,2026-10-01,名古屋,1,C4組,12:20,1500.0,ダ,未格付,晴,稍
8,12,202648100101,5,5,ダイタヴァルキリー,牝,4,55.0,大畑慧,,,0.0052421622576033665,0.08702389937864369,-3.0,4.8,3.8199999999999994,41.42,91.0,5.0,0.0,True,False,2026-10-01,名古屋,1,C4組,12:20,1500.0,ダ,未格付,晴,稍
9,8,202648100101,6,5,オールオンフリーク,牝,5,55.0,加藤利,,,0.0052421622576033665,0.08910439851121407,-1.2,9.0,2.6599999999999997,41.48,7.0,5.0,1.0,True,False,2026-10-01,名古屋,1,C4組,12:20,1500.0,ダ,未格付,晴,稍
10,6,202648100101,8,6,ボッシュ,牡,4,57.0,塚本征,,,0.0052421622576033665,0.09155987195116122,1.0,1.4,0.64,40.04,7.0,5.0,1.0,True,False,2026-10-01,名古屋,1,C4組,12:20,1500.0,ダ,未格付,晴,稍
11,7,202648100101,9,7,フェリスナビダ,牝,4,55.0,加藤聡,,,0.0052421622576033665,0.0892390380210851,1.2,3.2,0.9400000000000001,39.56,70.0,5.0,1.0,True,False,2026-10-01,名古屋,1,C4組,12:20,1500.0,ダ,未格付,晴,稍
12,8,202648100101,10,7,チャコワールド,牡,7,57.0,丹羽克,,,0.0052421622576033665,0.08910439851121407,-1.0,8.2,2.3,41.760000000000005,7.0,5.0,1.0,True,False,2026-10-01,名古屋,1,C4組,12:20,1500.0,ダ,未格付,晴,稍
1,2,202648100102,12,8,マルクパージュ,牝,6,55.0,大畑慧,2.4,3.0,0.3587608641262741,0.7119369489997323,-0.2,8.8,1.52,40.739999999999995,7.0,5.0,1.0,True,False,2026-10-01,名古屋,2,C3組,12:50,1500.0,ダ,未格付,晴,稍
2,3,202648100102,7,6,パリパリライズ,牝,4,55.0,大原浩,2.4,1.0,0.3142849739473605,0.6818266502177938,-0.6,7.4,1.6800000000000002,39.519999999999996,7.0,5.0,1.0,True,False,2026-10-01,名古屋,2,C3組,12:50,1500.0,ダ,未格付,晴,稍
3,1,202648100102,11,8,スイートゥンビター,牝,4,53.0,木之前,2.4,2.0,0.28390580248813724,0.7461281147751736,-1.2,2.6,0.5,32.28,7.0,5.0,1.0,True,False,2026-10-01,名古屋,2,C3組,12:50,1500.0,ダ,未格付,晴,稍
4,10,202648100102,1,1,ボンボニエーレ,牝,4,52.0,小笠原,,,0.004783151048692021,0.09135259754714171,0.0,2.8,0.12000000000000002,40.480000000000004,7.0,5.0,1.0,True,False,2026-10-01,名古屋,2,C3組,12:50,1500.0,ダ,未格付,晴,稍
5,4,202648100102,2,2,エストレリータ,牝,6,55.0,丹羽克,,,0.004783151048692021,0.0926592996983743,-0.2,9.4,1.52,39.62,7.0,5.0,1.0,True,False,2026-10-01,名古屋,2,C3組,12:50,1500.0,ダ,未格付,晴,稍
6,4,202648100102,3,3,ヒダサワヤカ,牝,4,55.0,加藤聡,,,0.004783151048692021,0.0926592996983743,3.0,6.8,1.3199999999999998,39.86,7.0,5.0,1.0,True,False,2026-10-01,名古屋,2,C3組,12:50,1500.0,ダ,未格付,晴,稍
7,8,202648100102,4,4,クールシェリー,牝,5,55.0,大畑雅,,,0.004783151048692021,0.09155987195116122,-1.0,7.6,1.04,40.2,7.0,5.0,1.0,True,False,2026-10-01,名古屋,2,C3組,12:50,1500.0,ダ,未格付,晴,稍
8,4,202648100102,5,5,シャイニングウェイ,牝,5,55.0,阪野学,,,0.004783151048692021,0.0926592996983743,2.4,9.0,1.48,39.7,7.0,5.0,1.0,True,False,2026-10-01,名古屋,2,C3組,12:50,1500.0,ダ,未格付,晴,稍
9,8,202648100102,6,5,ザボドフスキー,牡,4,57.0,加藤誓,,,0.004783151048692021,0.09155987195116122,0.8,7.0,1.16,40.019999999999996,7.0,5.0,1.0,True,False,2026-10-01,名古屋,2,C3組,12:50,1500.0,ダ,未格付,晴,稍
10,4,202648100102,8,6,ハイグッドエース,牡,7,55.0,深澤杏,,,0.004783151048692021,0.0926592996983743,0.6,10.8,1.9799999999999998,39.4,7.0,5.0,1.0,True,False,2026-10-01,名古屋,2,C3組,12:50,1500.0,ダ,未格付,晴,稍
11,11,202648100102,9,7,サンフローリス,牝,8,55.0,今井貴,,,0.004783151048692021,0.09007837776855251,1.6,9.8,1.4,39.739999999999995,21.0,5.0,1.0,True,False,2026-10-01,名古屋,2,C3組,12:50,1500.0,ダ,未格付,晴,稍
12,12,202648100102,10,7,リリアンファスト,牝,4,55.0,細川智,,,0.004783151048692021,0.08702389937864369,0.6,4.0,0.9799999999999999,41.04,,5.0,0.0,True,False,2026-10-01,名古屋,2,C3組,12:50,1500.0,ダ,未格付,晴,稍
1,3,202648100103,7,6,ピゲ,牡,3,57.0,山田祥,2.4,1.0,0.3858968441335202,0.6806200425119108,-0.6,9.6,2.08,39.839999999999996,7.0,5.0,1.0,True,False,2026-10-01,名古屋,3,りょうた、りほから逃げ切れず(3歳),13:20,1500.0,ダ,未格付,晴,稍
2,1,202648100103,11,8,コパノカーター,牡,3,57.0,丸山真,2.4,2.0,0.28670025015182726,0.7251521572314235,0.2,7.2,1.42,41.5,7.0,5.0,1.0,True,False,2026-10-01,名古屋,3,りょうた、りほから逃げ切れず(3歳),13:20,1500.0,ダ,未格付,晴,稍
3,2,202648100103,12,8,クリコメリー,牝,3,53.0,近藤颯,2.4,3.0,0.2847463738903629,0.7242211815666055,-0.2,8.0,1.7399999999999998,40.24,7.0,5.0,1.0,True,False,2026-10-01,名古屋,3,りょうた、りほから逃げ切れず(3歳),13:20,1500.0,ダ,未格付,晴,稍
4,8,202648100103,1,1,スピネルテソーロ,牝,3,55.0,明星晴,,,0.0047396146471432865,0.08910439851121407,1.2,7.2,2.7,41.06,7.0,5.0,1.0,True,False,2026-10-01,名古屋,3,りょうた、りほから逃げ切れず(3歳),13:20,1500.0,ダ,未格付,晴,稍
5,8,202648100103,2,2,デスヨッテニ,牝,3,55.0,筒井勇,,,0.0047396146471432865,0.08910439851121407,-1.5,8.75,2.675,41.974999999999994,7.0,4.0,1.0,True,False,2026-10-01,名古屋,3,りょうた、りほから逃げ切れず(3歳),13:20,1500.0,ダ,未格付,晴,稍
6,4,202648100103,3,3,スージーハルワ,牡,3,57.0,加藤聡,,,0.0047396146471432865,0.0926592996983743,-2.0,7.75,2.02,32.6,7.0,5.0,1.0,True,False,2026-10-01,名古屋,3,りょうた、りほから逃げ切れず(3歳),13:20,1500.0,ダ,未格付,晴,稍
7,6,202648100103,4,4,ジーナグレイス,牝,3,55.0,大畑雅,,,0.0047396146471432865,0.09007837776855251,-0.8,11.8,1.06,35.7,28.0,5.0,0.0,True,False,2026-10-01,名古屋,3,りょうた、りほから逃げ切れず(3歳),13:20,1500.0,ダ,未格付,晴,稍
8,8,202648100103,5,5,マジョリカ,牝,3,55.0,大原浩,,,0.0047396146471432865,0.08910439851121407,-2.6,11.2,3.5200000000000005,42.28,7.0,5.0,1.0,True,False,2026-10-01,名古屋,3,りょうた、りほから逃げ切れず(3歳),13:20,1500.0,ダ,未格付,晴,稍
9,7,202648100103,6,5,カゲムシャ,牡,3,57.0,今井貴,,,0.0047396146471432865,0.0892390380210851,0.0,4.0,1.56,37.14,84.0,5.0,1.0,True,False,2026-10-01,名古屋,3,りょうた、りほから逃げ切れず(3歳),13:20,1500.0,ダ,未格付,晴,稍
10,8,202648100103,8,6,フライデイゼーン,牡,3,57.0,柿原翔,,,0.0047396146471432865,0.08910439851121407,0.0,6.8,1.24,41.46,7.0,5.0,1.0,True,False,2026-10-01,名古屋,3,りょうた、りほから逃げ切れず(3歳),13:20,1500.0,ダ,未格付,晴,稍
11,4,202648100103,9,7,ストラドーネ,牡,3,57.0,塚本征,,,0.0047396146471432865,0.0926592996983743,0.8,9.2,1.08,36.9,7.0,5.0,1.0,True,False,2026-10-01,名古屋,3,りょうた、りほから逃げ切れず(3歳),13:20,1500.0,ダ,未格付,晴,稍
12,12,202648100103,10,7,マイネルラジェム,牡,3,57.0,村上弘,,,0.0047396146471432865,0.08900656933107091,0.0,3.4,0.9199999999999999,40.36,35.0,5.0,1.0,True,False,2026-10-01,名古屋,3,りょうた、りほから逃げ切れず(3歳),13:20,1500.0,ダ,未格付,晴,稍
1,3,202648100104,6,6,ルブラッシュノモー,牡,2,56.0,大畑雅,2.4,1.0,0.3281456503990403,0.7045222466078868,0.6666666666666666,7.666666666666667,3.3000000000000003,37.96666666666667,7.0,3.0,1.0,True,False,2026-10-01,名古屋,4,ミッドオータムフューチャー戦(2歳),13:50,1500.0,ダ,未格付,晴,稍
2,1,202648100104,7,6,アイルライジング,牡,2,56.0,細川智,2.4,2.0,0.3173388745249299,0.7512211384438782,0.0,2.0,0.8999999999999999,37.599999999999994,7.0,2.0,1.0,True,False,2026-10-01,名古屋,4,ミッドオータムフューチャー戦(2歳),13:50,1500.0,ダ,未格付,晴,稍
3,2,202648100104,11,8,メイジョウパナシェ,牝,2,55.0,丸野勝,2.4,3.0,0.3150084962502536,0.7305219148189797,0.0,5.75,1.25,38.175,7.0,4.0,1.0,True,False,2026-10-01,名古屋,4,ミッドオータムフューチャー戦(2歳),13:50,1500.0,ダ,未格付,晴,稍
4,11,202648100104,1,1,ラルスチェイサー,牝,2,53.0,木之前,,,0.0049383723532220305,0.09603105685793177,-0.2,4.4,1.56,40.18,21.0,5.0,1.0,True,False,2026-10-01,名古屋,4,ミッドオータムフューチャー戦(2歳),13:50,1500.0,ダ,未格付,晴,稍
5,7,202648100104,2,2,ダバイストリーム,牝,2,55.0,加藤誓,,,0.0049383723532220305,0.0961357920526971,-1.4,7.8,2.9,42.62,7.0,5.0,1.0,True,False,2026-10-01,名古屋,4,ミッドオータムフューチャー戦(2歳),13:50,1500.0,ダ,未格付,晴,稍
6,6,202648100104,3,3,レマンノソヨカゼ,牝,2,55.0,塚本征,,,0.0049383723532220305,0.09971627500344427,0.0,1.0,0.39999999999999997,37.8,7.0,2.0,1.0,True,False,2026-10-01,名古屋,4,ミッドオータムフューチャー戦(2歳),13:50,1500.0,ダ,未格付,晴,稍
7,4,202648100104,4,4,ハレテル,牡,2,56.0,大畑慧,,,0.0049383723532220305,0.09994043894832884,-1.0,2.0,1.9,39.849999999999994,7.0,2.0,1.0,True,False,2026-10-01,名古屋,4,ミッドオータムフューチャー戦(2歳),13:50,1500.0,ダ,未格付,晴,稍
8,7,202648100104,5,5,ルクスオリジン,牡,2,53.0,小笠原,,,0.0049383723532220305,0.0961357920526971,0.4,4.4,2.3,41.22,7.0,5.0,1.0,True,False,2026-10-01,名古屋,4,ミッドオータムフューチャー戦(2歳),13:50,1500.0,ダ,未格付,晴,稍
9,7,202648100104,8,7,ディヴィナス,牡,2,56.0,今井貴,,,0.0049383723532220305,0.0961357920526971,1.2,5.6,2.62,42.8,7.0,5.0,1.0,True,False,2026-10-01,名古屋,4,ミッドオータムフューチャー戦(2歳),13:50,1500.0,ダ,未格付,晴,稍
10,7,202648100104,9,7,バンシイハーピー,牝,2,53.0,近藤颯,,,0.0049383723532220305,0.0961357920526971,0.0,6.2,2.04,41.06,7.0,5.0,1.0,True,False,2026-10-01,名古屋,4,ミッドオータムフューチャー戦(2歳),13:50,1500.0,ダ,未格付,晴,稍
11,4,202648100104,10,8,スカーヒップ,牝,2,55.0,大原浩,,,0.0049383723532220305,0.09994043894832884,-0.2,5.6,2.7800000000000002,39.32,7.0,5.0,1.0,True,False,2026-10-01,名古屋,4,ミッドオータムフューチャー戦(2歳),13:50,1500.0,ダ,未格付,晴,稍
1,2,202648100105,12,8,インサラータ,牝,3,55.0,明星晴,2.4,3.0,0.3490511335381661,0.7242211815666055,1.0,4.25,0.925,39.8,7.0,4.0,1.0,True,False,2026-10-01,名古屋,5,3歳3組,14:20,1500.0,ダ,未格付,晴,稍
2,1,202648100105,11,8,カリビアンダンサー,牝,3,52.0,小笠原,2.4,2.0,0.3116641321898388,0.7251521572314235,-2.2,6.2,1.44,41.019999999999996,7.0,5.0,1.0,True,False,2026-10-01,名古屋,5,3歳3組,14:20,1500.0,ダ,未格付,晴,稍
3,3,202648100105,7,6,アジュアカレンツ,牝,3,55.0,加藤聡,2.4,1.0,0.2932500310128734,0.6632296175411292,1.0,4.4,1.4,39.88,21.0,5.0,0.0,True,False,2026-10-01,名古屋,5,3歳3組,14:20,1500.0,ダ,未格付,晴,稍
4,7,202648100105,1,1,ウェルックス,牡,3,57.0,細川智,,,0.0051149670287912955,0.09026860671251437,-0.4,7.6,2.02,39.980000000000004,14.0,5.0,0.0,True,False,2026-10-01,名古屋,5,3歳3組,14:20,1500.0,ダ,未格付,晴,稍
5,4,202648100105,2,2,ツトムユニバース,セ,3,57.0,筒井勇,,,0.0051149670287912955,0.0926592996983743,0.2,4.0,1.46,39.67999999999999,7.0,5.0,1.0,True,False,2026-10-01,名古屋,5,3歳3組,14:20,1500.0,ダ,未格付,晴,稍
6,12,202648100105,3,3,ピコレーヴ,牝,3,53.0,近藤颯,,,0.0051149670287912955,0.08910439851121407,0.0,2.8,1.1199999999999999,41.1,7.0,5.0,1.0,True,False,2026-10-01,名古屋,5,3歳3組,14:20,1500.0,ダ,未格付,晴,稍
7,8,202648100105,4,4,ブロークンハート,牝,3,53.0,木之前,,,0.0051149670287912955,0.09007837776855251,-0.2,6.8,0.72,34.720000000000006,35.0,5.0,0.0,True,False,2026-10-01,名古屋,5,3歳3組,14:20,1500.0,ダ,未格付,晴,稍
8,8,202648100105,5,5,ロジクリスエス,セ,3,57.0,丸野勝,,,0.0051149670287912955,0.09007837776855251,1.5,9.75,1.5,30.82,21.0,5.0,0.0,True,False,2026-10-01,名古屋,5,3歳3組,14:20,1500.0,ダ,未格付,晴,稍
9,11,202648100105,6,5,キングオブストーム,牡,3,57.0,今井貴,,,0.0051149670287912955,0.0892390380210851,-1.4,8.0,2.1399999999999997,39.82,70.0,5.0,1.0,True,False,2026-10-01,名古屋,5,3歳3組,14:20,1500.0,ダ,未格付,晴,稍
10,4,202648100105,8,6,ビアーレ,牝,3,55.0,加藤誓,,,0.0051149670287912955,0.0926592996983743,0.8,6.6,0.9200000000000002,38.980000000000004,7.0,5.0,1.0,True,False,2026-10-01,名古屋,5,3歳3組,14:20,1500.0,ダ,未格付,晴,稍
11,6,202648100105,9,7,ノーブルクインダム,牝,3,55.0,大畑慧,,,0.0051149670287912955,0.09135408849838143,1.0,6.8,0.58,37.339999999999996,14.0,5.0,1.0,True,False,2026-10-01,名古屋,5,3歳3組,14:20,1500.0,ダ,未格付,晴,稍
12,8,202648100105,10,7,ラッキーヴォーグ,牡,3,57.0,大畑雅,,,0.0051149670287912955,0.09007837776855251,0.0,4.8,0.8800000000000001,38.4,21.0,5.0,0.0,True,False,2026-10-01,名古屋,5,3歳3組,14:20,1500.0,ダ,未格付,晴,稍
1,3,202648100106,7,6,アーキハッカー,牡,4,55.0,近藤颯,2.4,1.0,0.3819766334139502,0.6613001488689233,-0.4,9.8,1.46,41.04,7.0,5.0,1.0,True,False,2026-10-01,名古屋,6,B7組,14:55,1500.0,ダ,未格付,晴,稍
2,2,202648100106,12,8,ウォーオブサウンド,牡,5,57.0,筒井勇,2.4,3.0,0.29917376125038503,0.7092893507973854,1.6,2.4,0.9800000000000001,40.4,7.0,5.0,1.0,True,False,2026-10-01,名古屋,6,B7組,14:55,1500.0,ダ,未格付,晴,稍
3,1,202648100106,11,8,フクノジョヴァンニ,牝,4,55.0,丸野勝,2.4,2.0,0.27442538592381466,0.7268681156713234,1.8,2.2,0.42000000000000004,39.88,21.0,5.0,1.0,True,False,2026-10-01,名古屋,6,B7組,14:55,1500.0,ダ,未格付,晴,稍
4,8,202648100106,1,1,シャイニーセーラー,牝,4,55.0,細川智,,,0.004936024379094452,0.09244978968510094,1.6,4.8,0.42000000000000004,38.7,7.0,5.0,1.0,True,False,2026-10-01,名古屋,6,B7組,14:55,1500.0,ダ,未格付,晴,稍
5,4,202648100106,2,2,ドルチェルナ,牝,4,55.0,大原浩,,,0.004936024379094452,0.0926592996983743,-0.4,6.2,1.1,39.58,7.0,5.0,1.0,True,False,2026-10-01,名古屋,6,B7組,14:55,1500.0,ダ,未格付,晴,稍
6,4,202648100106,3,3,ローズドゥレッシュ,牝,4,55.0,加藤誓,,,0.004936024379094452,0.0926592996983743,2.0,6.6,1.0,39.739999999999995,7.0,5.0,1.0,True,False,2026-10-01,名古屋,6,B7組,14:55,1500.0,ダ,未格付,晴,稍
7,4,202648100106,4,4,テルケンレンジョイ,牡,5,57.0,阪野学,,,0.004936024379094452,0.0926592996983743,0.0,5.6,2.4,39.760000000000005,7.0,5.0,1.0,True,False,2026-10-01,名古屋,6,B7組,14:55,1500.0,ダ,未格付,晴,稍
8,9,202648100106,5,5,カフジアッサム,牡,4,57.0,加藤聡,,,0.004936024379094452,0.09155987195116122,-0.4,6.8,0.96,39.980000000000004,7.0,5.0,1.0,True,False,2026-10-01,名古屋,6,B7組,14:55,1500.0,ダ,未格付,晴,稍
9,12,202648100106,6,5,エドノバイオレット,牝,7,55.0,明星晴,,,0.004936024379094452,0.08910439851121407,-2.2,5.0,1.54,41.72,7.0,5.0,1.0,True,False,2026-10-01,名古屋,6,B7組,14:55,1500.0,ダ,未格付,晴,稍
10,4,202648100106,8,6,カナアミデスマッチ,牝,5,55.0,塚本征,,,0.004936024379094452,0.0926592996983743,0.6,6.2,0.8800000000000001,39.760000000000005,7.0,5.0,1.0,True,False,2026-10-01,名古屋,6,B7組,14:55,1500.0,ダ,未格付,晴,稍
11,9,202648100106,9,7,オイチノカタ,牝,4,55.0,村上弘,,,0.004936024379094452,0.09155987195116122,-0.2,3.6,1.08,39.9,7.0,5.0,1.0,True,False,2026-10-01,名古屋,6,B7組,14:55,1500.0,ダ,未格付,晴,稍
12,11,202648100106,10,7,メイショウサキガケ,牡,7,54.0,小笠原,,,0.004936024379094452,0.09007837776855251,0.0,5.75,1.1,32.06,21.0,5.0,1.0,True,False,2026-10-01,名古屋,6,B7組,14:55,1500.0,ダ,未格付,晴,稍
1,1,202648100107,11,8,ベラケンタウロス,牡,3,57.0,阪野学,2.4,2.0,0.3458842828809162,0.7433110290705249,1.8,2.8,0.62,39.72,7.0,5.0,1.0,True,False,2026-10-01,名古屋,7,結秋特別(3歳),15:35,1700.0,ダ,未格付,晴,稍
2,3,202648100107,7,6,カワテンバッカス,牡,3,57.0,今井貴,2.4,1.0,0.3237994678877272,0.6818266502177938,0.0,4.0,1.6,40.2,14.0,5.0,0.0,True,False,2026-10-01,名古屋,7,結秋特別(3歳),15:35,1700.0,ダ,未格付,晴,稍
3,2,202648100107,12,8,スカイレックス,牡,3,57.0,村上弘,2.4,3.0,0.281926785391823,0.7207224966509647,-0.4,8.0,2.08,39.44,77.0,5.0,0.0,True,False,2026-10-01,名古屋,7,結秋特別(3歳),15:35,1700.0,ダ,未格付,晴,稍
4,4,202648100107,1,1,スッサンエア,牝,3,55.0,細川智,,,0.005376607093281502,0.09468294516912584,0.4,5.4,0.52,35.0,49.0,5.0,0.0,True,False,2026-10-01,名古屋,7,結秋特別(3歳),15:35,1700.0,ダ,未格付,晴,稍
5,5,202648100107,2,2,ペプチドプラタ,牝,3,55.0,加藤聡,,,0.005376607093281502,0.09244978968510094,3.2,3.6,0.4,39.36,7.0,5.0,1.0,True,False,2026-10-01,名古屋,7,結秋特別(3歳),15:35,1700.0,ダ,未格付,晴,稍
6,10,202648100107,3,3,ニドネ,牡,3,57.0,大畑慧,,,0.005376607093281502,0.08910439851121407,0.2,5.4,2.98,40.94,7.0,5.0,1.0,True,False,2026-10-01,名古屋,7,結秋特別(3歳),15:35,1700.0,ダ,未格付,晴,稍
7,7,202648100107,4,4,ナラティヴハーピー,牝,3,55.0,山田祥,,,0.005376607093281502,0.09007837776855251,0.2,9.0,1.78,38.88,35.0,5.0,1.0,True,False,2026-10-01,名古屋,7,結秋特別(3歳),15:35,1700.0,ダ,未格付,晴,稍
8,5,202648100107,5,5,キタサンフジヤマ,牡,3,57.0,塚本征,,,0.005376607093281502,0.09244978968510094,1.25,1.5,0.475,38.7,7.0,4.0,1.0,True,False,2026-10-01,名古屋,7,結秋特別(3歳),15:35,1700.0,ダ,未格付,晴,稍
9,10,202648100107,6,5,アクティングエリア,牝,3,55.0,丹羽克,,,0.005376607093281502,0.08910439851121407,-3.0,9.4,3.9799999999999995,42.160000000000004,7.0,5.0,1.0,True,False,2026-10-01,名古屋,7,結秋特別(3歳),15:35,1700.0,ダ,未格付,晴,稍
10,9,202648100107,8,6,ヨッシーリオ,牡,3,57.0,筒井勇,,,0.005376607093281502,0.0892390380210851,1.0,2.8,0.64,39.82,70.0,5.0,1.0,True,False,2026-10-01,名古屋,7,結秋特別(3歳),15:35,1700.0,ダ,未格付,晴,稍
11,8,202648100107,9,7,ナンヨーリクエスト,牝,3,55.0,丸野勝,,,0.005376607093281502,0.08987412538806858,0.6,4.2,0.26,39.58,21.0,5.0,1.0,True,False,2026-10-01,名古屋,7,結秋特別(3歳),15:35,1700.0,ダ,未格付,晴,稍
12,12,202648100107,10,7,ポンコツソード,牡,3,55.0,近藤颯,,,0.005376607093281502,0.0853063936725115,0.8,7.4,1.9,41.06,168.0,5.0,1.0,True,False,2026-10-01,名古屋,7,結秋特別(3歳),15:35,1700.0,ダ,未格付,晴,稍
1,1,202648100108,4,4,モアサナイト,牝,4,55.0,加藤聡,,,0.1714515326082238,0.5447227093867069,1.8,7.6,1.3599999999999999,39.6,7.0,5.0,1.0,True,True,2026-10-01,名古屋,8,B6組,16:10,1500.0,ダ,未格付,晴,稍
2,2,202648100108,10,7,リトルリリイ,牝,3,52.0,小笠原,,,0.16722876837025305,0.4108930209249441,3.0,4.8,1.08,39.220000000000006,7.0,5.0,1.0,True,True,2026-10-01,名古屋,8,B6組,16:10,1500.0,ダ,未格付,晴,稍
3,3,202648100108,7,6,インフォーマント,牡,8,57.0,大畑雅,2.4,2.0,0.1650358054328477,0.3970574257298456,2.4,5.2,0.82,39.5,7.0,5.0,1.0,True,True,2026-10-01,名古屋,8,B6組,16:10,1500.0,ダ,未格付,晴,稍
4,4,202648100108,6,5,ハクサンミニョン,牝,6,55.0,明星晴,,,0.0859552649026156,0.3433373939285672,-0.2,4.4,1.18,39.12,7.0,5.0,1.0,True,True,2026-10-01,名古屋,8,B6組,16:10,1500.0,ダ,未格付,晴,稍
5,6,202648100108,8,6,セイウンピカイチ,牡,4,57.0,村上弘,,,0.07923711902217749,0.2818512024696186,2.4,4.4,1.48,39.660000000000004,21.0,5.0,1.0,True,True,2026-10-01,名古屋,8,B6組,16:10,1500.0,ダ,未格付,晴,稍
6,8,202648100108,11,8,アイスノート,牝,5,55.0,丸野勝,1.2,1.0,0.0761551042719582,0.277551708421924,0.6,6.2,1.78,39.44,7.0,5.0,1.0,True,True,2026-10-01,名古屋,8,B6組,16:10,1500.0,ダ,未格付,晴,稍
7,5,202648100108,2,2,ケイズエルミー,牝,4,55.0,細川智,,,0.0708801511558776,0.3196122248263944,0.6,5.6,0.86,39.06,7.0,5.0,1.0,True,True,2026-10-01,名古屋,8,B6組,16:10,1500.0,ダ,未格付,晴,稍
8,9,202648100108,5,5,ラントリサント,牝,5,55.0,筒井勇,,,0.06863486682183863,0.2584019460783928,-1.4,7.2,1.04,40.2,7.0,5.0,1.0,True,True,2026-10-01,名古屋,8,B6組,16:10,1500.0,ダ,未格付,晴,稍
9,7,202648100108,3,3,デトネイター,牝,6,53.0,近藤颯,,,0.06842117028520592,0.2777066774420963,1.2,5.4,0.4,40.08,7.0,5.0,1.0,True,True,2026-10-01,名古屋,8,B6組,16:10,1500.0,ダ,未格付,晴,稍
10,10,202648100108,1,1,リョウライライ,牡,6,57.0,柿原翔,,,0.029227350345050876,0.1684199114173443,1.6,7.8,1.1400000000000001,39.32,7.0,5.0,1.0,True,True,2026-10-01,名古屋,8,B6組,16:10,1500.0,ダ,未格付,晴,稍
11,11,202648100108,9,7,バイアンドホールド,牡,4,55.0,木之前,,,0.01777286678395103,0.05663860320538083,-3.6,9.6,2.3600000000000003,41.480000000000004,7.0,5.0,1.0,True,True,2026-10-01,名古屋,8,B6組,16:10,1500.0,ダ,未格付,晴,稍
1,3,202648100109,12,8,コパノルーカス,牡,3,57.0,今井貴,,,0.2389856461913933,0.4187141380599567,-1.2,4.8,1.1102230246251566e-17,31.060000000000002,7.0,5.0,1.0,True,True,2026-10-01,名古屋,9,秋駿特別(3歳),16:45,1400.0,ダ,未格付,晴,稍
2,1,202648100109,10,7,ジャスパーレオン,牡,3,57.0,加藤聡,,,0.160721497297716,0.5116187168719311,-2.0,6.2,1.2600000000000002,39.56,7.0,5.0,1.0,True,True,2026-10-01,名古屋,9,秋駿特別(3歳),16:45,1400.0,ダ,未格付,晴,稍
3,4,202648100109,6,5,アウラニ,牝,3,55.0,山田祥,,,0.1309404626766725,0.3651303096940485,0.6,3.6,0.5,40.480000000000004,21.0,5.0,1.0,True,True,2026-10-01,名古屋,9,秋駿特別(3歳),16:45,1400.0,ダ,未格付,晴,稍
4,2,202648100109,5,5,ゴーゴーマンゴー,牝,3,55.0,丹羽克,,,0.13062652434730218,0.45428558221218923,1.8,2.2,0.48,39.480000000000004,7.0,5.0,1.0,True,True,2026-10-01,名古屋,9,秋駿特別(3歳),16:45,1400.0,ダ,未格付,晴,稍
5,5,202648100109,3,3,アンティリア,牡,3,57.0,大畑慧,,,0.08954173322981691,0.27887297910014286,0.4,4.0,1.6800000000000002,39.62,28.0,5.0,0.0,True,True,2026-10-01,名古屋,9,秋駿特別(3歳),16:45,1400.0,ダ,未格付,晴,稍
6,6,202648100109,8,6,ナンゴクドリーム,牝,3,55.0,筒井勇,,,0.059183909216499894,0.23447537565780274,1.4,5.6,2.3,40.64,21.0,5.0,1.0,True,True,2026-10-01,名古屋,9,秋駿特別(3歳),16:45,1400.0,ダ,未格付,晴,稍
7,7,202648100109,11,8,フローラルウェイ,牝,3,52.0,小笠原,,,0.05451741528936606,0.1898628499983366,1.8,6.4,0.78,40.739999999999995,7.0,5.0,1.0,True,True,2026-10-01,名古屋,9,秋駿特別(3歳),16:45,1400.0,ダ,未格付,晴,稍
8,8,202648100109,7,6,ソワンドヴィクター,牝,3,55.0,塚本征,,,0.03515105771110854,0.13051406354909958,-0.2,8.8,1.2600000000000002,35.760000000000005,35.0,5.0,0.0,True,True,2026-10-01,名古屋,9,秋駿特別(3歳),16:45,1400.0,ダ,未格付,晴,稍
9,9,202648100109,4,4,マサハヤルージュ,牝,3,55.0,大畑雅,,,0.028858898576019712,0.09664287761813217,-2.0,10.6,1.64,36.46,63.0,5.0,0.0,True,True,2026-10-01,名古屋,9,秋駿特別(3歳),16:45,1400.0,ダ,未格付,晴,稍
10,10,202648100109,9,7,トリスティ,牝,3,55.0,明星晴,,,0.026502737194307253,0.09208723601785412,-0.6,10.6,1.7,36.059999999999995,28.0,5.0,0.0,True,True,2026-10-01,名古屋,9,秋駿特別(3歳),16:45,1400.0,ダ,未格付,晴,稍
11,11,202648100109,1,1,ゴールドレーン,牝,3,55.0,友森翔,,,0.025021838364710215,0.08829558175674238,-3.2,6.0,3.3600000000000003,41.839999999999996,35.0,5.0,1.0,True,True,2026-10-01,名古屋,9,秋駿特別(3歳),16:45,1400.0,ダ,未格付,晴,稍
12,12,202648100109,2,2,ピカレスクヒーロー,牡,3,55.0,木之前,,,0.019948279905087393,0.08182262709090002,-0.4,8.6,2.32,41.2,7.0,5.0,1.0,True,True,2026-10-01,名古屋,9,秋駿特別(3歳),16:45,1400.0,ダ,未格付,晴,稍
1,1,202648100110,1,1,ニューハーピー,牡,2,56.0,筒井勇,,,0.28499250545696747,0.6062405623117232,1.2,1.6,0.14,38.9,7.0,5.0,1.0,True,True,2026-10-01,名古屋,10,セレクトゴールド第3戦(2歳),17:20,1500.0,ダ,未格付,晴,稍
2,3,202648100110,7,6,カヴォート,牡,2,56.0,加藤聡,,,0.15592593245735215,0.3959448807672089,-0.2,7.6,1.3800000000000001,39.0,7.0,5.0,1.0,True,True,2026-10-01,名古屋,10,セレクトゴールド第3戦(2歳),17:20,1500.0,ダ,未格付,晴,稍
3,6,202648100110,2,2,モズレディーラック,牝,2,52.0,小笠原,,,0.0883756955987905,0.3254059350944982,-0.75,3.5,1.725,40.675,21.0,4.0,1.0,True,True,2026-10-01,名古屋,10,セレクトゴールド第3戦(2歳),17:20,1500.0,ダ,未格付,晴,稍
4,2,202648100110,6,5,ネオゼウス,牡,2,56.0,山田祥,,,0.08725062855904842,0.396295047163056,1.3333333333333333,3.0,0.5,40.5,7.0,3.0,1.0,True,True,2026-10-01,名古屋,10,セレクトゴールド第3戦(2歳),17:20,1500.0,ダ,未格付,晴,稍
5,5,202648100110,4,4,ブルーオンピンク,牡,2,56.0,塚本征,,,0.08597870588802921,0.3297111744489613,0.4,3.4,0.9,41.62,21.0,5.0,1.0,True,True,2026-10-01,名古屋,10,セレクトゴールド第3戦(2歳),17:20,1500.0,ダ,未格付,晴,稍
6,4,202648100110,10,7,エールエクスプレス,牝,2,55.0,細川智,,,0.08131347585905244,0.3680385883403852,0.0,3.4,0.7,41.660000000000004,7.0,5.0,1.0,True,True,2026-10-01,名古屋,10,セレクトゴールド第3戦(2歳),17:20,1500.0,ダ,未格付,晴,稍
7,7,202648100110,9,7,ゴールドマスター,牡,2,56.0,丸野勝,,,0.06002919231224249,0.2882693119242649,-2.5,4.0,2.1500000000000004,41.8,7.0,2.0,1.0,True,True,2026-10-01,名古屋,10,セレクトゴールド第3戦(2歳),17:20,1500.0,ダ,未格付,晴,稍
8,8,202648100110,8,6,ピンチ,牝,2,53.0,近藤颯,,,0.05075445767320294,0.20509520351207533,-0.5,5.5,1.975,39.525,35.0,4.0,1.0,True,True,2026-10-01,名古屋,10,セレクトゴールド第3戦(2歳),17:20,1500.0,ダ,未格付,晴,稍
9,9,202648100110,11,8,ニシキクイーン,牝,2,53.0,木之前,,,0.03716978821698147,0.1746441241097468,1.2,7.0,1.58,41.58,7.0,5.0,1.0,True,True,2026-10-01,名古屋,10,セレクトゴールド第3戦(2歳),17:20,1500.0,ダ,未格付,晴,稍
10,11,202648100110,12,8,ドリームオブコージ,牡,2,56.0,明星晴,,,0.026815594983635345,0.11832804987887809,-0.5,8.5,4.1,38.75,28.0,2.0,0.0,True,True,2026-10-01,名古屋,10,セレクトゴールド第3戦(2歳),17:20,1500.0,ダ,未格付,晴,稍
11,10,202648100110,5,5,ゴールドタッチ,牝,2,55.0,友森翔,,,0.022875832943840865,0.1534814906881806,-0.25,6.0,2.275,40.525,7.0,4.0,1.0,True,True,2026-10-01,名古屋,10,セレクトゴールド第3戦(2歳),17:20,1500.0,ダ,未格付,晴,稍
12,12,202648100110,3,3,アークレオン,牡,2,56.0,今井貴,,,0.01851819005085669,0.05804162439521433,-4.0,11.0,5.85,41.349999999999994,35.0,2.0,0.0,True,True,2026-10-01,名古屋,10,セレクトゴールド第3戦(2歳),17:20,1500.0,ダ,未格付,晴,稍
1,1,202648100111,9,7,ボル,牡,4,55.0,塚本征,,,0.25128264838654263,0.6220226538591986,0.8,1.4,0.08,39.08,21.0,5.0,1.0,True,True,2026-10-01,名古屋,11,トルマリン・グロウオープン(A),17:50,1400.0,ダ,未格付,晴,稍
2,3,202648100111,12,8,ブライトファントム,牡,6,57.0,村上弘,,,0.15805753803192818,0.5249824581127561,0.0,1.8,0.4800000000000001,36.4,35.0,5.0,1.0,True,True,2026-10-01,名古屋,11,トルマリン・グロウオープン(A),17:50,1400.0,ダ,未格付,晴,稍
3,5,202648100111,8,6,スキピオ,牡,8,56.0,大畑雅,,,0.12669857834797,0.3600157237791775,-0.4,2.6,0.41999999999999993,39.019999999999996,189.0,5.0,0.0,True,True,2026-10-01,名古屋,11,トルマリン・グロウオープン(A),17:50,1400.0,ダ,未格付,晴,稍
4,2,202648100111,1,1,ゴールドボンド,牡,6,56.0,丸野勝,,,0.1266001051569376,0.5300966006369772,0.8,3.4,0.64,37.64,14.0,5.0,1.0,True,True,2026-10-01,名古屋,11,トルマリン・グロウオープン(A),17:50,1400.0,ダ,未格付,晴,稍
5,6,202648100111,7,6,ラブミーテキーラ,牝,5,54.0,友森翔,,,0.10519464261836292,0.3597425223991157,-1.0,7.8,2.1399999999999997,38.480000000000004,7.0,5.0,1.0,True,True,2026-10-01,名古屋,11,トルマリン・グロウオープン(A),17:50,1400.0,ダ,未格付,晴,稍
6,4,202648100111,4,4,セイウンアーテル,牡,5,55.0,今井貴,,,0.09530409832314582,0.5084441554623984,0.0,2.4,0.48,38.78,7.0,5.0,1.0,True,True,2026-10-01,名古屋,11,トルマリン・グロウオープン(A),17:50,1400.0,ダ,未格付,晴,稍
7,7,202648100111,6,5,サブリュウシン,牡,6,52.0,小笠原,,,0.03959304476615831,0.2340244715966646,-0.8,7.0,1.7,40.04,7.0,5.0,1.0,True,True,2026-10-01,名古屋,11,トルマリン・グロウオープン(A),17:50,1400.0,ダ,未格付,晴,稍
8,8,202648100111,11,8,ブライテン,牝,6,54.0,山田祥,,,0.02620566550748605,0.18443606782457658,0.6,6.0,1.2,39.44,7.0,5.0,1.0,True,True,2026-10-01,名古屋,11,トルマリン・グロウオープン(A),17:50,1400.0,ダ,未格付,晴,稍
9,9,202648100111,10,7,ジェイエルバルカー,牡,6,53.0,木之前,,,0.022277111978619122,0.14882060062898086,-2.6,8.0,2.46,39.96,7.0,5.0,1.0,True,True,2026-10-01,名古屋,11,トルマリン・グロウオープン(A),17:50,1400.0,ダ,未格付,晴,稍
10,11,202648100111,5,5,パピタ,牡,7,55.0,大畑慧,,,0.020357082787499602,0.12093683462579077,-1.6,8.6,2.2199999999999998,39.4,14.0,5.0,1.0,True,True,2026-10-01,名古屋,11,トルマリン・グロウオープン(A),17:50,1400.0,ダ,未格付,晴,稍
11,10,202648100111,2,2,ヴェッツラー,牡,9,55.0,細川智,,,0.016799780195530283,0.12328047240062436,3.75,9.0,0.9199999999999999,38.325,84.0,5.0,1.0,True,True,2026-10-01,名古屋,11,トルマリン・グロウオープン(A),17:50,1400.0,ダ,未格付,晴,稍
12,12,202648100111,3,3,クールムーア,牡,6,55.0,加藤利,,,0.011629703899819493,0.028210899603291543,-1.0,10.25,3.8200000000000003,32.88,7.0,5.0,1.0,True,True,2026-10-01,名古屋,11,トルマリン・グロウオープン(A),17:50,1400.0,ダ,未格付,晴,稍
1,1,202648100112,10,7,ケイツークルサード,牡,3,55.0,近藤颯,,,0.16879270070741026,0.5597979163700421,3.8,2.8,0.4,38.660000000000004,7.0,5.0,1.0,True,True,2026-10-01,名古屋,12,金シャチ最終戦(3歳),18:25,1500.0,ダ,未格付,晴,稍
2,4,202648100112,5,5,ウインマデイラ,牡,3,57.0,塚本征,,,0.14932297486610657,0.4022550992373215,0.2,3.2,1.02,40.1,7.0,5.0,1.0,True,True,2026-10-01,名古屋,12,金シャチ最終戦(3歳),18:25,1500.0,ダ,未格付,晴,稍
3,2,202648100112,9,7,ナムラシンジロー,牡,3,57.0,筒井勇,,,0.13795894961033556,0.449387844268519,0.6,2.6,0.52,39.760000000000005,7.0,5.0,1.0,True,True,2026-10-01,名古屋,12,金シャチ最終戦(3歳),18:25,1500.0,ダ,未格付,晴,稍
4,3,202648100112,11,8,ノーブルスナイパー,牡,3,57.0,大畑雅,,,0.11275592453189733,0.40236260267730783,2.2,3.8,1.34,39.839999999999996,21.0,5.0,1.0,True,True,2026-10-01,名古屋,12,金シャチ最終戦(3歳),18:25,1500.0,ダ,未格付,晴,稍
5,5,202648100112,6,5,サンタクローチェ,牝,3,55.0,今井貴,,,0.09924797183275548,0.32607672921394276,0.2,7.8,1.7,37.86,7.0,5.0,1.0,True,True,2026-10-01,名古屋,12,金シャチ最終戦(3歳),18:25,1500.0,ダ,未格付,晴,稍
6,6,202648100112,4,4,シャマレル,牡,3,57.0,大畑慧,,,0.07630100806053366,0.2899771045156371,2.8,8.8,1.04,38.019999999999996,21.0,5.0,1.0,True,True,2026-10-01,名古屋,12,金シャチ最終戦(3歳),18:25,1500.0,ダ,未格付,晴,稍
7,7,202648100112,7,6,クツシタオトシタ,牝,3,55.0,細川智,,,0.07101945557356908,0.2622274425484888,1.2,6.8,1.8399999999999999,39.5,7.0,5.0,1.0,True,True,2026-10-01,名古屋,12,金シャチ最終戦(3歳),18:25,1500.0,ダ,未格付,晴,稍
8,9,202648100112,3,3,ウインモアナ,牝,3,52.0,小笠原,,,0.06201562996261797,0.227606129853661,2.4,8.4,1.54,40.339999999999996,7.0,5.0,1.0,True,True,2026-10-01,名古屋,12,金シャチ最終戦(3歳),18:25,1500.0,ダ,未格付,晴,稍
9,8,202648100112,12,8,キーサーバー,牡,3,57.0,阪野学,,,0.04655892758058436,0.23731683867119474,0.8,7.4,1.8399999999999999,39.78,7.0,5.0,1.0,True,True,2026-10-01,名古屋,12,金シャチ最終戦(3歳),18:25,1500.0,ダ,未格付,晴,稍
10,10,202648100112,1,1,フェスティヴニーサ,牡,3,55.0,木之前,,,0.03010014405938673,0.1566657077566348,1.4,7.6,0.96,39.519999999999996,7.0,5.0,1.0,True,True,2026-10-01,名古屋,12,金シャチ最終戦(3歳),18:25,1500.0,ダ,未格付,晴,稍
11,11,202648100112,2,2,ブルージェネシス,牡,3,57.0,柿原翔,,,0.028689273383398696,0.12403186570144104,0.8,7.8,1.8199999999999998,39.38,7.0,5.0,1.0,True,True,2026-10-01,名古屋,12,金シャチ最終戦(3歳),18:25,1500.0,ダ,未格付,晴,稍
12,12,202648100112,8,6,フークフォルモサ,牝,3,55.0,丸山真,,,0.017237039831404215,0.0780230793134372,0.6,9.8,2.32,40.56,21.0,5.0,1.0,True,True,2026-10-01,名古屋,12,金シャチ最終戦(3歳),18:25,1500.0,ダ,未格付,晴,稍
1,1,202650100101,8,8,ランボシ,セ,12,57.0,田野豊,1.3,1.0,0.5781318621075984,0.8178403024242364,-1.0,7.75,1.325,40.650000000000006,14.0,4.0,1.0,True,False,2026-10-01,園田,1,C3三,10:40,1400.0,ダ,C三,晴,稍
2,2,202650100101,4,4,ヘルタースケルター,牡,3,57.0,井上幹,5.8,2.0,0.11661533367788418,0.5338255059295226,-0.8,3.2,1.08,39.32,14.0,5.0,1.0,True,False,2026-10-01,園田,1,C3三,10:40,1400.0,ダ,C三,晴,稍
3,3,202650100101,3,3,タイキクロニクル,牡,4,57.0,永井孝,10.2,3.0,0.09318944968342385,0.4253083386229667,-0.8,7.4,2.08,41.46,14.0,5.0,1.0,True,False,2026-10-01,園田,1,C3三,10:40,1400.0,ダ,C三,晴,稍
4,5,202650100101,2,2,ドナルドポーカー,牡,3,57.0,廣瀬航,13.7,5.0,0.08534141812954713,0.31858832785630253,-2.8,6.2,2.38,42.54,7.0,5.0,1.0,True,False,2026-10-01,園田,1,C3三,10:40,1400.0,ダ,C三,晴,稍
5,4,202650100101,9,8,アルザード,牡,6,57.0,竹村達,12.5,4.0,0.06158234095871072,0.32930281595658406,-2.0,8.4,2.1399999999999997,41.4,14.0,5.0,1.0,True,False,2026-10-01,園田,1,C3三,10:40,1400.0,ダ,C三,晴,稍
6,6,202650100101,7,7,ジョウショータイプ,牝,5,55.0,渡瀬和,33.5,6.0,0.02323186801795575,0.16612584355122414,-0.8,3.6,2.12,42.12,7.0,5.0,1.0,True,False,2026-10-01,園田,1,C3三,10:40,1400.0,ダ,C三,晴,稍
7,7,202650100101,5,5,ニューアスラーダ,牝,3,55.0,山本屋,50.2,7.0,0.02012733975366958,0.1424513187390468,-1.4,8.2,2.7399999999999998,42.14,7.0,5.0,1.0,True,False,2026-10-01,園田,1,C3三,10:40,1400.0,ダ,C三,晴,稍
8,8,202650100101,1,1,クールブリエ,牝,8,55.0,高畑皓,67.0,8.0,0.01446652759921417,0.09151036711003627,1.0,6.8,1.6800000000000002,41.58,14.0,5.0,1.0,True,False,2026-10-01,園田,1,C3三,10:40,1400.0,ダ,C三,晴,稍
9,9,202650100101,6,6,レンガノコブタサン,牝,5,55.0,川原正,120.6,9.0,0.007313860071996238,0.06096876851308471,1.4,6.0,2.16,40.68,7.0,5.0,1.0,True,False,2026-10-01,園田,1,C3三,10:40,1400.0,ダ,C三,晴,稍
1,1,202650100102,5,5,コメットテイル,牝,2,2.0,吉村智,3.7,2.0,1.0,0.8758220185014143,,,,,,,,True,False,2026-10-01,園田,2,NewBeginning 2歳初出走,11:10,820.0,ダ,未格付,晴,稍
1,1,202650100103,4,4,パサデナドリーム,牝,5,53.0,佐々木,3.2,1.0,0.2393724022968064,0.5783703068599367,0.8,4.8,0.48,40.660000000000004,154.0,5.0,1.0,True,False,2026-10-01,園田,3,C3二,11:40,1400.0,ダ,C三,晴,稍
2,2,202650100103,1,1,エコロアモーレ,牝,5,55.0,高畑皓,6.4,2.0,0.13290791378887748,0.49058902986302005,-1.0,9.4,4.62,42.72,7.0,5.0,1.0,True,False,2026-10-01,園田,3,C3二,11:40,1400.0,ダ,C三,晴,稍
3,4,202650100103,5,5,バイオサファイア,牝,4,55.0,廣瀬航,6.4,4.0,0.12532115261014726,0.46181691819738435,1.4,3.8,1.3599999999999999,40.62,14.0,5.0,1.0,True,False,2026-10-01,園田,3,C3二,11:40,1400.0,ダ,C三,晴,稍
4,7,202650100103,9,8,シトロネット,セ,3,57.0,土方颯,6.4,7.0,0.12408153207064138,0.346234153364408,0.6,5.8,1.44,40.56,7.0,5.0,1.0,True,False,2026-10-01,園田,3,C3二,11:40,1400.0,ダ,C三,晴,稍
5,5,202650100103,7,7,ゴールドプレミアム,牡,4,57.0,永井孝,6.4,5.0,0.12380339225356937,0.42412704446164323,-0.6,3.4,1.16,41.260000000000005,14.0,5.0,1.0,True,False,2026-10-01,園田,3,C3二,11:40,1400.0,ダ,C三,晴,稍
6,3,202650100103,2,2,ライトブラーヴ,牡,6,57.0,山本屋,6.4,3.0,0.12265361712808179,0.47881623161586084,0.0,5.4,2.2800000000000002,41.56,7.0,5.0,1.0,True,False,2026-10-01,園田,3,C3二,11:40,1400.0,ダ,C三,晴,稍
7,6,202650100103,8,8,オーシンボンバー,牡,3,57.0,下原理,6.4,6.0,0.12028909087455272,0.3686677947621943,0.2,2.2,0.5,40.760000000000005,14.0,5.0,1.0,True,False,2026-10-01,園田,3,C3二,11:40,1400.0,ダ,C三,晴,稍
8,8,202650100103,3,3,キョウワグロリア,牡,8,57.0,大山真,,,0.005785449488661786,0.09253688094145744,-0.2,5.2,0.54,40.660000000000004,7.0,5.0,1.0,True,False,2026-10-01,園田,3,C3二,11:40,1400.0,ダ,C三,晴,稍
9,9,202650100103,6,6,アロンジカフェ,牝,4,55.0,吉村智,,,0.005785449488661786,0.09230652002255385,3.0,5.5,0.75,39.95,21.0,4.0,1.0,True,False,2026-10-01,園田,3,C3二,11:40,1400.0,ダ,C三,晴,稍
1,1,202650100104,7,7,ルビーブロンド,牝,3,55.0,小牧太,3.2,1.0,0.2296941283132089,0.5918232981439872,-0.2,9.2,1.04,36.06,49.0,5.0,1.0,True,False,2026-10-01,園田,4,尾上7ハロンC2一,12:10,1400.0,ダ,C二,晴,稍
2,5,202650100104,10,8,トゥレネヴェリテ,牡,3,57.0,田野豊,4.8,5.0,0.17496902100419404,0.4795516065218154,0.0,8.2,0.9200000000000002,38.839999999999996,14.0,5.0,1.0,True,False,2026-10-01,園田,4,尾上7ハロンC2一,12:10,1400.0,ダ,C二,晴,稍
3,4,202650100104,9,8,オーバーランダー,牡,3,57.0,下原理,4.8,4.0,0.16572628488645078,0.5124712473034222,-0.6,7.4,2.0,40.739999999999995,14.0,5.0,1.0,True,False,2026-10-01,園田,4,尾上7ハロンC2一,12:10,1400.0,ダ,C二,晴,稍
4,3,202650100104,5,5,キークラシック,牡,6,58.0,吉村智,4.8,3.0,0.16242793176626685,0.5354592150433803,2.6,4.0,0.8,40.06,14.0,5.0,1.0,True,False,2026-10-01,園田,4,尾上7ハロンC2一,12:10,1400.0,ダ,C二,晴,稍
5,2,202650100104,3,3,アイムアクイーン,牝,4,53.0,南部楓,4.8,2.0,0.15273033874724942,0.5578039982036622,0.6,1.8,0.0,40.6,14.0,5.0,1.0,True,False,2026-10-01,園田,4,尾上7ハロンC2一,12:10,1400.0,ダ,C二,晴,稍
6,6,202650100104,1,1,ナリタアーマー,牡,3,57.0,廣瀬航,9.6,6.0,0.09316942498971796,0.2996110690851752,0.6,3.2,0.96,37.88,42.0,5.0,0.0,True,False,2026-10-01,園田,4,尾上7ハロンC2一,12:10,1400.0,ダ,C二,晴,稍
7,8,202650100104,2,2,セルヴァジオ,牝,3,55.0,土方颯,,,0.005320717573227975,0.09320295026493672,2.4,3.8,0.42000000000000004,34.68,35.0,5.0,0.0,True,False,2026-10-01,園田,4,尾上7ハロンC2一,12:10,1400.0,ダ,C二,晴,稍
8,9,202650100104,4,4,エコノミカ,牝,4,55.0,渡瀬和,,,0.005320717573227975,0.09251596706061795,0.4,5.4,0.7,40.32,14.0,5.0,1.0,True,False,2026-10-01,園田,4,尾上7ハロンC2一,12:10,1400.0,ダ,C二,晴,稍
9,10,202650100104,6,6,ヤマノインパクト,牡,4,57.0,永井孝,,,0.005320717573227975,0.09230652002255385,3.6,6.0,0.62,40.14,21.0,5.0,0.0,True,False,2026-10-01,園田,4,尾上7ハロンC2一,12:10,1400.0,ダ,C二,晴,稍
10,7,202650100104,8,7,メイショウライガ,牡,3,57.0,笹田知,,,0.005320717573227975,0.09341399141098186,1.4,7.8,1.94,38.6,28.0,5.0,0.0,True,False,2026-10-01,園田,4,尾上7ハロンC2一,12:10,1400.0,ダ,C二,晴,稍
1,1,202650100105,5,5,シビックシャルル,牡,5,54.0,塩津璃,2.2,1.0,0.33261687947882806,0.6838830483862716,1.0,1.4,-0.08,41.0,14.0,5.0,1.0,True,False,2026-10-01,園田,5,HUK企画!3頭セレクション!ハンデ特別(C2C3),12:40,1230.0,ダ,C二,晴,稍
2,2,202650100105,12,8,ニシノグラシアス,牝,3,54.0,杉浦健,3.4,2.0,0.2016150352582931,0.5941995489220893,-0.2,7.0,2.6,41.64,7.0,5.0,1.0,True,False,2026-10-01,園田,5,HUK企画!3頭セレクション!ハンデ特別(C2C3),12:40,1230.0,ダ,C二,晴,稍
3,3,202650100105,9,7,ミラクルエース,牡,4,58.0,竹村達,4.5,3.0,0.17460787875949343,0.5354403066862115,2.0,3.6,0.6,40.02,14.0,5.0,1.0,True,False,2026-10-01,園田,5,HUK企画!3頭セレクション!ハンデ特別(C2C3),12:40,1230.0,ダ,C二,晴,稍
4,7,202650100105,11,8,ブチエードリーム,牝,3,52.0,土方颯,13.6,7.0,0.0734432006828347,0.24261794112413523,-2.2,8.4,3.12,40.4,14.0,5.0,1.0,True,False,2026-10-01,園田,5,HUK企画!3頭セレクション!ハンデ特別(C2C3),12:40,1230.0,ダ,C二,晴,稍
5,6,202650100105,7,6,フェンネル,牝,3,54.0,永井孝,13.6,6.0,0.0698841949351162,0.29273279132022256,-0.8,11.0,2.54,38.64,14.0,5.0,1.0,True,False,2026-10-01,園田,5,HUK企画!3頭セレクション!ハンデ特別(C2C3),12:40,1230.0,ダ,C二,晴,稍
6,5,202650100105,2,2,テクノハッピー,牡,5,55.0,長尾翼,13.6,5.0,0.06518301455928699,0.31497300758379176,0.4,4.2,1.16,37.46,14.0,5.0,1.0,True,False,2026-10-01,園田,5,HUK企画!3頭セレクション!ハンデ特別(C2C3),12:40,1230.0,ダ,C二,晴,稍
7,4,202650100105,1,1,トレジャーブルー,牡,4,52.0,南部楓,13.6,4.0,0.054669501209020754,0.32935444594944285,-0.8,3.4,0.9800000000000001,40.88,14.0,5.0,1.0,True,False,2026-10-01,園田,5,HUK企画!3頭セレクション!ハンデ特別(C2C3),12:40,1230.0,ダ,C二,晴,稍
8,10,202650100105,3,3,キモンキャリントン,牡,5,54.0,佐々木,,,0.005596059023425334,0.09254673199344628,0.8,5.0,1.24,39.660000000000004,98.0,5.0,1.0,True,False,2026-10-01,園田,5,HUK企画!3頭セレクション!ハンデ特別(C2C3),12:40,1230.0,ダ,C二,晴,稍
9,8,202650100105,4,4,ビーザラキエスト,牡,7,55.0,高畑皓,,,0.005596059023425334,0.09362569214701984,0.0,9.4,2.4400000000000004,39.44,14.0,5.0,1.0,True,False,2026-10-01,園田,5,HUK企画!3頭セレクション!ハンデ特別(C2C3),12:40,1230.0,ダ,C二,晴,稍
10,11,202650100105,6,5,インノータイム,牡,11,56.0,大山真,,,0.005596059023425334,0.09132568399256275,-0.8,9.4,2.36,41.56,7.0,5.0,1.0,True,False,2026-10-01,園田,5,HUK企画!3頭セレクション!ハンデ特別(C2C3),12:40,1230.0,ダ,C二,晴,稍
11,12,202650100105,8,6,キュールエカシス,牝,5,56.0,廣瀬航,,,0.005596059023425334,0.09003739415560844,0.4,4.0,0.8800000000000001,40.72,14.0,5.0,1.0,True,False,2026-10-01,園田,5,HUK企画!3頭セレクション!ハンデ特別(C2C3),12:40,1230.0,ダ,C二,晴,稍
12,8,202650100105,10,7,センドネージュ,牝,5,50.0,高橋洸,,,0.005596059023425334,0.09362569214701984,1.0,7.6,1.1400000000000001,38.38,14.0,5.0,1.0,True,False,2026-10-01,園田,5,HUK企画!3頭セレクション!ハンデ特別(C2C3),12:40,1230.0,ダ,C二,晴,稍
1,1,202650100106,1,1,ベリルブレード,牡,2,56.0,大山真,3.2,1.0,0.2540336986447308,0.6105785459076443,1.2,8.0,2.3,41.42,7.0,5.0,1.0,True,False,2026-10-01,園田,6,2歳未勝利,13:10,1230.0,ダ,未格付,晴,稍
2,2,202650100106,4,4,コウジュンニコシン,牝,2,55.0,小牧太,3.2,2.0,0.21612641115030606,0.6018614003739269,-0.5,4.0,0.5,38.95,21.0,2.0,1.0,True,False,2026-10-01,園田,6,2歳未勝利,13:10,1230.0,ダ,未格付,晴,稍
3,3,202650100106,8,7,ウチュウカイゾク,牡,2,56.0,松木大,4.8,3.0,0.1633234657132984,0.5504240451397535,-0.25,4.75,2.825,40.85,14.0,4.0,1.0,True,False,2026-10-01,園田,6,2歳未勝利,13:10,1230.0,ダ,未格付,晴,稍
4,5,202650100106,7,6,カツヨウザン,牡,2,56.0,竹村達,9.6,5.0,0.10036093600736794,0.3364368939951009,-0.6666666666666666,6.333333333333333,2.9,42.333333333333336,14.0,3.0,1.0,True,False,2026-10-01,園田,6,2歳未勝利,13:10,1230.0,ダ,未格付,晴,稍
5,4,202650100106,5,5,リトルプレーヤー,牝,2,55.0,田野豊,9.6,4.0,0.08808258781580788,0.360646435350351,0.0,9.333333333333334,2.3000000000000003,38.699999999999996,77.0,3.0,0.0,True,False,2026-10-01,園田,6,2歳未勝利,13:10,1230.0,ダ,未格付,晴,稍
6,6,202650100106,9,7,エルコールハーバー,牡,2,56.0,下原理,9.6,6.0,0.07924489405942955,0.3034596832838584,0.0,3.0,0.7,38.2,14.0,1.0,1.0,True,False,2026-10-01,園田,6,2歳未勝利,13:10,1230.0,ダ,未格付,晴,稍
7,7,202650100106,11,8,ヒナデコルテ,牝,2,53.0,佐々木,9.6,7.0,0.07785332121908153,0.26456307627147907,-0.2,3.0,0.32,40.08,7.0,5.0,1.0,True,False,2026-10-01,園田,6,2歳未勝利,13:10,1230.0,ダ,未格付,晴,稍
8,8,202650100106,2,2,スマイルトークン,牝,2,55.0,土方颯,,,0.0052436713474944595,0.09432543906180177,1.0,3.5,0.15000000000000002,38.95,21.0,2.0,1.0,True,False,2026-10-01,園田,6,2歳未勝利,13:10,1230.0,ダ,未格付,晴,稍
9,10,202650100106,3,3,ワダカツ,牡,2,56.0,吉村智,,,0.0052436713474944595,0.09363103647782506,-0.3333333333333333,4.666666666666667,2.1,39.96666666666667,14.0,3.0,1.0,True,False,2026-10-01,園田,6,2歳未勝利,13:10,1230.0,ダ,未格付,晴,稍
10,9,202650100106,6,6,ダランダダーン,牡,2,53.0,南部楓,,,0.0052436713474944595,0.09387433880328788,0.0,5.0,2.2,38.5,,2.0,1.0,True,False,2026-10-01,園田,6,2歳未勝利,13:10,1230.0,ダ,未格付,晴,稍
11,11,202650100106,10,8,スノーウィザード,牡,2,56.0,廣瀬航,,,0.0052436713474944595,0.09112558978981508,0.0,2.0,1.6,42.2,21.0,1.0,1.0,True,False,2026-10-01,園田,6,2歳未勝利,13:10,1230.0,ダ,未格付,晴,稍
1,1,202650100107,7,7,ノーテンピーカン,牡,3,57.0,小谷周,1.2,1.0,0.6461645305354946,0.8743377264402188,-1.8,5.4,1.8,42.18,7.0,5.0,1.0,True,False,2026-10-01,園田,7,C3一,13:40,1400.0,ダ,C三,晴,稍
2,3,202650100107,9,8,エクスプロラベスト,牝,6,52.0,南部楓,4.8,3.0,0.16419028755113077,0.5371625861058443,0.4,7.2,1.54,40.62,7.0,5.0,1.0,True,False,2026-10-01,園田,7,C3一,13:40,1400.0,ダ,C三,晴,稍
3,2,202650100107,5,5,ペレストリーナ,牝,5,53.0,佐々木,4.8,2.0,0.1589735989820944,0.5413932435209347,-1.8,5.0,1.8400000000000003,41.58,7.0,5.0,1.0,True,False,2026-10-01,園田,7,C3一,13:40,1400.0,ダ,C三,晴,稍
4,4,202650100107,1,1,ナムラダニー,牡,6,57.0,下原理,,,0.005111930488546742,0.09251596706061795,0.2,4.2,0.8400000000000001,40.58,14.0,5.0,1.0,True,False,2026-10-01,園田,7,C3一,13:40,1400.0,ダ,C三,晴,稍
5,6,202650100107,2,2,プレシャスストーン,牝,6,55.0,土方颯,,,0.005111930488546742,0.09132568399256275,0.2,7.6,2.2399999999999998,41.46,7.0,5.0,1.0,True,False,2026-10-01,園田,7,C3一,13:40,1400.0,ダ,C三,晴,稍
6,5,202650100107,3,3,ララヴァンダンジュ,牝,4,55.0,松木大,,,0.005111930488546742,0.09230652002255385,1.8,7.8,0.86,39.96,21.0,5.0,1.0,True,False,2026-10-01,園田,7,C3一,13:40,1400.0,ダ,C三,晴,稍
7,6,202650100107,4,4,メイショウロールス,牡,9,57.0,長尾翼,,,0.005111930488546742,0.09132568399256275,-0.8,9.0,3.18,41.66,7.0,5.0,1.0,True,False,2026-10-01,園田,7,C3一,13:40,1400.0,ダ,C三,晴,稍
8,9,202650100107,6,6,ハルサメ,牝,4,55.0,大山真,,,0.005111930488546742,0.09003739415560844,-1.2,7.4,2.3600000000000003,41.78,14.0,5.0,1.0,True,False,2026-10-01,園田,7,C3一,13:40,1400.0,ダ,C三,晴,稍
9,6,202650100107,8,8,カリグラフィー,牝,7,55.0,高畑皓,,,0.005111930488546742,0.09132568399256275,0.2,8.2,2.54,41.4,7.0,5.0,1.0,True,False,2026-10-01,園田,7,C3一,13:40,1400.0,ダ,C三,晴,稍
1,1,202650100108,7,7,ハギノギフテッド,セ,3,57.0,渡瀬和,2.4,2.0,0.34351025714940436,0.7453132717818249,2.0,5.0,1.9,38.4,133.0,2.0,0.0,True,False,2026-10-01,園田,8,C2二,14:10,1400.0,ダ,C二,晴,稍
2,2,202650100108,9,8,アネモスエルピーダ,牝,4,55.0,板野央,2.4,3.0,0.31542854237555323,0.7270162688714124,0.2,6.8,1.78,41.82,14.0,5.0,1.0,True,False,2026-10-01,園田,8,C2二,14:10,1400.0,ダ,C二,晴,稍
3,3,202650100108,5,5,カムフラージュ,牝,5,55.0,笹田知,2.4,1.0,0.3084589603754493,0.6590371702612483,0.6,6.4,1.6,41.62,14.0,5.0,1.0,True,False,2026-10-01,園田,8,C2二,14:10,1400.0,ダ,C二,晴,稍
4,4,202650100108,1,1,インタールード,牝,5,55.0,下原理,,,0.005433706683265533,0.09251596706061795,0.6,3.4,1.1400000000000001,40.56,14.0,5.0,1.0,True,False,2026-10-01,園田,8,C2二,14:10,1400.0,ダ,C二,晴,稍
5,8,202650100108,2,2,フルリミット,牡,3,57.0,杉浦健,,,0.005433706683265533,0.09003739415560844,2.2,5.0,1.0,41.160000000000004,14.0,5.0,1.0,True,False,2026-10-01,園田,8,C2二,14:10,1400.0,ダ,C二,晴,稍
6,7,202650100108,3,3,セキセイ,牡,5,57.0,吉村智,,,0.005433706683265533,0.09144025156069718,-1.0,3.2,0.6399999999999999,40.660000000000004,14.0,5.0,1.0,True,False,2026-10-01,園田,8,C2二,14:10,1400.0,ダ,C二,晴,稍
7,6,202650100108,4,4,ヤマトフェイス,牡,5,57.0,田野豊,,,0.005433706683265533,0.09230652002255385,-0.4,4.0,0.8200000000000001,40.3,21.0,5.0,1.0,True,False,2026-10-01,園田,8,C2二,14:10,1400.0,ダ,C二,晴,稍
8,8,202650100108,6,6,ビロウィダダ,牡,5,57.0,松木大,,,0.005433706683265533,0.09003739415560844,-1.4,5.2,1.8800000000000001,41.12,21.0,5.0,1.0,True,False,2026-10-01,園田,8,C2二,14:10,1400.0,ダ,C二,晴,稍
9,4,202650100108,8,8,マリーナサンライズ,牝,5,51.0,塩津璃,,,0.005433706683265533,0.09251596706061795,-0.4,6.4,0.74,39.9,14.0,5.0,1.0,True,False,2026-10-01,園田,8,C2二,14:10,1400.0,ダ,C二,晴,稍
1,4,202650100109,9,8,サンリナリア,牝,3,55.0,小牧太,3.2,4.0,0.2664634332910025,0.5871660861893533,0.6,2.4,0.74,39.72,7.0,5.0,1.0,True,False,2026-10-01,園田,9,C1二,14:45,1230.0,ダ,C一,晴,稍
2,2,202650100109,7,7,ノックシュライン,牡,4,55.0,佐々木,3.2,3.0,0.24432069521575217,0.6087492032998859,-0.25,9.75,1.425,39.275,140.0,4.0,1.0,True,False,2026-10-01,園田,9,C1二,14:45,1230.0,ダ,C一,晴,稍
3,1,202650100109,3,3,アップップ,牝,4,55.0,山本屋,3.2,1.0,0.24158097739617881,0.6099939848811665,-1.0,9.4,1.7,39.260000000000005,14.0,5.0,1.0,True,False,2026-10-01,園田,9,C1二,14:45,1230.0,ダ,C一,晴,稍
4,3,202650100109,5,5,グリッタードール,牝,3,55.0,永井孝,3.2,2.0,0.2207703704612596,0.595380668436277,0.6,4.2,1.08,39.9,21.0,5.0,1.0,True,False,2026-10-01,園田,9,C1二,14:45,1230.0,ダ,C一,晴,稍
5,7,202650100109,1,1,アッケシ,牡,4,57.0,松木大,,,0.0053729047271613645,0.09474579801461933,-1.2,3.2,0.24,39.78,7.0,5.0,1.0,True,False,2026-10-01,園田,9,C1二,14:45,1230.0,ダ,C一,晴,稍
6,8,202650100109,2,2,スマートイデアル,牝,3,55.0,田野豊,,,0.0053729047271613645,0.09362416794188462,-0.2,3.8,0.52,39.959999999999994,7.0,5.0,1.0,True,False,2026-10-01,園田,9,C1二,14:45,1230.0,ダ,C一,晴,稍
7,5,202650100109,4,4,アドミ,牝,3,55.0,廣瀬航,,,0.0053729047271613645,0.094959966819216,-0.2,3.8,1.0799999999999998,38.88,7.0,5.0,1.0,True,False,2026-10-01,園田,9,C1二,14:45,1230.0,ダ,C一,晴,稍
8,9,202650100109,6,6,ヘイスト,牡,6,57.0,川原正,,,0.0053729047271613645,0.09320295026493672,2.2,2.0,0.2,38.76,21.0,5.0,1.0,True,False,2026-10-01,園田,9,C1二,14:45,1230.0,ダ,C一,晴,稍
9,5,202650100109,8,8,モノノフイエロー,牡,6,54.0,南部楓,,,0.0053729047271613645,0.094959966819216,-2.2,7.6,1.28,39.42,7.0,5.0,1.0,True,False,2026-10-01,園田,9,C1二,14:45,1230.0,ダ,C一,晴,稍
1,1,202650100110,5,5,サウンドアンフィニ,牝,4,53.0,佐々木,3.2,2.0,0.2820756975547561,0.6164339284076218,-0.2,6.4,1.0,38.94,7.0,5.0,1.0,True,False,2026-10-01,園田,10,C1一,15:20,1230.0,ダ,C一,晴,稍
2,4,202650100110,9,8,コパノジェームス,牡,4,57.0,小谷周,3.2,4.0,0.23469443679957336,0.5724998623869347,0.8,5.6,1.5,38.739999999999995,21.0,5.0,1.0,True,False,2026-10-01,園田,10,C1一,15:20,1230.0,ダ,C一,晴,稍
3,3,202650100110,7,7,ベラジオレジーナ,牝,3,55.0,田野豊,3.2,3.0,0.22914709528979774,0.5797672633728979,-1.8,5.8,2.3,40.660000000000004,21.0,5.0,1.0,True,False,2026-10-01,園田,10,C1一,15:20,1230.0,ダ,C一,晴,稍
4,2,202650100110,4,4,アーニャワクワク,牝,5,51.0,塩津璃,3.2,1.0,0.2261989218818789,0.6092282014028473,-0.6,8.2,2.38,37.88,14.0,5.0,1.0,True,False,2026-10-01,園田,10,C1一,15:20,1230.0,ダ,C一,晴,稍
5,9,202650100110,1,1,ココロネ,牝,3,55.0,杉浦健,,,0.005576769694798769,0.09230652002255385,0.2,6.6,1.24,40.0,21.0,5.0,1.0,True,False,2026-10-01,園田,10,C1一,15:20,1230.0,ダ,C一,晴,稍
6,7,202650100110,2,2,ボールザマホーニー,牡,5,57.0,吉村智,,,0.005576769694798769,0.09341399141098186,-0.2,4.0,0.7,39.72,21.0,5.0,1.0,True,False,2026-10-01,園田,10,C1一,15:20,1230.0,ダ,C一,晴,稍
7,5,202650100110,3,3,シャナオウ,牡,4,57.0,廣瀬航,,,0.005576769694798769,0.094959966819216,1.6,4.8,1.04,39.459999999999994,7.0,5.0,1.0,True,False,2026-10-01,園田,10,C1一,15:20,1230.0,ダ,C一,晴,稍
8,5,202650100110,6,6,セイウンダマシイ,牡,6,57.0,山本屋,,,0.005576769694798769,0.094959966819216,-1.0,11.0,2.1,38.42,7.0,5.0,1.0,True,False,2026-10-01,園田,10,C1一,15:20,1230.0,ダ,C一,晴,稍
9,8,202650100110,8,8,フラッシュケリー,牝,4,55.0,下原理,,,0.005576769694798769,0.09233745060244183,0.6,1.6,0.32,39.86,105.0,5.0,1.0,True,False,2026-10-01,園田,10,C1一,15:20,1230.0,ダ,C一,晴,稍
1,1,202650100111,10,8,オマツリオトコ,牡,6,57.0,吉原寛,1.6,1.0,0.4846171707553788,0.775956321229054,4.4,4.4,0.18,38.06,42.0,5.0,1.0,True,False,2026-10-01,園田,11,姫山菊花賞 重賞,15:55,1700.0,ダ,重賞,晴,稍
2,2,202650100111,2,2,グーデンドラーク,牡,7,57.0,鷹見陸,3.6,2.0,0.20110465447329495,0.583028894680962,0.8,6.4,0.8800000000000001,38.38,28.0,5.0,0.0,True,False,2026-10-01,園田,11,姫山菊花賞 重賞,15:55,1700.0,ダ,重賞,晴,稍
3,3,202650100111,5,5,フェアリーブルー,牝,4,55.0,田野豊,3.6,3.0,0.19228259519415372,0.5689925507131762,-0.2,3.6,0.4,39.06,21.0,5.0,1.0,True,False,2026-10-01,園田,11,姫山菊花賞 重賞,15:55,1700.0,ダ,重賞,晴,稍
4,5,202650100111,9,7,フォーチュンテラー,牡,7,57.0,永井孝,18.4,5.0,0.04989600908388658,0.3009780293925687,0.6,6.8,0.9200000000000002,38.68,28.0,5.0,0.0,True,False,2026-10-01,園田,11,姫山菊花賞 重賞,15:55,1700.0,ダ,重賞,晴,稍
5,4,202650100111,7,6,ラヴィアン,牝,6,55.0,廣瀬航,18.4,4.0,0.037819725642512604,0.31462720283281354,2.4,4.0,1.4200000000000002,39.8,28.0,5.0,1.0,True,False,2026-10-01,園田,11,姫山菊花賞 重賞,15:55,1700.0,ダ,重賞,晴,稍
6,10,202650100111,1,1,ハイエストエンド,セ,9,57.0,杉浦健,,,0.005713307475128878,0.09230652002255385,-1.8,7.0,2.1399999999999997,40.04,21.0,5.0,1.0,True,False,2026-10-01,園田,11,姫山菊花賞 重賞,15:55,1700.0,ダ,重賞,晴,稍
7,6,202650100111,3,3,テーオーターナー,セ,8,57.0,川原正,,,0.005713307475128878,0.09341399141098186,1.2,6.2,1.3599999999999999,39.54,21.0,5.0,1.0,True,False,2026-10-01,園田,11,姫山菊花賞 重賞,15:55,1700.0,ダ,重賞,晴,稍
8,9,202650100111,4,4,タガノエスコート,牡,7,57.0,下原理,,,0.005713307475128878,0.09320295026493672,1.0,3.2,0.42000000000000004,38.42,42.0,5.0,1.0,True,False,2026-10-01,園田,11,姫山菊花賞 重賞,15:55,1700.0,ダ,重賞,晴,稍
9,6,202650100111,6,6,シーソーゲーム,牡,4,57.0,小牧太,,,0.005713307475128878,0.09341399141098186,1.0,4.0,1.1199999999999999,38.6,35.0,5.0,0.0,True,False,2026-10-01,園田,11,姫山菊花賞 重賞,15:55,1700.0,ダ,重賞,晴,稍
10,6,202650100111,8,7,マルカイグアス,牡,5,57.0,吉村智,,,0.005713307475128878,0.09341399141098186,0.4,3.4,0.64,38.480000000000004,42.0,5.0,1.0,True,False,2026-10-01,園田,11,姫山菊花賞 重賞,15:55,1700.0,ダ,重賞,晴,稍
11,11,202650100111,11,8,シトラルテミニ,牝,5,55.0,土方颯,,,0.005713307475128878,0.09165620203496684,-1.2,10.0,2.18,40.38,,5.0,1.0,True,False,2026-10-01,園田,11,姫山菊花賞 重賞,15:55,1700.0,ダ,重賞,晴,稍
1,1,202650100112,8,7,ラブミーメアリー,牝,4,55.0,吉村智,2.1,1.0,0.3757467946885478,0.7113358454666326,0.0,4.0,0.8,39.86,14.0,5.0,1.0,True,False,2026-10-01,園田,12,B1,16:30,1400.0,ダ,B一,晴,稍
2,2,202650100112,5,5,ビジュードネージュ,牝,4,55.0,小谷周,3.2,2.0,0.2316780087287028,0.6148130975169556,0.2,6.2,1.58,39.7,14.0,5.0,1.0,True,False,2026-10-01,園田,12,B1,16:30,1400.0,ダ,B一,晴,稍
3,3,202650100112,7,6,ヴォラヴィア,牡,4,53.0,塩津璃,6.4,4.0,0.12242366074100158,0.4687930483359854,-1.0,6.6,2.32,39.68,7.0,5.0,1.0,True,False,2026-10-01,園田,12,B1,16:30,1400.0,ダ,B一,晴,稍
4,4,202650100112,6,6,エイシンビリオン,牝,3,55.0,杉浦健,6.4,3.0,0.12050409202725237,0.46284721503860404,-1.6,8.4,1.9,38.68,210.0,5.0,0.0,True,False,2026-10-01,園田,12,B1,16:30,1400.0,ダ,B一,晴,稍
5,5,202650100112,9,7,ウインオーブ,牡,5,58.0,下原理,6.4,5.0,0.11581725548776382,0.424685994040828,0.0,3.4,0.28,39.22,14.0,5.0,1.0,True,False,2026-10-01,園田,12,B1,16:30,1400.0,ダ,B一,晴,稍
6,7,202650100112,1,1,シンギタイ,セ,4,57.0,松木大,,,0.0056383647211219025,0.09383606416187043,-2.0,8.0,2.42,40.0,7.0,5.0,1.0,True,False,2026-10-01,園田,12,B1,16:30,1400.0,ダ,B一,晴,稍
7,11,202650100112,2,2,サノノロンドン,牝,4,55.0,高畑皓,,,0.0056383647211219025,0.09003739415560844,-3.2,8.2,2.2199999999999998,40.94,14.0,5.0,1.0,True,False,2026-10-01,園田,12,B1,16:30,1400.0,ダ,B一,晴,稍
8,9,202650100112,3,3,スマイルクラーク,セ,5,57.0,田野豊,,,0.0056383647211219025,0.09320295026493672,-0.4,2.0,0.13999999999999999,39.58,21.0,5.0,1.0,True,False,2026-10-01,園田,12,B1,16:30,1400.0,ダ,B一,晴,稍
9,6,202650100112,4,4,トップオブザライン,セ,3,57.0,竹村達,,,0.0056383647211219025,0.094959966819216,-0.75,8.75,2.8,38.25,7.0,4.0,1.0,True,False,2026-10-01,園田,12,B1,16:30,1400.0,ダ,B一,晴,稍
10,8,202650100112,10,8,アシャカデュメ,牡,5,57.0,川原正,,,0.0056383647211219025,0.0934142220073231,3.0,3.0,0.35,38.55,14.0,4.0,1.0,True,False,2026-10-01,園田,12,B1,16:30,1400.0,ダ,B一,晴,稍
11,10,202650100112,11,8,トリプルスリル,牡,7,57.0,大山真,,,0.0056383647211219025,0.09251596706061795,0.6,7.0,1.7,40.1,14.0,5.0,1.0,True,False,2026-10-01,園田,12,B1,16:30,1400.0,ダ,B一,晴,稍
1,1,202655100101,6,5,オダイ,牝,3,54.0,長谷川,,,0.21657180536708334,0.42160541310538807,-1.0,5.6,0.8799999999999999,40.019999999999996,21.0,5.0,1.0,True,True,2026-10-01,佐賀,1,YJSトライアルラウンド佐賀 第1戦(C2),15:40,1400.0,ダ,C二,,−
2,4,202655100101,4,4,ヴァシーオ,牝,4,54.0,城野慈,,,0.18460633009571478,0.294071989085456,1.0,6.8,1.08,40.019999999999996,21.0,5.0,1.0,True,True,2026-10-01,佐賀,1,YJSトライアルラウンド佐賀 第1戦(C2),15:40,1400.0,ダ,C二,,−
3,2,202655100101,7,6,ニシノナスタチウム,牝,3,54.0,阿部基,,,0.16287473651761308,0.3807614361271307,-0.6,4.0,0.76,40.14,21.0,5.0,1.0,True,True,2026-10-01,佐賀,1,YJSトライアルラウンド佐賀 第1戦(C2),15:40,1400.0,ダ,C二,,−
4,3,202655100101,9,7,オールニッポン,牝,4,54.0,青海大,,,0.1001905456719316,0.2995976183968176,-1.2,4.6,1.2,41.04,14.0,5.0,1.0,True,True,2026-10-01,佐賀,1,YJSトライアルラウンド佐賀 第1戦(C2),15:40,1400.0,ダ,C二,,−
5,5,202655100101,1,1,フークミャオリー,牝,4,54.0,小谷哲,,,0.07962736430306383,0.26830083852855474,-0.8,6.2,1.98,41.38,14.0,5.0,1.0,True,True,2026-10-01,佐賀,1,YJSトライアルラウンド佐賀 第1戦(C2),15:40,1400.0,ダ,C二,,−
6,9,202655100101,3,3,ユヌブリーズ,牝,5,54.0,近藤翔,,,0.056213676235787394,0.18673107579972428,0.0,5.2,1.2,40.64,14.0,5.0,1.0,True,True,2026-10-01,佐賀,1,YJSトライアルラウンド佐賀 第1戦(C2),15:40,1400.0,ダ,C二,,−
7,6,202655100101,10,7,ツクモナイン,牝,4,54.0,河原田,,,0.053809214340966624,0.21797726334514944,-1.2,5.8,1.8,41.1,14.0,5.0,1.0,True,True,2026-10-01,佐賀,1,YJSトライアルラウンド佐賀 第1戦(C2),15:40,1400.0,ダ,C二,,−
8,7,202655100101,8,6,ルミリオン,牡,5,56.0,大久保,,,0.04509533802735693,0.2064204128757979,2.0,7.0,2.46,40.160000000000004,14.0,5.0,1.0,True,True,2026-10-01,佐賀,1,YJSトライアルラウンド佐賀 第1戦(C2),15:40,1400.0,ダ,C二,,−
9,8,202655100101,12,8,ディーズミソロジー,牝,5,54.0,田山旺,,,0.034250638929886404,0.20003390138278201,1.6,7.2,1.3800000000000001,39.68,14.0,5.0,1.0,True,True,2026-10-01,佐賀,1,YJSトライアルラウンド佐賀 第1戦(C2),15:40,1400.0,ダ,C二,,−
10,11,202655100101,11,8,フェリマール,牝,5,54.0,森田誠,,,0.023090667888994776,0.0806843746008443,-0.2,9.2,1.6199999999999999,40.22,14.0,5.0,1.0,True,True,2026-10-01,佐賀,1,YJSトライアルラウンド佐賀 第1戦(C2),15:40,1400.0,ダ,C二,,−
11,12,202655100101,2,2,ライウ,牝,4,54.0,和田陽,,,0.022178053833271514,0.0620219162037788,0.8,9.4,2.4200000000000004,39.92,14.0,5.0,1.0,True,True,2026-10-01,佐賀,1,YJSトライアルラウンド佐賀 第1戦(C2),15:40,1400.0,ダ,C二,,−
12,10,202655100101,5,5,バティックオーレ,牡,5,56.0,松本一,,,0.021491628788329668,0.09045215913700616,-0.4,8.4,2.2199999999999998,40.1,14.0,5.0,1.0,True,True,2026-10-01,佐賀,1,YJSトライアルラウンド佐賀 第1戦(C2),15:40,1400.0,ダ,C二,,−
1,2,202655100102,7,6,ハプスブルグ,牝,4,54.0,加茂飛,,,0.27579334644984493,0.440705650069133,1.2,6.0,1.04,39.9,21.0,5.0,1.0,True,True,2026-10-01,佐賀,2,AIパッカル賞(C2),16:15,1400.0,ダ,C二,,−
2,1,202655100102,11,8,ジュエリーオブラヴ,牝,4,54.0,飛田愛,,,0.15779271461793956,0.4913374100090128,0.6,4.4,1.0,40.46,14.0,5.0,1.0,True,True,2026-10-01,佐賀,2,AIパッカル賞(C2),16:15,1400.0,ダ,C二,,−
3,5,202655100102,10,8,ノブノリオウ,牡,4,56.0,中山蓮,,,0.11762792534278502,0.3737530640226927,1.6,5.4,1.04,40.12,14.0,5.0,1.0,True,True,2026-10-01,佐賀,2,AIパッカル賞(C2),16:15,1400.0,ダ,C二,,−
4,4,202655100102,4,4,ビーガール,牝,7,54.0,青海大,,,0.10490610519210317,0.3749791997810664,1.4,4.2,0.9,39.56,14.0,5.0,1.0,True,True,2026-10-01,佐賀,2,AIパッカル賞(C2),16:15,1400.0,ダ,C二,,−
5,3,202655100102,8,7,クインズモンブラン,牝,4,54.0,小松丈,,,0.08736489569836807,0.386525691032693,3.4,4.2,1.0,39.8,14.0,5.0,1.0,True,True,2026-10-01,佐賀,2,AIパッカル賞(C2),16:15,1400.0,ダ,C二,,−
6,6,202655100102,6,6,オグリマックイーン,牡,5,56.0,竹吉徹,,,0.06812575911295889,0.27306944451843784,0.0,5.8,1.7399999999999998,40.54,14.0,5.0,1.0,True,True,2026-10-01,佐賀,2,AIパッカル賞(C2),16:15,1400.0,ダ,C二,,−
7,7,202655100102,3,3,アイロッソ,牡,4,56.0,川島拓,,,0.06306430725082683,0.26369061584921205,-0.6,7.0,1.26,41.08,14.0,5.0,1.0,True,True,2026-10-01,佐賀,2,AIパッカル賞(C2),16:15,1400.0,ダ,C二,,−
8,8,202655100102,2,2,アデリーヌ,牝,6,51.0,後藤武,,,0.05015247131923959,0.22763455703776642,1.6,4.2,0.82,40.260000000000005,14.0,5.0,1.0,True,True,2026-10-01,佐賀,2,AIパッカル賞(C2),16:15,1400.0,ダ,C二,,−
9,11,202655100102,9,7,レイズショコラ,牝,5,54.0,長谷川,,,0.026064921273737843,0.1372299375865303,-2.0,8.2,2.8,41.14,14.0,5.0,1.0,True,True,2026-10-01,佐賀,2,AIパッカル賞(C2),16:15,1400.0,ダ,C二,,−
10,9,202655100102,1,1,ホイッスルベイト,牝,7,54.0,長田進,,,0.025469417166576663,0.15536126651600862,-0.6,7.4,1.6800000000000002,42.3,14.0,5.0,1.0,True,True,2026-10-01,佐賀,2,AIパッカル賞(C2),16:15,1400.0,ダ,C二,,−
11,10,202655100102,5,5,チェストイケ,牝,4,54.0,出水拓,,,0.023638136575619445,0.1385130840402215,-2.0,7.6,2.46,41.8,14.0,5.0,1.0,True,True,2026-10-01,佐賀,2,AIパッカル賞(C2),16:15,1400.0,ダ,C二,,−
1,5,202655100103,8,6,ポートタウランガ,牝,4,54.0,近藤翔,,,0.1607751002447543,0.4851104463350133,0.8,2.4,1.2,40.6,14.0,5.0,1.0,True,True,2026-10-01,佐賀,3,YJSトライアルラウンド佐賀 第2戦(C1),16:50,1400.0,ダ,C一,,−
2,1,202655100103,5,5,オンリーラヴ,牝,6,54.0,新庄海,,,0.16016840795570247,0.5402514536241296,1.0,3.4,-0.059999999999999984,38.839999999999996,14.0,5.0,1.0,True,True,2026-10-01,佐賀,3,YJSトライアルラウンド佐賀 第2戦(C1),16:50,1400.0,ダ,C一,,−
3,2,202655100103,12,8,カイリクイーン,牝,3,54.0,田山旺,,,0.14501269887567123,0.5132184155050179,-0.4,3.8,1.1,39.62,14.0,5.0,1.0,True,True,2026-10-01,佐賀,3,YJSトライアルラウンド佐賀 第2戦(C1),16:50,1400.0,ダ,C一,,−
4,3,202655100103,7,6,レジェンド,セ,4,56.0,青海大,,,0.14479785690850297,0.4934073539460197,-1.4,3.0,1.04,40.839999999999996,14.0,5.0,1.0,True,True,2026-10-01,佐賀,3,YJSトライアルラウンド佐賀 第2戦(C1),16:50,1400.0,ダ,C一,,−
5,4,202655100103,6,5,モズオラージュ,牡,5,56.0,松本一,,,0.11615548098949091,0.487567688763162,2.6,4.0,0.54,39.339999999999996,21.0,5.0,1.0,True,True,2026-10-01,佐賀,3,YJSトライアルラウンド佐賀 第2戦(C1),16:50,1400.0,ダ,C一,,−
6,7,202655100103,2,2,カシノフレックス,牡,3,56.0,阿部基,,,0.06373616808916847,0.31076308432365696,-0.8,4.8,1.58,40.22,14.0,5.0,1.0,True,True,2026-10-01,佐賀,3,YJSトライアルラウンド佐賀 第2戦(C1),16:50,1400.0,ダ,C一,,−
7,6,202655100103,9,7,シズリ,牝,3,54.0,大久保,,,0.056656777821588525,0.35399600271770704,2.2,6.0,1.6,39.6,14.0,5.0,1.0,True,True,2026-10-01,佐賀,3,YJSトライアルラウンド佐賀 第2戦(C1),16:50,1400.0,ダ,C一,,−
8,10,202655100103,10,7,ベンデュガ,セ,6,56.0,長谷川,,,0.045061399084917804,0.23578410617279305,1.75,4.5,1.3199999999999998,40.1,21.0,5.0,1.0,True,True,2026-10-01,佐賀,3,YJSトライアルラウンド佐賀 第2戦(C1),16:50,1400.0,ダ,C一,,−
9,9,202655100103,3,3,マリエッティ,牝,5,54.0,和田陽,,,0.04354696681475585,0.2610391473195281,4.4,6.6,0.8,40.12,14.0,5.0,1.0,True,True,2026-10-01,佐賀,3,YJSトライアルラウンド佐賀 第2戦(C1),16:50,1400.0,ダ,C一,,−
10,8,202655100103,4,4,ビーアイブラック,牝,6,54.0,城野慈,,,0.03449415854717644,0.2713747257044352,1.8,6.6,1.2,39.4,14.0,5.0,1.0,True,True,2026-10-01,佐賀,3,YJSトライアルラウンド佐賀 第2戦(C1),16:50,1400.0,ダ,C一,,−
11,11,202655100103,1,1,ロードレアル,牡,7,56.0,森田誠,,,0.016585409592039597,0.10465237851677456,0.6,8.6,1.86,39.839999999999996,21.0,5.0,1.0,True,True,2026-10-01,佐賀,3,YJSトライアルラウンド佐賀 第2戦(C1),16:50,1400.0,ダ,C一,,−
12,12,202655100103,11,8,メイショウケンセイ,牡,6,56.0,河原田,,,0.013009575076231373,0.05326984541973733,0.0,10.2,3.2399999999999998,40.82,21.0,5.0,1.0,True,True,2026-10-01,佐賀,3,YJSトライアルラウンド佐賀 第2戦(C1),16:50,1400.0,ダ,C一,,−
1,1,202655100104,3,3,イロジャスコ,牝,2,54.0,山田義,,,0.25004697407636856,0.6123279115961776,0.0,1.0,2.5,40.1,21.0,1.0,1.0,True,True,2026-10-01,佐賀,4,2歳ー5組,17:25,1300.0,ダ,未格付,,−
2,2,202655100104,7,7,ミトノキセキ,牡,2,55.0,長谷川,,,0.23347660430506625,0.5738563700326198,0.0,3.0,1.0,38.7,21.0,1.0,1.0,True,True,2026-10-01,佐賀,4,2歳ー5組,17:25,1300.0,ダ,未格付,,−
3,3,202655100104,1,1,ダイメイサガ,牡,2,55.0,石川慎,,,0.1349348988333067,0.47376197844261403,0.5,2.5,1.95,40.1,14.0,2.0,1.0,True,True,2026-10-01,佐賀,4,2歳ー5組,17:25,1300.0,ダ,未格付,,−
4,4,202655100104,6,6,プレアサンダー,牡,2,55.0,川島拓,,,0.10740552523403221,0.37762234393066324,-1.0,3.6666666666666665,3.3333333333333335,41.733333333333334,21.0,3.0,1.0,True,True,2026-10-01,佐賀,4,2歳ー5組,17:25,1300.0,ダ,未格付,,−
5,5,202655100104,8,7,カゴシマ,セ,2,55.0,中山蓮,,,0.07227548535238768,0.3584158185751194,0.5,6.0,3.75,40.45,14.0,2.0,1.0,True,True,2026-10-01,佐賀,4,2歳ー5組,17:25,1300.0,ダ,未格付,,−
6,6,202655100104,10,8,メロディーアイアイ,牝,2,54.0,青海大,,,0.059502427152400804,0.24693857728564983,-1.0,5.0,3.75,42.75,21.0,2.0,1.0,True,True,2026-10-01,佐賀,4,2歳ー5組,17:25,1300.0,ダ,未格付,,−
7,7,202655100104,5,5,プレアオンリー,牡,2,54.0,近藤翔,,,0.045150447531705794,0.21360545166106693,1.6666666666666667,6.666666666666667,2.066666666666667,40.6,28.0,3.0,1.0,True,True,2026-10-01,佐賀,4,2歳ー5組,17:25,1300.0,ダ,未格付,,−
8,8,202655100104,4,4,アズリパレス,牝,2,54.0,山下裕,,,0.03958705637937663,0.19419002515192382,0.0,6.0,4.05,41.95,21.0,2.0,1.0,True,True,2026-10-01,佐賀,4,2歳ー5組,17:25,1300.0,ダ,未格付,,−
9,9,202655100104,9,8,ソウニョウ,牡,2,55.0,竹吉徹,,,0.033784037796836,0.16061002494040247,-0.3333333333333333,6.666666666666667,3.033333333333333,41.6,21.0,3.0,1.0,True,True,2026-10-01,佐賀,4,2歳ー5組,17:25,1300.0,ダ,未格付,,−
10,10,202655100104,2,2,ダバイホーオー,牡,2,55.0,飛田愛,,,0.02383654333851929,0.11664539156056788,0.5,7.0,3.35,41.65,21.0,2.0,1.0,True,True,2026-10-01,佐賀,4,2歳ー5組,17:25,1300.0,ダ,未格付,,−
1,3,202655100105,9,7,クイーンサーガ,牝,3,54.0,山田義,,,0.19739311716129637,0.6386773511264067,2.4,1.4,-0.54,39.18,21.0,5.0,1.0,True,True,2026-10-01,佐賀,5,C2ー7組,17:55,1300.0,ダ,C二,,−
2,1,202655100105,11,8,ピックアップラック,牡,3,56.0,山口勲,,,0.11487192517275129,0.644596725013894,3.25,3.75,0.6599999999999999,31.72,14.0,5.0,1.0,True,True,2026-10-01,佐賀,5,C2ー7組,17:55,1300.0,ダ,C二,,−
3,4,202655100105,8,6,ショウサンカナヲ,牝,3,54.0,出水拓,,,0.1075521945432987,0.4446106271007558,-0.2,2.0,0.58,40.14,14.0,5.0,1.0,True,True,2026-10-01,佐賀,5,C2ー7組,17:55,1300.0,ダ,C二,,−
4,7,202655100105,1,1,トール,牡,3,56.0,石川慎,,,0.09739070119315021,0.404433876638026,-0.8,2.0,1.2,41.3,21.0,5.0,1.0,True,True,2026-10-01,佐賀,5,C2ー7組,17:55,1300.0,ダ,C二,,−
5,5,202655100105,12,8,ハピネスマインド,牝,8,54.0,川島拓,,,0.09645882802260729,0.41949718683205295,0.2,2.0,0.45999999999999996,40.06,14.0,5.0,1.0,True,True,2026-10-01,佐賀,5,C2ー7組,17:55,1300.0,ダ,C二,,−
6,8,202655100105,3,3,マテラブルース,牝,3,54.0,竹吉徹,,,0.09049520761288261,0.387225788459945,-2.8,5.0,1.3599999999999999,40.54,21.0,5.0,1.0,True,True,2026-10-01,佐賀,5,C2ー7組,17:55,1300.0,ダ,C二,,−
7,2,202655100105,6,5,シークレットイスラ,牡,5,56.0,飛田愛,,,0.0904562113690547,0.6422351263022641,-0.8,11.2,1.6800000000000002,38.06,14.0,5.0,1.0,True,True,2026-10-01,佐賀,5,C2ー7組,17:55,1300.0,ダ,C二,,−
8,6,202655100105,2,2,メロディセーラ,牝,3,54.0,加茂飛,,,0.0857800989226124,0.4095835075512872,0.6,4.2,0.6199999999999999,40.92,21.0,5.0,1.0,True,True,2026-10-01,佐賀,5,C2ー7組,17:55,1300.0,ダ,C二,,−
9,9,202655100105,5,5,スマートロベール,牝,4,54.0,小松丈,,,0.06630036121754763,0.3510208103106801,1.2,4.4,1.34,40.059999999999995,21.0,5.0,1.0,True,True,2026-10-01,佐賀,5,C2ー7組,17:55,1300.0,ダ,C二,,−
10,10,202655100105,4,4,ナンゴクトップガン,牡,4,56.0,長田進,,,0.01887326134087342,0.13294297739011063,-2.75,9.25,3.325,42.175,21.0,4.0,1.0,True,True,2026-10-01,佐賀,5,C2ー7組,17:55,1300.0,ダ,C二,,−
11,12,202655100105,10,7,ビヨンドザバラード,牡,6,56.0,田中純,,,0.018255018620143587,0.12806659194604056,3.0,8.8,1.3800000000000001,39.88,14.0,5.0,1.0,True,True,2026-10-01,佐賀,5,C2ー7組,17:55,1300.0,ダ,C二,,−
12,11,202655100105,7,6,ロトピリナ,牝,3,54.0,長谷川,,,0.016173074823781605,0.13010917974851247,-0.6,7.6,1.78,39.92,133.0,5.0,1.0,True,True,2026-10-01,佐賀,5,C2ー7組,17:55,1300.0,ダ,C二,,−
1,2,202655100106,6,6,スカイレイ,セ,5,55.0,小谷哲,,,0.25593888452626906,0.30793352704036164,-1.4,5.2,1.44,40.06,168.0,5.0,0.0,True,True,2026-10-01,佐賀,6,C2ー6組,18:30,1400.0,ダ,C二,,−
2,1,202655100106,3,3,ヘラクレステソーロ,牡,3,56.0,川島拓,,,0.22368582754545815,0.37683317971362074,1.6,4.6,0.66,39.620000000000005,14.0,5.0,1.0,True,True,2026-10-01,佐賀,6,C2ー6組,18:30,1400.0,ダ,C二,,−
3,3,202655100106,7,7,フューチャーアイ,牡,7,55.0,近藤翔,,,0.14769967519844227,0.2840691859886791,2.4,6.6,1.2,39.58,14.0,5.0,1.0,True,True,2026-10-01,佐賀,6,C2ー6組,18:30,1400.0,ダ,C二,,−
4,4,202655100106,2,2,ウインティターニア,牝,4,54.0,加茂飛,,,0.12824966317085149,0.23347784197273042,-3.4,4.6,2.5,41.98,14.0,5.0,1.0,True,True,2026-10-01,佐賀,6,C2ー6組,18:30,1400.0,ダ,C二,,−
5,5,202655100106,1,1,カナデルエア,牝,4,54.0,小松丈,,,0.1035789551991908,0.22992583572595424,0.0,9.4,1.0399999999999998,41.12,21.0,5.0,1.0,True,True,2026-10-01,佐賀,6,C2ー6組,18:30,1400.0,ダ,C二,,−
6,6,202655100106,4,4,ウーバーミッション,牝,4,54.0,田中純,,,0.09872843473853019,0.20567612364835483,1.0,5.25,1.425,39.775,14.0,4.0,1.0,True,True,2026-10-01,佐賀,6,C2ー6組,18:30,1400.0,ダ,C二,,−
7,7,202655100106,5,5,イノセントブレイヴ,牡,3,56.0,田中直,,,0.04211855962125812,0.0487520689673568,-1.6,10.4,3.7,40.519999999999996,14.0,5.0,1.0,True,True,2026-10-01,佐賀,6,C2ー6組,18:30,1400.0,ダ,C二,,−
1,1,202655100107,4,4,フクノスナノバラ,セ,5,56.0,山口勲,,,0.4134447541461487,0.5610503444105308,-0.2,6.0,0.9199999999999999,39.04,14.0,5.0,1.0,True,True,2026-10-01,佐賀,7,とんこつラーメンの日賞(C1),19:05,1400.0,ダ,C一,,−
2,2,202655100107,3,3,クリノオリオン,牝,5,54.0,中山蓮,,,0.24603755571020158,0.40576419816110126,0.2,7.0,1.42,39.86,14.0,5.0,1.0,True,True,2026-10-01,佐賀,7,とんこつラーメンの日賞(C1),19:05,1400.0,ダ,C一,,−
3,3,202655100107,2,2,イケノアサチャン,牝,3,54.0,飛田愛,,,0.18626529665275757,0.39829586480657386,-1.2,4.2,1.22,40.86,14.0,5.0,1.0,True,True,2026-10-01,佐賀,7,とんこつラーメンの日賞(C1),19:05,1400.0,ダ,C一,,−
4,4,202655100107,1,1,ビレッジルミエール,牝,4,54.0,田中純,,,0.0690906739584757,0.2491576553968593,-0.6,7.4,1.92,40.32,14.0,5.0,1.0,True,True,2026-10-01,佐賀,7,とんこつラーメンの日賞(C1),19:05,1400.0,ダ,C一,,−
5,5,202655100107,6,6,グランプリショット,牡,5,56.0,小松丈,,,0.054455199006684836,0.11584498851176508,-1.2,11.2,4.6,42.239999999999995,21.0,5.0,0.0,True,True,2026-10-01,佐賀,7,とんこつラーメンの日賞(C1),19:05,1400.0,ダ,C一,,−
6,6,202655100107,5,5,ラブビーチ,牝,5,54.0,出水拓,,,0.03070652052573171,0.10651812673213935,-1.8,8.8,1.72,40.019999999999996,98.0,5.0,1.0,True,True,2026-10-01,佐賀,7,とんこつラーメンの日賞(C1),19:05,1400.0,ダ,C一,,−
1,3,202655100108,10,8,ミセスジョーンズ,牝,3,54.0,飛田愛,,,0.21690526905998533,0.4722512292876316,0.6,5.6,0.23999999999999994,37.2,14.0,5.0,1.0,True,True,2026-10-01,佐賀,8,AIさがのうまこ賞(C1),19:40,1300.0,ダ,C一,,−
2,4,202655100108,4,4,タケノツルギ,セ,3,56.0,出水拓,,,0.20669713169159074,0.46857153759495945,-0.8,2.8,1.1199999999999999,40.1,182.0,5.0,1.0,True,True,2026-10-01,佐賀,8,AIさがのうまこ賞(C1),19:40,1300.0,ダ,C一,,−
3,2,202655100108,2,2,モズノシアワセ,牝,3,54.0,山田義,,,0.1907855939679579,0.5277796050393493,3.4,1.8,-0.14,40.260000000000005,14.0,5.0,1.0,True,True,2026-10-01,佐賀,8,AIさがのうまこ賞(C1),19:40,1300.0,ダ,C一,,−
4,1,202655100108,9,8,マイネルアース,牡,4,56.0,山口勲,,,0.17206527072812483,0.6495370235267187,2.2,2.8,0.36,39.279999999999994,21.0,5.0,1.0,True,True,2026-10-01,佐賀,8,AIさがのうまこ賞(C1),19:40,1300.0,ダ,C一,,−
5,5,202655100108,1,1,エイシンパルサー,牡,4,56.0,加茂飛,,,0.08411916086781195,0.35070180315988597,0.0,3.2,0.62,40.040000000000006,21.0,5.0,1.0,True,True,2026-10-01,佐賀,8,AIさがのうまこ賞(C1),19:40,1300.0,ダ,C一,,−
6,6,202655100108,5,5,ナンゴクキャンドル,牝,4,54.0,田中純,,,0.03514581580209257,0.22062266114322276,1.4,6.6,1.48,40.660000000000004,14.0,5.0,1.0,True,True,2026-10-01,佐賀,8,AIさがのうまこ賞(C1),19:40,1300.0,ダ,C一,,−
7,8,202655100108,8,7,ダイメイヒロイン,牝,4,54.0,中山蓮,,,0.02597866798274945,0.16203815143412678,-2.8,6.6,2.58,41.540000000000006,14.0,5.0,1.0,True,True,2026-10-01,佐賀,8,AIさがのうまこ賞(C1),19:40,1300.0,ダ,C一,,−
8,7,202655100108,3,3,グレイトミッション,牝,8,54.0,青海大,,,0.025803970465452238,0.20120325000319467,-0.8,7.8,1.56,40.86,21.0,5.0,1.0,True,True,2026-10-01,佐賀,8,AIさがのうまこ賞(C1),19:40,1300.0,ダ,C一,,−
9,9,202655100108,6,6,アイフィロス,牝,5,51.0,後藤武,,,0.021687875480883332,0.13370337031382556,-2.4,6.6,2.9400000000000004,41.660000000000004,35.0,5.0,1.0,True,True,2026-10-01,佐賀,8,AIさがのうまこ賞(C1),19:40,1300.0,ダ,C一,,−
10,10,202655100108,7,7,スマートビガー,牡,3,56.0,川島拓,,,0.02081124395335172,0.09319362858151121,0.4,6.6,2.82,40.18,42.0,5.0,1.0,True,True,2026-10-01,佐賀,8,AIさがのうまこ賞(C1),19:40,1300.0,ダ,C一,,−
1,1,202655100109,5,5,イアソンテソーロ,牡,3,56.0,山口勲,,,0.17863453802513493,0.6051781044644041,0.8,2.8,-0.21999999999999997,39.739999999999995,14.0,5.0,1.0,True,True,2026-10-01,佐賀,9,てんびん座特選(C2),20:15,1300.0,ダ,C二,,−
2,2,202655100109,4,4,アルディオール,セ,5,56.0,山下裕,,,0.14125114748627468,0.544013696659569,2.6,3.4,0.72,39.7,14.0,5.0,1.0,True,True,2026-10-01,佐賀,9,てんびん座特選(C2),20:15,1300.0,ダ,C二,,−
3,3,202655100109,8,6,セイブルーアイ,牝,3,54.0,飛田愛,,,0.11258949961387593,0.5015483498972926,0.2,4.4,0.42000000000000004,39.68,14.0,5.0,1.0,True,True,2026-10-01,佐賀,9,てんびん座特選(C2),20:15,1300.0,ダ,C二,,−
4,8,202655100109,9,7,シノノメ,牝,5,53.0,小谷哲,,,0.09459775612838872,0.3126428155251587,0.6,2.8,0.9400000000000001,40.1,21.0,5.0,1.0,True,True,2026-10-01,佐賀,9,てんびん座特選(C2),20:15,1300.0,ダ,C二,,−
5,4,202655100109,3,3,シンゼンマルノスケ,牡,4,56.0,長田進,,,0.094402118555517,0.41367780011700284,0.4,2.6,0.64,40.54,21.0,5.0,1.0,True,True,2026-10-01,佐賀,9,てんびん座特選(C2),20:15,1300.0,ダ,C二,,−
6,5,202655100109,10,7,ホスマニエン,セ,4,56.0,田中直,,,0.09350766388986786,0.40592618537218683,2.25,5.0,0.25,40.4,14.0,4.0,1.0,True,True,2026-10-01,佐賀,9,てんびん座特選(C2),20:15,1300.0,ダ,C二,,−
7,6,202655100109,6,5,ムコリッタ,牝,4,54.0,竹吉徹,,,0.07906003239643822,0.3677950890803279,4.0,2.8,0.9200000000000002,40.160000000000004,21.0,5.0,1.0,True,True,2026-10-01,佐賀,9,てんびん座特選(C2),20:15,1300.0,ダ,C二,,−
8,7,202655100109,7,6,アンティジャミーラ,牝,4,51.0,後藤武,,,0.07730147599879926,0.3484823383259531,1.0,2.6,0.52,39.980000000000004,21.0,5.0,1.0,True,True,2026-10-01,佐賀,9,てんびん座特選(C2),20:15,1300.0,ダ,C二,,−
9,9,202655100109,11,8,ジェンダアネモス,牝,4,54.0,加茂飛,,,0.06499366960146813,0.2942830945144421,-2.0,4.8,2.06,40.68,21.0,5.0,1.0,True,True,2026-10-01,佐賀,9,てんびん座特選(C2),20:15,1300.0,ダ,C二,,−
10,11,202655100109,2,2,ヒナノマーチス,牡,5,56.0,長谷川,,,0.024773651111592063,0.14197379238422572,0.4,7.2,1.7,39.78,21.0,5.0,1.0,True,True,2026-10-01,佐賀,9,てんびん座特選(C2),20:15,1300.0,ダ,C二,,−
11,10,202655100109,12,8,アイビーイダテン,セ,5,56.0,出水拓,,,0.022879599882562936,0.14860108921852225,-3.6,7.6,2.2600000000000002,40.78,21.0,5.0,1.0,True,True,2026-10-01,佐賀,9,てんびん座特選(C2),20:15,1300.0,ダ,C二,,−
12,12,202655100109,1,1,オスマン,牡,6,56.0,川島拓,,,0.01600884731008004,0.06881807704786647,1.2,10.0,1.7,39.88,21.0,5.0,1.0,True,True,2026-10-01,佐賀,9,てんびん座特選(C2),20:15,1300.0,ダ,C二,,−
1,2,202655100110,13,8,タートルインメイ,牝,3,54.0,山田義,,,0.17780359710632992,0.4915104389295704,1.2,4.4,0.78,39.22,21.0,5.0,1.0,True,True,2026-10-01,佐賀,10,SAGAリベFEVER14(C2),20:45,1400.0,ダ,C二,,−
2,1,202655100110,10,6,スティーブ,牡,3,56.0,山口勲,,,0.17689736359138636,0.6493457704706868,0.6,2.2,0.78,39.58,14.0,5.0,1.0,True,True,2026-10-01,佐賀,10,SAGAリベFEVER14(C2),20:45,1400.0,ダ,C二,,−
3,3,202655100110,9,6,フタリセゾン,牝,4,54.0,石川慎,,,0.09961657074713982,0.3886119771808081,-1.8,2.2,1.3,40.7,14.0,5.0,1.0,True,True,2026-10-01,佐賀,10,SAGAリベFEVER14(C2),20:45,1400.0,ダ,C二,,−
4,4,202655100110,2,2,スラーヴァ,牡,5,56.0,出水拓,,,0.09520557975517685,0.35438271205270255,0.0,2.6,1.34,41.12,14.0,5.0,1.0,True,True,2026-10-01,佐賀,10,SAGAリベFEVER14(C2),20:45,1400.0,ダ,C二,,−
5,5,202655100110,4,3,フクライキリシマ,牝,4,54.0,川島拓,,,0.06845424310256146,0.3403188043517758,0.4,4.6,0.9,40.339999999999996,14.0,5.0,1.0,True,True,2026-10-01,佐賀,10,SAGAリベFEVER14(C2),20:45,1400.0,ダ,C二,,−
6,8,202655100110,12,7,サンライズグレート,牡,6,56.0,田中純,,,0.06835538864123172,0.29722803424510397,-0.6,4.4,2.0599999999999996,42.22,77.0,5.0,0.0,True,True,2026-10-01,佐賀,10,SAGAリベFEVER14(C2),20:45,1400.0,ダ,C二,,−
7,9,202655100110,14,8,エコロシャイン,牝,5,54.0,青海大,,,0.06599633079250086,0.2567417558221612,-0.5,5.75,1.25,40.725,14.0,4.0,1.0,True,True,2026-10-01,佐賀,10,SAGAリベFEVER14(C2),20:45,1400.0,ダ,C二,,−
8,6,202655100110,11,7,メニー,牡,5,56.0,山下裕,,,0.062472259052187694,0.3301445448206723,1.0,6.4,0.9799999999999999,39.28,14.0,5.0,1.0,True,True,2026-10-01,佐賀,10,SAGAリベFEVER14(C2),20:45,1400.0,ダ,C二,,−
9,11,202655100110,7,5,アトラーレ,牝,4,51.0,後藤武,,,0.04432983862335431,0.2365702694463014,-2.0,6.6,1.4600000000000002,32.9,35.0,5.0,1.0,True,True,2026-10-01,佐賀,10,SAGAリベFEVER14(C2),20:45,1400.0,ダ,C二,,−
10,13,202655100110,3,3,エルステッド,牡,3,56.0,田中直,,,0.037515900680613314,0.17214841678416382,-0.2,9.2,1.4,40.56,35.0,5.0,1.0,True,True,2026-10-01,佐賀,10,SAGAリベFEVER14(C2),20:45,1400.0,ダ,C二,,−
11,7,202655100110,8,5,デリングシチー,牡,5,56.0,小松丈,,,0.036861941208941006,0.30186854849685724,0.4,8.4,2.06,38.54,21.0,5.0,1.0,True,True,2026-10-01,佐賀,10,SAGAリベFEVER14(C2),20:45,1400.0,ダ,C二,,−
12,10,202655100110,1,1,ガトリンテソーロ,牡,4,56.0,竹吉徹,,,0.02798888212255493,0.23814839198597934,-0.4,7.0,1.36,39.62,14.0,5.0,1.0,True,True,2026-10-01,佐賀,10,SAGAリベFEVER14(C2),20:45,1400.0,ダ,C二,,−
13,12,202655100110,6,4,チェンジオブハート,牡,4,56.0,中山蓮,,,0.020110771557601544,0.18304433004068815,0.4,9.4,2.0,39.339999999999996,77.0,5.0,1.0,True,True,2026-10-01,佐賀,10,SAGAリベFEVER14(C2),20:45,1400.0,ダ,C二,,−
14,14,202655100110,5,4,アイズオンミー,牝,6,54.0,加茂飛,,,0.018391333018420226,0.11336983462170934,-3.2,7.4,2.7800000000000002,40.82,21.0,5.0,1.0,True,True,2026-10-01,佐賀,10,SAGAリベFEVER14(C2),20:45,1400.0,ダ,C二,,−
